t,q0,q1,q2,q3,q4,q5,q6,dq0,dq1,dq2,dq3,dq4,dq5,dq6,ddq0,ddq1,ddq2,ddq3,ddq4,ddq5,ddq6,tau0,tau1,tau2,tau3,tau4,tau5,tau6
0.000000000000000000e+00,3.883000000000000340e-02,6.812150000000000150e-01,-3.408200000000000118e-02,-2.716048999999999936e+00,-2.360999999999999904e-02,3.663628999999999802e+00,-1.858980000000000077e-01,0.000000000000000000e+00,0.000000000000000000e+00,0.000000000000000000e+00,0.000000000000000000e+00,0.000000000000000000e+00,0.000000000000000000e+00,0.000000000000000000e+00,0.000000000000000000e+00,0.000000000000000000e+00,0.000000000000000000e+00,0.000000000000000000e+00,0.000000000000000000e+00,0.000000000000000000e+00,0.000000000000000000e+00,0.000000000000000000e+00,0.000000000000000000e+00,0.000000000000000000e+00,0.000000000000000000e+00,0.000000000000000000e+00,0.000000000000000000e+00,0.000000000000000000e+00
1.000000000000000021e-03,3.883000007555538480e-02,6.812149984771360689e-01,-3.408199973576547803e-02,-2.716048993634066377e+00,-2.360999995238921914e-02,3.663628994616487056e+00,-1.858979996797143763e-01,2.265727536389331821e-07,-4.566709023215573330e-06,7.923768964535575248e-07,1.908993046274971874e-05,1.427734773392287153e-07,-1.614388203381219371e-05,9.604609023115946242e-07,4.527719330756587086e-04,-9.125888435510756333e-03,1.583447318222113136e-03,3.814838536002087416e-02,2.853115491098849555e-04,-3.226114596039633686e-02,1.919338192253342837e-03,0.000000000000000000e+00,0.000000000000000000e+00,0.000000000000000000e+00,0.000000000000000000e+00,0.000000000000000000e+00,0.000000000000000000e+00,0.000000000000000000e+00
2.000000000000000042e-03,3.883000060369608264e-02,6.812149878321454022e-01,-3.408199788873633035e-02,-2.716048949135472235e+00,-2.360999961958449786e-02,3.663628956985126806e+00,-1.858979974408817293e-01,9.047973336977714110e-07,-1.823673006403798437e-05,3.164283841195715081e-06,7.623387148614229778e-05,5.701526752204130300e-07,-6.446909959439465717e-05,3.835511770834380055e-06,9.033042687906794486e-04,-1.820663645007092671e-02,3.159062250698692516e-03,7.610807301834338068e-02,5.692118292216995744e-04,-6.436271494159863382e-02,3.829182543489768799e-03,0.000000000000000000e+00,0.000000000000000000e+00,0.000000000000000000e+00,0.000000000000000000e+00,0.000000000000000000e+00,0.000000000000000000e+00,0.000000000000000000e+00
3.000000000000000062e-03,3.883000203495470815e-02,6.812149589842738662e-01,-3.408199288329656629e-02,-2.716048828544503912e+00,-2.360999871768535568e-02,3.663628855004327445e+00,-1.858979913736563405e-01,2.032435990668484879e-06,-4.096495994608838803e-05,7.107894910845416510e-06,1.712432810596523720e-04,1.280727489058847566e-06,-1.448162073667276343e-04,8.615666597753600348e-06,1.351600702850277872e-03,-2.724231853282398780e-02,4.726857722158691461e-03,1.138793743573135592e-01,8.517031691621732969e-04,-9.630497027195539239e-02,5.729548720113596463e-03,0.000000000000000000e+00,0.000000000000000000e+00,0.000000000000000000e+00,0.000000000000000000e+00,0.000000000000000000e+00,0.000000000000000000e+00,0.000000000000000000e+00
4.000000000000000083e-03,3.883000481762802908e-02,6.812149028978331522e-01,-3.408198315164961273e-02,-2.716048594089834456e+00,-2.360999696420026245e-02,3.663628656731812150e+00,-1.858979795776708188e-01,3.607254670748257746e-06,-7.270636998213141674e-05,1.261539710675055403e-05,3.039299285551006315e-04,2.273090143096555638e-06,-2.570260233641397671e-04,1.529145504165881281e-05,1.797664930959668979e-03,-3.623300917291342321e-02,6.286846657331061558e-03,1.514626007592774493e-01,1.132787897758035563e-03,-1.280881752798150863e-01,7.620452388529144402e-03,0.000000000000000000e+00,0.000000000000000000e+00,0.000000000000000000e+00,0.000000000000000000e+00,0.000000000000000000e+00,0.000000000000000000e+00,0.000000000000000000e+00
5.000000000000000104e-03,3.883000939778056410e-02,6.812148105821260735e-01,-3.408196713380547832e-02,-2.716048208188210911e+00,-2.360999407804429892e-02,3.663628330384353760e+00,-1.858979601620201483e-01,5.627023015839493324e-06,-1.134160059740751974e-04,1.967899035498797957e-05,4.741058947266538247e-04,3.545835190402291484e-06,-4.009396289283083089e-04,2.385342242754390305e-05,2.241500648824068694e-03,-4.517878285948272177e-02,7.839041980944755697e-03,1.888580636065810281e-01,1.412468343836016139e-03,-1.597125932935262727e-01,9.501909215140730974e-03,0.000000000000000000e+00,0.000000000000000000e+00,0.000000000000000000e+00,0.000000000000000000e+00,0.000000000000000000e+00,0.000000000000000000e+00,0.000000000000000000e+00
6.000000000000000125e-03,3.883001621924835056e-02,6.812146730913730686e-01,-3.408194327756774306e-02,-2.716047633444144349e+00,-2.360998977953681841e-02,3.663627844337512318e+00,-1.858979312452461730e-01,8.089514363549803069e-06,-1.630489882129713345e-04,2.829088750636349724e-05,6.815835717108246605e-04,5.097559512871537395e-06,-5.763983687292590329e-04,3.429212974680706484e-05,2.683111552148693697e-03,-5.407971408167536187e-02,9.383456617728732838e-03,2.260660742815704394e-01,1.690746836222844357e-03,-1.911784876414374668e-01,1.137393486635267410e-02,0.000000000000000000e+00,0.000000000000000000e+00,0.000000000000000000e+00,0.000000000000000000e+00,0.000000000000000000e+00,0.000000000000000000e+00,0.000000000000000000e+00
7.000000000000000146e-03,3.883002572364259442e-02,6.812144815246368168e-01,-3.408191003852071438e-02,-2.716046832649599452e+00,-2.360998379039913608e-02,3.663627167125371731e+00,-1.858978909553219427e-01,1.099250574719202744e-05,-2.215605114790149168e-04,3.844331433641185743e-05,9.261756630264720517e-04,6.926862321226506481e-06,-7.832438507653661239e-04,4.659815365725080604e-05,3.122501336638757417e-03,-6.293587732863484274e-02,1.092010349241193633e-02,2.630869441665916186e-01,1.967625703745249765e-03,-2.224861216518970730e-01,1.323654500856928998e-02,0.000000000000000000e+00,0.000000000000000000e+00,0.000000000000000000e+00,0.000000000000000000e+00,0.000000000000000000e+00,0.000000000000000000e+00,0.000000000000000000e+00
8.000000000000000167e-03,3.883003835035338941e-02,6.812142270257475207e-01,-3.408186588001642370e-02,-2.716045768783679204e+00,-2.360997583375219061e-02,3.663626267440276418e+00,-1.858978374296360592e-01,1.433377789578420328e-05,-2.889058450415443887e-04,5.012850954539676017e-05,1.207695183574800492e-03,9.032345155016138002e-06,-1.021317946363352151e-03,6.076208648308196558e-05,3.559673697999476971e-03,-7.174734708950460116e-02,1.244899552972332513e-02,2.999209846439906957e-01,2.243107275229961912e-03,-2.536357586532536623e-01,1.508975530819489999e-02,0.000000000000000000e+00,0.000000000000000000e+00,0.000000000000000000e+00,0.000000000000000000e+00,0.000000000000000000e+00,0.000000000000000000e+00,0.000000000000000000e+00
9.000000000000001055e-03,3.883005453655341555e-02,6.812139007832295201e-01,-3.408180927316176861e-02,-2.716044405012316698e+00,-2.360996563411421958e-02,3.663625114132565752e+00,-1.858977688149768548e-01,1.811111523404960406e-05,-3.650403326590420921e-04,6.333872475831088392e-05,1.525955459639361574e-03,1.141261188261611008e-05,-1.290462790178288719e-03,7.677453621491172697e-05,3.994632331936066871e-03,-8.051419785342817104e-02,1.397014565439185299e-02,3.365685070961136893e-01,2.517193879503709479e-03,-2.846276619738558611e-01,1.693358143163382554e-02,0.000000000000000000e+00,0.000000000000000000e+00,0.000000000000000000e+00,0.000000000000000000e+00,0.000000000000000000e+00,0.000000000000000000e+00,0.000000000000000000e+00
1.000000000000000021e-02,3.883007471720158893e-02,6.812134940302257968e-01,-3.408173869680553025e-02,-2.716042704687965159e+00,-2.360995291739842114e-02,3.663623676210316482e+00,-1.858976832675169610e-01,2.232230588241670006e-05,-4.499193925791331690e-04,7.806622452487584497e-05,1.880770128886051062e-03,1.406626870122881428e-05,-1.590520780193595057e-03,9.462612650975549635e-05,4.427380934153744667e-03,-8.923650410954900303e-02,1.548356679114646847e-02,3.730298229053064518e-01,2.789887845393223317e-03,-3.154620949420519072e-01,1.876803904529037587e-02,0.000000000000000000e+00,0.000000000000000000e+00,0.000000000000000000e+00,0.000000000000000000e+00,0.000000000000000000e+00,0.000000000000000000e+00,0.000000000000000000e+00
1.099999999999999936e-02,3.883009932504684347e-02,6.812129980444234789e-01,-3.408165263752551549e-02,-2.716040631349282197e+00,-2.360993741091063983e-02,3.663621922839073175e+00,-1.858975789527973765e-01,2.696514165701919058e-05,-5.434985175385869706e-04,9.430328631954215332e-05,2.271953140363112793e-03,1.699192413688338187e-05,-1.921334577721039863e-03,1.143074966910330990e-04,4.857923200357723570e-03,-9.791434034701058942e-02,1.698927186471612533e-02,4.093052434539152795e-01,3.061191501725231672e-03,-3.461393208861904824e-01,2.059314381556887411e-02,0.000000000000000000e+00,0.000000000000000000e+00,0.000000000000000000e+00,0.000000000000000000e+00,0.000000000000000000e+00,0.000000000000000000e+00,0.000000000000000000e+00
1.200000000000000025e-02,3.883012879063173911e-02,6.812124041479806769e-01,-3.408154958961556041e-02,-2.716038148720820722e+00,-2.360991884334702126e-02,3.663619823341586645e+00,-1.858974540457121183e-01,3.203741806969598695e-05,-6.457332747633157295e-04,1.120422005414894296e-04,2.699318754501135644e-03,2.018818904443568131e-05,-2.282747107400739679e-03,1.358093017485686776e-04,5.286262826253220262e-03,-1.065477810549564364e-01,1.848727379982978425e-02,4.453950801242861357e-01,3.331107177326464528e-03,-3.766596031346201023e-01,2.240891140887364338e-02,0.000000000000000000e+00,0.000000000000000000e+00,0.000000000000000000e+00,0.000000000000000000e+00,0.000000000000000000e+00,0.000000000000000000e+00,0.000000000000000000e+00
1.300000000000000114e-02,3.883016354229622269e-02,6.812117037074502113e-01,-3.408142805507265866e-02,-2.716035220712718523e+00,-2.360989694479169107e-02,3.663617347197554164e+00,-1.858973067304922344e-01,3.753693432799122445e-05,-7.565793059683759147e-04,1.312752705146260864e-04,3.162681543113055049e-03,2.365367660756830803e-05,-2.674601557201160187e-03,1.591222123385906248e-04,5.712403507545451425e-03,-1.151369007225299945e-01,1.997758552121639206e-02,4.812996442987649837e-01,3.599637201023652300e-03,-4.070232050156892822e-01,2.421535749160899642e-02,0.000000000000000000e+00,0.000000000000000000e+00,0.000000000000000000e+00,0.000000000000000000e+00,0.000000000000000000e+00,0.000000000000000000e+00,0.000000000000000000e+00
1.400000000000000029e-02,3.883020400618127088e-02,6.812108881337062272e-01,-3.408128654358401344e-02,-2.716031811420385189e+00,-2.360987144671443730e-02,3.663614464043351671e+00,-1.858971352006903444e-01,4.346149333515420465e-05,-8.759923273579662802e-04,1.519948124875894913e-04,3.661856389394150396e-03,2.738700233879055228e-05,-3.096741378419114697e-03,1.842369147837316504e-04,6.136348939939629404e-03,-1.236817738388747562e-01,2.146021995360489903e-02,5.170192473596978422e-01,3.866783901643522370e-03,-4.372303898577463710e-01,2.601249773017925287e-02,0.000000000000000000e+00,0.000000000000000000e+00,0.000000000000000000e+00,0.000000000000000000e+00,0.000000000000000000e+00,0.000000000000000000e+00,0.000000000000000000e+00
1.499999999999999944e-02,3.883025060623263025e-02,6.812099488818692539e-01,-3.408112357251411040e-02,-2.716027885124192132e+00,-2.360984208196836853e-02,3.663611143671771320e+00,-1.858969376591648737e-01,4.980890169013952082e-05,-1.003928129625430033e-03,1.741931556337461291e-04,4.196658487922049798e-03,3.138678407943848214e-05,-3.549010285679765012e-03,2.111441110730288362e-04,6.558102819140972616e-03,-1.321824748931341997e-01,2.293519002172426241e-02,5.525542006894308411e-01,4.132549608012806887e-03,-4.672814209891399395e-01,2.780034779098872547e-02,0.000000000000000000e+00,0.000000000000000000e+00,0.000000000000000000e+00,0.000000000000000000e+00,0.000000000000000000e+00,0.000000000000000000e+00,0.000000000000000000e+00
1.600000000000000033e-02,3.883030376420449487e-02,6.812088774512323752e-01,-3.408093766689179044e-02,-2.716023406289160391e+00,-2.360980858478757896e-02,3.663607356031761686e+00,-1.858967123180645109e-01,5.657696968760693933e-05,-1.140342577953253967e-03,1.978626420511912765e-04,4.766903344656727923e-03,3.565164199967487915e-05,-4.031252256936622945e-03,2.398345188619235813e-04,6.977668840854696006e-03,-1.406390783744518036e-01,2.440250865030343247e-02,5.879048156703100547e-01,4.396936648958233232e-03,-4.971765617382187252e-01,2.957892334044174426e-02,0.000000000000000000e+00,0.000000000000000000e+00,0.000000000000000000e+00,0.000000000000000000e+00,0.000000000000000000e+00,0.000000000000000000e+00,0.000000000000000000e+00
1.700000000000000122e-02,3.883036389966317697e-02,6.812076653851856234e-01,-3.408072735939738501e-02,-2.716018339564647999e+00,-2.360977069078483773e-02,3.663603071228158647e+00,-1.858964573988124147e-01,6.376351131792145385e-05,-1.285191612013067810e-03,2.229956267627492873e-04,5.372406776940501227e-03,4.018019859848924165e-05,-4.543311533471546849e-03,2.702988714722616838e-04,7.395050700786015389e-03,-1.490516587719711017e-01,2.586218876407136991e-02,6.230714036846813908e-01,4.659947353306531821e-03,-5.269160754333309660e-01,3.134824004494261851e-02,0.000000000000000000e+00,0.000000000000000000e+00,0.000000000000000000e+00,0.000000000000000000e+00,0.000000000000000000e+00,0.000000000000000000e+00,0.000000000000000000e+00
1.800000000000000211e-02,3.883043142999086095e-02,6.812063042711424821e-01,-3.408049119034967100e-02,-2.716012649784041777e+00,-2.360972813694924011e-02,3.663598259521427813e+00,-1.858961711320904764e-01,7.136634426715324469e-05,-1.438431245965644768e-03,2.495844777159732936e-04,6.012984913498038361e-03,4.497107870369781535e-05,-5.085032619894746392e-03,3.025279178922929608e-04,7.810252094640145713e-03,-1.574202905748355030e-01,2.731424328775701807e-02,6.580542761148910902e-01,4.921584049884431336e-03,-5.565002254028251771e-01,3.310831357089567828e-02,0.000000000000000000e+00,0.000000000000000000e+00,0.000000000000000000e+00,0.000000000000000000e+00,0.000000000000000000e+00,0.000000000000000000e+00,0.000000000000000000e+00
1.899999999999999953e-02,3.883050677038923926e-02,6.812047857404651685e-01,-3.408022770769305460e-02,-2.716006301964443370e+00,-2.360968066164390033e-02,3.663592891327396295e+00,-1.858958517578239711e-01,7.938328991707773981e-05,-1.600017568460901200e-03,2.776215757831454771e-04,6.688454194436343689e-03,5.002290947194354583e-05,-5.656260284144773443e-03,3.365124227766718183e-04,8.223276718122301057e-03,-1.657450482721884999e-01,2.875868514608933071e-02,6.928537443432848386e-01,5.181849067518661325e-03,-5.859292749750499851e-01,3.485915958470521547e-02,0.000000000000000000e+00,0.000000000000000000e+00,0.000000000000000000e+00,0.000000000000000000e+00,0.000000000000000000e+00,0.000000000000000000e+00,0.000000000000000000e+00
2.000000000000000042e-02,3.883059033388324560e-02,6.812031014683892494e-01,-3.407993546698460247e-02,-2.715999261306357493e+00,-2.360962800460360625e-02,3.663586937216992467e+00,-1.858954975251655151e-01,8.781217334517560803e-05,-1.769906742637899003e-03,3.070993147612771233e-04,7.398631371244783310e-03,5.533432038869615311e-05,-6.256839557488538123e-03,3.722431664464569525e-04,8.634128266937702439e-03,-1.740260063531736401e-01,3.019552726379726507e-02,7.274701197522088769e-01,5.440744735035953940e-03,-6.152034874783536278e-01,3.660079375277557751e-02,0.000000000000000000e+00,0.000000000000000000e+00,0.000000000000000000e+00,0.000000000000000000e+00,0.000000000000000000e+00,0.000000000000000000e+00,0.000000000000000000e+00
2.100000000000000130e-02,3.883068253132473946e-02,6.812012431739508100e-01,-3.407961303138113546e-02,-2.715991493193384176e+00,-2.360956990693249477e-02,3.663580367915983071e+00,-1.858951066924796336e-01,9.665082332463265059e-05,-1.948055006124840621e-03,3.380101013721083236e-04,8.143333506795054702e-03,6.090394326825205711e-05,-6.886615734521291457e-03,4.097109448891113228e-04,9.042810436791557868e-03,-1.822632393069343604e-01,3.162478256560977835e-02,7.619037137240094459e-01,5.698273381263034391e-03,-6.443231262410851201e-01,3.833323174151107710e-02,0.000000000000000000e+00,0.000000000000000000e+00,0.000000000000000000e+00,0.000000000000000000e+00,0.000000000000000000e+00,0.000000000000000000e+00,0.000000000000000000e+00
2.199999999999999872e-02,3.883078377139619064e-02,6.811992026199105155e-01,-3.407925897162625284e-02,-2.715982963191903021e+00,-2.360950611110172737e-02,3.663573154304705870e+00,-1.858946775273271068e-01,1.058970723243399096e-04,-2.134418671039073605e-03,3.703463552621077850e-04,8.922377975341209272e-03,6.673041225373438443e-05,-7.545434373166633180e-03,4.489065697585022064e-04,9.449326923389088362e-03,-1.904568216226141253e-01,3.304646397625580351e-02,7.961548376410321204e-01,5.954437335026634831e-03,-6.732884545915924779e-01,4.005648921731602002e-02,0.000000000000000000e+00,0.000000000000000000e+00,0.000000000000000000e+00,0.000000000000000000e+00,0.000000000000000000e+00,0.000000000000000000e+00,0.000000000000000000e+00
2.299999999999999961e-02,3.883089446061441241e-02,6.811969716126802243e-01,-3.407887186603746760e-02,-2.715973637050764111e+00,-2.360943636094715511e-02,3.663565267417812077e+00,-1.858942083064490658e-01,1.155487565088937629e-04,-2.328954123987089526e-03,4.041005090024740233e-04,9.735582462519640212e-03,7.281236381709306320e-05,-8.233141294676516939e-03,4.898208683749011435e-04,9.853681422435508000e-03,-1.986068277893564549e-01,3.446058442046432552e-02,8.302238028856233631e-01,6.209238925153483940e-03,-7.020997358582244940e-01,4.177058184659472595e-02,0.000000000000000000e+00,0.000000000000000000e+00,0.000000000000000000e+00,0.000000000000000000e+00,0.000000000000000000e+00,0.000000000000000000e+00,0.000000000000000000e+00
2.400000000000000050e-02,3.883101500333419054e-02,6.811945420022471609e-01,-3.407845030049327234e-02,-2.715963480700976262e+00,-2.360936040166699071e-02,3.663556678443996795e+00,-1.858936973157516159e-01,1.256037157385956260e-04,-2.531617826064521803e-03,4.392650080891336820e-04,1.058276496534909378e-02,7.914843675910468077e-05,-8.949582583631239888e-03,5.324446837249844798e-04,1.025587762963603260e-02,-2.067133322963048137e-01,3.586715682296427732e-02,8.641109208401291930e-01,6.462680480470312135e-03,-7.307572333693296285e-01,4.347552529575152841e-02,0.000000000000000000e+00,0.000000000000000000e+00,0.000000000000000000e+00,0.000000000000000000e+00,0.000000000000000000e+00,0.000000000000000000e+00,0.000000000000000000e+00
2.500000000000000139e-02,3.883114580175204417e-02,6.811919056821006402e-01,-3.407799286842017744e-02,-2.715952460255396161e+00,-2.360927797981949433e-02,3.663547358725742331e+00,-1.858931428502899885e-01,1.360597935694523176e-04,-2.742366312856149395e-03,4.758323109427427798e-04,1.146374379223065454e-02,8.573727220937261929e-05,-9.694604587939451359e-03,5.767688744618320110e-04,1.065591924069587450e-02,-2.147764096326026939e-01,3.726619410848461267e-02,8.978165028868952957e-01,6.714764329803848963e-03,-7.592612104532562300e-01,4.517133523119073318e-02,0.000000000000000000e+00,0.000000000000000000e+00,0.000000000000000000e+00,0.000000000000000000e+00,0.000000000000000000e+00,0.000000000000000000e+00,0.000000000000000000e+00
2.600000000000000228e-02,3.883128725590990343e-02,6.811890545891572391e-01,-3.407749817077982551e-02,-2.715940542008414393e+00,-2.360918884332061096e-02,3.663537279759048637e+00,-1.858925432142529421e-01,1.469148372531756130e-04,-2.961156194435892678e-03,5.137948889086861679e-04,1.237833756294775579e-02,9.257751362632689980e-05,-1.046805391883814593e-02,6.227843149049282299e-04,1.105380995132025645e-02,-2.227961342873936157e-01,3.865770920175428532e-02,9.313408604082679121e-01,6.965492801980823108e-03,-7.876119304383529807e-01,4.685802731931665993e-02,0.000000000000000000e+00,0.000000000000000000e+00,0.000000000000000000e+00,0.000000000000000000e+00,0.000000000000000000e+00,0.000000000000000000e+00,0.000000000000000000e+00
2.699999999999999969e-02,3.883143976369877320e-02,6.811859807036861891e-01,-3.407696481605604344e-02,-2.715927692435648577e+00,-2.360909274144168055e-02,3.663526413193173958e+00,-1.858918967209471085e-01,1.581666977371827315e-04,-3.187944155366814747e-03,5.531452262570773137e-04,1.332636520866617089e-02,9.966780679722430421e-05,-1.126977745089265993e-02,6.704818950401621094e-04,1.144955345721438734e-02,-2.307725807498209325e-01,4.004171502750224210e-02,9.646843047865930609e-01,7.214868225827962382e-03,-8.158096566529682292e-01,4.853561722653362831e-02,0.000000000000000000e+00,0.000000000000000000e+00,0.000000000000000000e+00,0.000000000000000000e+00,0.000000000000000000e+00,0.000000000000000000e+00,0.000000000000000000e+00
2.800000000000000058e-02,3.883160372086248008e-02,6.811826760492346589e-01,-3.407639142024192908e-02,-2.715913878193628062e+00,-2.360898942480708224e-02,3.663514730830369714e+00,-1.858912016927812549e-01,1.698132296645960113e-04,-3.422686954701127920e-03,5.938758201827596013e-04,1.430764597193404097e-02,1.070067998381484431e-04,-1.209962232199670272e-02,7.198525205198272109e-04,1.184315345408348472e-02,-2.387058235090283032e-01,4.141822451045745063e-02,9.978471474042168721e-01,7.462892930171998070e-03,-8.438546524254504355e-01,5.020412061924595104e-02,0.000000000000000000e+00,0.000000000000000000e+00,0.000000000000000000e+00,0.000000000000000000e+00,0.000000000000000000e+00,0.000000000000000000e+00,0.000000000000000000e+00
2.900000000000000147e-02,3.883177952100132918e-02,6.811791326925537016e-01,-3.407577660682692411e-02,-2.715899066119483951e+00,-2.360887864539192374e-02,3.663502204625619818e+00,-1.858904564612506860e-01,1.818522913742430720e-04,-3.665341425980179427e-03,6.359791808053043803e-04,1.532199940668182124e-02,1.145931431940095253e-04,-1.295743593337230284e-02,7.708871126626207085e-04,1.223461363763276612e-02,-2.465959370541590256e-01,4.278725057534887161e-02,1.030829699643485586e+00,7.709569243839662321e-03,-8.717471810841485036e-01,5.186355316385796860e-02,0.000000000000000000e+00,0.000000000000000000e+00,0.000000000000000000e+00,0.000000000000000000e+00,0.000000000000000000e+00,0.000000000000000000e+00,0.000000000000000000e+00
2.999999999999999889e-02,3.883196755557579566e-02,6.811753427435234265e-01,-3.407511900678388689e-02,-2.715883223230638688e+00,-2.360876015651969598e-02,3.663488806686371557e+00,-1.858896593669215613e-01,1.942817449006566794e-04,-3.915864477234467893e-03,6.794478311690123210e-04,1.636924537822233988e-02,1.224254896385445341e-04,-1.384306594956985319e-02,8.235766084536443651e-04,1.262393770356744563e-02,-2.544429958743567033e-01,4.414880614690542410e-02,1.063632272886744223e+00,7.954899495657679481e-03,-8.994875059574104492e-01,5.351393052677396595e-02,0.000000000000000000e+00,0.000000000000000000e+00,0.000000000000000000e+00,0.000000000000000000e+00,0.000000000000000000e+00,0.000000000000000000e+00,0.000000000000000000e+00
3.099999999999999978e-02,3.883216821391026474e-02,6.811712983550790579e-01,-3.407441725855616527e-02,-2.715866316724492968e+00,-2.360863371285994161e-02,3.663474509272278468e+00,-1.858888087594152139e-01,2.070994559740747993e-04,-4.174213090983629020e-03,7.242743072429131974e-04,1.744920406325075474e-02,1.305024942743171999e-04,-1.475636029846809187e-02,8.779119605444046402e-04,1.301112934759273733e-02,-2.622470744587648284e-01,4.550290414985608267e-02,1.096255178516339912e+00,8.198886014452781701e-03,-9.270758903735850653e-01,5.515526837439828356e-02,0.000000000000000000e+00,0.000000000000000000e+00,0.000000000000000000e+00,0.000000000000000000e+00,0.000000000000000000e+00,0.000000000000000000e+00,0.000000000000000000e+00
3.200000000000000067e-02,3.883238188319669548e-02,6.811669917231358840e-01,-3.407367000804466944e-02,-2.715848313978115325e+00,-2.360849907042596174e-02,3.663459284794936099e+00,-1.858879029973924679e-01,2.203032940204407335e-04,-4.440344324236448169e-03,7.704511579207655621e-04,1.856169594984458104e-02,1.388228145327180280e-04,-1.569716717127411093e-02,9.338841372528118231e-04,1.339619226541385877e-02,-2.700082472965268376e-01,4.684955750892980109e-02,1.128698727914618560e+00,8.441531129051700263e-03,-9.545125976610209229e-01,5.678758237313524110e-02,0.000000000000000000e+00,0.000000000000000000e+00,0.000000000000000000e+00,0.000000000000000000e+00,0.000000000000000000e+00,0.000000000000000000e+00,0.000000000000000000e+00
3.300000000000000155e-02,3.883260894849829836e-02,6.811624150865145388e-01,-3.407287590859498644e-02,-2.715829182547929932e+00,-2.360835598657244280e-02,3.663443105817612899e+00,-1.858869404485379850e-01,2.338911321614029024e-04,-4.714215308490849084e-03,8.179709450210568547e-04,1.970654183746366889e-02,1.473851101739641486e-04,-1.666533502252334070e-02,9.914841225631809002e-04,1.377913015273602403e-02,-2.777265888767862512e-01,4.818877914885552616e-02,1.160963232463926076e+00,8.682837168281160381e-03,-9.817978911480663706e-01,5.841088818938914434e-02,0.000000000000000000e+00,0.000000000000000000e+00,0.000000000000000000e+00,0.000000000000000000e+00,0.000000000000000000e+00,0.000000000000000000e+00,0.000000000000000000e+00
3.400000000000000244e-02,3.883284979275328230e-02,6.811575607268673949e-01,-3.407203362098437660e-02,-2.715808890169406631e+00,-2.360820421999314939e-02,3.663425945054995303e+00,-1.858859194895447486e-01,2.478608472143149538e-04,-4.995783249733902129e-03,8.668262432870036185e-04,2.088356283695022228e-02,1.561880432870994665e-04,-1.766071257007956544e-02,1.050702916126230796e-03,1.415994670526445065e-02,-2.854021736886865335e-01,4.952058199436221858e-02,1.193049003546607922e+00,8.922806460967894204e-03,-1.008932034163069869e+00,6.002520148956431295e-02,0.000000000000000000e+00,0.000000000000000000e+00,0.000000000000000000e+00,0.000000000000000000e+00,0.000000000000000000e+00,0.000000000000000000e+00,0.000000000000000000e+00
3.500000000000000333e-02,3.883310479677849758e-02,6.811524209686034004e-01,-3.407114181340895054e-02,-2.715787404756748291e+00,-2.360804353071859624e-02,3.663407775372916397e+00,-1.858848385060980768e-01,2.622103196922357087e-04,-5.285005428441818219e-03,9.170096403865512840e-04,2.209258037052879223e-02,1.652302782899946068e-04,-1.868314879513491636e-02,1.111531533259084914e-03,1.453864561870435272e-02,-2.930350762213710936e-01,5.084497897017883211e-02,1.224956352545011118e+00,9.161441335938632149e-03,-1.035915290034379987e+00,6.163053794006509434e-02,0.000000000000000000e+00,0.000000000000000000e+00,0.000000000000000000e+00,0.000000000000000000e+00,0.000000000000000000e+00,0.000000000000000000e+00,0.000000000000000000e+00
3.600000000000000422e-02,3.883337433927316895e-02,6.811469881788138059e-01,-3.407019916147061012e-02,-2.715764694402579948e+00,-2.360787368011371679e-02,3.663388569788100124e+00,-1.858836958928601901e-01,2.769374338039292424e-04,-5.581839199579953156e-03,9.685137369123742769e-04,2.333341617180627325e-02,1.745104819293469961e-04,-1.973249294220987687e-02,1.173961004945271031e-03,1.491523058876094605e-02,-3.006253709639835070e-01,5.216198300103429969e-02,1.256685590841481126e+00,9.398744122020101163e-03,-1.062747922090345076e+00,6.322691320729577347e-02,0.000000000000000000e+00,0.000000000000000000e+00,0.000000000000000000e+00,0.000000000000000000e+00,0.000000000000000000e+00,0.000000000000000000e+00,0.000000000000000000e+00
3.699999999999999817e-02,3.883365879682258021e-02,6.811412547671977791e-01,-3.406920434816428089e-02,-2.715740727377637054e+00,-2.360769443087552821e-02,3.663368301467891719e+00,-1.858824900534546132e-01,2.920400774538647491e-04,-5.886241992602805895e-03,1.021331146381875693e-03,2.460589228577188606e-02,1.840273232806805914e-04,-2.080859451915326869e-02,1.237982377834720643e-03,1.528970531113944646e-02,-3.081731324056671828e-01,5.347160701165759589e-02,1.288237029818363411e+00,9.634717148039033396e-03,-1.089430193659314039e+00,6.481434295766064224e-02,0.000000000000000000e+00,0.000000000000000000e+00,0.000000000000000000e+00,0.000000000000000000e+00,0.000000000000000000e+00,0.000000000000000000e+00,0.000000000000000000e+00
3.799999999999999906e-02,3.883395854390175178e-02,6.811352131859874648e-01,-3.406815606386486006e-02,-2.715715472130455499e+00,-2.360750554703081039e-02,3.663346943729997918e+00,-1.858812194004502150e-01,3.075161422422171111e-04,-6.198171311454025480e-03,1.075454495237188274e-03,2.590983106879724690e-02,1.937794737483463953e-04,-2.191130329714228303e-02,1.303586714243771356e-03,1.566207348154506629e-02,-3.156784350355656965e-01,5.477386392677766752e-02,1.319610980858005211e+00,9.869362742822154061e-03,-1.115962368069634669e+00,6.639284285756408277e-02,0.000000000000000000e+00,0.000000000000000000e+00,0.000000000000000000e+00,0.000000000000000000e+00,0.000000000000000000e+00,0.000000000000000000e+00,0.000000000000000000e+00
3.899999999999999994e-02,3.883427395287916695e-02,6.811288559298741552e-01,-3.406705300631436562e-02,-2.715688897287057202e+00,-2.360730679393377440e-02,3.663324470042221837e+00,-1.858798823553458046e-01,3.233635234648657604e-04,-6.517584734566391966e-03,1.130876422845172998e-03,2.724505518863627046e-02,2.037656070655219137e-04,-2.304046931068243903e-02,1.370765092155163409e-03,1.603233879568303002e-02,-3.231413533428225127e-01,5.606876667112346835e-02,1.350807755342751992e+00,1.010268323519619878e-02,-1.142344708649656537e+00,6.796242857341039389e-02,0.000000000000000000e+00,0.000000000000000000e+00,0.000000000000000000e+00,0.000000000000000000e+00,0.000000000000000000e+00,0.000000000000000000e+00,0.000000000000000000e+00
4.000000000000000083e-02,3.883460539402044942e-02,6.811221755359334606e-01,-3.406589388060896756e-02,-2.715660971650643241e+00,-2.360709793826373110e-02,3.663300854022201847e+00,-1.858784773485543940e-01,3.395801201133957087e-04,-6.844439914861838101e-03,1.187589581497420057e-03,2.861138762442523575e-02,2.139843992942113457e-04,-2.419594285760761493e-02,1.439508605218041415e-03,1.640050494925854654e-02,-3.305619618165810403e-01,5.735632816942394518e-02,1.381827664654949661e+00,1.033468095398789102e-02,-1.168577478727727215e+00,6.952311577160387446e-02,0.000000000000000000e+00,0.000000000000000000e+00,0.000000000000000000e+00,0.000000000000000000e+00,0.000000000000000000e+00,0.000000000000000000e+00,0.000000000000000000e+00
4.100000000000000172e-02,3.883495323549205486e-02,6.811151645835503698e-01,-3.406467739918609544e-02,-2.715631664201276330e+00,-2.360687874802277694e-02,3.663276069437144677e+00,-1.858770028193874047e-01,3.561638348750971678e-04,-7.178694579751435448e-03,1.245586636410249068e-03,3.000865166668277226e-02,2.244345288252458273e-04,-2.537757449908003421e-02,1.509808362747955225e-03,1.676657563797683340e-02,-3.379403349459848549e-01,5.863656134640806566e-02,1.412671020176944348e+00,1.056535822802396295e-02,-1.194660941632195605e+00,7.107492011854885106e-02,0.000000000000000000e+00,0.000000000000000000e+00,0.000000000000000000e+00,0.000000000000000000e+00,0.000000000000000000e+00,0.000000000000000000e+00,0.000000000000000000e+00
4.200000000000000261e-02,3.883531784336499010e-02,6.811078156943459749e-01,-3.406340228181149038e-02,-2.715600944095577063e+00,-2.360664899253343482e-02,3.663250090203566955e+00,-1.858754572160392360e-01,3.731125741329653872e-04,-7.520306531135403927e-03,1.304860265724707346e-03,3.143667091730983909e-02,2.351146763782830252e-04,-2.658521505959025519e-02,1.581655489726857761e-03,1.713055455754310466e-02,-3.452765472201774211e-01,5.990947912680477661e-02,1.443338133291082626e+00,1.079471738613114844e-02,-1.220595360691410169e+00,7.261785728064965029e-02,0.000000000000000000e+00,0.000000000000000000e+00,0.000000000000000000e+00,0.000000000000000000e+00,0.000000000000000000e+00,0.000000000000000000e+00,0.000000000000000000e+00
4.300000000000000350e-02,3.883569958161846997e-02,6.811001215321015323e-01,-3.406206725556629872e-02,-2.715568780666405058e+00,-2.360640844243635725e-02,3.663222890387026531e+00,-1.858738389955714165e-01,3.904242479657010875e-04,-7.869233645403102273e-03,1.365403160506572285e-03,3.289526928958976665e-02,2.460235250018074347e-04,-2.781871562695721958e-02,1.655041126803107835e-03,1.749244540366257442e-02,-3.525706731283020923e-01,6.117509443534301788e-02,1.473829315379709515e+00,1.102276075713616750e-02,-1.246380999233719367e+00,7.415194292431059875e-02,0.000000000000000000e+00,0.000000000000000000e+00,0.000000000000000000e+00,0.000000000000000000e+00,0.000000000000000000e+00,0.000000000000000000e+00,0.000000000000000000e+00
4.399999999999999745e-02,3.883609881214365733e-02,6.810920748026847438e-01,-3.406067105483413793e-02,-2.715535143422552533e+00,-2.360615686968797408e-02,3.663194444201863575e+00,-1.858721466238969777e-01,4.080967701477099187e-04,-8.225433873433031506e-03,1.427208024746349840e-03,3.438427100818820109e-02,2.571597600731301628e-04,-2.907792755232817272e-02,1.729956430291466896e-03,1.785225187204046021e-02,-3.598227871595025551e-01,6.243342019675174326e-02,1.504144877825171367e+00,1.124949066986575749e-02,-1.272018120587471879e+00,7.567719271593596753e-02,0.000000000000000000e+00,0.000000000000000000e+00,0.000000000000000000e+00,0.000000000000000000e+00,0.000000000000000000e+00,0.000000000000000000e+00,0.000000000000000000e+00
4.499999999999999833e-02,3.883651589474733379e-02,6.810836682539755937e-01,-3.405921242128815557e-02,-2.715500002048430783e+00,-2.360589404755818535e-02,3.663164726010933681e+00,-1.858703785757648552e-01,4.261280581491031102e-04,-8.588865240592845340e-03,1.490267575359275395e-03,3.590350060915316333e-02,2.685220692983892807e-04,-3.036270245017875374e-02,1.806392572173102281e-03,1.820997765838197613e-02,-3.670329638029221075e-01,6.368446933575992730e-02,1.534285132009814978e+00,1.147490945314664362e-02,-1.297506988081015722e+00,7.719362232193012485e-02,0.000000000000000000e+00,0.000000000000000000e+00,0.000000000000000000e+00,0.000000000000000000e+00,0.000000000000000000e+00,0.000000000000000000e+00,0.000000000000000000e+00
4.599999999999999922e-02,3.883695118715557726e-02,6.810748946757914091e-01,-3.405769010387815765e-02,-2.715463326403761091e+00,-2.360561975062800549e-02,3.663133710325348513e+00,-1.858685333347441238e-01,4.445160331356968206e-04,-8.959485846739331100e-03,1.554574542185312679e-03,3.745278293991500390e-02,2.801091427125494172e-04,-3.167289219831292274e-02,1.884340740095584617e-03,1.856562645839234318e-02,-3.742012775477043807e-01,6.492825477709651683e-02,1.564250389315985590e+00,1.169901943580555805e-02,-1.322847865042700022e+00,7.870124740869738345e-02,0.000000000000000000e+00,0.000000000000000000e+00,0.000000000000000000e+00,0.000000000000000000e+00,0.000000000000000000e+00,0.000000000000000000e+00,0.000000000000000000e+00
4.700000000000000011e-02,3.883740504501751595e-02,6.810657468998119191e-01,-3.405610285881760513e-02,-2.715425086523258091e+00,-2.360533375478726659e-02,3.663101371804209805e+00,-1.858666093932083985e-01,4.632586199690125715e-04,-9.337253866218423598e-03,1.620121667989154199e-03,3.903194315928643077e-02,2.919196726794020028e-04,-3.300834893786298158e-02,1.963792137372889768e-03,1.891920196777677199e-02,-3.813278028829927280e-01,6.616478944549045171e-02,1.594040961126029776e+00,1.192182294666922944e-02,-1.348041014800873016e+00,8.020008364264204215e-02,0.000000000000000000e+00,0.000000000000000000e+00,0.000000000000000000e+00,0.000000000000000000e+00,0.000000000000000000e+00,0.000000000000000000e+00,0.000000000000000000e+00
4.800000000000000100e-02,3.883787782190894350e-02,6.810562177995057587e-01,-3.405444944957077003e-02,-2.715385252616326017e+00,-2.360503583723225912e-02,3.663067685254344230e+00,-1.858646052523201253e-01,4.823537472062768136e-04,-9.722127547865199934e-03,1.686901708460222327e-03,4.064080673746247457e-02,3.039523538915651067e-04,-3.436892507328961205e-02,2.044737982985396670e-03,1.927070788224047662e-02,-3.884126142979306695e-01,6.739408626567069960e-02,1.623657158822293001e+00,1.214332231456438649e-02,-1.373086700683883166e+00,8.169014669016842756e-02,0.000000000000000000e+00,0.000000000000000000e+00,0.000000000000000000e+00,0.000000000000000000e+00,0.000000000000000000e+00,0.000000000000000000e+00,0.000000000000000000e+00
4.900000000000000189e-02,3.883836986933610069e-02,6.810463002900551954e-01,-3.405272864683973194e-02,-2.715343795066739840e+00,-2.360472577646342135e-02,3.663032625630044503e+00,-1.858625194220149268e-01,5.017993471004217939e-04,-1.011406521500388296e-02,1.754907432212667560e-03,4.227919945602054419e-02,3.162058833704835996e-04,-3.575447327238182038e-02,2.127169511579888629e-03,1.962014789748867810e-02,-3.954557862816618363e-01,6.861615816236620036e-02,1.653099293787121615e+00,1.236351986831775961e-02,-1.397985186020078929e+00,8.317145221768083851e-02,0.000000000000000000e+00,0.000000000000000000e+00,0.000000000000000000e+00,0.000000000000000000e+00,0.000000000000000000e+00,0.000000000000000000e+00,0.000000000000000000e+00
5.000000000000000278e-02,3.883888153673930449e-02,6.810359873282820775e-01,-3.405093922855154109e-02,-2.715300684432340184e+00,-2.360440335228300435e-02,3.662996168032804256e+00,-1.858603504209860036e-01,5.215933556000842009e-04,-1.051302526544783782e-02,1.824131620785369827e-03,4.394694740792036425e-02,3.286789604664289914e-04,-3.716484646625695110e-02,2.211077973469555060e-03,1.996752570922658704e-02,-4.024573933233294709e-01,6.983101806030590775e-02,1.682367677402861750e+00,1.258241793675607748e-02,-1.422736734137808989e+00,8.464401589158364325e-02,0.000000000000000000e+00,0.000000000000000000e+00,0.000000000000000000e+00,0.000000000000000000e+00,0.000000000000000000e+00,0.000000000000000000e+00,0.000000000000000000e+00
5.100000000000000366e-02,3.883941317149667422e-02,6.810252719125732268e-01,-3.404907997984521484e-02,-2.715255891444715353e+00,-2.360406834579274749e-02,3.662958287711052030e+00,-1.858580967766684244e-01,5.417337123496065738e-04,-1.091896617149957019e-02,1.894567068641937399e-03,4.564387699750402372e-02,3.413702868584996475e-04,-3.859989784936072171e-02,2.296454634633987579e-03,2.031284501315942098e-02,-4.094175099120772598e-01,7.103867888421877552e-02,1.711462621051859312e+00,1.280001884870607225e-02,-1.447341608365421584e+00,8.610785337828112673e-02,0.000000000000000000e+00,0.000000000000000000e+00,0.000000000000000000e+00,0.000000000000000000e+00,0.000000000000000000e+00,0.000000000000000000e+00,0.000000000000000000e+00
5.200000000000000455e-02,3.883996511892782305e-02,6.810141470828058319e-01,-3.404714969305884520e-02,-2.715209387008897135e+00,-2.360372053939154696e-02,3.662918960059892814e+00,-1.858557570252232782e-01,5.622183606890364350e-04,-1.133184647995073499e-02,1.966206583170708195e-03,4.736981494049595509e-02,3.542785665546206806e-04,-4.005948087946720887e-02,2.383290776719183910e-03,2.065610950499239748e-02,-4.163362105370486121e-01,7.223915355883375744e-02,1.740384436116460209e+00,1.301632493299446566e-02,-1.471800072031265616e+00,8.756298034417760168e-02,0.000000000000000000e+00,0.000000000000000000e+00,0.000000000000000000e+00,0.000000000000000000e+00,0.000000000000000000e+00,0.000000000000000000e+00,0.000000000000000000e+00
5.299999999999999850e-02,3.884053772229755647e-02,6.810026059202729520e-01,-3.404514716771669253e-02,-2.715161142203044609e+00,-2.360335971677311739e-02,3.662878160620840262e+00,-1.858533297115224081e-01,5.830452476541263989e-04,-1.175162481208212074e-02,2.039042984684747827e-03,4.912458826400291356e-02,3.674025058915435715e-04,-4.154344927767877893e-02,2.471577697037543545e-03,2.099732288043073061e-02,-4.232135696873868813e-01,7.343245500887980726e-02,1.769133433979010794e+00,1.323133851844799508e-02,-1.496112388463689102e+00,8.900941245567738080e-02,0.000000000000000000e+00,0.000000000000000000e+00,0.000000000000000000e+00,0.000000000000000000e+00,0.000000000000000000e+00,0.000000000000000000e+00,0.000000000000000000e+00
5.399999999999999939e-02,3.884113132281954289e-02,6.809906415476092434e-01,-3.404307121051621671e-02,-2.715111128278132835e+00,-2.360298566292368463e-02,3.662835865081555564e+00,-1.858508133891323411e-01,6.042123239763346051e-04,-1.217825986366367561e-02,2.113069106421853940e-03,5.090802430651405336e-02,3.807408135348471444e-04,-4.305165702842621983e-02,2.561306708567873819e-03,2.133648883517963446e-02,-4.300496618522358094e-01,7.461859615908589261e-02,1.797709926021856530e+00,1.344506193389339091e-02,-1.520278820991040947e+00,9.044716537918483235e-02,0.000000000000000000e+00,0.000000000000000000e+00,0.000000000000000000e+00,0.000000000000000000e+00,0.000000000000000000e+00,0.000000000000000000e+00,0.000000000000000000e+00
5.500000000000000028e-02,3.884174625966006072e-02,6.809782471287165739e-01,-3.404092063531519857e-02,-2.715059316657645105e+00,-2.360259816411964390e-02,3.662792049275585882e+00,-1.858482066202988559e-01,6.257175440828242853e-04,-1.261171040495447614e-02,2.188277794544549702e-03,5.271995071790084447e-02,3.942922004789365374e-04,-4.458395837946862311e-02,2.652469139955383835e-03,2.167361106494432310e-02,-4.368445615207386390e-01,7.579758993418096724e-02,1.826114223627344435e+00,1.365749750815737663e-02,-1.544299632941669387e+00,9.187625478110421351e-02,0.000000000000000000e+00,0.000000000000000000e+00,0.000000000000000000e+00,0.000000000000000000e+00,0.000000000000000000e+00,0.000000000000000000e+00,0.000000000000000000e+00
5.600000000000000117e-02,3.884238286994164124e-02,6.809654158686886394e-01,-3.403869426311877805e-02,-2.715005678937257638e+00,-2.360219700792521441e-02,3.662746689182096116e+00,-1.858455079759311901e-01,6.475588660964636542e-04,-1.305193528070275333e-02,2.264661908140089015e-03,5.456019545941708654e-02,4.080553800470436898e-04,-4.614020784189343943e-02,2.745056335511688369e-03,2.200869326543002102e-02,-4.435983431820390566e-01,7.696944925889395717e-02,1.854346638177819528e+00,1.386864757006668267e-02,-1.568175087643923105e+00,9.329669632783987865e-02,0.000000000000000000e+00,0.000000000000000000e+00,0.000000000000000000e+00,0.000000000000000000e+00,0.000000000000000000e+00,0.000000000000000000e+00,0.000000000000000000e+00
5.700000000000000205e-02,3.884304148874678786e-02,6.809521410137380215e-01,-3.403639092206655475e-02,-2.714950186884528716e+00,-2.360178198319014958e-02,3.662699760925610004e+00,-1.858427160355865804e-01,6.697342518358264524e-04,-1.349889341014587005e-02,2.342214319220453471e-03,5.642858680369892965e-02,4.220290678912272885e-04,-4.772026019011646469e-02,2.839059655214803968e-03,2.234173913234193190e-02,-4.503110813252803601e-01,7.813418705795383001e-02,1.882407481055628384e+00,1.407851444844804290e-02,-1.591905448426150782e+00,9.470850568579612661e-02,0.000000000000000000e+00,0.000000000000000000e+00,0.000000000000000000e+00,0.000000000000000000e+00,0.000000000000000000e+00,0.000000000000000000e+00,0.000000000000000000e+00
5.800000000000000294e-02,3.884372244912168148e-02,6.809384158511200269e-01,-3.403400944741967471e-02,-2.714892812438590930e+00,-2.360135288004737084e-02,3.662651240775744110e+00,-1.858398293874543583e-01,6.922416668151912950e-04,-1.395254378701034186e-02,2.420927912722354962e-03,5.832495333476489519e-02,4.362119819923727135e-04,-4.932397046188184697e-02,2.934470474709155018e-03,2.267275236138528022e-02,-4.569828504396060698e-01,7.929181625608953954e-02,1.910297063643117133e+00,1.428710047212818426e-02,-1.615490978616700435e+00,9.611169852137729785e-02,0.000000000000000000e+00,0.000000000000000000e+00,0.000000000000000000e+00,0.000000000000000000e+00,0.000000000000000000e+00,0.000000000000000000e+00,0.000000000000000000e+00
5.900000000000000383e-02,3.884442608207986508e-02,6.809242337090595232e-01,-3.403154868154783380e-02,-2.714833527709835437e+00,-2.360090948991066737e-02,3.662601105146947145e+00,-1.858368466283402964e-01,7.150790802445426480e-04,-1.441284547951182660e-02,2.500795586507234373e-03,6.024912394801585497e-02,4.506028426601921461e-04,-5.095119395826209346e-02,3.031280185305568545e-03,2.300173664826527659e-02,-4.636137250141597055e-01,8.044234977803003950e-02,1.938015697322631459e+00,1.449440796993383719e-02,-1.638931941543920967e+00,9.750629050098769124e-02,0.000000000000000000e+00,0.000000000000000000e+00,0.000000000000000000e+00,0.000000000000000000e+00,0.000000000000000000e+00,0.000000000000000000e+00,0.000000000000000000e+00
5.999999999999999778e-02,3.884515271660591434e-02,6.809095879566757770e-01,-3.402900747391644776e-02,-2.714772304979601980e+00,-2.360045160547234039e-02,3.662549330598234842e+00,-1.858337663636512038e-01,7.382444650295690936e-04,-1.487975763035511920e-02,2.581810251361259419e-03,6.220092785023494802e-02,4.652003725332244611e-04,-5.260178624365802191e-02,3.129480193981275075e-03,2.332869568868713508e-02,-4.702037795380847873e-01,8.158580054850426977e-02,1.965563693476517493e+00,1.470043927069172689e-02,-1.662228600536160616e+00,9.889229729103161948e-02,0.000000000000000000e+00,0.000000000000000000e+00,0.000000000000000000e+00,0.000000000000000000e+00,0.000000000000000000e+00,0.000000000000000000e+00,0.000000000000000000e+00
6.099999999999999867e-02,3.884590267965919858e-02,6.808944720039079579e-01,-3.402638468107365560e-02,-2.714709116699869362e+00,-2.359997902070090289e-02,3.662495893832924398e+00,-1.858305872073789666e-01,7.617357977716657149e-04,-1.535323945673416381e-02,2.663964830995329842e-03,6.418019455958776098e-02,4.800032965788351719e-04,-5.427560314579886469e-02,3.229061923379910812e-03,2.365363317835607673e-02,-4.767530885005249464e-01,8.272218149224121186e-02,1.992941363487121365e+00,1.490519670322858377e-02,-1.685381218921768065e+00,1.002697345579134369e-01,0.000000000000000000e+00,0.000000000000000000e+00,0.000000000000000000e+00,0.000000000000000000e+00,0.000000000000000000e+00,0.000000000000000000e+00,0.000000000000000000e+00
6.199999999999999956e-02,3.884667629617750972e-02,6.808788793014408647e-01,-3.402367916663746189e-02,-2.714643935492940585e+00,-2.359949153083871695e-02,3.662440771698376452e+00,-1.858273077820849495e-01,7.855510587679319281e-04,-1.583325025033205380e-02,2.747252262045072647e-03,6.618675390562221705e-02,4.950103420932168647e-04,-5.597250075574213002e-02,3.330016811811515459e-03,2.397655281297731908e-02,-4.832617263906232585e-01,8.385150553396980566e-02,2.020149018736788982e+00,1.510868259637114693e-02,-1.708390060029091773e+00,1.016386179680374285e-01,0.000000000000000000e+00,0.000000000000000000e+00,0.000000000000000000e+00,0.000000000000000000e+00,0.000000000000000000e+00,0.000000000000000000e+00,0.000000000000000000e+00
6.300000000000000044e-02,3.884747388908078164e-02,6.808628033406303182e-01,-3.402088980128272627e-02,-2.714576734151135540e+00,-2.359898893239971082e-02,3.662383941185728187e+00,-1.858239267188844801e-01,8.096882320111728915e-04,-1.631974937732101269e-02,2.831665494070842969e-03,6.822043602926848582e-02,5.102202387013884391e-04,-5.769233542787374075e-02,3.432336313252534396e-03,2.429745828825606579e-02,-4.897297676975235214e-01,8.497378559841896328e-02,2.047186970607866474e+00,1.531089927894613463e-02,-1.731255387186480421e+00,1.029989631878079070e-01,0.000000000000000000e+00,0.000000000000000000e+00,0.000000000000000000e+00,0.000000000000000000e+00,0.000000000000000000e+00,0.000000000000000000e+00,0.000000000000000000e+00
6.400000000000000133e-02,3.884829577927479544e-02,6.808462376534289984e-01,-3.401801546272830573e-02,-2.714507485636475703e+00,-2.359847102316699544e-02,3.662325379429630434e+00,-1.858204426574310841e-01,8.341453051898983133e-04,-1.681269627836241495e-02,2.917197489557726668e-03,7.028107138283919142e-02,5.256317183571953796e-04,-5.943496377990790253e-02,3.536011897345815204e-03,2.461635329989754484e-02,-4.961572869103690886e-01,8.608903461031770787e-02,2.074055530482700416e+00,1.551184907978028250e-02,-1.753977463722282026e+00,1.043507858836292129e-01,0.000000000000000000e+00,0.000000000000000000e+00,0.000000000000000000e+00,0.000000000000000000e+00,0.000000000000000000e+00,0.000000000000000000e+00,0.000000000000000000e+00
6.500000000000000222e-02,3.884914228565489180e-02,6.808291758123112825e-01,-3.401505503572412742e-02,-2.714436163080375497e+00,-2.359793760219057804e-02,3.662265063707984325e+00,-1.858168542459006367e-01,8.589202696883241860e-04,-1.731205046860678429e-02,3.003841223915538605e-03,7.236849073002926680e-02,5.412435153433109479e-04,-6.120024269288721480e-02,3.641035049400612005e-03,2.493324154360696682e-02,-5.025443585183034800e-01,8.719726549439495156e-02,2.100755009743635604e+00,1.571153432770031402e-02,-1.776556552964845492e+00,1.056941017219056866e-01,0.000000000000000000e+00,0.000000000000000000e+00,0.000000000000000000e+00,0.000000000000000000e+00,0.000000000000000000e+00,0.000000000000000000e+00,0.000000000000000000e+00
6.600000000000000311e-02,3.885001372510959311e-02,6.808116114301996369e-01,-3.401200741203821987e-02,-2.714362739783329204e+00,-2.359738846978501683e-02,3.662202971441679278e+00,-1.858131601409761524e-01,8.840111205863701842e-04,-1.781777153769376759e-02,3.091589685478819596e-03,7.448252514591595375e-02,5.570543662712336896e-04,-6.298802931118262227e-02,3.747397270392579822e-03,2.524812671508954928e-02,-5.088910570104702158e-01,8.829849117537964809e-02,2.127285719773019501e+00,1.590995735153296828e-02,-1.798992918242519501e+00,1.070289263690415854e-01,0.000000000000000000e+00,0.000000000000000000e+00,0.000000000000000000e+00,0.000000000000000000e+00,0.000000000000000000e+00,0.000000000000000000e+00,0.000000000000000000e+00
6.700000000000000400e-02,3.885091041252441979e-02,6.807935381603892333e-01,-3.400887149044382746e-02,-2.714287189214602325e+00,-2.359682342752710341e-02,3.662139080194327434e+00,-1.858093590078315205e-01,9.094158566596627011e-04,-1.832981914975218354e-02,3.180435875506842924e-03,7.662300601695891389e-02,5.730630100812901442e-04,-6.479818104249343569e-02,3.855090076963783256e-03,2.556101251005050284e-02,-5.151974568760127049e-01,8.939272457800076510e-02,2.153647971953196905e+00,1.610712048010496528e-02,-1.821286822883652068e+00,1.083552754914412636e-01,0.000000000000000000e+00,0.000000000000000000e+00,0.000000000000000000e+00,0.000000000000000000e+00,0.000000000000000000e+00,0.000000000000000000e+00,0.000000000000000000e+00
6.800000000000000488e-02,3.885183266078542225e-02,6.807749496964737856e-01,-3.400564617670646245e-02,-2.714209485011914502e+00,-2.359624227825350001e-02,3.662073367672002533e+00,-1.858054495201164336e-01,9.351324803795323538e-04,-1.884815304339996708e-02,3.270372808183609568e-03,7.878976504100006217e-02,5.892681880426323517e-04,-6.663055555784719308e-02,3.964105001422685640e-03,2.587190262419504852e-02,-5.214636326040745784e-01,9.047997862698725635e-02,2.179842077666514388e+00,1.630302604224303370e-02,-1.843438530216591875e+00,1.096731647555090478e-01,0.000000000000000000e+00,0.000000000000000000e+00,0.000000000000000000e+00,0.000000000000000000e+00,0.000000000000000000e+00,0.000000000000000000e+00,0.000000000000000000e+00
6.900000000000000577e-02,3.885278078078306663e-02,6.807558397722716093e-01,-3.400233038357101945e-02,-2.714129600981136203e+00,-2.359564482605845670e-02,3.662005811722975235e+00,-1.858014303599402339e-01,9.611589979130157188e-04,-1.937273303174421799e-02,3.361393510617849065e-03,8.098263422726377503e-02,6.056686437532402380e-04,-6.848501079159999283e-02,4.074433591744157715e-03,2.618080075322840039e-02,-5.276896586837992453e-01,9.156026624706804784e-02,2.205868348295318526e+00,1.649767636677391611e-02,-1.865448303569687605e+00,1.109826098276492368e-01,0.000000000000000000e+00,0.000000000000000000e+00,0.000000000000000000e+00,0.000000000000000000e+00,0.000000000000000000e+00,0.000000000000000000e+00,0.000000000000000000e+00
7.000000000000000666e-02,3.885375508141576673e-02,6.807362021617502368e-01,-3.399892303074877886e-02,-2.714047511095968979e+00,-2.359503087629145901e-02,3.661936390337450220e+00,-1.857973002178566202e-01,9.874934191228539222e-04,-1.990351900238116964e-02,3.453491022843020383e-03,8.320144589635665444e-02,6.222631231399199884e-04,-7.036140494143609814e-02,4.186067411569476329e-03,2.648771059285576907e-02,-5.338756096043300037e-01,9.263360036297212108e-02,2.231727095221953672e+00,1.669107378252433077e-02,-1.887316406271287494e+00,1.122836263742661850e-01,0.000000000000000000e+00,0.000000000000000000e+00,0.000000000000000000e+00,0.000000000000000000e+00,0.000000000000000000e+00,0.000000000000000000e+00,0.000000000000000000e+00
7.100000000000000755e-02,3.885475586959368649e-02,6.807160306789528104e-01,-3.399542304490455608e-02,-2.713963189497642148e+00,-2.359440023555489652e-02,3.661865081647302400e+00,-1.857930577928476878e-01,1.014133757567493724e-03,-2.044047091739619945e-02,3.546658397817310619e-03,8.544603268026773613e-02,6.390503744583044812e-04,-7.225959646836818684e-02,4.298998040206318365e-03,2.679263583878237556e-02,-5.400215598548105955e-01,9.369999389942842982e-02,2.257418629828767731e+00,1.688322061832100984e-02,-1.909043101649740448e+00,1.135762300617641496e-01,0.000000000000000000e+00,0.000000000000000000e+00,0.000000000000000000e+00,0.000000000000000000e+00,0.000000000000000000e+00,0.000000000000000000e+00,0.000000000000000000e+00
7.200000000000000844e-02,3.885578345024235519e-02,6.806953191779226975e-01,-3.399182935964373264e-02,-2.713876610494593056e+00,-2.359375271170172789e-02,3.661791863925815793e+00,-1.857887017923084416e-01,1.041078030501086651e-03,-2.098354881336381844e-02,3.640888701423637599e-03,8.771622752236836462e-02,6.560291482928531795e-04,-7.417944409673729589e-02,4.413217072628766377e-03,2.709558018671343396e-02,-5.461275839243843189e-01,9.475945978116588619e-02,2.282943263498105946e+00,1.707411920299067506e-02,-1.930628653033394704e+00,1.148604365565474850e-01,0.000000000000000000e+00,0.000000000000000000e+00,0.000000000000000000e+00,0.000000000000000000e+00,0.000000000000000000e+00,0.000000000000000000e+00,0.000000000000000000e+00
7.299999999999999545e-02,3.885683812630645606e-02,6.806740615526296612e-01,-3.398814091549937771e-02,-2.713787748562162871e+00,-2.359308811383318757e-02,3.661716715587415738e+00,-1.857842309320310858e-01,1.068324258873490189e-03,-2.153271280134770593e-02,3.736175012469645541e-03,9.001186367741220717e-02,6.731981975568522396e-04,-7.612080681421280748e-02,4.528716119477308594e-03,2.739654733235416181e-02,-5.521937563021945827e-01,9.581201093291348558e-02,2.308301307612314446e+00,1.726377186536007247e-02,-1.952073323750598055e+00,1.161362615250204761e-01,0.000000000000000000e+00,0.000000000000000000e+00,0.000000000000000000e+00,0.000000000000000000e+00,0.000000000000000000e+00,0.000000000000000000e+00,0.000000000000000000e+00
7.399999999999999634e-02,3.885792019875342757e-02,6.806522517368949199e-01,-3.398435665991922372e-02,-2.713696578342281729e+00,-2.359240625229641619e-02,3.661639615187410435e+00,-1.857796439361893981e-01,1.095870467330266372e-03,-2.208792306690066445e-02,3.832510422687710264e-03,9.233277471153536475e-02,6.905562774924151612e-04,-7.808354387179243516e-02,4.645486807058838048e-03,2.769554097140977320e-02,-5.582201514773851292e-01,9.685766027940016787e-02,2.333493073553738917e+00,1.745218093425592032e-02,-1.973377377129700294e+00,1.174037206335875189e-01,0.000000000000000000e+00,0.000000000000000000e+00,0.000000000000000000e+00,0.000000000000000000e+00,0.000000000000000000e+00,0.000000000000000000e+00,0.000000000000000000e+00
7.499999999999999722e-02,3.885902996657721736e-02,6.806298837043175398e-01,-3.398047554725287106e-02,-2.713603074643158308e+00,-2.359170693868215332e-02,3.661560541421723602e+00,-1.857749395373229362e-01,1.123714684212683088e-03,-2.264913987006465096e-02,3.929888036734934843e-03,9.467879450225620552e-02,7.081021456704818121e-04,-8.006751478380229325e-02,4.763520777346649110e-03,2.799256479958548219e-02,-5.642068439390995893e-01,9.789642074535488681e-02,2.358518872704726377e+00,1.763934873850494731e-02,-1.994541076499049215e+00,1.186628295486528567e-01,0.000000000000000000e+00,0.000000000000000000e+00,0.000000000000000000e+00,0.000000000000000000e+00,0.000000000000000000e+00,0.000000000000000000e+00,0.000000000000000000e+00
7.599999999999999811e-02,3.886016772680197379e-02,6.806069514681982735e-01,-3.397649653873875686e-02,-2.713507212438965421e+00,-2.359098998582238871e-02,3.661479473126635131e+00,-1.857701164763214396e-01,1.151854941557712555e-03,-2.321632354537075255e-02,4.028300972193151787e-03,9.704975723847546198e-02,7.258345619908184278e-04,-8.207257932789675803e-02,4.882809687980444423e-03,2.828762251258650634e-02,-5.701539081764808170e-01,9.892830525550659615e-02,2.383379016447621623e+00,1.782527760693389252e-02,-2.015564685186993721e+00,1.199136039366208439e-01,0.000000000000000000e+00,0.000000000000000000e+00,0.000000000000000000e+00,0.000000000000000000e+00,0.000000000000000000e+00,0.000000000000000000e+00,0.000000000000000000e+00
7.699999999999999900e-02,3.886133377448568876e-02,6.805834490814671733e-01,-3.397241860249131801e-02,-2.713408966869535810e+00,-2.359025520778807242e-02,3.661396389278512853e+00,-1.857651735024092587e-01,1.180289275098033060e-03,-2.378943450183921768e-02,4.127742359568924331e-03,9.944549742047621710e-02,7.437522886820184791e-04,-8.409859754505860652e-02,5.003345212266327099e-03,2.858071780611806320e-02,-5.760614186786728874e-01,9.995332673458426354e-02,2.408073816164771230e+00,1.800996986836947769e-02,-2.036448466521881606e+00,1.211560594638957933e-01,0.000000000000000000e+00,0.000000000000000000e+00,0.000000000000000000e+00,0.000000000000000000e+00,0.000000000000000000e+00,0.000000000000000000e+00,0.000000000000000000e+00
7.799999999999999989e-02,3.886252840272399339e-02,6.805593706366072082e-01,-3.396824071348798074e-02,-2.713308313240042402e+00,-2.358950241988674174e-02,3.661311268993555412e+00,-1.857601093731295616e-01,1.209015724262027438e-03,-2.436843322297941802e-02,4.228205342293539504e-03,1.018658498599238904e-01,7.618540903015019131e-04,-8.614542973959894712e-02,5.125119039176806793e-03,2.887185437588535644e-02,-5.819294499348192096e-01,1.009714981073168288e-01,2.432603583238521772e+00,1.819342785163843151e-02,-2.057192683832062663e+00,1.223902117968820452e-01,0.000000000000000000e+00,0.000000000000000000e+00,0.000000000000000000e+00,0.000000000000000000e+00,0.000000000000000000e+00,0.000000000000000000e+00,0.000000000000000000e+00
7.900000000000000078e-02,3.886375190265375923e-02,6.805347102655810998e-01,-3.396396185355630287e-02,-2.713205227020692334e+00,-2.358873143866022440e-02,3.661224091527521818e+00,-1.857549228543286524e-01,1.238032332173783943e-03,-2.495328026678989009e-02,4.329683076723018532e-03,1.043106496798662380e-01,7.801387337355153700e-04,-8.821293647915726122e-02,5.248122873350796226e-03,2.916103591759362443e-02,-5.877580764340628594e-01,1.019828322984332319e-01,2.456968629051218489e+00,1.837565388556748266e-02,-2.077797600445883131e+00,1.236160766019838569e-01,0.000000000000000000e+00,0.000000000000000000e+00,0.000000000000000000e+00,0.000000000000000000e+00,0.000000000000000000e+00,0.000000000000000000e+00,0.000000000000000000e+00
8.000000000000000167e-02,3.886500456345682447e-02,6.805094621397560495e-01,-3.395958101136101887e-02,-2.713099683846414756e+00,-2.358794208188228630e-02,3.661134836275474758e+00,-1.857496127201404834e-01,1.267337145653096679e-03,-2.554393626575829357e-02,4.432168732138109905e-03,1.067797323147334221e-01,7.986049881991325082e-04,-9.030097859470137545e-02,5.372348435093613796e-03,2.944826612694805695e-02,-5.935473726655475790e-01,1.029873422326624127e-01,2.481169264985207512e+00,1.855665029898337023e-02,-2.098263479691694133e+00,1.248336695456055967e-01,0.000000000000000000e+00,0.000000000000000000e+00,0.000000000000000000e+00,0.000000000000000000e+00,0.000000000000000000e+00,0.000000000000000000e+00,0.000000000000000000e+00
8.100000000000000255e-02,3.886628667236371321e-02,6.804836204698296864e-01,-3.395509718239110575e-02,-2.712991659516546417e+00,-2.358713416855632780e-02,3.661043482771511925e+00,-1.857441777529708071e-01,1.296928215215463866e-03,-2.614036192686144608e-02,4.535655490744291106e-03,1.092729335103378580e-01,8.172516252362532459e-04,-9.240941718052742004e-02,5.497787460376982703e-03,2.973354869965389238e-02,-5.992974131184169995e-01,1.039850408347334082e-01,2.505205802422835415e+00,1.873641942071281249e-02,-2.118590584897842799e+00,1.260430062941515494e-01,0.000000000000000000e+00,0.000000000000000000e+00,0.000000000000000000e+00,0.000000000000000000e+00,0.000000000000000000e+00,0.000000000000000000e+00,0.000000000000000000e+00
8.200000000000000344e-02,3.886759851465731302e-02,6.804571795057552386e-01,-3.395050936894689758e-02,-2.712881129994524798e+00,-2.358630751891302446e-02,3.660950010688506673e+00,-1.857386167434815216e-01,1.326803595072090225e-03,-2.674251803156530230e-02,4.640136547671767746e-03,1.117900893238744225e-01,8.360774187196049530e-04,-9.453811359425996763e-02,5.624431700839027486e-03,3.001688733141632745e-02,-6.050082722818144187e-01,1.049759410293750611e-01,2.529078552746447883e+00,1.891496357958254507e-02,-2.138779179392677143e+00,1.272441025140260695e-01,0.000000000000000000e+00,0.000000000000000000e+00,0.000000000000000000e+00,0.000000000000000000e+00,0.000000000000000000e+00,0.000000000000000000e+00,0.000000000000000000e+00
8.300000000000000433e-02,3.886894037367655264e-02,6.804301335366675918e-01,-3.394581658012711667e-02,-2.712768071407573256e+00,-2.358546195440803031e-02,3.660854399837843332e+00,-1.857329284905751277e-01,1.356961343129884159e-03,-2.735036543582496787e-02,4.745605110975475299e-03,1.143310361239202183e-01,8.550811448507409339e-04,-9.668692945685181117e-02,5.752272923784279221e-03,3.029828571794058664e-02,-6.106800246448832459e-01,1.059600557413164085e-01,2.552787827338390603e+00,1.909228510441929663e-02,-2.158829526504546958e+00,1.284369738716334697e-01,0.000000000000000000e+00,0.000000000000000000e+00,0.000000000000000000e+00,0.000000000000000000e+00,0.000000000000000000e+00,0.000000000000000000e+00,0.000000000000000000e+00
8.400000000000000522e-02,3.887031253082012805e-02,6.804024768908077947e-01,-3.394101783181597415e-02,-2.712652460046391489e+00,-2.358459729771962554e-02,3.660756630169152093e+00,-1.857271118013789912e-01,1.387399520991460357e-03,-2.796386507008467512e-02,4.852054401635077369e-03,1.168956105904347675e-01,8.742615821600415111e-04,-9.885572665258418601e-02,5.881302912183672925e-03,3.057774755493188751e-02,-6.163127446967672229e-01,1.069373978952863347e-01,2.576333937581010591e+00,1.926838632404979587e-02,-2.178741889561800704e+00,1.296216360333780349e-01,0.000000000000000000e+00,0.000000000000000000e+00,0.000000000000000000e+00,0.000000000000000000e+00,0.000000000000000000e+00,0.000000000000000000e+00,0.000000000000000000e+00
8.500000000000000611e-02,3.887171526555019407e-02,6.803742039354497839e-01,-3.393611214667023590e-02,-2.712534272364842902e+00,-2.358371337274639198e-02,3.660656681770047438e+00,-1.857211654912295784e-01,1.418116193955138707e-03,-2.858297793927782465e-02,4.959477653554966552e-03,1.194836497147599153e-01,8.936175115067140256e-04,-1.010443673290666727e-01,6.011513464674549286e-03,3.085527653809544066e-02,-6.219065069266095369e-01,1.079079804160138628e-01,2.599717194856653091e+00,1.944326956730077494e-02,-2.198516531892785508e+00,1.307981046656641333e-01,0.000000000000000000e+00,0.000000000000000000e+00,0.000000000000000000e+00,0.000000000000000000e+00,0.000000000000000000e+00,0.000000000000000000e+00,0.000000000000000000e+00
8.600000000000000699e-02,3.887314885539602805e-02,6.803453090768254441e-01,-3.393109855410630926e-02,-2.712413484979645073e+00,-2.358281000460489552e-02,3.660554534865866128e+00,-1.857150883836569955e-01,1.449109431014943862e-03,-2.920766512282692989e-02,5.067868113564266176e-03,1.220949907996198708e-01,9.131477160787921862e-04,-1.032527138972371278e-01,6.142896395560651195e-03,3.113087636313647058e-02,-6.274613858235539299e-01,1.088718162282278773e-01,2.622937910547663787e+00,1.961693716299895210e-02,-2.218153716825850719e+00,1.319663954348960500e-01,0.000000000000000000e+00,0.000000000000000000e+00,0.000000000000000000e+00,0.000000000000000000e+00,0.000000000000000000e+00,0.000000000000000000e+00,0.000000000000000000e+00
8.700000000000000788e-02,3.887461357595777683e-02,6.803157867600490016e-01,-3.392597609028730199e-02,-2.712290074670056228e+00,-2.358188701962734418e-02,3.660450169819400745e+00,-1.857088793103691682e-01,1.480377304860605895e-03,-2.983788777464367950e-02,5.177219041416827698e-03,1.247294714591211523e-01,9.328509813931363951e-04,-1.054806290313618361e-01,6.275443534812124614e-03,3.140455072576017748e-02,-6.329774558767438108e-01,1.098289182566574151e-01,2.645996396036389697e+00,1.978939143997107339e-02,-2.237653707689345239e+00,1.331265240074780976e-01,0.000000000000000000e+00,0.000000000000000000e+00,0.000000000000000000e+00,0.000000000000000000e+00,0.000000000000000000e+00,0.000000000000000000e+00,0.000000000000000000e+00
8.799999999999999489e-02,3.887610970091009976e-02,6.802856314690446382e-01,-3.392074379811011592e-02,-2.712164018377563934e+00,-2.358094424535927061e-02,3.660343567130638576e+00,-1.857025371112362155e-01,1.511917891877559645e-03,-3.047360712312887493e-02,5.287523709791228099e-03,1.273869296187526423e-01,9.527260952954341808e-04,-1.077279756690353862e-01,6.409146728065523782e-03,3.167630332167178930e-02,-6.384547915753223668e-01,1.107792994260313052e-01,2.668892962705176064e+00,1.996063472704385708e-02,-2.257016767811616642e+00,1.342785060498145888e-01,0.000000000000000000e+00,0.000000000000000000e+00,0.000000000000000000e+00,0.000000000000000000e+00,0.000000000000000000e+00,0.000000000000000000e+00,0.000000000000000000e+00
8.899999999999999578e-02,3.887763750200590868e-02,6.802548377264703294e-01,-3.391540072719249205e-02,-2.712035293205576014e+00,-2.357998151055719360e-02,3.660234707436497370e+00,-1.856960606342747955e-01,1.543729272146946883e-03,-3.111478447117249635e-02,5.398775404290780296e-03,1.300672035153855877e-01,9.727718479601998739e-04,-1.099946170111807398e-01,6.543997836623806873e-03,3.194613784657651667e-02,-6.438934674084334508e-01,1.117229726610786400e-01,2.691627921936369461e+00,2.013066935304403532e-02,-2.276243160521014275e+00,1.354223572283098642e-01,0.000000000000000000e+00,0.000000000000000000e+00,0.000000000000000000e+00,0.000000000000000000e+00,0.000000000000000000e+00,0.000000000000000000e+00,0.000000000000000000e+00
8.999999999999999667e-02,3.887919724908002472e-02,6.802234000936442371e-01,-3.390994593386011807e-02,-2.711903876419107906e+00,-2.357899864518628666e-02,3.660123571510562890e+00,-1.856894487356323675e-01,1.575809529445612416e-03,-3.176138119615363326e-02,5.510967423443520127e-03,1.327701316972736412e-01,9.929870318907735218e-04,-1.122804165220492451e-01,6.679988737456330795e-03,3.221405799617958060e-02,-6.492935578652205830e-01,1.126599508865282623e-01,2.714201585112315573e+00,2.029949764679834026e-02,-2.295333149145886154e+00,1.365580932093682642e-01,0.000000000000000000e+00,0.000000000000000000e+00,0.000000000000000000e+00,0.000000000000000000e+00,0.000000000000000000e+00,0.000000000000000000e+00,0.000000000000000000e+00
9.099999999999999756e-02,3.888078921005292538e-02,6.801913131704692139e-01,-3.390437848113371511e-02,-2.711769745444470026e+00,-2.357799548041807081e-02,3.660010140262824230e+00,-1.856827002795717330e-01,1.608156751246107331e-03,-3.241335874994054345e-02,5.624093078702215032e-03,1.354955530240526118e-01,1.013370441919323600e-03,-1.145852379292204709e-01,6.817111323198865071e-03,3.248006746618619517e-02,-6.546551374348270613e-01,1.135902470271092229e-01,2.736614263615360976e+00,2.046712193713350059e-02,-2.314286997014580738e+00,1.376857296593940461e-01,0.000000000000000000e+00,0.000000000000000000e+00,0.000000000000000000e+00,0.000000000000000000e+00,0.000000000000000000e+00,0.000000000000000000e+00,0.000000000000000000e+00
9.199999999999999845e-02,3.888241365093438040e-02,6.801585715953599731e-01,-3.389869743871603419e-02,-2.711632877868958236e+00,-2.357697184862805537e-02,3.659894394739411361e+00,-1.856758141384550753e-01,1.640769028716687486e-03,-3.307067865889060793e-02,5.738145694444357972e-03,1.382433066667408395e-01,1.033920875206843218e-03,-1.169089452236024562e-01,6.955357502153575351e-03,3.274416995230156752e-02,-6.599782806063962948e-01,1.145138740075503786e-01,2.758866268827851354e+00,2.063354455287624151e-02,-2.333104967455446932e+00,1.388052822447916335e-01,0.000000000000000000e+00,0.000000000000000000e+00,0.000000000000000000e+00,0.000000000000000000e+00,0.000000000000000000e+00,0.000000000000000000e+00,0.000000000000000000e+00
9.299999999999999933e-02,3.888407083582716417e-02,6.801251700451670379e-01,-3.389290188297904016e-02,-2.711493251440540764e+00,-2.357592758339343425e-02,3.659776316122332673e+00,-1.856687891927285561e-01,1.673644456721315021e-03,-3.373330252385037253e-02,5.853118607972178714e-03,1.410132321077389173e-01,1.054637131243154127e-03,-1.192514026594315435e-01,7.094719198289041635e-03,3.300636915023091866e-02,-6.652630618690719144e-01,1.154308447525807246e-01,2.780957912132132392e+00,2.079876782285329517e-02,-2.351787323796833196e+00,1.399167666319652004e-01,0.000000000000000000e+00,0.000000000000000000e+00,0.000000000000000000e+00,0.000000000000000000e+00,0.000000000000000000e+00,0.000000000000000000e+00,0.000000000000000000e+00
9.400000000000000022e-02,3.888576102693080960e-02,6.800911032351028007e-01,-3.388699089695089428e-02,-2.711350844067549115e+00,-2.357486251949073713e-02,3.659655885729209857e+00,-1.856616243309064385e-01,1.706781133819656191e-03,-3.440119202015550631e-02,5.969005169512625608e-03,1.438051691408298027e-01,1.075518011846903583e-03,-1.216124747542724066e-01,7.235188351240234850e-03,3.326666875567946963e-02,-6.705095557119975513e-01,1.163411721869292426e-01,2.802889504910551111e+00,2.096279407589139721e-02,-2.370334329367087545e+00,1.410201984873191705e-01,0.000000000000000000e+00,0.000000000000000000e+00,0.000000000000000000e+00,0.000000000000000000e+00,0.000000000000000000e+00,0.000000000000000000e+00,0.000000000000000000e+00
9.500000000000000111e-02,3.888748448454521639e-02,6.800563659186671384e-01,-3.388096357030310340e-02,-2.711205633818363214e+00,-2.357377649289352922e-02,3.659533085013014109e+00,-1.856543184495555443e-01,1.740177162267082236e-03,-3.507430889763082232e-02,6.085798742217385544e-03,1.466189578711788455e-01,1.096562321165565857e-03,-1.239920262890181341e-01,7.376756916308540267e-03,3.352507246435242755e-02,-6.757178366243162815e-01,1.172448692353248306e-01,2.824661358545451861e+00,2.112562564081726935e-02,-2.388746247494559327e+00,1.421155934772578289e-01,0.000000000000000000e+00,0.000000000000000000e+00,0.000000000000000000e+00,0.000000000000000000e+00,0.000000000000000000e+00,0.000000000000000000e+00,0.000000000000000000e+00
9.600000000000000200e-02,3.888924146707439800e-02,6.800209528875731380e-01,-3.387481899933752344e-02,-2.711057598921105427e+00,-2.357266934077003467e-02,3.659407895561805901e+00,-1.856468704532795999e-01,1.773830648014670681e-03,-3.575261498059031234e-02,6.203492702162868334e-03,1.494544387153336762e-01,1.117768865675442891e-03,-1.263899223078900624e-01,7.519416864461747098e-03,3.378158397195500651e-02,-6.808879790951718469e-01,1.181419488224964842e-01,2.846273784419182551e+00,2.128726484645764028e-02,-2.407023341507596559e+00,1.432029672681854604e-01,0.000000000000000000e+00,0.000000000000000000e+00,0.000000000000000000e+00,0.000000000000000000e+00,0.000000000000000000e+00,0.000000000000000000e+00,0.000000000000000000e+00
9.700000000000000289e-02,3.889103223103018009e-02,6.799848589716720459e-01,-3.386855628697350157e-02,-2.710906717763322593e+00,-2.357154090148086759e-02,3.659280299098470302e+00,-1.856392792547035264e-01,1.807739700709204032e-03,-3.643607216783707053e-02,6.322080438350214521e-03,1.523114524012242899e-01,1.139136454181661909e-03,-1.288060281184379430e-01,7.663160182334043287e-03,3.403620697419243446e-02,-6.860200576137077677e-01,1.190324238731731155e-01,2.867727093914087977e+00,2.144771402163924215e-02,-2.425165874734547256e+00,1.442823355265064333e-01,0.000000000000000000e+00,0.000000000000000000e+00,0.000000000000000000e+00,0.000000000000000000e+00,0.000000000000000000e+00,0.000000000000000000e+00,0.000000000000000000e+00
9.800000000000000377e-02,3.889285703103587816e-02,6.799480790388791052e-01,-3.386217454273490746e-02,-2.710752968891679160e+00,-2.357039101457665542e-02,3.659150277480450963e+00,-1.856315437744577579e-01,1.841902433693169130e-03,-3.712464243266334202e-02,6.441555352705292774e-03,1.551898399681630458e-01,1.160663897818177588e-03,-1.312402092915398999e-01,7.807978872226025921e-03,3.428894516676991161e-02,-6.911141466690673418e-01,1.199163073120837614e-01,2.889021598412514269e+00,2.160697549518880364e-02,-2.443174110503760321e+00,1.453537139186250604e-01,0.000000000000000000e+00,0.000000000000000000e+00,0.000000000000000000e+00,0.000000000000000000e+00,0.000000000000000000e+00,0.000000000000000000e+00,0.000000000000000000e+00
9.900000000000000466e-02,3.889471611982996818e-02,6.799106079950991699e-01,-3.385567288273723385e-02,-2.710596331011645432e+00,-2.356921952079573182e-02,3.659017812699491223e+00,-1.856236629411626149e-01,1.876316964004758666e-03,-3.781828782285052287e-02,6.561910860078702494e-03,1.580894427668446123e-01,1.182350010047771190e-03,-1.336923316614023471e-01,7.953864952104695157e-03,3.453980224539266591e-02,-6.961703207503942004e-01,1.207936120639572786e-01,2.910157609296808445e+00,2.176505159593306038e-02,-2.461048312143584660e+00,1.464171181109456543e-01,0.000000000000000000e+00,0.000000000000000000e+00,0.000000000000000000e+00,0.000000000000000000e+00,0.000000000000000000e+00,0.000000000000000000e+00,0.000000000000000000e+00
1.000000000000000056e-01,3.889660974826986833e-02,6.798724407841516548e-01,-3.384905042967463473e-02,-2.710436782987184490e+00,-2.356802626206178780e-02,3.658882886881366758e+00,-1.856156356914125116e-01,1.910981412377871398e-03,-3.851697046066916708e-02,6.683140388245771210e-03,1.610101024593460495e-01,1.204193606662050777e-03,-1.361622613255600855e-01,8.100810455603454224e-03,3.478878190576591145e-02,-7.011886543468317523e-01,1.216643510535226486e-01,2.931135437949315747e+00,2.192194465269873063e-02,-2.478788742982368287e+00,1.474725637698725278e-01,0.000000000000000000e+00,0.000000000000000000e+00,0.000000000000000000e+00,0.000000000000000000e+00,0.000000000000000000e+00,0.000000000000000000e+00,0.000000000000000000e+00
1.010000000000000064e-01,3.889853816533551945e-02,6.798335723876970382e-01,-3.384230631280705365e-02,-2.710274303840440879e+00,-2.356681108148159232e-02,3.658745482285624906e+00,-1.856074609697606070e-01,1.945893903242109551e-03,-3.922065254287894487e-02,6.805237377906555446e-03,1.639516610191267820e-01,1.226193505781451431e-03,-1.386498646448762195e-01,8.248807432022109420e-03,3.503588784359485536e-02,-7.061692219475237398e-01,1.225285372055088529e-01,2.951955395752381861e+00,2.207765699431255696e-02,-2.496395666348459663e+00,1.485200665618100213e-01,0.000000000000000000e+00,0.000000000000000000e+00,0.000000000000000000e+00,0.000000000000000000e+00,0.000000000000000000e+00,0.000000000000000000e+00,0.000000000000000000e+00
1.020000000000000073e-01,3.890050161813318058e-02,6.797939978251615889e-01,-3.383543966794725494e-02,-2.710108872751432418e+00,-2.356557382334260181e-02,3.658605581305319987e+00,-1.855991377287027067e-01,1.981052564722781198e-03,-3.992929634072868439e-02,6.928195282685839854e-03,1.669139607310284601e-01,1.248348527855234168e-03,-1.411550082435422127e-01,8.397847946326877921e-03,3.528112375458472560e-02,-7.111120980416132387e-01,1.233861834446448175e-01,2.972617794088353804e+00,2.223219094960125763e-02,-2.513869345570208136e+00,1.495596421531623921e-01,0.000000000000000000e+00,0.000000000000000000e+00,0.000000000000000000e+00,0.000000000000000000e+00,0.000000000000000000e+00,0.000000000000000000e+00,0.000000000000000000e+00
1.030000000000000082e-01,3.890250035189906502e-02,6.797537121536626481e-01,-3.382844963744793820e-02,-2.709940469057733115e+00,-2.356431433311066345e-02,3.658463166466752181e+00,-1.855906649286619414e-01,2.016455528640900916e-03,-4.064286419995635086e-02,7.052007569133137213e-03,1.698968441912752370e-01,1.270657495661487888e-03,-1.436775590090779708e-01,8.547924079150372167e-03,3.552449333444072932e-02,-7.160173571182438801e-01,1.242373026956595100e-01,2.993122944339577263e+00,2.238554884739156481e-02,-2.531210043975961277e+00,1.505913062103340361e-01,0.000000000000000000e+00,0.000000000000000000e+00,0.000000000000000000e+00,0.000000000000000000e+00,0.000000000000000000e+00,0.000000000000000000e+00,0.000000000000000000e+00
1.040000000000000091e-01,3.890453461000307339e-02,6.797127104679352438e-01,-3.382133537018875563e-02,-2.709769072254168076e+00,-2.356303245742769406e-02,3.658318220429198853e+00,-1.855820415379729749e-01,2.052100930513186747e-03,-4.136131854078906739e-02,7.176667716722695371e-03,1.729001543074734915e-01,1.293119234307126995e-03,-1.462173840923315926e-01,8.699027926791620680e-03,3.576600027886807365e-02,-7.208850736665591841e-01,1.250819078832818843e-01,3.013471157888397478e+00,2.253773301651021063e-02,-2.548418024894067990e+00,1.516150743997292105e-01,0.000000000000000000e+00,0.000000000000000000e+00,0.000000000000000000e+00,0.000000000000000000e+00,0.000000000000000000e+00,0.000000000000000000e+00,0.000000000000000000e+00
1.049999999999999961e-01,3.890660463395244351e-02,6.796709879002564847e-01,-3.381409602156345423e-02,-2.709594661992496434e+00,-2.356172804410932090e-02,3.658170725984659644e+00,-1.855732665328662656e-01,2.087986909552061714e-03,-4.208462185794306643e-02,7.302169217853479027e-03,1.759237342986119390e-01,1.315732571227892908e-03,-1.487743509074796189e-01,8.851151601216040304e-03,3.600564828357200042e-02,-7.257153221757025596e-01,1.259200119322408662e-01,3.033662746117161024e+00,2.268874578578392726e-02,-2.565493551652876292e+00,1.526309623877522281e-01,0.000000000000000000e+00,0.000000000000000000e+00,0.000000000000000000e+00,0.000000000000000000e+00,0.000000000000000000e+00,0.000000000000000000e+00,0.000000000000000000e+00
1.059999999999999970e-01,3.890871066339549739e-02,6.796285396203716189e-01,-3.380673075346690010e-02,-2.709417218081105361e+00,-2.356040094214258140e-02,3.658020666057583803e+00,-1.855643388974525798e-01,2.124111608665657513e-03,-4.281273672062378688e-02,7.428505577849196621e-03,1.789674276950618537e-01,1.338496336188355149e-03,-1.513483271320270052e-01,9.004287230055467439e-03,3.624344104425769597e-02,-7.305081771348177488e-01,1.267516277672654235e-01,3.053698020408214919e+00,2.283858948403943642e-02,-2.582436887580734641e+00,1.536389858408074571e-01,0.000000000000000000e+00,0.000000000000000000e+00,0.000000000000000000e+00,0.000000000000000000e+00,0.000000000000000000e+00,0.000000000000000000e+00,0.000000000000000000e+00
1.069999999999999979e-01,3.891085293612529805e-02,6.795853608354195385e-01,-3.379923873428219289e-02,-2.709236720484694327e+00,-2.355905100168358829e-02,3.657868023704614835e+00,-1.855552576237070872e-01,2.160473174457806702e-03,-4.354562577252574923e-02,7.555670314958275180e-03,1.820310783385766240e-01,1.361409361281907876e-03,-1.539391807068068996e-01,9.158426956608133745e-03,3.647938225663039519e-02,-7.352637130330479387e-01,1.275767683130845376e-01,3.073577292143903961e+00,2.298726644010347028e-02,-2.599248296005992831e+00,1.546391604252992380e-01,0.000000000000000000e+00,0.000000000000000000e+00,0.000000000000000000e+00,0.000000000000000000e+00,0.000000000000000000e+00,0.000000000000000000e+00,0.000000000000000000e+00
1.079999999999999988e-01,3.891303168808336183e-02,6.795414467898582833e-01,-3.379161913886770396e-02,-2.709053149323964682e+00,-2.355767807405519457e-02,3.657712782114321381e+00,-1.855460217114539845e-01,2.197069757228049206e-03,-4.428325173183263880e-02,7.683656960353873328e-03,1.851145303822919752e-01,1.384470480930773779e-03,-1.565467798359808649e-01,9.313562939838680027e-03,3.671347561639529827e-02,-7.399820043595366492e-01,1.283954464944271345e-01,3.093300872706573390e+00,2.313477898280276446e-02,-2.615928040256997988e+00,1.556315018076318279e-01,0.000000000000000000e+00,0.000000000000000000e+00,0.000000000000000000e+00,0.000000000000000000e+00,0.000000000000000000e+00,0.000000000000000000e+00,0.000000000000000000e+00
1.089999999999999997e-01,3.891524715336336371e-02,6.794967927653901008e-01,-3.378387114854417006e-02,-2.708866484875311453e+00,-2.355628201174465169e-02,3.657554924606938762e+00,-1.855366301683504804e-01,2.233899510971629719e-03,-4.502557739121728492e-02,7.812459058133879551e-03,1.882176282907262188e-01,1.407678531886000619e-03,-1.591709929870389340e-01,9.469687354378145822e-03,3.694572481925764013e-02,-7.446631256034276225e-01,1.292076752360221681e-01,3.112869073478572002e+00,2.328112944096404416e-02,-2.632476383662099906e+00,1.566160256542095675e-01,0.000000000000000000e+00,0.000000000000000000e+00,0.000000000000000000e+00,0.000000000000000000e+00,0.000000000000000000e+00,0.000000000000000000e+00,0.000000000000000000e+00
1.100000000000000006e-01,3.891749956421481499e-02,6.794513940808876162e-01,-3.377599395108177305e-02,-2.708676707570506714e+00,-2.355486266840131626e-02,3.657394434634099856e+00,-1.855270820098715301e-01,2.270960593379498568e-03,-4.577256561784167482e-02,7.942070165320912201e-03,1.913402168397797254e-01,1.431032353227464906e-03,-1.618116888907992490e-01,9.626792390523983278e-03,3.717613356092262095e-02,-7.493071512538639345e-01,1.300134674625985642e-01,3.132282205842244149e+00,2.342632014341403460e-02,-2.648893589549644823e+00,1.575927476314367137e-01,0.000000000000000000e+00,0.000000000000000000e+00,0.000000000000000000e+00,0.000000000000000000e+00,0.000000000000000000e+00,0.000000000000000000e+00,0.000000000000000000e+00
1.110000000000000014e-01,3.891978915104676862e-02,6.794052460923188930e-01,-3.376798674068721973e-02,-2.708483797996393161e+00,-2.355341989883429077e-02,3.657231295778577529e+00,-1.855173762592937647e-01,2.308251165838310845e-03,-4.652417935335691895e-02,8.072483851862315152e-03,1.944821411167353686e-01,1.454530786363867571e-03,-1.644687365414085056e-01,9.784870254240038076e-03,3.740470553709546175e-02,-7.539141557999894383e-01,1.308128360988853878e-01,3.151540581179934630e+00,2.357035341897947139e-02,-2.665179921247983863e+00,1.585616834057176905e-01,0.000000000000000000e+00,0.000000000000000000e+00,0.000000000000000000e+00,0.000000000000000000e+00,0.000000000000000000e+00,0.000000000000000000e+00,0.000000000000000000e+00
1.120000000000000023e-01,3.892211614243149681e-02,6.793583441926733801e-01,-3.375984871799078690e-02,-2.708287736894567921e+00,-2.355195355901010604e-02,3.657065491754018627e+00,-1.855075119476801426e-01,2.345769393430427278e-03,-4.728038161390327176e-02,8.203693700630161276e-03,1.976432465202584143e-01,1.478172675032738076e-03,-1.671420051963416475e-01,9.943913167156571975e-03,3.763144444348137663e-02,-7.584842137309475429e-01,1.316057940696114259e-01,3.170644510873992239e+00,2.371323159648707629e-02,-2.681335642085464599e+00,1.595228486434567827e-01,0.000000000000000000e+00,0.000000000000000000e+00,0.000000000000000000e+00,0.000000000000000000e+00,0.000000000000000000e+00,0.000000000000000000e+00,0.000000000000000000e+00
1.130000000000000032e-01,3.892448076510821725e-02,6.793106838118868618e-01,-3.375157909003342893e-02,-2.708088505161077020e+00,-2.355046350605038627e-02,3.656897006404679740e+00,-1.854974881138641007e-01,2.383513444933913362e-03,-4.804113549011014561e-02,8.335693307421260245e-03,2.008233787603962706e-01,1.501956865300431388e-03,-1.698313643764019221e-01,1.010391336657024026e-02,3.785635397578558659e-02,-7.630173995358815464e-01,1.323923542995057434e-01,3.189594306306761329e+00,2.385495700476358491e-02,-2.697361015390435046e+00,1.604762590110582476e-01,0.000000000000000000e+00,0.000000000000000000e+00,0.000000000000000000e+00,0.000000000000000000e+00,0.000000000000000000e+00,0.000000000000000000e+00,0.000000000000000000e+00
1.140000000000000041e-01,3.892688324398678457e-02,6.792622604167669609e-01,-3.374317707025383667e-02,-2.707886083846098302e+00,-2.354894959822953493e-02,3.656725823705165634e+00,-1.854873038044340117e-01,2.421481492822539355e-03,-4.880640414709606911e-02,8.468476280957140320e-03,2.040223838585789040e-01,1.525882205562130141e-03,-1.725366838657211022e-01,1.026486310544410911e-02,3.807943782971330571e-02,-7.675137877039350798e-01,1.331725297132972941e-01,3.208390278860587141e+00,2.399553197263573287e-02,-2.713256304491243665e+00,1.614219301749264812e-01,0.000000000000000000e+00,0.000000000000000000e+00,0.000000000000000000e+00,0.000000000000000000e+00,0.000000000000000000e+00,0.000000000000000000e+00,0.000000000000000000e+00
1.150000000000000050e-01,3.892932380215134713e-02,6.792130695109198646e-01,-3.373464187847552420e-02,-2.707680454153633232e+00,-2.354741169497238246e-02,3.656551927760165466e+00,-1.854769580737173906e-01,2.459671713265782888e-03,-4.957615082446876348e-02,8.602036242884063960e-03,2.072401081476185625e-01,1.549947546541843553e-03,-1.752578337117591256e-01,1.042675465240765036e-02,3.830069970096974113e-02,-7.719734527242514410e-01,1.339463332357149483e-01,3.227032739917817583e+00,2.413495882893024191e-02,-2.729021772716239802e+00,1.623598778014657962e-01,0.000000000000000000e+00,0.000000000000000000e+00,0.000000000000000000e+00,0.000000000000000000e+00,0.000000000000000000e+00,0.000000000000000000e+00,0.000000000000000000e+00
1.160000000000000059e-01,3.893180266086408020e-02,6.791631066346741630e-01,-3.372597274089389474e-02,-2.707471597441194699e+00,-2.354584965685188602e-02,3.656375302804188987e+00,-1.854664499837652414e-01,2.498082286128823753e-03,-5.035033883632504537e-02,8.736366827773020885e-03,2.104763982717097748e-01,1.574151741292407211e-03,-1.779946842253044281e-01,1.058958029175673284e-02,3.852014328526011389e-02,-7.763964690859743722e-01,1.347137777914877710e-01,3.245522000860797895e+00,2.427323990247383725e-02,-2.744657683393771919e+00,1.632901175570804497e-01,0.000000000000000000e+00,0.000000000000000000e+00,0.000000000000000000e+00,0.000000000000000000e+00,0.000000000000000000e+00,0.000000000000000000e+00,0.000000000000000000e+00
1.170000000000000068e-01,3.893432003956888432e-02,6.791123673650070192e-01,-3.371716889006329959e-02,-2.707259495219496159e+00,-2.354426334558677031e-02,3.656195933201303649e+00,-1.854557786043365963e-01,2.536711394972549112e-03,-5.112893157125089627e-02,8.871461683119733280e-03,2.137311011864295174e-01,1.598493645195483504e-03,-1.807471059804736380e-01,1.075333232345363800e-02,3.873777227828963110e-02,-7.807829112782471714e-01,1.354748763053446325e-01,3.263858373071872876e+00,2.441037752209325798e-02,-2.760164299852187142e+00,1.642126651081748101e-01,0.000000000000000000e+00,0.000000000000000000e+00,0.000000000000000000e+00,0.000000000000000000e+00,0.000000000000000000e+00,0.000000000000000000e+00,0.000000000000000000e+00
1.180000000000000077e-01,3.893687615589506296e-02,6.790608473154704505e-01,-3.370822956488417343e-02,-2.707044129152139433e+00,-2.354265262403923073e-02,3.656013803444871257e+00,-1.854449430128825294e-01,2.575557227053551761e-03,-5.191189249232144171e-02,9.007314469344647120e-03,2.170040641587370756e-01,1.622972115961560970e-03,-1.835149698147118813e-01,1.091800306312704603e-02,3.895359037576353461e-02,-7.851328537902133586e-01,1.362296417020145145e-01,3.282042167933391319e+00,2.454637401661522930e-02,-2.775541885419834820e+00,1.651275361211531623e-01,0.000000000000000000e+00,0.000000000000000000e+00,0.000000000000000000e+00,0.000000000000000000e+00,0.000000000000000000e+00,0.000000000000000000e+00,0.000000000000000000e+00
1.190000000000000085e-01,3.893947122566102093e-02,6.790085421361153895e-01,-3.369915401059001697e-02,-2.706825481055303406e+00,-2.354101735621257421e-02,3.655828898157283735e+00,-1.854339422945307791e-01,2.614617973324126227e-03,-5.269918513710093733e-02,9.143918859792944318e-03,2.202951347669739601e-01,1.647586013629956901e-03,-1.862981468287925324e-01,1.108358484207204106e-02,3.916760127338701075e-02,-7.894463711110166759e-01,1.369780869062263706e-01,3.300073696827697578e+00,2.468123171486646950e-02,-2.790790703425064301e+00,1.660347462624198744e-01,0.000000000000000000e+00,0.000000000000000000e+00,0.000000000000000000e+00,0.000000000000000000e+00,0.000000000000000000e+00,0.000000000000000000e+00,0.000000000000000000e+00
1.199999999999999956e-01,3.894210546287794894e-02,6.789554475134185196e-01,-3.368994147873456690e-02,-2.706603532897433606e+00,-2.353935740724890854e-02,3.655641202089702446e+00,-1.854227755420698176e-01,2.653891828432276574e-03,-5.349077311764279669e-02,9.281268540734525369e-03,2.236041609008641295e-01,1.672334200568812573e-03,-1.890965083868172969e-01,1.125007000725011287e-02,3.937980866686528747e-02,-7.937235377297999772e-01,1.377202248427091269e-01,3.317953271137136895e+00,2.481495294567373153e-02,-2.805911017196222712e+00,1.669343111983792038e-01,0.000000000000000000e+00,0.000000000000000000e+00,0.000000000000000000e+00,0.000000000000000000e+00,0.000000000000000000e+00,0.000000000000000000e+00,0.000000000000000000e+00
1.209999999999999964e-01,3.894477907975357062e-02,6.789015591702068919e-01,-3.368059122717879245e-02,-2.706378266798929566e+00,-2.353767264342681090e-02,3.655450700121789076e+00,-1.854114418559334732e-01,2.693376990721710329e-03,-5.428662012048957736e-02,9.419357211364028440e-03,2.269309907615139899e-01,1.697215541475098231e-03,-1.919099261162163783e-01,1.141745092128916388e-02,3.959021625190357885e-02,-7.979644281357074487e-01,1.384560684361917648e-01,3.335681202244056287e+00,2.494754003786372673e-02,-2.820903090061658958e+00,1.678262465954355187e-01,0.000000000000000000e+00,0.000000000000000000e+00,0.000000000000000000e+00,0.000000000000000000e+00,0.000000000000000000e+00,0.000000000000000000e+00,0.000000000000000000e+00
1.219999999999999973e-01,3.894749228669576457e-02,6.788468728655838724e-01,-3.367110252007804450e-02,-2.706149665031834406e+00,-2.353596293215898597e-02,3.655257377261452056e+00,-1.853999403441850269e-01,2.733071662231838922e-03,-5.508668990667295318e-02,9.558178583800817224e-03,2.302754728614121726e-01,1.722228903374609620e-03,-1.947382719077481450e-01,1.158571996248348307e-02,3.979882772420711284e-02,-8.021691168178823883e-01,1.391856306114032660e-01,3.353257801530802773e+00,2.507899532026318726e-02,-2.835767185349722386e+00,1.687105681199931317e-01,0.000000000000000000e+00,0.000000000000000000e+00,0.000000000000000000e+00,0.000000000000000000e+00,0.000000000000000000e+00,0.000000000000000000e+00,0.000000000000000000e+00
1.229999999999999982e-01,3.895024529231631144e-02,6.787913843948546466e-01,-3.366147462786905215e-02,-2.705917710019522637e+00,-2.353422814198996918e-02,3.655061218644571674e+00,-1.853882701225016416e-01,2.772974048697780716e-03,-5.589094631171381139e-02,9.697726383088987878e-03,2.336374560244296739e-01,1.747373155621970153e-03,-1.975814179154994632e-01,1.175486952479378421e-02,4.000564677948107578e-02,-8.063376782654678721e-01,1.399089242930725008e-01,3.370683380379720706e+00,2.520932112169884873e-02,-2.850503566388761012e+00,1.695872914384563279e-01,0.000000000000000000e+00,0.000000000000000000e+00,0.000000000000000000e+00,0.000000000000000000e+00,0.000000000000000000e+00,0.000000000000000000e+00,0.000000000000000000e+00
1.239999999999999991e-01,3.895303830343457147e-02,6.787350895894516123e-01,-3.365170682725707185e-02,-2.705682384336389301e+00,-2.353246814259376055e-02,3.654862209534745610e+00,-1.853764303141587078e-01,2.813082359550359273e-03,-5.669935324562207918e-02,9.837994347197358616e-03,2.370167893858197705e-01,1.772647169900628747e-03,-2.004392365568854750e-01,1.192489201784716589e-02,4.021067711343070950e-02,-8.104701869676076420e-01,1.406259624059285063e-01,3.387958250173156216e+00,2.533851977099744329e-02,-2.865112496507123296e+00,1.704564322172294200e-01,0.000000000000000000e+00,0.000000000000000000e+00,0.000000000000000000e+00,0.000000000000000000e+00,0.000000000000000000e+00,0.000000000000000000e+00,0.000000000000000000e+00
1.250000000000000000e-01,3.895587152508121070e-02,6.786779843168597726e-01,-3.364179840120289783e-02,-2.705443670707539106e+00,-2.353068280477151053e-02,3.654660335323022480e+00,-1.853644200500141059e-01,2.853394807916102924e-03,-5.751187469289692489e-02,9.978976227019481851e-03,2.404133223922182705e-01,1.798049820222861550e-03,-2.033116005126495984e-01,1.209577986693714802e-02,4.041392242176122113e-02,-8.145667174134453292e-01,1.413367578747002085e-01,3.405082722293456765e+00,2.546659359698569269e-02,-2.879594239033156811e+00,1.713180061227167761e-01,0.000000000000000000e+00,0.000000000000000000e+00,0.000000000000000000e+00,0.000000000000000000e+00,0.000000000000000000e+00,0.000000000000000000e+00,0.000000000000000000e+00
1.260000000000000009e-01,3.895874516050181618e-02,6.786200644805425730e-01,-3.363174863890999733e-02,-2.705201552008474231e+00,-2.352887200044920940e-02,3.654455581527637165e+00,-1.853522384684926361e-01,2.893909610617244332e-03,-5.832847471252659149e-02,1.012066578637363899e-02,2.438269048016430962e-01,1.823579982929772383e-03,-2.061983827268638048e-01,1.226752551302364228e-02,4.061538640017781782e-02,-8.186273440921243427e-01,1.420413236241165056e-01,3.422057108122968039e+00,2.559354492849032908e-02,-2.893949057295211347e+00,1.721720288213227090e-01,0.000000000000000000e+00,0.000000000000000000e+00,0.000000000000000000e+00,0.000000000000000000e+00,0.000000000000000000e+00,0.000000000000000000e+00,0.000000000000000000e+00
1.270000000000000018e-01,3.896165941116068454e-02,6.785613260198669616e-01,-3.362155683581154186e-02,-2.704956011264781690e+00,-2.352703560267532454e-02,3.654247933793749681e+00,-1.853398847155703633e-01,2.934624988171722661e-03,-5.914911743798850069e-02,1.026305680200284218e-02,2.472573866834947565e-01,1.849236536691289913e-03,-2.090994564069281747e-01,1.244012141273296949e-02,4.081507274438574140e-02,-8.226521414927880915e-01,1.427396725789064347e-01,3.438881719044033947e+00,2.571937609433807767e-02,-2.908177214621634477e+00,1.730185159794515037e-01,0.000000000000000000e+00,0.000000000000000000e+00,0.000000000000000000e+00,0.000000000000000000e+00,0.000000000000000000e+00,0.000000000000000000e+00,0.000000000000000000e+00
1.280000000000000027e-01,3.896461447674447187e-02,6.785017649100294479e-01,-3.361122229355748697e-02,-2.704707031651826021e+00,-2.352517348561850019e-02,3.654037377893180505e+00,-1.853273579447587416e-01,2.975539164793180539e-03,-5.997376707724921124e-02,1.040614306357481866e-02,2.507046184185557913e-01,1.875018362506171345e-03,-2.120146950235712868e-01,1.261356003835785271e-02,4.101298515009017820e-02,-8.266411841045800957e-01,1.434318176637989217e-01,3.455556866439003283e+00,2.584408942335567408e-02,-2.922278974340776436e+00,1.738574832635074729e-01,0.000000000000000000e+00,0.000000000000000000e+00,0.000000000000000000e+00,0.000000000000000000e+00,0.000000000000000000e+00,0.000000000000000000e+00,0.000000000000000000e+00
1.290000000000000036e-01,3.896761055516588523e-02,6.784413771619811628e-01,-3.360074432000168670e-02,-2.704454596494433538e+00,-2.352328552456521213e-02,3.653823899724148561e+00,-1.853146573170891820e-01,3.016650368390969266e-03,-6.080238791276441901e-02,1.054991837368204899e-02,2.541684506989914660e-01,1.900924343702000037e-03,-2.149439723108500788e-01,1.278783387785742583e-02,4.120912731299635617e-02,-8.305945464166439862e-01,1.441177718035228927e-01,3.472082861690220845e+00,2.596768724436983658e-02,-2.936254599780983465e+00,1.746889463398950126e-01,0.000000000000000000e+00,0.000000000000000000e+00,0.000000000000000000e+00,0.000000000000000000e+00,0.000000000000000000e+00,0.000000000000000000e+00,0.000000000000000000e+00
1.300000000000000044e-01,3.897064784256740883e-02,6.783801588223535850e-01,-3.359012222918891094e-02,-2.704198689266581912e+00,-2.352137159591744311e-02,3.653607485311005654e+00,-1.853017820010973704e-01,3.057956830570143173e-03,-6.163494430147897774e-02,1.069437654784172187e-02,2.576487345283491881e-01,1.926953365935185711e-03,-2.178871622661497087e-01,1.296293543485722323e-02,4.140350292880948246e-02,-8.345123029181228391e-01,1.447975479228072737e-01,3.488460016180031875e+00,2.609017188620731120e-02,-2.950104354270605356e+00,1.755129208750183245e-01,0.000000000000000000e+00,0.000000000000000000e+00,0.000000000000000000e+00,0.000000000000000000e+00,0.000000000000000000e+00,0.000000000000000000e+00,0.000000000000000000e+00
1.310000000000000053e-01,3.897372653332494691e-02,6.783181059733842666e-01,-3.357935534134198069e-02,-2.703939293591092419e+00,-2.351943157719035837e-02,3.653388120803975792e+00,-1.852887311728073638e-01,3.099456786631460056e-03,-6.247140067482685744e-02,1.083951141449576022e-02,2.611453212215585351e-01,1.953104317190965328e-03,-2.208441391501839157e-01,1.313885722864917803e-02,4.159611569323478503e-02,-8.383945280981603965e-01,1.454711589463811017e-01,3.504688641290783835e+00,2.621154567769481622e-02,-2.963828501137990123e+00,1.763294225352817490e-01,0.000000000000000000e+00,0.000000000000000000e+00,0.000000000000000000e+00,0.000000000000000000e+00,0.000000000000000000e+00,0.000000000000000000e+00,0.000000000000000000e+00
1.320000000000000062e-01,3.897684682005159162e-02,6.782552147328413383e-01,-3.356844298284877848e-02,-2.703676393239311970e+00,-2.351746534700997412e-02,3.653165792478890950e+00,-1.852755040157163247e-01,3.141148475571384647e-03,-6.331172153873119990e-02,1.098531681501082290e-02,2.646580624049318375e-01,1.979376087783400913e-03,-2.238147774869944373e-01,1.331559179419163422e-02,4.178696930197747794e-02,-8.422412964459001783e-01,1.461386177989732749e-01,3.520769048404822854e+00,2.633181094765908725e-02,-2.977427303711486672e+00,1.771384669870897099e-01,0.000000000000000000e+00,0.000000000000000000e+00,0.000000000000000000e+00,0.000000000000000000e+00,0.000000000000000000e+00,0.000000000000000000e+00,0.000000000000000000e+00
1.330000000000000071e-01,3.898000889360123816e-02,6.781914812539506787e-01,-3.355738448624939058e-02,-2.703409972130809802e+00,-2.351547278511082265e-02,3.652940486736925063e+00,-1.852620997207783948e-01,3.183030140082089045e-03,-6.415587147360427012e-02,1.113178660367829080e-02,2.681868100161634572e-01,2.005767570355384329e-03,-2.267989520639516754e-01,1.349313168210934145e-02,4.197606745074277529e-02,-8.460526824504855936e-01,1.467999374053127748e-01,3.536701548904493286e+00,2.645097002492685298e-02,-2.990901025319443463e+00,1.779400698968464922e-01,0.000000000000000000e+00,0.000000000000000000e+00,0.000000000000000000e+00,0.000000000000000000e+00,0.000000000000000000e+00,0.000000000000000000e+00,0.000000000000000000e+00
1.340000000000000080e-01,3.898321294307236645e-02,6.781269017253196418e-01,-3.354617919022310352e-02,-2.703140014333058172e+00,-2.351345377233363815e-02,3.652712190104335566e+00,-1.852485174863893747e-01,3.225100026551446647e-03,-6.500381513434749792e-02,1.127891464771427384e-02,2.717314163043301201e-01,2.032277659878631640e-03,-2.297965379317542800e-01,1.367146945869344814e-02,4.216341383523588421e-02,-8.498287606010601625e-01,1.474551306901285552e-01,3.552486454172142594e+00,2.656902523832483862e-02,-3.004249929290209398e+00,1.787342469309562976e-01,0.000000000000000000e+00,0.000000000000000000e+00,0.000000000000000000e+00,0.000000000000000000e+00,0.000000000000000000e+00,0.000000000000000000e+00,0.000000000000000000e+00
1.350000000000000089e-01,3.898645915581164939e-02,6.780614723708643377e-01,-3.353482643957559489e-02,-2.702866504061125497e+00,-2.351140819062301143e-02,3.652480889232196493e+00,-1.852347565183709577e-01,3.267356385063038653e-03,-6.585551725035143633e-02,1.142669482725961437e-02,2.752917338298911387e-01,2.058905253653685926e-03,-2.328074104044291492e-01,1.385059770590150660e-02,4.234901215116203266e-02,-8.535696053867676270e-01,1.481042105781495422e-01,3.568124075590117350e+00,2.668597891667977631e-02,-3.017474278952131606e+00,1.795210137558236052e-01,0.000000000000000000e+00,0.000000000000000000e+00,0.000000000000000000e+00,0.000000000000000000e+00,0.000000000000000000e+00,0.000000000000000000e+00,0.000000000000000000e+00
1.360000000000000098e-01,3.898974771741772066e-02,6.779951894497334708e-01,-3.352332558522588130e-02,-2.702589425677365043e+00,-2.350933592302506536e-02,3.652246570896135580e+00,-1.852208160299549933e-01,3.309797469396150160e-03,-6.671094262549578935e-02,1.157512103537988377e-02,2.788676154646878569e-01,2.085649251309918805e-03,-2.358314450593316791e-01,1.403050902135748179e-02,4.253286609422641390e-02,-8.572752912967509520e-01,1.487471899941047171e-01,3.583614724540761465e+00,2.680183338881839475e-02,-3.030574337633559878e+00,1.803003860378525613e-01,0.000000000000000000e+00,0.000000000000000000e+00,0.000000000000000000e+00,0.000000000000000000e+00,0.000000000000000000e+00,0.000000000000000000e+00,0.000000000000000000e+00
1.370000000000000107e-01,3.899307881174483154e-02,6.779280492562349547e-01,-3.351167598419346055e-02,-2.702308763691101845e+00,-2.350723685368513727e-02,3.652009221996073141e+00,-1.852066952417679158e-01,3.352421537025773203e-03,-6.757005613814941192e-02,1.172418717806537891e-02,2.824589143919443157e-01,2.112508554805526961e-03,-2.388685177371455692e-01,1.421119601835173218e-02,4.271497936013426283e-02,-8.609458928201537686e-01,1.493840818627229505e-01,3.598958712406422400e+00,2.691659098356741914e-02,-3.043550368662842232e+00,1.810723794434476452e-01,0.000000000000000000e+00,0.000000000000000000e+00,0.000000000000000000e+00,0.000000000000000000e+00,0.000000000000000000e+00,0.000000000000000000e+00,0.000000000000000000e+00
1.380000000000000115e-01,3.899645262090656317e-02,6.778600481197610828e-01,-3.349987699958539150e-02,-2.702024502758322289e+00,-2.350511086784544054e-02,3.651768829555955165e+00,-1.851923933818150070e-01,3.395226849122601979e-03,-6.843282274117029607e-02,1.187388717423112743e-02,2.860654841062665876e-01,2.139482068427533013e-03,-2.419185045418827673e-01,1.439265132584103060e-02,4.289535564459081435e-02,-8.645814844461198190e-01,1.500148991087333072e-01,3.614156350569447174e+00,2.703025402975359204e-02,-3.056402635368327125e+00,1.818370096390130586e-01,0.000000000000000000e+00,0.000000000000000000e+00,0.000000000000000000e+00,0.000000000000000000e+00,0.000000000000000000e+00,0.000000000000000000e+00,0.000000000000000000e+00
1.390000000000000124e-01,3.899986932527948341e-02,6.777911824047141431e-01,-3.348792800058335989e-02,-2.701736627681361913e+00,-2.350295785184272623e-02,3.651525380723493974e+00,-1.851779096854646867e-01,3.438211670553038488e-03,-6.929920746190557090e-02,1.202421495571688592e-02,2.896871784136431649e-01,2.166568698791788549e-03,-2.449812818408837745e-01,1.457486758844855033e-02,4.307399864330125477e-02,-8.681821406637924010e-01,1.506396546568646855e-01,3.629207950412178807e+00,2.714282485620363519e-02,-3.069131401078363020e+00,1.825942922909532251e-01,0.000000000000000000e+00,0.000000000000000000e+00,0.000000000000000000e+00,0.000000000000000000e+00,0.000000000000000000e+00,0.000000000000000000e+00,0.000000000000000000e+00
1.400000000000000133e-01,3.900332910350692156e-02,6.777214485104317010e-01,-3.347582836243074428e-02,-2.701445123408594995e+00,-2.350077769310598627e-02,3.651278862769901767e+00,-1.851632433954331081e-01,3.481374269879190363e-03,-7.016917540219148874e-02,1.217516446728714001e-02,2.933238514314449596e-01,2.193767354842970658e-03,-2.480567262648171456e-01,1.475783746646386514e-02,4.325091205197078431e-02,-8.717479359623149238e-01,1.512583614318461223e-01,3.644113823316966538e+00,2.725430579174427381e-02,-3.081736929121298374e+00,1.833442430656724298e-01,0.000000000000000000e+00,0.000000000000000000e+00,0.000000000000000000e+00,0.000000000000000000e+00,0.000000000000000000e+00,0.000000000000000000e+00,0.000000000000000000e+00
1.410000000000000142e-01,3.900683213250258352e-02,6.776508428711121024e-01,-3.346357746641967501e-02,-2.701149975034122352e+00,-2.349857028015407689e-02,3.651029263089627719e+00,-1.851483937617681430e-01,3.524712919358868272e-03,-7.104269173835352225e-02,1.232672966663110430e-02,2.969753575884251928e-01,2.221076947854582796e-03,-2.511447147076800723e-01,1.494155363584295619e-02,4.342609956630466561e-02,-8.752789448308312403e-01,1.518710323584063770e-01,3.658874280666155165e+00,2.736469916520224005e-02,-3.094219482825482093e+00,1.840868776295748743e-01,0.000000000000000000e+00,0.000000000000000000e+00,0.000000000000000000e+00,0.000000000000000000e+00,0.000000000000000000e+00,0.000000000000000000e+00,0.000000000000000000e+00
1.420000000000000151e-01,3.901037858745429882e-02,6.775793619557402003e-01,-3.345117469987816256e-02,-2.700851167797461816e+00,-2.349633550259344617e-02,3.650776569200096855e+00,-1.851333600418339498e-01,3.568225894945589814e-03,-7.191972172120619788e-02,1.247890452436272238e-02,3.006415516247195052e-01,2.248496391428956524e-03,-2.542451243267979666e-01,1.512600878820821206e-02,4.359956488200807112e-02,-8.787752417584844267e-01,1.524776803612745979e-01,3.673489633842089042e+00,2.747400730540426259e-02,-3.106579325519262635e+00,1.848222116490650380e-01,0.000000000000000000e+00,0.000000000000000000e+00,0.000000000000000000e+00,0.000000000000000000e+00,0.000000000000000000e+00,0.000000000000000000e+00,0.000000000000000000e+00
1.430000000000000160e-01,3.901396864182769125e-02,6.775070022680130810e-01,-3.343861945615712178e-02,-2.700548687083233368e+00,-2.349407325111574699e-02,3.650520768741444932e+00,-1.851181415002951525e-01,3.611911476288576488e-03,-7.280023067605324860e-02,1.263168302402066859e-02,3.043222885918457910e-01,2.276024601497248900e-03,-2.573578325428245717e-01,1.531119563084841831e-02,4.377131169478624961e-02,-8.822369012344178918e-01,1.530783183651796275e-01,3.687960194227116961e+00,2.758223254117707010e-02,-3.118816720530988018e+00,1.855502607905470946e-01,0.000000000000000000e+00,0.000000000000000000e+00,0.000000000000000000e+00,0.000000000000000000e+00,0.000000000000000000e+00,0.000000000000000000e+00,0.000000000000000000e+00
1.440000000000000169e-01,3.901760246736986348e-02,6.774337603462649016e-01,-3.342591113461747254e-02,-2.700242518420850057e+00,-2.349178341749556115e-02,3.650261849476253762e+00,-1.851027374091013533e-01,3.655767946732754996e-03,-7.368418400268751667e-02,1.278505916206833758e-02,3.080174238527041974e-01,2.303660496319443352e-03,-2.604827170397420733e-01,1.549710688671876967e-02,4.394134370034438047e-02,-8.856639977477754888e-01,1.536729592948504475e-01,3.702286273203584166e+00,2.768937720134740169e-02,-3.130931931189007589e+00,1.862710407204254959e-01,0.000000000000000000e+00,0.000000000000000000e+00,0.000000000000000000e+00,0.000000000000000000e+00,0.000000000000000000e+00,0.000000000000000000e+00,0.000000000000000000e+00
1.449999999999999900e-01,3.902128023411315788e-02,6.773596327633931713e-01,-3.341304914061720560e-02,-2.699932647484208470e+00,-2.348946589458802275e-02,3.649999799289291857e+00,-1.850871470474712843e-01,3.699793593318759406e-03,-7.457154717539098143e-02,1.293902694789386340e-02,3.117268130815774585e-01,2.331402996484350544e-03,-2.636196557648607386e-01,1.568373529444086825e-02,4.410966459438770554e-02,-8.890566057877004047e-01,1.542616160750160115e-01,3.716468182153834565e+00,2.779544361474197561e-02,-3.142925220821668475e+00,1.869845671051044711e-01,0.000000000000000000e+00,0.000000000000000000e+00,0.000000000000000000e+00,0.000000000000000000e+00,0.000000000000000000e+00,0.000000000000000000e+00,0.000000000000000000e+00
1.459999999999999909e-01,3.902500211037875089e-02,6.772846161267834786e-01,-3.340003288549846239e-02,-2.699619060091372535e+00,-2.348712057632653186e-02,3.649734606187247543e+00,-1.850713697018772363e-01,3.743986706782926818e-03,-7.546228574293480096e-02,1.309358040381010911e-02,3.154503122641305057e-01,2.359251024909609674e-03,-2.667685269288196381e-01,1.587107360830270972e-02,4.427627807262145970e-02,-8.924147998433363815e-01,1.548443016304053288e-01,3.730506232460216953e+00,2.790043411018753097e-02,-3.154796852757320913e+00,1.876908556109884163e-01,0.000000000000000000e+00,0.000000000000000000e+00,0.000000000000000000e+00,0.000000000000000000e+00,0.000000000000000000e+00,0.000000000000000000e+00,0.000000000000000000e+00
1.469999999999999918e-01,3.902876826278044858e-02,6.772087070782354390e-01,-3.338686178657461479e-02,-2.699301742204267107e+00,-2.348474735772039176e-02,3.649466258298466492e+00,-1.850554046660294605e-01,3.788345581557300400e-03,-7.635636532857925651e-02,1.324871356505465635e-02,3.191877776974106906e-01,2.387203506841684576e-03,-2.699292090055858129e-01,1.605911459825871274e-02,4.444118783075082235e-02,-8.957386544038268283e-01,1.554210288857472422e-01,3.744400735505077016e+00,2.800435101651079298e-02,-3.166547090324312475e+00,1.883899219044816165e-01,0.000000000000000000e+00,0.000000000000000000e+00,0.000000000000000000e+00,0.000000000000000000e+00,0.000000000000000000e+00,0.000000000000000000e+00,0.000000000000000000e+00
1.479999999999999927e-01,3.903257885622830881e-02,6.771319022938884213e-01,-3.337353526711733798e-02,-2.698980679928362214e+00,-2.348234613485250880e-02,3.649194743872688829e+00,-1.850392512408603474e-01,3.832868515769628521e-03,-7.725375163007378032e-02,1.340442047978982962e-02,3.229390659898476179e-01,2.415259369855866315e-03,-2.731015807324547739e-01,1.624785104992967563e-02,4.460439756448100757e-02,-8.990282439583151541e-01,1.559918107657708164e-01,3.758152002670758662e+00,2.810719666253848337e-02,-3.178176196850991175e+00,1.890817816519883288e-01,0.000000000000000000e+00,0.000000000000000000e+00,0.000000000000000000e+00,0.000000000000000000e+00,0.000000000000000000e+00,0.000000000000000000e+00,0.000000000000000000e+00
1.489999999999999936e-01,3.903643405393237426e-02,6.770541984841467187e-01,-3.336005275634365552e-02,-2.698655859512364419e+00,-2.347991680487704694e-02,3.648920051280787558e+00,-1.850229087345087731e-01,3.877553811243364748e-03,-7.815441041965692781e-02,1.356069520910266855e-02,3.267040340612532567e-01,2.443417543856272328e-03,-2.762855211100505581e-01,1.643727576460283016e-02,4.476591096951725024e-02,-9.022836429959448790e-01,1.565566601952049219e-01,3.771760345339609799e+00,2.820897337709734470e-02,-3.189684435665706363e+00,1.897664505199129492e-01,0.000000000000000000e+00,0.000000000000000000e+00,0.000000000000000000e+00,0.000000000000000000e+00,0.000000000000000000e+00,0.000000000000000000e+00,0.000000000000000000e+00
1.499999999999999944e-01,3.904033401740635706e-02,6.769755923936051634e-01,-3.334641368940307465e-02,-2.698327267347905956e+00,-2.347745926601708596e-02,3.648642169014500780e+00,-1.850063764623046669e-01,3.922399773497667851e-03,-7.905830754405643312e-02,1.371753182700495219e-02,3.304825391428220516e-01,2.471676961075846852e-03,-2.794809094023250617e-01,1.662738155923177905e-02,4.492573174156476445e-02,-9.055049260058594118e-01,1.571155900987785403e-01,3.785226074893977000e+00,2.830968348901408832e-02,-3.201072070096806055e+00,1.904439441746597350e-01,0.000000000000000000e+00,0.000000000000000000e+00,0.000000000000000000e+00,0.000000000000000000e+00,0.000000000000000000e+00,0.000000000000000000e+00,0.000000000000000000e+00
1.509999999999999953e-01,3.904427890647133026e-02,6.768960808009741870e-01,-3.333261750736461054e-02,-2.697994889969231203e+00,-2.347497341756232467e-02,3.648361085686171901e+00,-1.849896537467529967e-01,3.967404711747399629e-03,-7.996540892448912585e-02,1.387492442043318334e-02,3.342744387771304782e-01,2.500036556076362226e-03,-2.826876251365590398e-01,1.681816126643655498e-02,4.508386357632877123e-02,-9.086921674772022728e-01,1.576686134012206253e-01,3.798549502716204174e+00,2.840932932711546371e-02,-3.212339363472639597e+00,1.911142782826330544e-01,0.000000000000000000e+00,0.000000000000000000e+00,0.000000000000000000e+00,0.000000000000000000e+00,0.000000000000000000e+00,0.000000000000000000e+00,0.000000000000000000e+00
1.519999999999999962e-01,3.904826887925944012e-02,6.768156605190064345e-01,-3.331866365720388690e-02,-2.697658714052886264e+00,-2.347245915986673204e-02,3.648076790028486283e+00,-1.849727399175183640e-01,4.012566938903132721e-03,-8.087568055666102818e-02,1.403286708924859211e-02,3.380795908181378207e-01,2.528495265748414988e-03,-2.859055481033613844e-01,1.700960773450358593e-02,4.524031016951444995e-02,-9.118454418991170929e-01,1.582157430272601306e-01,3.811730940188638783e+00,2.850791322022819263e-02,-3.223486579121554563e+00,1.917774685102372201e-01,0.000000000000000000e+00,0.000000000000000000e+00,0.000000000000000000e+00,0.000000000000000000e+00,0.000000000000000000e+00,0.000000000000000000e+00,0.000000000000000000e+00
1.529999999999999971e-01,3.905230409221759763e-02,6.767343283944210475e-01,-3.330455159179020186e-02,-2.697318726417407664e+00,-2.346991639434622620e-02,3.647789270894206126e+00,-1.849556343114092394e-01,4.057884771571138027e-03,-8.178908851076727160e-02,1.419135394623714623e-02,3.418978534311852835e-01,2.557052029311431083e-03,-2.891345583566692912e-01,1.720171382738570898e-02,4.539507521682706326e-02,-9.149648237607470591e-01,1.587569919016260378e-01,3.824770698693627402e+00,2.860543749717900722e-02,-3.234513980371899411e+00,1.924335305238765170e-01,0.000000000000000000e+00,0.000000000000000000e+00,0.000000000000000000e+00,0.000000000000000000e+00,0.000000000000000000e+00,0.000000000000000000e+00,0.000000000000000000e+00
1.539999999999999980e-01,3.905638470011114222e-02,6.766520813078300556e-01,-3.329028076987359391e-02,-2.696974914023011038e+00,-2.346734502347632562e-02,3.647498517255908013e+00,-1.849383362723622803e-01,4.103356530053396851e-03,-8.270559893149215247e-02,1.435037911710953379e-02,3.457290850929967685e-01,2.585705788313661952e-03,-2.923745362137484816e-01,1.739447242470215649e-02,4.554816241397180443e-02,-9.180503875512359135e-01,1.592923729490472173e-01,3.837669089613513940e+00,2.870190448679462922e-02,-3.245421830552022602e+00,1.930824799899553135e-01,0.000000000000000000e+00,0.000000000000000000e+00,0.000000000000000000e+00,0.000000000000000000e+00,0.000000000000000000e+00,0.000000000000000000e+00,0.000000000000000000e+00
1.549999999999999989e-01,3.906051085602760264e-02,6.765689161736636592e-01,-3.327585065607195636e-02,-2.696627263971279387e+00,-2.346474495078985228e-02,3.647204518205720003e+00,-1.849208451514267326e-01,4.148980538347593963e-03,-8.362517803800907645e-02,1.450993674050117012e-02,3.495731445916780977e-01,2.614455486632184539e-03,-2.956253622551927585e-01,1.758787642173856997e-02,4.569957545665386672e-02,-9.211022077597272872e-01,1.598218990942527062e-01,3.850426424330646746e+00,2.879731651790179425e-02,-3.256210392990274372e+00,1.937243325748778666e-01,0.000000000000000000e+00,0.000000000000000000e+00,0.000000000000000000e+00,0.000000000000000000e+00,0.000000000000000000e+00,0.000000000000000000e+00,0.000000000000000000e+00
1.559999999999999998e-01,3.906468271138030524e-02,6.764848299400950671e-01,-3.326126072085804769e-02,-2.696275763504852652e+00,-2.346211608087457601e-02,3.646907262955057849e+00,-1.849031603067487206e-01,4.194755124147118465e-03,-8.454779212398064181e-02,1.467002096797220823e-02,3.534298910267179017e-01,2.643300070472904759e-03,-2.988869173249244504e-01,1.778191872944699659e-02,4.584931804057851279e-02,-9.241203588753640341e-01,1.603455832619714583e-01,3.863043014227371064e+00,2.889167591932723100e-02,-3.266879931015000960e+00,1.943591039450486002e-01,0.000000000000000000e+00,0.000000000000000000e+00,0.000000000000000000e+00,0.000000000000000000e+00,0.000000000000000000e+00,0.000000000000000000e+00,0.000000000000000000e+00
1.570000000000000007e-01,3.906890041591215557e-02,6.763998195889673326e-01,-3.324651044054663385e-02,-2.695920400007113749e+00,-2.345945831937091067e-02,3.646606740834360760e+00,-1.848852811035555932e-01,4.240678618841068129e-03,-8.547340755755858388e-02,1.483062596400752664e-02,3.572991838089868422e-01,2.672238488370553590e-03,-3.021590825301943561e-01,1.797659227444588226e-02,4.599739386145092895e-02,-9.271049153872902293e-01,1.608634383769323717e-01,3.875519170686031689e+00,2.898498501989766121e-02,-3.277430707954550826e+00,1.949868097668716882e-01,0.000000000000000000e+00,0.000000000000000000e+00,0.000000000000000000e+00,0.000000000000000000e+00,0.000000000000000000e+00,0.000000000000000000e+00,0.000000000000000000e+00
1.580000000000000016e-01,3.907316411769927444e-02,6.763138821357173036e-01,-3.323159929728151246e-02,-2.695561161001881256e+00,-2.345677157296955501e-02,3.646302941292831168e+00,-1.848672069141401586e-01,4.286749357514238121e-03,-8.640199078138370570e-02,1.499174590601672769e-02,3.611808826607380563e-01,2.701269691188690550e-03,-3.054417392415813004e-01,1.817188999902008897e-02,4.614380661497634317e-02,-9.300559517846490598e-01,1.613754773638643725e-01,3.887855205088976529e+00,2.907724614843982744e-02,-3.287862987137274651e+00,1.956074657067515543e-01,0.000000000000000000e+00,0.000000000000000000e+00,0.000000000000000000e+00,0.000000000000000000e+00,0.000000000000000000e+00,0.000000000000000000e+00,0.000000000000000000e+00
1.590000000000000024e-01,3.907747396315472410e-02,6.762270146293029027e-01,-3.321652677902264122e-02,-2.695198034153095001e+00,-2.345405574940919238e-02,3.645995853898167383e+00,-1.848489371178451968e-01,4.332965678947140083e-03,-8.733350831258607228e-02,1.515337498433415482e-02,3.650748476156069899e-01,2.730392632119699788e-03,-3.087347690929927446e-01,1.836780486112087399e-02,4.628855999685995565e-02,-9.329735425565841567e-01,1.618817131474965532e-01,3.900051428818550825e+00,2.916846163378045143e-02,-3.298177031891519562e+00,1.962210874310924558e-01,0.000000000000000000e+00,0.000000000000000000e+00,0.000000000000000000e+00,0.000000000000000000e+00,0.000000000000000000e+00,0.000000000000000000e+00,0.000000000000000000e+00
1.600000000000000033e-01,3.908183009703219968e-02,6.761392141521266330e-01,-3.320129237953313439e-02,-2.694831007264504308e+00,-2.345131075747413155e-02,3.645685468336302915e+00,-1.848304711010477219e-01,4.379325925615979581e-03,-8.826792674278477469e-02,1.531550740221886663e-02,3.689809390186115090e-01,2.759606266684793124e-03,-3.120380539816643428e-01,1.856432983436589676e-02,4.643165770280699434e-02,-9.358577621922389289e-01,1.623821586525576732e-01,3.912108153257099818e+00,2.925863380474626879e-02,-3.308373105545634019e+00,1.968276906062987608e-01,0.000000000000000000e+00,0.000000000000000000e+00,0.000000000000000000e+00,0.000000000000000000e+00,0.000000000000000000e+00,0.000000000000000000e+00,0.000000000000000000e+00
1.610000000000000042e-01,3.908623266242971378e-02,6.760504778199630804e-01,-3.318589559836642583e-02,-2.694460068279359799e+00,-2.344853650699201680e-02,3.645371774411140908e+00,-1.848118082571431620e-01,4.425828443692676056e-03,-8.920521273808816598e-02,1.547813737585465588e-02,3.728990175261516216e-01,2.788909552734009610e-03,-3.153514760681600526e-01,1.876145790803922589e-02,4.657310342852267332e-02,-9.387086851807567855e-01,1.628768268037768807e-01,3.924025689786970528e+00,2.934776499016400128e-02,-3.318451471427966482e+00,1.974272908987747543e-01,0.000000000000000000e+00,0.000000000000000000e+00,0.000000000000000000e+00,0.000000000000000000e+00,0.000000000000000000e+00,0.000000000000000000e+00,0.000000000000000000e+00
1.620000000000000051e-01,3.909068180079330879e-02,6.759608027818827525e-01,-3.317033594085327941e-02,-2.694085205280098094e+00,-2.344573290883146879e-02,3.645054762044295238e+00,-1.847929479865300095e-01,4.472471583044849812e-03,-9.014533303909362527e-02,1.564125913435004955e-02,3.768289441060099776e-01,2.818301450446213802e-03,-3.186749177763724128e-01,1.895918208709133565e-02,4.671290086971222055e-02,-9.415263860112816907e-01,1.633657305258830184e-01,3.935804349790509971e+00,2.943585751886038451e-02,-3.328412392866866742e+00,1.980199039749247769e-01,0.000000000000000000e+00,0.000000000000000000e+00,0.000000000000000000e+00,0.000000000000000000e+00,0.000000000000000000e+00,0.000000000000000000e+00,0.000000000000000000e+00
1.630000000000000060e-01,3.909517765192070671e-02,6.758701862201788035e-01,-3.315461291808890348e-02,-2.693706406488033611e+00,-2.344289987489976343e-02,3.644734421274821390e+00,-1.847738896965938349e-01,4.519253697235827219e-03,-9.108825446088779365e-02,1.580486691973829322e-02,3.807705800373514249e-01,2.847780922329098789e-03,-3.220082617935221547e-01,1.915749539213910599e-02,4.685105372208080154e-02,-9.443109391729563873e-01,1.638488827436050677e-01,3.947444444650061168e+00,2.952291371966214023e-02,-3.338256133190681929e+00,1.986055455011531690e-01,0.000000000000000000e+00,0.000000000000000000e+00,0.000000000000000000e+00,0.000000000000000000e+00,0.000000000000000000e+00,0.000000000000000000e+00,0.000000000000000000e+00
1.640000000000000069e-01,3.909972035396509782e-02,6.757786253502917617e-01,-3.313872604692000290e-02,-2.693323660263045927e+00,-2.344003731814050390e-02,3.644410742258958003e+00,-1.847546328016918260e-01,4.566173143524639849e-03,-9.203394389304631051e-02,1.596895498697737531e-02,3.847237869107228425e-01,2.877346933219182730e-03,-3.253513910701582579e-01,1.935639085946580865e-02,4.698756568133369282e-02,-9.470624191549248394e-01,1.643262963816718991e-01,3.958946285747972915e+00,2.960893592139599712e-02,-3.347982955727760057e+00,1.991842311438641322e-01,0.000000000000000000e+00,0.000000000000000000e+00,0.000000000000000000e+00,0.000000000000000000e+00,0.000000000000000000e+00,0.000000000000000000e+00,0.000000000000000000e+00
1.650000000000000078e-01,3.910431004343874195e-02,6.756861174207353660e-01,-3.312267484993185185e-02,-2.692936955103267582e+00,-2.343714515253129266e-02,3.644083715269859969e+00,-1.847351767231369957e-01,4.613228282866024474e-03,-9.298236829963410499e-02,1.613351760394999765e-02,3.886884266280541955e-01,2.906998450281810583e-03,-3.287041888201582274e-01,1.955586154102113144e-02,4.712244044317608072e-02,-9.497809004463303451e-01,1.647979843648126330e-01,3.970310184466590897e+00,2.969392645288870120e-02,-3.357593123806451363e+00,1.997559765694621459e-01,0.000000000000000000e+00,0.000000000000000000e+00,0.000000000000000000e+00,0.000000000000000000e+00,0.000000000000000000e+00,0.000000000000000000e+00,0.000000000000000000e+00
1.660000000000000087e-01,3.910894685521668773e-02,6.755926597130222921e-01,-3.310645885543540140e-02,-2.692546279644774110e+00,-2.343422329308140692e-02,3.643753330697337312e+00,-1.847155208891826661e-01,4.660417479910423932e-03,-9.393349471920518778e-02,1.629854905146360319e-02,3.926643614026570916e-01,2.936734443011155844e-03,-3.320665385207278164e-01,1.975590050442116094e-02,4.725568170331317236e-02,-9.524664575363164243e-01,1.652639596177560843e-01,3.981536452188259023e+00,2.977788764296696727e-02,-3.367086900755102974e+00,2.003207974443513839e-01,0.000000000000000000e+00,0.000000000000000000e+00,0.000000000000000000e+00,0.000000000000000000e+00,0.000000000000000000e+00,0.000000000000000000e+00,0.000000000000000000e+00
1.670000000000000095e-01,3.911363092254052654e-02,6.754982495415891020e-01,-3.309007759745431071e-02,-2.692151622661271393e+00,-2.343127165582946717e-02,3.643419579047590950e+00,-1.846956647350066205e-01,4.707739103003984529e-03,-9.488729026480266504e-02,1.646404362325035176e-02,3.966514537592258915e-01,2.966553883230215773e-03,-3.354383239124011928e-01,1.995650083294839630e-02,4.738729315745020959e-02,-9.551191649140265971e-01,1.657242350652312901e-01,3.992625400295326088e+00,2.986082182045753097e-02,-3.376464549902063794e+00,2.008787094349362978e-01,0.000000000000000000e+00,0.000000000000000000e+00,0.000000000000000000e+00,0.000000000000000000e+00,0.000000000000000000e+00,0.000000000000000000e+00,0.000000000000000000e+00
1.680000000000000104e-01,3.911836237702202151e-02,6.754028842537223021e-01,-3.307353061571206843e-02,-2.691752973063787024e+00,-2.342829015784109528e-02,3.643082450942949801e+00,-1.846756077026955878e-01,4.755191524188559504e-03,-9.584372212395883550e-02,1.662999562596715122e-02,4.006495665338369871e-01,2.996455745090817035e-03,-3.388194289990407726e-01,2.015765562555173196e-02,4.751727850129239261e-02,-9.577390970686044946e-01,1.661788236319670931e-01,4.003577340170137333e+00,2.994273131418712097e-02,-3.385726334575683172e+00,2.014297282076210893e-01,0.000000000000000000e+00,0.000000000000000000e+00,0.000000000000000000e+00,0.000000000000000000e+00,0.000000000000000000e+00,0.000000000000000000e+00,0.000000000000000000e+00
1.690000000000000113e-01,3.912314134864680604e-02,6.753065612294835152e-01,-3.305681745561901697e-02,-2.691350319900352339e+00,-2.342527871720660390e-02,3.642741937121608320e+00,-1.846553492412294495e-01,4.802773119201705562e-03,-9.680275755869520438e-02,1.679639937919561593e-02,4.046585628739495233e-01,3.026439005073611362e-03,-3.422097380478375528e-01,2.035935799684647496e-02,4.764564143054494244e-02,-9.603263284891933038e-01,1.666277382426925580e-01,4.014392583195037112e+00,3.002361845298246248e-02,-3.394872518104308234e+00,2.019738694288101821e-01,0.000000000000000000e+00,0.000000000000000000e+00,0.000000000000000000e+00,0.000000000000000000e+00,0.000000000000000000e+00,0.000000000000000000e+00,0.000000000000000000e+00
1.700000000000000122e-01,3.912796796577814457e-02,6.752092778816350949e-01,-3.303993766825948086e-02,-2.690943652355700877e+00,-2.342223725303866147e-02,3.642398028437359603e+00,-1.846348888064657523e-01,4.850482267476687211e-03,-9.776436390552228906e-02,1.696324921544210829e-02,4.086783062384046206e-01,3.056502641988079021e-03,-3.456091355893105566e-01,2.056160107711432414e-02,4.777238564091305234e-02,-9.628809336649365447e-01,1.670709918221366108e-01,4.025071440752372887e+00,3.010348556567028766e-02,-3.403903363816287886e+00,2.025111487649078335e-01,0.000000000000000000e+00,0.000000000000000000e+00,0.000000000000000000e+00,0.000000000000000000e+00,0.000000000000000000e+00,0.000000000000000000e+00,0.000000000000000000e+00
1.710000000000000131e-01,3.913284235516052006e-02,6.751110316555655189e-01,-3.302289081037879104e-02,-2.690532959750947306e+00,-2.341916568546996077e-02,3.642050715859336929e+00,-1.846142258611237763e-01,4.898317352142471555e-03,-9.872850857543982728e-02,1.713053948013770408e-02,4.127086603974258194e-01,3.086645636972524479e-03,-3.490175064173073327e-01,2.076437801230339095e-02,4.789751482810197802e-02,-9.654029870849778483e-01,1.675085972950281499e-01,4.035614224224491231e+00,3.018233498107732171e-02,-3.412819135039971474e+00,2.030415818823183005e-01,0.000000000000000000e+00,0.000000000000000000e+00,0.000000000000000000e+00,0.000000000000000000e+00,0.000000000000000000e+00,0.000000000000000000e+00,0.000000000000000000e+00
1.720000000000000140e-01,3.913776464192345733e-02,6.750118200292154480e-01,-3.300567644437040621e-02,-2.690118231543284111e+00,-2.341606393565089442e-02,3.641699990471746862e+00,-1.845933598747691307e-01,4.946276760023734370e-03,-9.969515905393672162e-02,1.729826453163822372e-02,4.167494894326193022e-01,3.116866973494082909e-03,-3.524347355890039002e-01,2.096768196402820292e-02,4.802103268781689888e-02,-9.678925632384606237e-01,1.679405675860962122e-01,4.046021244993736055e+00,3.026016902803030373e-02,-3.421620095103706127e+00,2.035651844474460348e-01,0.000000000000000000e+00,0.000000000000000000e+00,0.000000000000000000e+00,0.000000000000000000e+00,0.000000000000000000e+00,0.000000000000000000e+00,0.000000000000000000e+00
1.730000000000000149e-01,3.914273494958510347e-02,6.749116405130023422e-01,-3.298829413826295798e-02,-2.689699457325663179e+00,-2.341293192574722334e-02,3.641345843473607236e+00,-1.845722903237979329e-01,4.994358881640850560e-03,-1.006642829009909562e-01,1.746641874122420099e-02,4.208006577369731716e-01,3.147165637348710212e-03,-3.558607084249043040e-01,2.117150610956965856e-02,4.814294291576305673e-02,-9.703497366145283909e-01,1.683669156200697237e-01,4.056292814442456596e+00,3.033699003535595545e-02,-3.430306507335841637e+00,2.040819721266952380e-01,0.000000000000000000e+00,0.000000000000000000e+00,0.000000000000000000e+00,0.000000000000000000e+00,0.000000000000000000e+00,0.000000000000000000e+00,0.000000000000000000e+00
1.740000000000000158e-01,3.914775340005600957e-02,6.748104906497466304e-01,-3.297074346570733755e-02,-2.689276626826488936e+00,-2.340976957893773844e-02,3.640988266178484256e+00,-1.845510166914212380e-01,5.042562111209904566e-03,-1.016358477510697078e-01,1.763499649310091080e-02,4.248620300148581164e-01,3.177540616661193428e-03,-3.592953105088411148e-01,2.137584364187509675e-02,4.826324920764563792e-02,-9.727745817023247810e-01,1.687876543216776104e-01,4.066429243952996764e+00,3.041280033188101251e-02,-3.438878635064726019e+00,2.045919605864703339e-01,0.000000000000000000e+00,0.000000000000000000e+00,0.000000000000000000e+00,0.000000000000000000e+00,0.000000000000000000e+00,0.000000000000000000e+00,0.000000000000000000e+00
1.750000000000000167e-01,3.915282011364276671e-02,6.747083680145971041e-01,-3.295302400596376163e-02,-2.688849729909307040e+00,-2.340657681941195334e-02,3.640627250014227823e+00,-1.845295384676492456e-01,5.090884846642688630e-03,-1.026098213131292486e-01,1.780399218439834494e-02,4.289334712820273010e-01,3.207990901885147701e-03,-3.627384276879753733e-01,2.158068776955824816e-02,4.838195525916989120e-02,-9.751671729909929809e-01,1.692027966156487706e-01,4.076430844907701356e+00,3.048760224643220010e-02,-3.447336741618706846e+00,2.050951654931755519e-01,0.000000000000000000e+00,0.000000000000000000e+00,0.000000000000000000e+00,0.000000000000000000e+00,0.000000000000000000e+00,0.000000000000000000e+00,0.000000000000000000e+00
1.759999999999999898e-01,3.915793520905174602e-02,6.746052702149559765e-01,-3.293513534388886610e-02,-2.688418756572489521e+00,-2.340335357236776603e-02,3.640262786522709071e+00,-1.845078551492757846e-01,5.139325489546692390e-03,-1.035861713706150017e-01,1.797340022517123284e-02,4.330148468656156990e-01,3.238515485803008468e-03,-3.661899460727962574e-01,2.178603171689922485e-02,4.849906476604100986e-02,-9.775275849696765107e-01,1.696123554267122691e-01,4.086297928688919612e+00,3.056139810783624691e-02,-3.455681090326134353e+00,2.055916025132152325e-01,0.000000000000000000e+00,0.000000000000000000e+00,0.000000000000000000e+00,0.000000000000000000e+00,0.000000000000000000e+00,0.000000000000000000e+00,0.000000000000000000e+00
1.769999999999999907e-01,3.916309880339274851e-02,6.745011948904054977e-01,-3.291707706992275106e-02,-2.687983696948927470e+00,-2.340009976400910310e-02,3.639894867359558361e+00,-1.844859662398624089e-01,5.187882445225119356e-03,-1.045648657814616106e-01,1.814321503839903815e-02,4.371060224041412035e-01,3.269113363526046211e-03,-3.696497520371214707e-01,2.199186872384458272e-02,4.861458142396422183e-02,-9.798558921275190015e-01,1.700163436795970040e-01,4.096030806678995440e+00,3.063419024491988163e-02,-3.463911944515355668e+00,2.060812873129937717e-01,0.000000000000000000e+00,0.000000000000000000e+00,0.000000000000000000e+00,0.000000000000000000e+00,0.000000000000000000e+00,0.000000000000000000e+00,0.000000000000000000e+00
1.779999999999999916e-01,3.916831101218274519e-02,6.743961397126320145e-01,-3.289884878007608843e-02,-2.687544541305716628e+00,-2.339681532154365418e-02,3.639523484293899269e+00,-1.844638712497231881e-01,5.236554122676873035e-03,-1.055458724780928143e-01,1.831343105998594137e-02,4.412068638475040161e-01,3.299783532494350840e-03,-3.731177322180969647e-01,2.219819204600726251e-02,4.872850892864472039e-02,-9.821521689536638622e-01,1.704147742990319570e-01,4.105629790260275414e+00,3.070598098650983640e-02,-3.472029567514720583e+00,2.065642355589153434e-01,0.000000000000000000e+00,0.000000000000000000e+00,0.000000000000000000e+00,0.000000000000000000e+00,0.000000000000000000e+00,0.000000000000000000e+00,0.000000000000000000e+00
1.789999999999999925e-01,3.917357194934955461e-02,6.742901023853526965e-01,-3.288045007591719471e-02,-2.687101280043847407e+00,-2.339350017318047106e-02,3.639148629208086128e+00,-1.844415696959084139e-01,5.285338934596563870e-03,-1.065291594674214193e-01,1.848404273876086412e-02,4.453172374569863146e-01,3.330524992476842968e-03,-3.765937735161972166e-01,2.240499495466660024e-02,4.884085097578774737e-02,-9.844164899372545019e-01,1.708076602097459984e-01,4.115095190815106108e+00,3.077677266143284338e-02,-3.480034222652576226e+00,2.070404629173843714e-01,0.000000000000000000e+00,0.000000000000000000e+00,0.000000000000000000e+00,0.000000000000000000e+00,0.000000000000000000e+00,0.000000000000000000e+00,0.000000000000000000e+00
1.799999999999999933e-01,3.917888172723551360e-02,6.741830806442400403e-01,-3.286188056455906226e-02,-2.686653903697893142e+00,-2.339015424812769181e-02,3.638770294097442459e+00,-1.844190611021895299e-01,5.334235297374505767e-03,-1.075146948308494943e-01,1.865504453647743796e-02,4.494370098052529183e-01,3.361336745571270011e-03,-3.800777630952245079e-01,2.261227073676834801e-02,4.895161126109851685e-02,-9.866489295674346627e-01,1.711950143364682209e-01,4.124427319725831431e+00,3.084656759851563124e-02,-3.487926173257271500e+00,2.075099850548051406e-01,0.000000000000000000e+00,0.000000000000000000e+00,0.000000000000000000e+00,0.000000000000000000e+00,0.000000000000000000e+00,0.000000000000000000e+00,0.000000000000000000e+00
1.809999999999999942e-01,3.918424045660124505e-02,6.740750722568484843e-01,-3.284313985864650148e-02,-2.686202402935698785e+00,-2.338677747659017800e-02,3.638388471069995411e+00,-1.843963449990430048e-01,5.383241631096718702e-03,-1.085024467242682034e-01,1.882643092781404251e-02,4.535660477763507892e-01,3.392217796204203151e-03,-3.835695883823100893e-01,2.282001269492466011e-02,4.906079348028224291e-02,-9.888495623333475315e-01,1.715768496039275226e-01,4.133626488374800623e+00,3.091536812658492520e-02,-3.495705682657155755e+00,2.079728176375820192e-01,0.000000000000000000e+00,0.000000000000000000e+00,0.000000000000000000e+00,0.000000000000000000e+00,0.000000000000000000e+00,0.000000000000000000e+00,0.000000000000000000e+00
1.819999999999999951e-01,3.918964824662924534e-02,6.739660750225389130e-01,-3.282422757634317206e-02,-2.685746768558070929e+00,-2.338336978976721103e-02,3.638003152346215074e+00,-1.843734209236350674e-01,5.432356359544928716e-03,-1.094923833780578337e-01,1.899819640037378465e-02,4.577042185657093643e-01,3.423167151131043841e-03,-3.870691370679132381e-01,2.302821414741409653e-02,4.916840132904410493e-02,-9.910184627241369615e-01,1.719531789368528019e-01,4.142693008144357592e+00,3.098317657446745393e-02,-3.503373014180576561e+00,2.084289763321192368e-01,0.000000000000000000e+00,0.000000000000000000e+00,0.000000000000000000e+00,0.000000000000000000e+00,0.000000000000000000e+00,0.000000000000000000e+00,0.000000000000000000e+00
1.829999999999999960e-01,3.919510520492769379e-02,6.738560867724047165e-01,-3.280514334131865578e-02,-2.685286991498462505e+00,-2.337993111985015027e-02,3.637614330258745365e+00,-1.843502884198056080e-01,5.481577910196567052e-03,-1.104844730970878236e-01,1.917033545468448466e-02,4.618513896801403895e-01,3.454183819436018599e-03,-3.905762971058218680e-01,2.323686842818161596e-02,4.927443850308937251e-02,-9.931557052289461396e-01,1.723240152599729846e-01,4.151627190416848912e+00,3.104999527098995654e-02,-3.510928431155883267e+00,2.088784768048211893e-01,0.000000000000000000e+00,0.000000000000000000e+00,0.000000000000000000e+00,0.000000000000000000e+00,0.000000000000000000e+00,0.000000000000000000e+00,0.000000000000000000e+00
1.839999999999999969e-01,3.920061143753405392e-02,6.737451053691972946e-01,-3.278588678273554324e-02,-2.684823062822665918e+00,-2.337646140002009806e-02,3.637221997252149563e+00,-1.843269470380529129e-01,5.530904714224770154e-03,-1.114786842607167761e-01,1.934284260419870394e-02,4.660074289378380308e-01,3.485266812532179011e-03,-3.940909567131518076e-01,2.344596888683859320e-02,4.937890869812323197e-02,-9.952613643369184748e-01,1.726893714980171357e-01,4.160429346574620268e+00,3.111582654497914782e-02,-3.518372196911423444e+00,2.093213347220921894e-01,0.000000000000000000e+00,0.000000000000000000e+00,0.000000000000000000e+00,0.000000000000000000e+00,0.000000000000000000e+00,0.000000000000000000e+00,0.000000000000000000e+00
1.849999999999999978e-01,3.920616704891885518e-02,6.736331287072513385e-01,-3.276645753523654142e-02,-2.684354973728499516e+00,-2.337296056444559955e-02,3.636826145882638972e+00,-1.843033963355177329e-01,5.580335206498378796e-03,-1.124749853227924173e-01,1.951571237529373115e-02,4.701722044683788182e-01,3.516415144161407803e-03,-3.976130043703475780e-01,2.365550888866279483e-02,4.948181560985089045e-02,-9.973355145371975983e-01,1.730492605757141811e-01,4.169099788000019124e+00,3.118067272526176686e-02,-3.525704574775545552e+00,2.097575657503364666e-01,0.000000000000000000e+00,0.000000000000000000e+00,0.000000000000000000e+00,0.000000000000000000e+00,0.000000000000000000e+00,0.000000000000000000e+00,0.000000000000000000e+00
1.859999999999999987e-01,3.921177214198928729e-02,6.735201547124102239e-01,-3.274685523893147709e-02,-2.683882715545494957e+00,-2.336942854828026606e-02,3.636426768817814015e+00,-1.842796358759677400e-01,5.629867825581938955e-03,-1.134733448116516663e-01,1.968893930727159611e-02,4.743455847127214797e-01,3.547627830394410597e-03,-4.011423288211818927e-01,2.386548181459840004e-02,4.958316293397758284e-02,-9.993782303189268079e-01,1.734036954177929912e-01,4.177638826075388501e+00,3.124453614066454235e-02,-3.532925828076598940e+00,2.101871855559584445e-01,0.000000000000000000e+00,0.000000000000000000e+00,0.000000000000000000e+00,0.000000000000000000e+00,0.000000000000000000e+00,0.000000000000000000e+00,0.000000000000000000e+00
1.869999999999999996e-01,3.921742681809299580e-02,6.734061813419522924e-01,-3.272707953938443215e-02,-2.683406279734589006e+00,-2.336586528766050261e-02,3.636023858836399114e+00,-1.842556652297817898e-01,5.679501013735701806e-03,-1.144737313301204956e-01,1.986251795235902465e-02,4.785274384232070521e-01,3.578903889630719384e-03,-4.046788190727558243e-01,2.407588106125597288e-02,4.968295436620852323e-02,-1.001389586171249846e+00,1.737526889489826032e-01,4.186046772183077636e+00,3.130741912001420990e-02,-3.540036220142931622e+00,2.106102098053623528e-01,0.000000000000000000e+00,0.000000000000000000e+00,0.000000000000000000e+00,0.000000000000000000e+00,0.000000000000000000e+00,0.000000000000000000e+00,0.000000000000000000e+00
1.880000000000000004e-01,3.922313117702172502e-02,6.732912065845153560e-01,-3.270713008760081641e-02,-2.682925657887809123e+00,-2.336227071970312097e-02,3.635617408827980679e+00,-1.842314839739343790e-01,5.729233216915626328e-03,-1.154761135555140705e-01,2.003644287570750110e-02,4.827176346635592141e-01,3.610242342598695992e-03,-4.082223643954989711e-01,2.428670004091252124e-02,4.978119360224892570e-02,-1.003369656583310343e+00,1.740962540940119707e-01,4.194323937705431327e+00,3.136932399213748779e-02,-3.547036014302892504e+00,2.110266541649526151e-01,0.000000000000000000e+00,0.000000000000000000e+00,0.000000000000000000e+00,0.000000000000000000e+00,0.000000000000000000e+00,0.000000000000000000e+00,0.000000000000000000e+00
1.890000000000000013e-01,3.922888531701500953e-02,6.731752284600225344e-01,-3.268700654001438499e-02,-2.682440841727963488e+00,-2.335864478250306367e-02,3.635207411792742871e+00,-1.842070916919798518e-01,5.779062884773372363e-03,-1.164804602396367489e-01,2.021070865539324052e-02,4.869160428088836201e-01,3.641642212355527316e-03,-4.117728543231690130e-01,2.449793218151141358e-02,4.987788433780399044e-02,-1.005318516044251487e+00,1.744344037776099920e-01,4.202470634024795260e+00,3.143025308586110816e-02,-3.553925473884829600e+00,2.114365343011334331e-01,0.000000000000000000e+00,0.000000000000000000e+00,0.000000000000000000e+00,0.000000000000000000e+00,0.000000000000000000e+00,0.000000000000000000e+00,0.000000000000000000e+00
1.900000000000000022e-01,3.923468933476390030e-02,6.730582450196085365e-01,-3.266670855847438742e-02,-2.681951823108330579e+00,-2.335498741513104826e-02,3.634793860841203372e+00,-1.841824879740366905e-01,5.828988470656307555e-03,-1.174867402087819146e-01,2.038530988241715400e-02,4.911225325456685109e-01,3.673102524287227052e-03,-4.153301786528521000e-01,2.470957092666244831e-02,4.997303026857895930e-02,-1.007236239043216575e+00,1.747671509245056487e-01,4.210487172523516008e+00,3.149020873001179971e-02,-3.560704862217091371e+00,2.118398658803092305e-01,0.000000000000000000e+00,0.000000000000000000e+00,0.000000000000000000e+00,0.000000000000000000e+00,0.000000000000000000e+00,0.000000000000000000e+00,0.000000000000000000e+00
1.910000000000000031e-01,3.924054332541464241e-02,6.729402543455438312e-01,-3.264623581023259891e-02,-2.681458594012346097e+00,-2.335129855763122195e-02,3.634376749193952705e+00,-1.841576724167720558e-01,5.879008431607503880e-03,-1.184949223637322413e-01,2.056024116070492500e-02,4.953369738717845472e-01,3.704622306108635698e-03,-4.188942274449626857e-01,2.492160973564182952e-02,5.006663509027902553e-02,-1.009122900069349571e+00,1.750945084594278944e-01,4.218373864583938371e+00,3.154919325341630498e-02,-3.567374442628026721e+00,2.122366645688842368e-01,0.000000000000000000e+00,0.000000000000000000e+00,0.000000000000000000e+00,0.000000000000000000e+00,0.000000000000000000e+00,0.000000000000000000e+00,0.000000000000000000e+00
1.920000000000000040e-01,3.924644738257234561e-02,6.728212545511614850e-01,-3.262558796793042087e-02,-2.680961146553291208e+00,-2.334757815101887526e-02,3.633956070181387776e+00,-1.841326446233859937e-01,5.929121228365741118e-03,-1.195049756797593871e-01,2.073549710710693647e-02,4.995592370964844764e-01,3.736200587863420120e-03,-4.224648910232438048e-01,2.513404208339215309e-02,5.015870249860941710e-02,-1.010978573611793552e+00,1.754164893071057107e-01,4.226131021588410697e+00,3.160720898490132491e-02,-3.573934478445984109e+00,2.126269460332628758e-01,0.000000000000000000e+00,0.000000000000000000e+00,0.000000000000000000e+00,0.000000000000000000e+00,0.000000000000000000e+00,0.000000000000000000e+00,0.000000000000000000e+00
1.930000000000000049e-01,3.925240159830474529e-02,6.727012437807814438e-01,-3.260476470958590528e-02,-2.680459472973983459e+00,-2.334382613727808281e-02,3.633531817243451201e+00,-1.841074042035956704e-01,5.979325325365501646e-03,-1.205168692066243136e-01,2.091107235139829865e-02,5.037891928404035768e-01,3.767836401924074419e-03,-4.260420599747664627e-01,2.534686146052242753e-02,5.024923618927533420e-02,-1.012803334159692037e+00,1.757331063922679404e-01,4.233758954919276007e+00,3.166425825329361593e-02,-3.580385232999311551e+00,2.130107259398493769e-01,0.000000000000000000e+00,0.000000000000000000e+00,0.000000000000000000e+00,0.000000000000000000e+00,0.000000000000000000e+00,0.000000000000000000e+00,0.000000000000000000e+00
1.940000000000000058e-01,3.925840606314583148e-02,6.725802202096372584e-01,-3.258376571858090376e-02,-2.679953565646463254e+00,-2.334004245935938568e-02,3.633103983929366176e+00,-1.840819507736199123e-01,6.029619190736973909e-03,-1.215305720685769808e-01,2.108696153627887329e-02,5.080267120355592692e-01,3.799528782991919065e-03,-4.296256251499303014e-01,2.556006137330805658e-02,5.033823985798201173e-02,-1.014597256202188991e+00,1.760443726396437036e-01,4.241257975958883542e+00,3.172034338741989978e-02,-3.586726969616358396e+00,2.133880199550480250e-01,0.000000000000000000e+00,0.000000000000000000e+00,0.000000000000000000e+00,0.000000000000000000e+00,0.000000000000000000e+00,0.000000000000000000e+00,0.000000000000000000e+00
1.950000000000000067e-01,3.926446086609957503e-02,6.724581820438005897e-01,-3.256259068364808495e-02,-2.679443417071684319e+00,-2.333622706117744958e-02,3.632672563897375362e+00,-1.840562839561633579e-01,6.080001296306048082e-03,-1.225460534643566107e-01,2.126315931737323209e-02,5.122716659253516713e-01,3.831276768097100893e-03,-4.332154776624632664e-01,2.577363534369086356e-02,5.042571720043466377e-02,-1.016360414228427267e+00,1.763503009739618710e-01,4.248628396089578096e+00,3.177546671610690515e-02,-3.592959951625472215e+00,2.137588437452632717e-01,0.000000000000000000e+00,0.000000000000000000e+00,0.000000000000000000e+00,0.000000000000000000e+00,0.000000000000000000e+00,0.000000000000000000e+00,0.000000000000000000e+00
1.960000000000000075e-01,3.927056609464363301e-02,6.723351275201070454e-01,-3.254123929885804900e-02,-2.678929019879199735e+00,-2.333237988760874723e-02,3.632237550914473090e+00,-1.840304033804009420e-01,6.130470117594327348e-03,-1.235632826671914652e-01,2.143966036323069133e-02,5.165239260645629882e-01,3.863079396598595276e-03,-4.368115088894214404e-01,2.598757690927906011e-02,5.051167191233847664e-02,-1.018092882727550608e+00,1.766509043199513407e-01,4.255870526693703582e+00,3.182963056818136072e-02,-3.599084442355001912e+00,2.141232129768992909e-01,0.000000000000000000e+00,0.000000000000000000e+00,0.000000000000000000e+00,0.000000000000000000e+00,0.000000000000000000e+00,0.000000000000000000e+00,0.000000000000000000e+00
1.970000000000000084e-01,3.927672183473303325e-02,6.722110549060820173e-01,-3.251971126360635872e-02,-2.678410366826853295e+00,-2.332850088448924775e-02,3.631798938856147796e+00,-1.840043086819621865e-01,6.181024133819110547e-03,-1.245822290247990266e-01,2.161645935532527027e-02,5.207833643193576778e-01,3.894935710184201788e-03,-4.404136104711894872e-01,2.620187962334726700e-02,5.059610768939871300e-02,-1.019794736188702755e+00,1.769461956023411220e-01,4.262984679153610124e+00,3.188283727247000210e-02,-3.605100705133296390e+00,2.144811433163605341e-01,0.000000000000000000e+00,0.000000000000000000e+00,0.000000000000000000e+00,0.000000000000000000e+00,0.000000000000000000e+00,0.000000000000000000e+00,0.000000000000000000e+00
1.980000000000000093e-01,3.928292817080385191e-02,6.720859624998659632e-01,-3.249800628260066104e-02,-2.677887450800466862e+00,-2.332458999861204002e-02,3.631356721706113788e+00,-1.839779995029152959e-01,6.231661827893411262e-03,-1.256028619593859141e-01,2.179355098805574320e-02,5.250498528672828957e-01,3.926844752870549404e-03,-4.440216743114804299e-01,2.641653705483652109e-02,5.067902822732055917e-02,-1.021466049101026563e+00,1.772361877458601687e-01,4.269971164851640744e+00,3.193508915779954410e-02,-3.611009003288704111e+00,2.148326504300512030e-01,0.000000000000000000e+00,0.000000000000000000e+00,0.000000000000000000e+00,0.000000000000000000e+00,0.000000000000000000e+00,0.000000000000000000e+00,0.000000000000000000e+00
1.990000000000000102e-01,3.928918518577693281e-02,6.719598486301395779e-01,-3.247612406584773209e-02,-2.677360264813528179e+00,-2.332064717772504986e-02,3.630910893556052788e+00,-1.839514754917519757e-01,6.282381686425941338e-03,-1.266251509676478426e-01,2.197092996874560819e-02,5.293232641972678287e-01,3.958805571003089566e-03,-4.476355925773353728e-01,2.663154278835424410e-02,5.076043722180922924e-02,-1.023106895953666218e+00,1.775208936752374622e-01,4.276830295170141127e+00,3.198638855299672235e-02,-3.616809600149572645e+00,2.151777499843757213e-01,0.000000000000000000e+00,0.000000000000000000e+00,0.000000000000000000e+00,0.000000000000000000e+00,0.000000000000000000e+00,0.000000000000000000e+00,0.000000000000000000e+00
2.000000000000000111e-01,3.929549296106157885e-02,6.718327116560499634e-01,-3.245406432864057084e-02,-2.676828802006881780e+00,-2.331667237052868769e-02,3.630461448605343922e+00,-1.839247363033713334e-01,6.333182199721121286e-03,-1.276490656207697472e-01,2.214859101764308363e-02,5.336034711096240279e-01,3.990817213256107020e-03,-4.512552576991241127e-01,2.684689042417429117e-02,5.084033836856993033e-02,-1.024717351235764573e+00,1.778003263152018731e-01,4.283562381491458737e+00,3.203673778688827245e-02,-3.622502759044251341e+00,2.155164576457383463e-01,0.000000000000000000e+00,0.000000000000000000e+00,0.000000000000000000e+00,0.000000000000000000e+00,0.000000000000000000e+00,0.000000000000000000e+00,0.000000000000000000e+00
2.010000000000000120e-01,3.930185157655925049e-02,6.717045499671353559e-01,-3.243182679154546499e-02,-2.676293055648414132e+00,-2.331266552667352401e-02,3.630008381160807041e+00,-1.838977815990643916e-01,6.384061861779073352e-03,-1.286745755644256028e-01,2.232652886792112212e-02,5.378903467160458529e-01,4.022878730632707678e-03,-4.548805623705446943e-01,2.706257357823687107e-02,5.091873536330791816e-02,-1.026297489436466037e+00,1.780744985904824107e-01,4.290167735197941035e+00,3.208613918830092310e-02,-3.628088743301088215e+00,2.158487890805433629e-01,0.000000000000000000e+00,0.000000000000000000e+00,0.000000000000000000e+00,0.000000000000000000e+00,0.000000000000000000e+00,0.000000000000000000e+00,0.000000000000000000e+00
2.020000000000000129e-01,3.930826111066725026e-02,6.715753619832515176e-01,-3.240941118038905694e-02,-2.675753019132747212e+00,-2.330862659675796145e-02,3.629551685636436709e+00,-1.838706110464984333e-01,6.435019170295631918e-03,-1.297016505187786051e-01,2.250473826567740004e-02,5.421837644396092504e-01,4.054989176464824686e-03,-4.585113995486232441e-01,2.727858588214865376e-02,5.099563190172837907e-02,-1.027847385044913020e+00,1.783434234258080286e-01,4.296646667671930153e+00,3.213459508606140297e-02,-3.633567816248432170e+00,2.161747599551951671e-01,0.000000000000000000e+00,0.000000000000000000e+00,0.000000000000000000e+00,0.000000000000000000e+00,0.000000000000000000e+00,0.000000000000000000e+00,0.000000000000000000e+00
2.030000000000000138e-01,3.931472164028241428e-02,6.714451461544969080e-01,-3.238681722624542347e-02,-2.675208685980921430e+00,-2.330455553232591362e-02,3.629091356553137082e+00,-1.838432243197012372e-01,6.486052626662325293e-03,-1.307302602784810308e-01,2.268321396993432798e-02,5.464835980147728645e-01,4.087147606413221029e-03,-4.621476624537144140e-01,2.749492098318267672e-02,5.107103167953653405e-02,-1.029367112550249486e+00,1.786071137459077085e-01,4.302999490295776219e+00,3.218210780899644075e-02,-3.638940241214632554e+00,2.164943859360980438e-01,0.000000000000000000e+00,0.000000000000000000e+00,0.000000000000000000e+00,0.000000000000000000e+00,0.000000000000000000e+00,0.000000000000000000e+00,0.000000000000000000e+00
2.040000000000000147e-01,3.932123324080484539e-02,6.713139009611372998e-01,-3.236404466542316949e-02,-2.674660049840088760e+00,-2.330045228586445985e-02,3.628627388538462117e+00,-1.838156210990455341e-01,6.537160735966400862e-03,-1.317603747126744607e-01,2.286195075263904725e-02,5.507897214873781477e-01,4.119353078467485191e-03,-4.657892445695014372e-01,2.771157254427840042e-02,5.114493839243757639e-02,-1.030856746441618954e+00,1.788655824755102930e-01,4.309226514451822254e+00,3.222867968593276511e-02,-3.644206281528035607e+00,2.168076826896562781e-01,0.000000000000000000e+00,0.000000000000000000e+00,0.000000000000000000e+00,0.000000000000000000e+00,0.000000000000000000e+00,0.000000000000000000e+00,0.000000000000000000e+00
2.050000000000000155e-01,3.932779598614155603e-02,6.711816249135330592e-01,-3.234109323945251468e-02,-2.674107104483198327e+00,-2.329631681080153102e-02,3.628159776326348673e+00,-1.837878010712332977e-01,6.588342006990800803e-03,-1.327919637649893347e-01,2.304094339866342989e-02,5.551020092146480289e-01,4.151604652946030288e-03,-4.694360396429957394e-01,2.792853424404168061e-02,5.121735573613675485e-02,-1.032316361208164723e+00,1.791188425393448469e-01,4.315328051522415720e+00,3.227431304569709780e-02,-3.649366200516991565e+00,2.171146658822742104e-01,0.000000000000000000e+00,0.000000000000000000e+00,0.000000000000000000e+00,0.000000000000000000e+00,0.000000000000000000e+00,0.000000000000000000e+00,0.000000000000000000e+00
2.060000000000000164e-01,3.933440994871018753e-02,6.710483165520627624e-01,-3.231796269507228314e-02,-2.673549843808688209e+00,-2.329214906150357117e-02,3.627688514756856719e+00,-1.837597639292799789e-01,6.639594952214175963e-03,-1.338249974535455356e-01,2.322018670580405786e-02,5.594203358651885782e-01,4.183901392496098409e-03,-4.730879416845368834e-01,2.814579977674476832e-02,5.128828740633928351e-02,-1.033746031339030536e+00,1.793669068621402962e-01,4.321304412889902302e+00,3.231901021711617444e-02,-3.654420261509848444e+00,2.174153511803562089e-01,0.000000000000000000e+00,0.000000000000000000e+00,0.000000000000000000e+00,0.000000000000000000e+00,0.000000000000000000e+00,0.000000000000000000e+00,0.000000000000000000e+00
2.070000000000000173e-01,3.934107519944272935e-02,6.709139744470503652e-01,-3.229465278421710800e-02,-2.672988261840170576e+00,-2.328794899327321297e-02,3.627213598775901993e+00,-1.837315093724990189e-01,6.690918087810882389e-03,-1.348594458709519162e-01,2.339967548478227161e-02,5.637445764189875641e-01,4.216242362093756274e-03,-4.767448449677928468e-01,2.836336285232635146e-02,5.135773709875034870e-02,-1.035145831323359911e+00,1.796097883686255670e-01,4.327155909936628575e+00,3.236277352901673759e-02,-3.659368727834955592e+00,2.177097542503065863e-01,0.000000000000000000e+00,0.000000000000000000e+00,0.000000000000000000e+00,0.000000000000000000e+00,0.000000000000000000e+00,0.000000000000000000e+00,0.000000000000000000e+00
2.080000000000000182e-01,3.934779180778918278e-02,6.707785971986897078e-01,-3.227116326400437246e-02,-2.672422352726122163e+00,-2.328371656234695664e-02,3.626735023434997096e+00,-1.837030371064860279e-01,6.742309933650982197e-03,-1.358952791843064944e-01,2.357940455924411802e-02,5.680746061674157854e-01,4.248626629043901308e-03,-4.804066440297602436e-01,2.858121719639147851e-02,5.142570850907519225e-02,-1.036515835650295703e+00,1.798474999835296129e-01,4.332882854044937559e+00,3.240560531022549512e-02,-3.664211862820659249e+00,2.179978907585295445e-01,0.000000000000000000e+00,0.000000000000000000e+00,0.000000000000000000e+00,0.000000000000000000e+00,0.000000000000000000e+00,0.000000000000000000e+00,0.000000000000000000e+00
2.089999999999999913e-01,3.935455984172126637e-02,6.706421834369701296e-01,-3.224749389672140060e-02,-2.671852110739573405e+00,-2.327945172589282463e-02,3.626252783890985931e+00,-1.836743468431031312e-01,6.793769013300237497e-03,-1.369324676351964254e-01,2.375936876576037471e-02,5.724103007132255172e-01,4.281053262980252100e-03,-4.840732336707637140e-01,2.879935655021162791e-02,5.149220533301902131e-02,-1.037856118808982098e+00,1.800800546315814155e-01,4.338485556597181159e+00,3.244750788956918958e-02,-3.668949929795310538e+00,2.182797763714295347e-01,0.000000000000000000e+00,0.000000000000000000e+00,0.000000000000000000e+00,0.000000000000000000e+00,0.000000000000000000e+00,0.000000000000000000e+00,0.000000000000000000e+00
2.099999999999999922e-01,3.936137936773610041e-02,6.705047318216023067e-01,-3.222364444981248160e-02,-2.671277530277795798e+00,-2.327515444200804404e-02,3.625766875405777689e+00,-1.836454383004635094e-01,6.845293854020124275e-03,-1.379709815396980288e-01,2.393956295382656391e-02,5.767515359705519540e-01,4.313521335865358811e-03,-4.877445089544564794e-01,2.901777467072468378e-02,5.155723126628706382e-02,-1.039166755288562394e+00,1.803074652375099285e-01,4.343964328975700617e+00,3.248848359587455659e-02,-3.673583192087257032e+00,2.185554267554107866e-01,0.000000000000000000e+00,0.000000000000000000e+00,0.000000000000000000e+00,0.000000000000000000e+00,0.000000000000000000e+00,0.000000000000000000e+00,0.000000000000000000e+00
2.109999999999999931e-01,3.936825045085993319e-02,6.703662410419434226e-01,-3.219961469586590797e-02,-2.670698605861990149e+00,-2.327082466971670469e-02,3.625277293346089724e+00,-1.836163112029154665e-01,6.896882986767821980e-03,-1.390107912883768448e-01,2.411998198586292816e-02,5.810981881649129877e-01,4.346029921990597102e-03,-4.914203652078200646e-01,2.923646533053494631e-02,5.162079000458449224e-02,-1.040447819578179667e+00,1.805297447260440780e-01,4.349319482562844286e+00,3.252853475796830401e-02,-3.678111913024845858e+00,2.188248575768776960e-01,0.000000000000000000e+00,0.000000000000000000e+00,0.000000000000000000e+00,0.000000000000000000e+00,0.000000000000000000e+00,0.000000000000000000e+00,0.000000000000000000e+00
2.119999999999999940e-01,3.937517315465181855e-02,6.702267098169232273e-01,-3.217540441260113154e-02,-2.670115332136977937e+00,-2.326646236896746586e-02,3.624784033183178433e+00,-1.835869652810267483e-01,6.948534946196208324e-03,-1.400518673462874675e-01,2.430062073721443727e-02,5.854501338332080973e-01,4.378578097976167267e-03,-4.951006980211642983e-01,2.945542231791308321e-02,5.168288524361657615e-02,-1.041699386166978103e+00,1.807469060219127899e-01,4.354551328740956073e+00,3.256766370467717442e-02,-3.682536355936427253e+00,2.190880845022344925e-01,0.000000000000000000e+00,0.000000000000000000e+00,0.000000000000000000e+00,0.000000000000000000e+00,0.000000000000000000e+00,0.000000000000000000e+00,0.000000000000000000e+00
2.129999999999999949e-01,3.938214754120730049e-02,6.700861368949687646e-01,-3.215101338285576010e-02,-2.669527703870886448e+00,-2.326206750063117973e-02,3.624287090492579022e+00,-1.835574002715693043e-01,7.000248270653867087e-03,-1.410941802529736278e-01,2.448147409615077444e-02,5.898072498237194594e-01,4.411164942771098572e-03,-4.987854032481271460e-01,2.967463943679617827e-02,5.174352067908850883e-02,-1.042921529544100778e+00,1.809589620498451012e-01,4.359660178892382554e+00,3.260587276482790342e-02,-3.686856784150349231e+00,2.193451231978855720e-01,0.000000000000000000e+00,0.000000000000000000e+00,0.000000000000000000e+00,0.000000000000000000e+00,0.000000000000000000e+00,0.000000000000000000e+00,0.000000000000000000e+00
2.139999999999999958e-01,3.938917367116211155e-02,6.699445210539305418e-01,-3.212644139457270648e-02,-2.668935715954839694e+00,-2.325764002649858414e-02,3.623786460953841271e+00,-1.835276159175029953e-01,7.052021502185098524e-03,-1.421377006224681661e-01,2.466253696386638480e-02,5.941694132961113928e-01,4.443789537653245782e-03,-5.024743770056750991e-01,2.989411050678774176e-02,5.180270000670551128e-02,-1.044114324198691435e+00,1.811659257345699381e-01,4.364646344399473854e+00,3.264316426724721276e-02,-3.691073460994960254e+00,2.195959893302352750e-01,0.000000000000000000e+00,0.000000000000000000e+00,0.000000000000000000e+00,0.000000000000000000e+00,0.000000000000000000e+00,0.000000000000000000e+00,0.000000000000000000e+00
2.149999999999999967e-01,3.939625160369589901e-02,6.698018611010075896e-01,-3.210168824078720590e-02,-2.668339363402646658e+00,-2.325317990927799894e-02,3.623282140350267078e+00,-1.834976119679604112e-01,7.103853186529895079e-03,-1.431823991432931431e-01,2.484380425448041996e-02,5.985365017214309136e-01,4.476450966229290895e-03,-5.061675156741032300e-01,3.011382936315768269e-02,5.186042692217276984e-02,-1.045277844619892926e+00,1.813678100008162264e-01,4.369510136644570331e+00,3.267954054076183112e-02,-3.695186649798609224e+00,2.198406985656877755e-01,0.000000000000000000e+00,0.000000000000000000e+00,0.000000000000000000e+00,0.000000000000000000e+00,0.000000000000000000e+00,0.000000000000000000e+00,0.000000000000000000e+00
2.159999999999999976e-01,3.940338139653588173e-02,6.696581558726732997e-01,-3.207675371961390964e-02,-2.667738641350488216e+00,-2.324868711259294590e-02,3.622774124568644893e+00,-1.834673881782310501e-01,7.155741873123963072e-03,-1.442282465784598677e-01,2.502527089503676916e-02,6.029083928821072913e-01,4.509148314434744016e-03,-5.098647158970347482e-01,3.033378985684229492e-02,5.191670512119554021e-02,-1.046412165296849217e+00,1.815646277733128922e-01,4.374251867010018557e+00,3.271500391419848719e-02,-3.699196613889643714e+00,2.200792665706475526e-01,0.000000000000000000e+00,0.000000000000000000e+00,0.000000000000000000e+00,0.000000000000000000e+00,0.000000000000000000e+00,0.000000000000000000e+00,0.000000000000000000e+00
2.169999999999999984e-01,3.941056310596056933e-02,6.695134042346008174e-01,-3.205163763423397177e-02,-2.667133545056609378e+00,-2.324416160097985545e-02,3.622262409598988597e+00,-1.834369443097456087e-01,7.207686115098707082e-03,-1.452752137654685083e-01,2.520693182550404199e-02,6.072849648719520488e-01,4.541880670533937278e-03,-5.135658745814212223e-01,3.055398585444427800e-02,5.197153829947901565e-02,-1.047517360718703827e+00,1.817563919767889447e-01,4.378871846878169549e+00,3.274955671638391658e-02,-3.703103616596412628e+00,2.203117090115187804e-01,0.000000000000000000e+00,0.000000000000000000e+00,0.000000000000000000e+00,0.000000000000000000e+00,0.000000000000000000e+00,0.000000000000000000e+00,0.000000000000000000e+00
2.179999999999999993e-01,3.941779678680343985e-02,6.693676050815886569e-01,-3.202633979288210808e-02,-2.666524069901003546e+00,-2.323960333988573865e-02,3.621746991534274152e+00,-1.834062801300603007e-01,7.259684469281242961e-03,-1.463232716163086200e-01,2.538878199877558570e-02,6.116660960961587401e-01,4.574647125120036122e-03,-5.172708888975423580e-01,3.077441123823276836e-02,5.202493015272843108e-02,-1.048593505374600277e+00,1.819431155359733376e-01,4.383370387631364551e+00,3.278320127614485491e-02,-3.706907921247264870e+00,2.205380415547059658e-01,0.000000000000000000e+00,0.000000000000000000e+00,0.000000000000000000e+00,0.000000000000000000e+00,0.000000000000000000e+00,0.000000000000000000e+00,0.000000000000000000e+00
2.190000000000000002e-01,3.942508249245665897e-02,6.692207573374856500e-01,-3.200086000883368975e-02,-2.665910211385103423e+00,-2.323501229566583837e-02,3.621227866570174925e+00,-1.833753954128412855e-01,7.311735496194386556e-03,-1.473723911174587842e-01,2.557081638066946438e-02,6.160516652713038388e-01,4.607446771115028886e-03,-5.209796562790065533e-01,3.099505990614326995e-02,5.207688437664896586e-02,-1.049640673753681641e+00,1.821248113755949416e-01,4.387747800651951025e+00,3.281593992230799617e-02,-3.710609791170548011e+00,2.207582798666132273e-01,0.000000000000000000e+00,0.000000000000000000e+00,0.000000000000000000e+00,0.000000000000000000e+00,0.000000000000000000e+00,0.000000000000000000e+00,0.000000000000000000e+00
2.200000000000000011e-01,3.943242027487477847e-02,6.690728599551174494e-01,-3.197519810039180232e-02,-2.665291965131471486e+00,-2.323038843558131519e-02,3.620705031004798347e+00,-1.833442899378489588e-01,7.363837760056666723e-03,-1.484225433298867747e-01,2.575302994992849717e-02,6.204415514253459607e-01,4.640278703769728542e-03,-5.246920744227504541e-01,3.121592577177770625e-02,5.212740466694586183e-02,-1.050658940345091885e+00,1.823014924203828213e-01,4.392004397322277320e+00,3.284777498370011761e-02,-3.714209489694611399e+00,2.209724396136450164e-01,0.000000000000000000e+00,0.000000000000000000e+00,0.000000000000000000e+00,0.000000000000000000e+00,0.000000000000000000e+00,0.000000000000000000e+00,0.000000000000000000e+00
2.210000000000000020e-01,3.943981018457835136e-02,6.689239119162112557e-01,-3.194935389087429772e-02,-2.664669326883483347e+00,-2.322573172779691247e-02,3.620178481238425228e+00,-1.833129634909222150e-01,7.415989828782307974e-03,-1.494736993890494747e-01,2.593541769822019574e-02,6.248356338976257529e-01,4.673142020663780503e-03,-5.284080412890389544e-01,3.143700276440439950e-02,5.217649471932434002e-02,-1.051648379637973862e+00,1.824731715950658750e-01,4.396140489024684683e+00,3.287870878914791323e-02,-3.717707280147803495e+00,2.211805364622055625e-01,0.000000000000000000e+00,0.000000000000000000e+00,0.000000000000000000e+00,0.000000000000000000e+00,0.000000000000000000e+00,0.000000000000000000e+00,0.000000000000000000e+00
2.220000000000000029e-01,3.944725227065778300e-02,6.687739122313212103e-01,-3.192332720860095036e-02,-2.664042292505023557e+00,-2.322104214137862832e-02,3.619648213773241086e+00,-1.832814158639629876e-01,7.468190273981244361e-03,-1.505258305048929046e-01,2.611797463013684067e-02,6.292337923388667820e-01,4.706035821705651344e-03,-5.321274551014651966e-01,3.165828482895809148e-02,5.222415822948959369e-02,-1.052609066121471981e+00,1.826398618243730565e-01,4.400156387141522352e+00,3.290874366747813945e-02,-3.721103425858472757e+00,2.213825860786992616e-01,0.000000000000000000e+00,0.000000000000000000e+00,0.000000000000000000e+00,0.000000000000000000e+00,0.000000000000000000e+00,0.000000000000000000e+00,0.000000000000000000e+00
2.230000000000000038e-01,3.945474658077686991e-02,6.686228599397552319e-01,-3.189711788688045363e-02,-2.663410857980166302e+00,-2.321631964629139802e-02,3.619114225213080793e+00,-1.832496468549202895e-01,7.520437670959116000e-03,-1.515789079618523327e-01,2.630069576319539817e-02,6.336359067111743126e-01,4.738959209132639211e-03,-5.358502143469511259e-01,3.187976592603991577e-02,5.227039889314686466e-02,-1.053541074284728873e+00,1.828015760330333195e-01,4.404052403055137788e+00,3.293788194751750414e-02,-3.724398190154968091e+00,2.215786041295303987e-01,0.000000000000000000e+00,0.000000000000000000e+00,0.000000000000000000e+00,0.000000000000000000e+00,0.000000000000000000e+00,0.000000000000000000e+00,0.000000000000000000e+00
2.240000000000000047e-01,3.946229316117658842e-02,6.684707541094984107e-01,-3.187072576399751361e-02,-2.662775019412869426e+00,-2.321156421339674175e-02,3.618576512263155909e+00,-1.832176562677748088e-01,7.572730598717270813e-03,-1.526329031188520258e-01,2.648357612783759640e-02,6.380418572880367512e-01,4.771911287510866885e-03,-5.395762177757466027e-01,3.210144003191740814e-02,5.231522040600135315e-02,-1.054444478616888947e+00,1.829583271457756177e-01,4.407828848147872236e+00,3.296612595809273599e-02,-3.727591836365637068e+00,2.217686062811032310e-01,0.000000000000000000e+00,0.000000000000000000e+00,0.000000000000000000e+00,0.000000000000000000e+00,0.000000000000000000e+00,0.000000000000000000e+00,0.000000000000000000e+00
2.250000000000000056e-01,3.946989205667875839e-02,6.683175938371405111e-01,-3.184415068319993575e-02,-2.662134773026663126e+00,-2.320677581445045393e-02,3.618035071729799768e+00,-1.831854439125230882e-01,7.625067639952754113e-03,-1.536877874093054708e-01,2.666661076742989078e-02,6.424515246543238689e-01,4.804891163735279178e-03,-5.433053644014298467e-01,3.232330113852451003e-02,5.235862646375827323e-02,-1.055319353607094612e+00,1.831101280873289050e-01,4.411486033802074935e+00,3.299347802803059143e-02,-3.730684627818828147e+00,2.219526081998222378e-01,0.000000000000000000e+00,0.000000000000000000e+00,0.000000000000000000e+00,0.000000000000000000e+00,0.000000000000000000e+00,0.000000000000000000e+00,0.000000000000000000e+00
2.260000000000000064e-01,3.947754331068974165e-02,6.681633782478001438e-01,-3.181739249268571851e-02,-2.661490115164335535e+00,-2.320195442210027173e-02,3.617489900520197921e+00,-1.831530096051618706e-01,7.677447381058323354e-03,-1.547435323411152641e-01,2.684979473826343624e-02,6.468647897062888008e-01,4.837897947029656809e-03,-5.470375535009078805e-01,3.254534325346156165e-02,5.240062076212283898e-02,-1.056165773744489833e+00,1.832569917824221351e-01,4.415024271400094236e+00,3.301994048615777833e-02,-3.733676827842891122e+00,2.221306255520915374e-01,0.000000000000000000e+00,0.000000000000000000e+00,0.000000000000000000e+00,0.000000000000000000e+00,0.000000000000000000e+00,0.000000000000000000e+00,0.000000000000000000e+00
2.270000000000000073e-01,3.948524696520415433e-02,6.680081064950510461e-01,-3.179045104559007767e-02,-2.660841042287623193e+00,-2.319710000988354712e-02,3.616940995642129675e+00,-1.831203531676724727e-01,7.729868412122437721e-03,-1.558001094966731948e-01,2.703312310955415659e-02,6.512815336515662690e-01,4.870930748946600795e-03,-5.507726846144154198e-01,3.276756039999533660e-02,5.244120699680027836e-02,-1.056983813518218129e+00,1.833989311557842894e-01,4.418443872324271382e+00,3.304551566130103230e-02,-3.736568699766173562e+00,2.223026740043156368e-01,0.000000000000000000e+00,0.000000000000000000e+00,0.000000000000000000e+00,0.000000000000000000e+00,0.000000000000000000e+00,0.000000000000000000e+00,0.000000000000000000e+00
2.280000000000000082e-01,3.949300306080852363e-02,6.678517777608474759e-01,-3.176332619997254691e-02,-2.660187550976898407e+00,-2.319221255222490494e-02,3.616388354203699418e+00,-1.830874744280051591e-01,7.782329326929261597e-03,-1.568574905328601610e-01,2.721659096344267170e-02,6.557016380091734709e-01,4.903988683367539389e-03,-5.545106575455159836e-01,3.298994661705897946e-02,5.248038886349580545e-02,-1.057773547417423021e+00,1.835359591321442663e-01,4.421745147956953836e+00,3.307020588228706814e-02,-3.739360506917023486e+00,2.224687692228987101e-01,0.000000000000000000e+00,0.000000000000000000e+00,0.000000000000000000e+00,0.000000000000000000e+00,0.000000000000000000e+00,0.000000000000000000e+00,0.000000000000000000e+00
2.290000000000000091e-01,3.950081163668504175e-02,6.676943912554489380e-01,-3.173601781880411310e-02,-2.659529637930861057e+00,-2.318729202443393228e-02,3.615831973413079492e+00,-1.830543732200634599e-01,7.834828722958668903e-03,-1.579156471810462536e-01,2.740019339499435297e-02,6.601249846095104123e-01,4.937070866502730679e-03,-5.582513723611013390e-01,3.321249595925204745e-02,5.251817005791462739e-02,-1.058535049931247807e+00,1.836680886362310750e-01,4.424928409680490837e+00,3.309401347794264231e-02,-3.742052512623790683e+00,2.226289268742451533e-01,0.000000000000000000e+00,0.000000000000000000e+00,0.000000000000000000e+00,0.000000000000000000e+00,0.000000000000000000e+00,0.000000000000000000e+00,0.000000000000000000e+00
2.300000000000000100e-01,3.950867273061520191e-02,6.675359462173469094e-01,-3.170852576995415728e-02,-2.658867299966221065e+00,-2.318233840270284354e-02,3.615271850578241963e+00,-1.830210493836883778e-01,7.887365201386236160e-03,-1.589745512470905897e-01,2.758392551219928518e-02,6.645514555943587975e-01,4.970176416891257387e-03,-5.619947293913916120e-01,3.343520249684053119e-02,5.255455427576194438e-02,-1.059268395548836228e+00,1.837953325927735859e-01,4.427993968877222741e+00,3.311694077709445572e-02,-3.744644980214823171e+00,2.227831626247592789e-01,0.000000000000000000e+00,0.000000000000000000e+00,0.000000000000000000e+00,0.000000000000000000e+00,0.000000000000000000e+00,0.000000000000000000e+00,0.000000000000000000e+00
2.310000000000000109e-01,3.951658637898353144e-02,6.673764419131895664e-01,-3.168084992617765938e-02,-2.658200534017395977e+00,-2.317735166410413508e-02,3.614707983106697053e+00,-1.829875027646428731e-01,7.939937367083238148e-03,-1.600341746113415620e-01,2.776778243597229773e-02,6.689809334168834720e-01,5.003304455401027737e-03,-5.657406292299353989e-01,3.365806031575676455e-02,5.258954521274300520e-02,-1.059973658759331583e+00,1.839177039265008640e-01,4.430942136929500563e+00,3.313899010856925093e-02,-3.747138173018468521e+00,2.229314921408453443e-01,0.000000000000000000e+00,0.000000000000000000e+00,0.000000000000000000e+00,0.000000000000000000e+00,0.000000000000000000e+00,0.000000000000000000e+00,0.000000000000000000e+00
2.320000000000000118e-01,3.952455261678127635e-02,6.672158776377072886e-01,-3.165299016510222246e-02,-2.657529337136190772e+00,-2.317233178658829190e-02,3.614140368505229794e+00,-1.829537332145960982e-01,7.992543828616667859e-03,-1.610944892286366170e-01,2.795175930015292298e-02,6.734133008416304245e-01,5.036454105228779787e-03,-5.694889727336089891e-01,3.388106351759954254e-02,5.262314656456301698e-02,-1.060650914051877169e+00,1.840352155621417796e-01,4.433773225219669101e+00,3.316016380119377049e-02,-3.749532354363076525e+00,2.230739310889077176e-01,0.000000000000000000e+00,0.000000000000000000e+00,0.000000000000000000e+00,0.000000000000000000e+00,0.000000000000000000e+00,0.000000000000000000e+00,0.000000000000000000e+00
2.330000000000000127e-01,3.953257147761009282e-02,6.670542527136389399e-01,-3.162494636921511088e-02,-2.656853706491490552e+00,-2.316727874898142150e-02,3.613569004379638017e+00,-1.829197405911077434e-01,8.045183198249213075e-03,-1.621554671283023663e-01,2.813585125150546221e-02,6.778484409445293402e-01,5.069624491900072763e-03,-5.732396610226178080e-01,3.410420621963403814e-02,5.265536202692717299e-02,-1.061300235915616952e+00,1.841478804244253420e-01,4.436487545130073151e+00,3.318046418379472229e-02,-3.751827787576994311e+00,2.232104951353507116e-01,0.000000000000000000e+00,0.000000000000000000e+00,0.000000000000000000e+00,0.000000000000000000e+00,0.000000000000000000e+00,0.000000000000000000e+00,0.000000000000000000e+00
2.340000000000000135e-01,3.954064299368575258e-02,6.668915664916561514e-01,-3.159671842585039941e-02,-2.656173639368949679e+00,-2.316219253098295017e-02,3.612993888434464562e+00,-1.828855247576126053e-01,8.097854091939271984e-03,-1.632170804141546416e-01,2.832005344971889882e-02,6.822862371128914916e-01,5.102814743269304398e-03,-5.769925954804954182e-01,3.432748255479184385e-02,5.268619529554070119e-02,-1.061921698839694006e+00,1.842557114380803940e-01,4.439085408043057512e+00,3.319989358519885581e-02,-3.754024735988571670e+00,2.233411999465786668e-01,0.000000000000000000e+00,0.000000000000000000e+00,0.000000000000000000e+00,0.000000000000000000e+00,0.000000000000000000e+00,0.000000000000000000e+00,0.000000000000000000e+00
2.350000000000000144e-01,3.954876719584182743e-02,6.667278183502898248e-01,-3.156830622717599760e-02,-2.655489133170679583e+00,-2.315707311316328454e-02,3.612415018472741046e+00,-1.828510855834044324e-01,8.150555129340946239e-03,-1.642793012644983008e-01,2.850436106740698861e-02,6.867265730454105155e-01,5.136023989519683183e-03,-5.807476777541037416e-01,3.455088667167093008e-02,5.271565006610882953e-02,-1.062515377313252074e+00,1.843587215278360003e-01,4.441567125340972311e+00,3.321845433423287891e-02,-3.756123462926156620e+00,2.234660611889958404e-01,0.000000000000000000e+00,0.000000000000000000e+00,0.000000000000000000e+00,0.000000000000000000e+00,0.000000000000000000e+00,0.000000000000000000e+00,0.000000000000000000e+00
2.360000000000000153e-01,3.955694411353340850e-02,6.665630076958555250e-01,-3.153970967018072252e-02,-2.654800185414937452e+00,-2.315192047696147323e-02,3.611832392395717406e+00,-1.828164229436207711e-01,8.203284933804042695e-03,-1.653421019321273944e-01,2.868876929010817645e-02,6.911693327521627461e-01,5.169251363163254384e-03,-5.845048097536326148e-01,3.477441273453570070e-02,5.274373003433677209e-02,-1.063081345825434454e+00,1.844569236184211147e-01,4.443933008406160567e+00,3.323614875972354110e-02,-3.758124231718097619e+00,2.235850945290066560e-01,0.000000000000000000e+00,0.000000000000000000e+00,0.000000000000000000e+00,0.000000000000000000e+00,0.000000000000000000e+00,0.000000000000000000e+00,0.000000000000000000e+00
2.370000000000000162e-01,3.956517377484077003e-02,6.663971339623783186e-01,-3.151092865666142717e-02,-2.654106793735814041e+00,-2.314673460468290311e-02,3.611246008202603441e+00,-1.827815367192269225e-01,8.256042132374075138e-03,-1.664054547443250820e-01,2.887327331628568652e-02,6.956144005546061049e-01,5.202495999040891370e-03,-5.882638936526007889e-01,3.499805492331695134e-02,5.277043889592970827e-02,-1.063619678865385110e+00,1.845503306345646077e-01,4.446183368620969745e+00,3.325297919049755718e-02,-3.760027305692743571e+00,2.236983156330153433e-01,0.000000000000000000e+00,0.000000000000000000e+00,0.000000000000000000e+00,0.000000000000000000e+00,0.000000000000000000e+00,0.000000000000000000e+00,0.000000000000000000e+00
2.380000000000000171e-01,3.957345620647307466e-02,6.662301966115189433e-01,-3.148196309321001085e-02,-2.653408955882922360e+00,-2.314151547949695048e-02,3.610655863990302805e+00,-1.827464267970004830e-01,8.308825355792259088e-03,-1.674693321028637716e-01,2.905786835732741130e-02,7.000616610855819877e-01,5.235757034322286070e-03,-5.920248318878551519e-01,3.522180743361186250e-02,5.279578034659291458e-02,-1.064130450922246895e+00,1.846389555009955441e-01,4.448318517367745528e+00,3.326894795538165583e-02,-3.761832948178442937e+00,2.238057401674262703e-01,0.000000000000000000e+00,0.000000000000000000e+00,0.000000000000000000e+00,0.000000000000000000e+00,0.000000000000000000e+00,0.000000000000000000e+00,0.000000000000000000e+00
2.390000000000000180e-01,3.958179143377207193e-02,6.660621951324992018e-01,-3.145281289120052670e-02,-2.652706669721088595e+00,-2.313626308543465307e-02,3.610061957953151879e+00,-1.827110930695156066e-01,8.361633238495520468e-03,-1.685337064840049248e-01,2.924254963754601561e-02,7.045109992893130446e-01,5.269033608505966325e-03,-5.957875271595708400e-01,3.544566447668406894e-02,5.281975808203156347e-02,-1.064613736485163331e+00,1.847228111424427666e-01,4.450338766028831827e+00,3.328405738320258656e-02,-3.763541422503542844e+00,2.239073837986436388e-01,0.000000000000000000e+00,0.000000000000000000e+00,0.000000000000000000e+00,0.000000000000000000e+00,0.000000000000000000e+00,0.000000000000000000e+00,0.000000000000000000e+00
2.399999999999999911e-01,3.959017948071582443e-02,6.658931290420272431e-01,-3.142347796677625454e-02,-2.651999933230037243e+00,-2.313097740738638552e-02,3.609464288382653319e+00,-1.826755354351274063e-01,8.414464418616481728e-03,-1.695985504384991405e-01,2.942731239417887071e-02,7.089623004214049562e-01,5.302324863419278535e-03,-5.995518824312514594e-01,3.566962027946354863e-02,5.284237579795088291e-02,-1.065069610043277937e+00,1.848019104836353121e-01,4.452244425986578769e+00,3.329830980278705721e-02,-3.765152991996393972e+00,2.240032621930719281e-01,0.000000000000000000e+00,0.000000000000000000e+00,0.000000000000000000e+00,0.000000000000000000e+00,0.000000000000000000e+00,0.000000000000000000e+00,0.000000000000000000e+00
2.409999999999999920e-01,3.959862036992235074e-02,6.657229978842235107e-01,-3.139395824083678066e-02,-2.651288744504084249e+00,-2.312565843109954181e-02,3.608862853667216264e+00,-1.826397537979560781e-01,8.467317537983482661e-03,-1.706638365915862099e-01,2.961215187738809942e-02,7.134154500488456563e-01,5.335629943218402407e-03,-6.033178009297287536e-01,3.589366908454674071e-02,5.286363719005606615e-02,-1.065498146085734676e+00,1.848762664493021068e-01,4.454035808623328485e+00,3.331170754296180342e-02,-3.766667919985344337e+00,2.240933910171153676e-01,0.000000000000000000e+00,0.000000000000000000e+00,0.000000000000000000e+00,0.000000000000000000e+00,0.000000000000000000e+00,0.000000000000000000e+00,0.000000000000000000e+00
2.419999999999999929e-01,3.960711412265333770e-02,6.655518012305455811e-01,-3.136425363902507063e-02,-2.650573101751818594e+00,-2.312030614317618638e-02,3.608257652291891660e+00,-1.826037480678716074e-01,8.520191242120557854e-03,-1.717295376429951448e-01,2.979706335026054490e-02,7.178703340500055541e-01,5.368947994388341416e-03,-6.070851861451636022e-01,3.611780515019645532e-02,5.288354595405236891e-02,-1.065899419101676626e+00,1.849458919641719934e-01,4.455713225321428439e+00,3.332425293255357468e-02,-3.768086469798739735e+00,2.241777859371782700e-01,0.000000000000000000e+00,0.000000000000000000e+00,0.000000000000000000e+00,0.000000000000000000e+00,0.000000000000000000e+00,0.000000000000000000e+00,0.000000000000000000e+00
2.429999999999999938e-01,3.961566075881787358e-02,6.653795386797142219e-01,-3.133436409171451442e-02,-2.649853003295799869e+00,-2.311492053107073313e-02,3.607648682838106247e+00,-1.825675181604776987e-01,8.573084180247452293e-03,-1.727956263669438164e-01,2.998204208880775670e-02,7.223268386146364239e-01,5.402278165742923667e-03,-6.108539418310439117e-01,3.634202275034190827e-02,5.290210578564499833e-02,-1.066273503580247306e+00,1.850107999529741198e-01,4.457276987463226980e+00,3.333594830038905804e-02,-3.769408904764932622e+00,2.242564626196650313e-01,0.000000000000000000e+00,0.000000000000000000e+00,0.000000000000000000e+00,0.000000000000000000e+00,0.000000000000000000e+00,0.000000000000000000e+00,0.000000000000000000e+00
2.439999999999999947e-01,3.962426029697609792e-02,6.652062098576387861e-01,-3.130428953399606168e-02,-2.649128447572238088e+00,-2.310950158308761743e-02,3.607035943983403214e+00,-1.825310639970963988e-01,8.625995005279614436e-03,-1.738620756121395106e-01,3.016708338196604292e-02,7.267848502438738478e-01,5.435619608424808839e-03,-6.146239720041871690e-01,3.656631617457872796e-02,5.291932038053914766e-02,-1.066620474010590680e+00,1.850710033404373289e-01,4.458727406431067131e+00,3.334679597529500994e-02,-3.770635488212269237e+00,2.243294367309798809e-01,0.000000000000000000e+00,0.000000000000000000e+00,0.000000000000000000e+00,0.000000000000000000e+00,0.000000000000000000e+00,0.000000000000000000e+00,0.000000000000000000e+00
2.449999999999999956e-01,3.963291275434289995e-02,6.650318144173426038e-01,-3.127402990566523905e-02,-2.648399433130689484e+00,-2.310404928837897845e-02,3.606419434501177967e+00,-1.824943855047522490e-01,8.678922373828197936e-03,-1.749288583017785670e-01,3.035218253159642499e-02,7.312442557502347729e-01,5.468971475905480377e-03,-6.183951809447382209e-01,3.679067972816894155e-02,5.293519343444003100e-02,-1.066940404881849380e+00,1.851265150512905466e-01,4.460064793607295464e+00,3.335679828609817987e-02,-3.771766483469098485e+00,2.243967239375271316e-01,0.000000000000000000e+00,0.000000000000000000e+00,0.000000000000000000e+00,0.000000000000000000e+00,0.000000000000000000e+00,0.000000000000000000e+00,0.000000000000000000e+00
2.459999999999999964e-01,3.964161814679165174e-02,6.648563520388885983e-01,-3.124358515120925772e-02,-2.647665958633741212e+00,-2.309856363694229656e-02,3.605799153260413448e+00,-1.824574826161568242e-01,8.731864946200063385e-03,-1.759959474335465734e-01,3.053733485248466550e-02,7.357049422576187325e-01,5.502332923985247225e-03,-6.221674731961712723e-01,3.701510773204099575e-02,5.294972864305287630e-02,-1.067233370683167371e+00,1.851773480102628100e-01,4.461289460374259441e+00,3.336595756162524795e-02,-3.772802153863768382e+00,2.244583399057112350e-01,0.000000000000000000e+00,0.000000000000000000e+00,0.000000000000000000e+00,0.000000000000000000e+00,0.000000000000000000e+00,0.000000000000000000e+00,0.000000000000000000e+00
2.469999999999999973e-01,3.965037648885787191e-02,6.646798224293049007e-01,-3.121295521979408627e-02,-2.646928022856699148e+00,-2.309304461961812077e-02,3.605175099225415902e+00,-1.824203552696927744e-01,8.784821386397778306e-03,-1.770633160796180328e-01,3.072253567234123697e-02,7.401667972013077357e-01,5.535703110793247297e-03,-6.259407535652879995e-01,3.723959452278971516e-02,5.296292970208291151e-02,-1.067499445903687949e+00,1.852235151420830173e-01,4.462401718114302085e+00,3.337427613070299143e-02,-3.773742762724628719e+00,2.245143003019363093e-01,0.000000000000000000e+00,0.000000000000000000e+00,0.000000000000000000e+00,0.000000000000000000e+00,0.000000000000000000e+00,0.000000000000000000e+00,0.000000000000000000e+00
2.479999999999999982e-01,3.965918779374291714e-02,6.645022253225099096e-01,-3.118214006525151655e-02,-2.646185624687280580e+00,-2.308749222808767140e-02,3.604547271455555979e+00,-1.823830034093983643e-01,8.837790362119605017e-03,-1.781309373866567236e-01,3.090778033180135997e-02,7.446297083279658224e-01,5.569081196787446612e-03,-6.297149271222186595e-01,3.746413445267634396e-02,5.297480030723535072e-02,-1.067738705032554636e+00,1.852650293714801777e-01,4.463401878209772633e+00,3.338175632215810429e-02,-3.774588573380026624e+00,2.245646207926068616e-01,0.000000000000000000e+00,0.000000000000000000e+00,0.000000000000000000e+00,0.000000000000000000e+00,0.000000000000000000e+00,0.000000000000000000e+00,0.000000000000000000e+00
2.489999999999999991e-01,3.966805207331770139e-02,6.643235604792383509e-01,-3.115113964606624000e-02,-2.645438763125299797e+00,-2.308190645487057796e-02,3.603915669105000497e+00,-1.823454269849518472e-01,8.890770544759523178e-03,-1.791987845758156450e-01,3.109306418442496500e-02,7.490935636956398413e-01,5.602466344754632351e-03,-6.334898992004222018e-01,3.768872188962854586e-02,5.298534415421536636e-02,-1.067951222558910951e+00,1.853019036231831063e-01,4.464290252043016771e+00,3.338840046481734297e-02,-3.775339849158311445e+00,2.246093170441270659e-01,0.000000000000000000e+00,0.000000000000000000e+00,0.000000000000000000e+00,0.000000000000000000e+00,0.000000000000000000e+00,0.000000000000000000e+00,0.000000000000000000e+00
2.500000000000000000e-01,3.967696933812638743e-02,6.641438276869665591e-01,-3.111995392536292745e-02,-2.644687437282355891e+00,-2.307628729332249565e-02,3.603280291422452208e+00,-1.823076259516557274e-01,8.943760609407214179e-03,-1.802668309427367943e-01,3.127838259669673410e-02,7.535582516737584502e-01,5.635857719810423265e-03,-6.372655753966857128e-01,3.791335121724035556e-02,5.299456493872822804e-02,-1.068137072971900636e+00,1.853341508219209233e-01,4.465067150996378409e+00,3.339421088750741534e-02,-3.775996853387831642e+00,2.246484047229013736e-01,0.000000000000000000e+00,0.000000000000000000e+00,0.000000000000000000e+00,0.000000000000000000e+00,0.000000000000000000e+00,0.000000000000000000e+00,0.000000000000000000e+00
2.510000000000000009e-01,3.968593959739007831e-02,6.639630267598378710e-01,-3.108858287089330541e-02,-2.643931646381525447e+00,-2.307063473763280859e-02,3.602641137750883793e+00,-1.822696002704209117e-01,8.996759234848059408e-03,-1.813350498575514169e-01,3.146373094802606268e-02,7.580236609431333372e-01,5.669254489399267079e-03,-6.410418615711244161e-01,3.813801683477223425e-02,5.300246635647912208e-02,-1.068296330760666990e+00,1.853617838924224992e-01,4.465732886452204120e+00,3.339918991905505702e-02,-3.776559849396934787e+00,2.246818994953340143e-01,0.000000000000000000e+00,0.000000000000000000e+00,0.000000000000000000e+00,0.000000000000000000e+00,0.000000000000000000e+00,0.000000000000000000e+00,0.000000000000000000e+00
2.520000000000000018e-01,3.969496285901047417e-02,6.637811575385880181e-01,-3.105702645502322196e-02,-2.643171389757045464e+00,-2.306494878282228447e-02,3.601998207527278950e+00,-1.822313499077514165e-01,9.049765103563152391e-03,-1.824034147648797566e-01,3.164910463074707692e-02,7.624896804959578889e-01,5.702655823294430076e-03,-6.448186638471822274e-01,3.836271315715104879e-02,5.300905210317326949e-02,-1.068429070414353310e+00,1.853848157594167601e-01,4.466287769792844031e+00,3.340333988828701056e-02,-3.777029100513970672e+00,2.247098170278292728e-01,0.000000000000000000e+00,0.000000000000000000e+00,0.000000000000000000e+00,0.000000000000000000e+00,0.000000000000000000e+00,0.000000000000000000e+00,0.000000000000000000e+00
2.530000000000000027e-01,3.970403912957364695e-02,6.635982198904716300e-01,-3.102528465471973695e-02,-2.642406666854007380e+00,-2.305922942474077433e-02,3.601351500282363283e+00,-1.821928748357282968e-01,9.102776901729288384e-03,-1.834718991838314162e-01,3.183449905011863368e-02,7.669561996358079670e-01,5.736060893598010114e-03,-6.485958886116311994e-01,3.858743461497004396e-02,5.301432587451591211e-02,-1.068535366422103339e+00,1.854032593476327706e-01,4.466732112400638499e+00,3.340666312402999077e-02,-3.777404870067288201e+00,2.247321729867915729e-01,0.000000000000000000e+00,0.000000000000000000e+00,0.000000000000000000e+00,0.000000000000000000e+00,0.000000000000000000e+00,0.000000000000000000e+00,0.000000000000000000e+00
2.540000000000000036e-01,3.971316841435366257e-02,6.634142137091861846e-01,-3.099335745153818447e-02,-2.641637477228043096e+00,-2.305347666006483942e-02,3.600701015640345837e+00,-1.821541750319944086e-01,9.155793319218971313e-03,-1.845404767080050246e-01,3.201990962432433446e-02,7.714231079776424638e-01,5.769468874740935754e-03,-6.523734425145717442e-01,3.881217565448891876e-02,5.301829136621222238e-02,-1.068615293273060152e+00,1.854171275817993458e-01,4.467066225657934986e+00,3.340916195511073328e-02,-3.777687421385233613e+00,2.247489830386251164e-01,0.000000000000000000e+00,0.000000000000000000e+00,0.000000000000000000e+00,0.000000000000000000e+00,0.000000000000000000e+00,0.000000000000000000e+00,0.000000000000000000e+00
2.550000000000000044e-01,3.972235071731633482e-02,6.632291389147986216e-01,-3.096124483160925256e-02,-2.640863820545013230e+00,-2.304769048629545097e-02,3.600046753318653092e+00,-1.821152504797383109e-01,9.208813049600401632e-03,-1.856091210054883200e-01,3.220533178447246292e-02,7.758902954478014147e-01,5.802878943482952384e-03,-6.561512324694326326e-01,3.903693073763372240e-02,5.302095227396744215e-02,-1.068668925456367935e+00,1.854264333866455783e-01,4.467290420947082730e+00,3.341083871035596675e-02,-3.777877017796157144e+00,2.247602628497343547e-01,0.000000000000000000e+00,0.000000000000000000e+00,0.000000000000000000e+00,0.000000000000000000e+00,0.000000000000000000e+00,0.000000000000000000e+00,0.000000000000000000e+00
2.560000000000000053e-01,3.973158604112287523e-02,6.630429954536707360e-01,-3.092894678562605609e-02,-2.640085696580695807e+00,-2.304187090175566568e-02,3.599388713127666950e+00,-1.820761011676788887e-01,9.261834790137490198e-03,-1.866778058188582612e-01,3.239076097459608200e-02,7.803576522840078855e-01,5.836290278912642168e-03,-6.599291656529711059e-01,3.926169434199694441e-02,5.302231229348676467e-02,-1.068696337461169765e+00,1.854311896869002829e-01,4.467405009650424752e+00,3.341169571859242682e-02,-3.777973922628407699e+00,2.247660280865234894e-01,0.000000000000000000e+00,0.000000000000000000e+00,0.000000000000000000e+00,0.000000000000000000e+00,0.000000000000000000e+00,0.000000000000000000e+00,0.000000000000000000e+00
2.570000000000000062e-01,3.974087438713361231e-02,6.628557832983841269e-01,-3.089646330883122696e-02,-2.639303105220476731e+00,-2.303601790558828730e-02,3.598726894970460499e+00,-1.820367270900496715e-01,9.314857241789863476e-03,-1.877465049651808604e-01,3.257619265165297845e-02,7.848250690353676395e-01,5.869702062447411904e-03,-6.637071495052724313e-01,3.948646096083745227e-02,5.302237512047543178e-02,-1.068697603776609162e+00,1.854314094072924690e-01,4.467410303150305850e+00,3.341173530864682134e-02,-3.777978399210332405e+00,2.247662944153969167e-01,0.000000000000000000e+00,0.000000000000000000e+00,0.000000000000000000e+00,0.000000000000000000e+00,0.000000000000000000e+00,0.000000000000000000e+00,0.000000000000000000e+00
2.580000000000000071e-01,3.975021575541167612e-02,6.626675024476663678e-01,-3.086379440100395916e-02,-2.638516046459036701e+00,-2.303013149775351778e-02,3.598061298842535560e+00,-1.819971282465829288e-01,9.367879109212834052e-03,-1.888151923360114059e-01,3.276162228552562811e-02,7.892924365623682492e-01,5.903113477833485216e-03,-6.674850917297512343e-01,3.971122510308056769e-02,5.302114445063865061e-02,-1.068672798891829423e+00,1.854271054725510903e-01,4.467306612829076151e+00,3.341095980934589288e-02,-3.777890710870279722e+00,2.247610775027589214e-01,0.000000000000000000e+00,0.000000000000000000e+00,0.000000000000000000e+00,0.000000000000000000e+00,0.000000000000000000e+00,0.000000000000000000e+00,0.000000000000000000e+00
2.590000000000000080e-01,3.975961014472670363e-02,6.624781529263160662e-01,-3.083094006644710589e-02,-2.637724520400039907e+00,-2.302421167902666752e-02,3.597391924831557564e+00,-1.819573046424943497e-01,9.420899100757433586e-03,-1.898838418973941844e-01,3.294704535902127918e-02,7.937596460368795404e-01,5.936523711145926842e-03,-6.712629002931487232e-01,3.993598129331794172e-02,5.301862397968162832e-02,-1.068621997295974069e+00,1.854182908074051284e-01,4.467094250069079564e+00,3.340937154951639093e-02,-3.777711120936599887e+00,2.247503930150138163e-01,0.000000000000000000e+00,0.000000000000000000e+00,0.000000000000000000e+00,0.000000000000000000e+00,0.000000000000000000e+00,0.000000000000000000e+00,0.000000000000000000e+00
2.600000000000000089e-01,3.976905755255853714e-02,6.622877347851287011e-01,-3.079790031397427325e-02,-2.636928527255823163e+00,-2.301825845099580992e-02,3.596718773117095758e+00,-1.819172562884670830e-01,9.473915928470395473e-03,-1.909524276898627304e-01,3.313245736787188978e-02,7.982265889421542582e-01,5.969931950788618345e-03,-6.750404834255357978e-01,4.016072407180770049e-02,5.301481740330957204e-02,-1.068545273478186619e+00,1.854049783365835091e-01,4.466773526252659110e+00,3.340697285798500948e-02,-3.777439892737639138e+00,2.247342566185658863e-01,0.000000000000000000e+00,0.000000000000000000e+00,0.000000000000000000e+00,0.000000000000000000e+00,0.000000000000000000e+00,0.000000000000000000e+00,0.000000000000000000e+00
2.610000000000000098e-01,3.977855797510090885e-02,6.620962481008217937e-01,-3.076467515689684101e-02,-2.636128067347083714e+00,-2.301227181605942917e-02,3.596041843970354979e+00,-1.818769832006361664e-01,9.526928308094149631e-03,-1.920209238284396325e-01,3.331785382073412100e-02,8.026931570728268461e-01,6.003337387494270261e-03,-6.788177496203116057e-01,4.038544799447431333e-02,5.300972841722773748e-02,-1.068442701927610816e+00,1.853871809848151864e-01,4.466344752762169357e+00,3.340376606357851885e-02,-3.777077289601748156e+00,2.247126839798196107e-01,0.000000000000000000e+00,0.000000000000000000e+00,0.000000000000000000e+00,0.000000000000000000e+00,0.000000000000000000e+00,0.000000000000000000e+00,0.000000000000000000e+00
2.620000000000000107e-01,3.978811140726513929e-02,6.619036929759607446e-01,-3.073126461301108406e-02,-2.635323141102570155e+00,-2.300625177742413735e-02,3.595361137753918079e+00,-1.818364854005730114e-01,9.579934959066848527e-03,-1.930893045026367272e-01,3.350323023918944099e-02,8.071592425349146671e-01,6.036739214324426429e-03,-6.825946076342033209e-01,4.061014763290870383e-02,5.300336071714130404e-02,-1.068314357133389736e+00,1.853649116768291139e-01,4.465808240979945332e+00,3.339975349512359221e-02,-3.776623574857272736e+00,2.246856907651789692e-01,0.000000000000000000e+00,0.000000000000000000e+00,0.000000000000000000e+00,0.000000000000000000e+00,0.000000000000000000e+00,0.000000000000000000e+00,0.000000000000000000e+00
2.630000000000000115e-01,3.979771784268382878e-02,6.617100695388841158e-01,-3.069766870458523825e-02,-2.634513749058768006e+00,-2.300019833910230127e-02,3.594676654921476811e+00,-1.817957629152695265e-01,9.632934604522332481e-03,-1.941575439764549327e-01,3.368858215774396536e-02,8.116247377458168932e-01,6.070136626669444917e-03,-6.863709664872661431e-01,4.083481757436818044e-02,5.299571799875548578e-02,-1.068160313584667120e+00,1.853381833373542731e-01,4.465164302288341602e+00,3.339493748144702068e-02,-3.776079011832565335e+00,2.246532926410486630e-01,0.000000000000000000e+00,0.000000000000000000e+00,0.000000000000000000e+00,0.000000000000000000e+00,0.000000000000000000e+00,0.000000000000000000e+00,0.000000000000000000e+00
2.640000000000000124e-01,3.980737727371457674e-02,6.615153779436292458e-01,-3.066388745834656288e-02,-2.633699891859589748e+00,-2.299411150590974576e-02,3.593988396017572473e+00,-1.817548157771224637e-01,9.685925971290159156e-03,-1.952256165883842765e-01,3.387390512382855434e-02,8.160895354343156161e-01,6.103528822248521432e-03,-6.901467354628845197e-01,4.105945242177644339e-02,5.298680395777552454e-02,-1.067980645770586712e+00,1.853070088911195623e-01,4.464413248069701190e+00,3.338932035137548437e-02,-3.775443863855970861e+00,2.246155052738328384e-01,0.000000000000000000e+00,0.000000000000000000e+00,0.000000000000000000e+00,0.000000000000000000e+00,0.000000000000000000e+00,0.000000000000000000e+00,0.000000000000000000e+00
2.650000000000000133e-01,3.981708969144364535e-02,6.613196183698578645e-01,-3.062992090546842738e-02,-2.632881570256063508e+00,-2.298799128346340481e-02,3.593296361677331241e+00,-1.817136440239179584e-01,9.738907789895586212e-03,-1.962934967514040063e-01,3.405919469779885439e-02,8.205535286405747364e-01,6.136915001109672849e-03,-6.939218241077702576e-01,4.128404679372361247e-02,5.297662228990662053e-02,-1.067775428180291364e+00,1.852714012628539630e-01,4.463555389706368892e+00,3.338290443373573974e-02,-3.774718394255839549e+00,2.245723443299358357e-01,0.000000000000000000e+00,0.000000000000000000e+00,0.000000000000000000e+00,0.000000000000000000e+00,0.000000000000000000e+00,0.000000000000000000e+00,0.000000000000000000e+00
2.660000000000000142e-01,3.982685508568967886e-02,6.611227910227810423e-01,-3.059576908155738420e-02,-2.632058785106021759e+00,-2.298183767817899709e-02,3.592600552626199928e+00,-1.816722476988155976e-01,9.791878794559578242e-03,-1.973611589529825072e-01,3.424444645293517331e-02,8.250166107161409634e-01,6.170294365629746744e-03,-6.976961422319644113e-01,4.150859532446622702e-02,5.296517669085398089e-02,-1.067544735302925041e+00,1.852313733772864568e-01,4.462591038580691283e+00,3.337569205735451544e-02,-3.773902866360518971e+00,2.245238254757618845e-01,0.000000000000000000e+00,0.000000000000000000e+00,0.000000000000000000e+00,0.000000000000000000e+00,0.000000000000000000e+00,0.000000000000000000e+00,0.000000000000000000e+00
2.670000000000000151e-01,3.983667344500738117e-02,6.609248961330859151e-01,-3.056143202664024505e-02,-2.631231537373790452e+00,-2.297565069726871523e-02,3.591900969679685751e+00,-1.816306268503329602e-01,9.844837723198801571e-03,-1.984285777550772178e-01,3.442965597544257045e-02,8.294786753239429267e-01,6.203666120514409257e-03,-7.014695999088356171e-01,4.173309266392718347e-02,5.295247085632284745e-02,-1.067288641627631041e+00,1.851869381591459418e-01,4.461520506075018488e+00,3.336768555105853323e-02,-3.772997543498359807e+00,2.244699643777153808e-01,0.000000000000000000e+00,0.000000000000000000e+00,0.000000000000000000e+00,0.000000000000000000e+00,0.000000000000000000e+00,0.000000000000000000e+00,0.000000000000000000e+00
2.680000000000000160e-01,3.984654475669122814e-02,6.607259339568595236e-01,-3.052690978515114686e-02,-2.630399828129875939e+00,-2.296943034873885972e-02,3.591197613743088990e+00,-1.815887815323298238e-01,9.897783317425634664e-03,-1.994957277941348250e-01,3.461481886445084977e-02,8.339396164382918419e-01,6.237029472798168508e-03,-7.052421074750817587e-01,4.195753347769583252e-02,5.293850848201839265e-02,-1.067007221643553105e+00,1.851381085331614273e-01,4.460344103571689978e+00,3.335888724367452873e-02,-3.772002688997707409e+00,2.244107767022006650e-01,0.000000000000000000e+00,0.000000000000000000e+00,0.000000000000000000e+00,0.000000000000000000e+00,0.000000000000000000e+00,0.000000000000000000e+00,0.000000000000000000e+00
2.690000000000000169e-01,3.985646900677915910e-02,6.605259047755157598e-01,-3.049220240591863501e-02,-2.629563658550653216e+00,-2.296317664138755599e-02,3.590490485811241861e+00,-1.815467118039925387e-01,9.950714322548149041e-03,-2.005625837810911249e-01,3.479993073201451820e-02,8.383993283448811784e-01,6.270383631844339035e-03,-7.090135755307278576e-01,4.218191244702789583e-02,5.292329326364588610e-02,-1.066700549839834311e+00,1.850848974240618117e-01,4.459062142453055877e+00,3.334929946402921674e-02,-3.770918566186912013e+00,2.243462781156221331e-01,0.000000000000000000e+00,0.000000000000000000e+00,0.000000000000000000e+00,0.000000000000000000e+00,0.000000000000000000e+00,0.000000000000000000e+00,0.000000000000000000e+00
2.700000000000000178e-01,3.986644618005625446e-02,6.603248088957204276e-01,-3.045730994215274656e-02,-2.628723029918059506e+00,-2.295688958480237782e-02,3.589779586968246061e+00,-1.815044177298184569e-01,1.000362948757013877e-02,-2.016291205013710230e-01,3.498498720311284116e-02,8.428577056407869916e-01,6.303727809345079959e-03,-7.127839149391281826e-01,4.240622426884552154e-02,5.290682889691051410e-02,-1.066368700705618622e+00,1.850273177565761040e-01,4.457674934101462760e+00,3.333892454094934676e-02,-3.769745438394322967e+00,2.242764842843839312e-01,0.000000000000000000e+00,0.000000000000000000e+00,0.000000000000000000e+00,0.000000000000000000e+00,0.000000000000000000e+00,0.000000000000000000e+00,0.000000000000000000e+00
2.710000000000000187e-01,3.987647626005845491e-02,6.601226466493161915e-01,-3.042223245143207272e-02,-2.627877943619275847e+00,-2.295056918935806795e-02,3.589064918387206760e+00,-1.814618993796000279e-01,1.005652756519108577e-02,-2.026953128148885619e-01,3.516998391564978010e-02,8.473146432344672574e-01,6.337061219321368094e-03,-7.165530368269651396e-01,4.263046365573724267e-02,5.288911907751747687e-02,-1.066011748730048891e+00,1.849653824554332027e-01,4.456182789899253649e+00,3.332776480326164054e-02,-3.768483568948286511e+00,2.242014108748903445e-01,0.000000000000000000e+00,0.000000000000000000e+00,0.000000000000000000e+00,0.000000000000000000e+00,0.000000000000000000e+00,0.000000000000000000e+00,0.000000000000000000e+00
2.720000000000000195e-01,3.988655922907625995e-02,6.599194183932488578e-01,-3.038696999569083512e-02,-2.627028401146421110e+00,-2.294421546621415453e-02,3.588346481329971915e+00,-1.814191568284093392e-01,1.010940731180618932e-02,-2.037611356560470321e-01,3.535491652045406191e-02,8.517700363457625379e-01,6.370383078123009225e-03,-7.203208525842497156e-01,4.285462533595802564e-02,5.287016750117200237e-02,-1.065629768402269084e+00,1.848991044453620891e-01,4.454586021228775117e+00,3.331582257979281286e-02,-3.767133221177152436e+00,2.241210735535458520e-01,0.000000000000000000e+00,0.000000000000000000e+00,0.000000000000000000e+00,0.000000000000000000e+00,0.000000000000000000e+00,0.000000000000000000e+00,0.000000000000000000e+00
2.730000000000000204e-01,3.989669506815839151e-02,6.597151245094927674e-01,-3.035152264120596910e-02,-2.626174404096238479e+00,-2.293782842731267868e-02,3.587624277146866714e+00,-1.813761901565825452e-01,1.016226748750634519e-02,-2.048265640337387783e-01,3.553978068127911644e-02,8.562237805058960927e-01,6.403692604428636373e-03,-7.240872738643207018e-01,4.307870405342919401e-02,5.284997786357932548e-02,-1.065222834211422276e+00,1.848284966510917171e-01,4.452884939472376402e+00,3.330310019936962018e-02,-3.765694658409270090e+00,2.240354879867547666e-01,0.000000000000000000e+00,0.000000000000000000e+00,0.000000000000000000e+00,0.000000000000000000e+00,0.000000000000000000e+00,0.000000000000000000e+00,0.000000000000000000e+00
2.740000000000000213e-01,3.990688375711552022e-02,6.595097654049756342e-01,-3.031589045858418610e-02,-2.625315954169782362e+00,-2.293140808537581787e-02,3.586898307276432885e+00,-1.813329994497037412e-01,1.021510685607817000e-02,-2.058915730313452541e-01,3.572457207480309038e-02,8.606757715574729906e-01,6.436989019245708057e-03,-7.278522125838454704e-01,4.330269456773851861e-02,5.282855386044461865e-02,-1.064791020646652209e+00,1.847535719973509294e-01,4.451079856012399638e+00,3.328959999081876342e-02,-3.764168143972985714e+00,2.239446698409213177e-01,0.000000000000000000e+00,0.000000000000000000e+00,0.000000000000000000e+00,0.000000000000000000e+00,0.000000000000000000e+00,0.000000000000000000e+00,0.000000000000000000e+00
2.750000000000000222e-01,3.991712527452395687e-02,6.593033415115048257e-01,-3.028007352274907429e-02,-2.624453053172111971e+00,-2.292495445390359612e-02,3.586168573245162694e+00,-1.812895847985898645e-01,1.026792418500395605e-02,-2.069561378067371615e-01,3.590928639062889588e-02,8.651259056544804427e-01,6.470271545910506565e-03,-7.316155809228199747e-01,4.352659165414014819e-02,5.280589918747315842e-02,-1.064334402197102625e+00,1.846743434088689573e-01,4.449171082231193175e+00,3.327532428296700595e-02,-3.762553941196649987e+00,2.238486347824499290e-01,0.000000000000000000e+00,0.000000000000000000e+00,0.000000000000000000e+00,0.000000000000000000e+00,0.000000000000000000e+00,0.000000000000000000e+00,0.000000000000000000e+00
2.760000000000000231e-01,3.992741959772932309e-02,6.590958532856927565e-01,-3.024407191292813324e-02,-2.623585703011972914e+00,-2.291846754717152129e-02,3.585435076667236043e+00,-1.812459462992746517e-01,1.032071824546173730e-02,-2.080202335922742563e-01,3.609391933128415497e-02,8.695740792622890236e-01,6.503539410088149224e-03,-7.353772913245683052e-01,4.375039010355466496e-02,5.278201754037013110e-02,-1.063853053351916600e+00,1.845908238103745047e-01,4.447158929511104475e+00,3.326027540464104176e-02,-3.760852313408611369e+00,2.237473984777447189e-01,0.000000000000000000e+00,0.000000000000000000e+00,0.000000000000000000e+00,0.000000000000000000e+00,0.000000000000000000e+00,0.000000000000000000e+00,0.000000000000000000e+00
2.770000000000000240e-01,3.993776670285030528e-02,6.588873012088821701e-01,-3.020788571263988836e-02,-2.622713905701494763e+00,-2.291194738022827790e-02,3.584697819244259787e+00,-1.812020840529930399e-01,1.037348781232522513e-02,-2.090838356948055143e-01,3.627846661222123431e-02,8.740201891576506732e-01,6.536791839772573658e-03,-7.391372564957428004e-01,4.397408472256903594e-02,5.275691261484072303e-02,-1.063347048600237654e+00,1.845030261265964977e-01,4.445043709234473894e+00,3.324445568466762035e-02,-3.759063523937216100e+00,2.236409765932101945e-01,0.000000000000000000e+00,0.000000000000000000e+00,0.000000000000000000e+00,0.000000000000000000e+00,0.000000000000000000e+00,0.000000000000000000e+00,0.000000000000000000e+00
2.780000000000000249e-01,3.994816656478226979e-02,6.586776857870713098e-01,-3.017151500968094646e-02,-2.621837663355869541e+00,-2.290539396889339219e-02,3.583956802765000837e+00,-1.811579981661657068e-01,1.042623166416384306e-02,-2.101469194956689657e-01,3.646292396181716883e-02,8.784641324287000286e-01,6.570028065286544726e-03,-7.428953894063243801e-01,4.419767033343661305e-02,5.273058810659019685e-02,-1.062816462431209530e+00,1.844109632822641121e-01,4.442825732783652448e+00,3.322786745187347041e-02,-3.757187836110814416e+00,2.235293847952506685e-01,0.000000000000000000e+00,0.000000000000000000e+00,0.000000000000000000e+00,0.000000000000000000e+00,0.000000000000000000e+00,0.000000000000000000e+00,0.000000000000000000e+00
2.790000000000000258e-01,3.995861915720100993e-02,6.584670075508403109e-01,-3.013495989611307546e-02,-2.620956978193048847e+00,-2.289880732975490066e-02,3.583212029105125929e+00,-1.811136887503831117e-01,1.047894858324273024e-02,-2.112094604506918327e-01,3.664728712137381439e-02,8.829058064749538692e-01,6.603247319281656258e-03,-7.466516032896222121e-01,4.442114177407720244e-02,5.270304771132373889e-02,-1.062261369333975525e+00,1.843146482021061905e-01,4.440505311540985822e+00,3.321051303508531366e-02,-3.755225513257754777e+00,2.234126387502703426e-01,0.000000000000000000e+00,0.000000000000000000e+00,0.000000000000000000e+00,0.000000000000000000e+00,0.000000000000000000e+00,0.000000000000000000e+00,0.000000000000000000e+00
2.800000000000000266e-01,3.996912445256643742e-02,6.582552670552759277e-01,-3.009822046825028075e-02,-2.620071852533428114e+00,-2.289218748016703595e-02,3.582463500226934716e+00,-1.810691559223899516e-01,1.053163735552272058e-02,-2.122714340901905306e-01,3.683155184511768127e-02,8.873451090073120051e-01,6.636448836738325849e-03,-7.504058116422736013e-01,4.464449389807694651e-02,5.267429512474655628e-02,-1.061681843797679381e+00,1.842140938108516868e-01,4.438082756888818814e+00,3.319239476312990655e-02,-3.753176818706386975e+00,2.232907541246736960e-01,0.000000000000000000e+00,0.000000000000000000e+00,0.000000000000000000e+00,0.000000000000000000e+00,0.000000000000000000e+00,0.000000000000000000e+00,0.000000000000000000e+00
2.810000000000000275e-01,3.997968242212630169e-02,6.580424648798975928e-01,-3.006129682664587105e-02,-2.619182288799535296e+00,-2.288553443824786413e-02,3.581711218179101319e+00,-1.810243998040695912e-01,1.058429677066035669e-02,-2.133328160189705558e-01,3.701571390020006597e-02,8.917819380480559444e-01,6.669631854965801798e-03,-7.541579282242448778e-01,4.486772157468846972e-02,5.264433404256389781e-02,-1.061077960311463952e+00,1.841093130332294714e-01,4.435558380209496221e+00,3.317351496483392226e-02,-3.751042015785055916e+00,2.231637465848647361e-01,0.000000000000000000e+00,0.000000000000000000e+00,0.000000000000000000e+00,0.000000000000000000e+00,0.000000000000000000e+00,0.000000000000000000e+00,0.000000000000000000e+00
2.820000000000000284e-01,3.999029303591979112e-02,6.578286016285825877e-01,-3.002418907607955212e-02,-2.618288289515721345e+00,-2.287884822287699141e-02,3.580955185096405202e+00,-1.809794205224282693e-01,1.063692562200788116e-02,-2.143935819163265144e-01,3.719976906669693328e-02,8.962161919308494484e-01,6.702795613602156172e-03,-7.579078670588300648e-01,4.509081968883073277e-02,5.261316816048096368e-02,-1.060449793364473869e+00,1.840003187939686369e-01,4.432932492885369058e+00,3.315387596902415884e-02,-3.748821367822113171e+00,2.230316317972482476e-01,0.000000000000000000e+00,0.000000000000000000e+00,0.000000000000000000e+00,0.000000000000000000e+00,0.000000000000000000e+00,0.000000000000000000e+00,0.000000000000000000e+00
2.830000000000000293e-01,4.000095626278136335e-02,6.576136779294916579e-01,-2.998689732554448220e-02,-2.617389857307847567e+00,-2.287212885369322574e-02,3.580195403199473603e+00,-1.809342182095793894e-01,1.068952270661325393e-02,-2.154537075360423160e-01,3.738371313760904119e-02,9.006477693007390872e-01,6.735939354614289137e-03,-7.616555424326515444e-01,4.531378314108917837e-02,5.258080117420296795e-02,-1.059797417445851098e+00,1.838871240177979982e-01,4.430205406298776794e+00,3.313348010452728254e-02,-3.746515138145905421e+00,2.228944254282281545e-01,0.000000000000000000e+00,0.000000000000000000e+00,0.000000000000000000e+00,0.000000000000000000e+00,0.000000000000000000e+00,0.000000000000000000e+00,0.000000000000000000e+00
2.840000000000000302e-01,4.001167207034431877e-02,6.573976944349944063e-01,-2.994942168823436224e-02,-2.616486994902975649e+00,-2.286537635109223143e-02,3.579431874794512858e+00,-1.808887930027281155e-01,1.074208682522012626e-02,-2.165131687063907573e-01,3.756754191886179511e-02,9.050765691141535729e-01,6.769062322297923762e-03,-7.654008688956600581e-01,4.553660684771553002e-02,5.254723677943512472e-02,-1.059120907044740045e+00,1.837697416294466479e-01,4.427377431832068666e+00,3.311232970017007060e-02,-3.744123590084783793e+00,2.227521431442089916e-01,0.000000000000000000e+00,0.000000000000000000e+00,0.000000000000000000e+00,0.000000000000000000e+00,0.000000000000000000e+00,0.000000000000000000e+00,0.000000000000000000e+00
2.850000000000000311e-01,4.002244042504457533e-02,6.571806518215953519e-01,-2.991176228153050523e-02,-2.615579705129051913e+00,-2.285859073622422202e-02,3.578664602273050832e+00,-1.808431450441553567e-01,1.079461678226786500e-02,-2.175719413301340222e-01,3.775125122930544225e-02,9.095024906389042041e-01,6.802163763277618153e-03,-7.691437612611354835e-01,4.575928574062805565e-02,5.251247867188264112e-02,-1.058420336650284233e+00,1.836481845536434010e-01,4.424448880867593026e+00,3.309042708477922395e-02,-3.741646986967093191e+00,2.226048006115948219e-01,0.000000000000000000e+00,0.000000000000000000e+00,0.000000000000000000e+00,0.000000000000000000e+00,0.000000000000000000e+00,0.000000000000000000e+00,0.000000000000000000e+00
2.860000000000000320e-01,4.003326129212433915e-02,6.569625507898582129e-01,-2.987391922698890909e-02,-2.614667990914604001e+00,-2.285177203099162183e-02,3.577893588111667356e+00,-1.807972744812024191e-01,1.084711138589153009e-02,-2.186300013845232371e-01,3.793483690071484254e-02,9.139254334541838665e-01,6.835242926506748112e-03,-7.728841346056848360e-01,4.598181476741133172e-02,5.247653054725076593e-02,-1.057695780751626735e+00,1.835224657151173222e-01,4.421420064787691118e+00,3.306777458718147822e-02,-3.739085592121185186e+00,2.224524134967903466e-01,0.000000000000000000e+00,0.000000000000000000e+00,0.000000000000000000e+00,0.000000000000000000e+00,0.000000000000000000e+00,0.000000000000000000e+00,0.000000000000000000e+00
2.870000000000000329e-01,4.004413463563578218e-02,6.567433920643329648e-01,-2.983589265032733293e-02,-2.613751855288420689e+00,-2.284492025804672408e-02,3.577118834871735764e+00,-1.807511814662550176e-01,1.089956944792190574e-02,-2.196873249212988877e-01,3.811829477778967690e-02,9.183452974505683652e-01,6.868299063267519280e-03,-7.766219042692446006e-01,4.620418889131637508e-02,5.243939610124463691e-02,-1.056947313837911073e+00,1.833925980385973098e-01,4.418291294974711292e+00,3.304437453620356901e-02,-3.736439668875406905e+00,2.222949974661996564e-01,0.000000000000000000e+00,0.000000000000000000e+00,0.000000000000000000e+00,0.000000000000000000e+00,0.000000000000000000e+00,0.000000000000000000e+00,0.000000000000000000e+00
2.880000000000000338e-01,4.005506041844478227e-02,6.565231763934802345e-01,-2.979768268141237686e-02,-2.612831301379245907e+00,-2.283803544078939762e-02,3.576340345199157333e+00,-1.807048661567279280e-01,1.095198978388546227e-02,-2.207438880666904024e-01,3.830162071815428060e-02,9.227619828300162030e-01,6.901331427170970603e-03,-7.803569858550785110e-01,4.642640309126060127e-02,5.240107902956957220e-02,-1.056175010398281433e+00,1.832585944488123453e-01,4.415062882811002787e+00,3.302022926067223196e-02,-3.733709480558106808e+00,2.221325681862270918e-01,0.000000000000000000e+00,0.000000000000000000e+00,0.000000000000000000e+00,0.000000000000000000e+00,0.000000000000000000e+00,0.000000000000000000e+00,0.000000000000000000e+00
2.889999999999999791e-01,4.006603860223456604e-02,6.563019045495972481e-01,-2.975928945424655483e-02,-2.611906332415465215e+00,-2.283111760336471729e-02,3.575558121824098823e+00,-1.806583287150491379e-01,1.100437121300438387e-02,-2.217996670214164578e-01,3.848481059235776824e-02,9.271753901058673586e-01,6.934339274156953517e-03,-7.840892952297794372e-01,4.664845236182781768e-02,5.236158302793073732e-02,-1.055378944921880668e+00,1.831204678704914102e-01,4.411735139678905071e+00,3.299534108941419575e-02,-3.730895290497634242e+00,2.219651413232769932e-01,0.000000000000000000e+00,0.000000000000000000e+00,0.000000000000000000e+00,0.000000000000000000e+00,0.000000000000000000e+00,0.000000000000000000e+00,0.000000000000000000e+00
2.899999999999999800e-01,4.007706914750943511e-02,6.560795773287433352e-01,-2.972071310695536747e-02,-2.610976951724796269e+00,-2.282416677066065672e-02,3.574772167560727798e+00,-1.806115693086441654e-01,1.105671255819657035e-02,-2.228546380606849509e-01,3.866786028387399210e-02,9.315854201028451742e-01,6.967321862494162306e-03,-7.878187485232688303e-01,4.687033171326829978e-02,5.232091179203333942e-02,-1.054559191897851855e+00,1.829782312283632639e-01,4.408308376960768271e+00,3.296971235125616129e-02,-3.727997362022335448e+00,2.217927325437534791e-01,0.000000000000000000e+00,0.000000000000000000e+00,0.000000000000000000e+00,0.000000000000000000e+00,0.000000000000000000e+00,0.000000000000000000e+00,0.000000000000000000e+00
2.909999999999999809e-01,4.008815201359847147e-02,6.558561955506653218e-01,-2.968195378177437838e-02,-2.610043162733977073e+00,-2.281718296830577072e-02,3.573982485306951506e+00,-1.805645881099204875e-01,1.110901264607560418e-02,-2.239087775341926656e-01,3.885076568910147271e-02,9.359919739570542463e-01,7.000278452780108081e-03,-7.915452621287952795e-01,4.709203617149861076e-02,5.227906901758261338e-02,-1.053715825815339624e+00,1.828318974471571379e-01,4.404782906038939849e+00,3.294334537502487809e-02,-3.725015958460562437e+00,2.216153575140611953e-01,0.000000000000000000e+00,0.000000000000000000e+00,0.000000000000000000e+00,0.000000000000000000e+00,0.000000000000000000e+00,0.000000000000000000e+00,0.000000000000000000e+00
2.919999999999999818e-01,4.009928715865921506e-02,6.556317600587230343e-01,-2.964301162503629739e-02,-2.609104968968451121e+00,-2.281016622266683266e-02,3.573189078044150424e+00,-1.805173852962518866e-01,1.116127030695078515e-02,-2.249620618661258287e-01,3.903352271736352380e-02,9.403949531159825348e-01,7.033208307941130923e-03,-7.952687527029370651e-01,4.731356077810181665e-02,5.223605840028376635e-02,-1.052848921163486384e+00,1.826814794516017915e-01,4.401159038295761050e+00,3.291624248954709564e-02,-3.721951343140660562e+00,2.214330319006043157e-01,0.000000000000000000e+00,0.000000000000000000e+00,0.000000000000000000e+00,0.000000000000000000e+00,0.000000000000000000e+00,0.000000000000000000e+00,0.000000000000000000e+00
2.929999999999999827e-01,4.011047453968134141e-02,6.554062717198149146e-01,-2.960388678715803606e-02,-2.608162374052060972e+00,-2.280311656084653762e-02,3.572391948836918907e+00,-1.804699610499626017e-01,1.121348437482712346e-02,-2.260144675551596372e-01,3.921612729090814126e-02,9.447942593384996979e-01,7.066110693232397280e-03,-7.989891371656002717e-01,4.753490059032736831e-02,5.219188363584199852e-02,-1.051958552431436100e+00,1.825269901664262617e-01,4.397437085113581112e+00,3.288840602364950794e-02,-3.718803779390979614e+00,2.212457713697871808e-01,0.000000000000000000e+00,0.000000000000000000e+00,0.000000000000000000e+00,0.000000000000000000e+00,0.000000000000000000e+00,0.000000000000000000e+00,0.000000000000000000e+00
2.939999999999999836e-01,4.012171411249039477e-02,6.551797314243034132e-01,-2.956457942262780483e-02,-2.607215381706732948e+00,-2.279603401068115709e-02,3.571591100832798293e+00,-1.804223155583118965e-01,1.126565368740532237e-02,-2.270659711744583698e-01,3.939857534490807944e-02,9.491897946948574250e-01,7.098984876237897368e-03,-8.027063327000184545e-01,4.775605068109108065e-02,5.214654841996256562e-02,-1.051044794108332514e+00,1.823684425163595024e-01,4.393617357874749274e+00,3.285983830615887835e-02,-3.715573530539869829e+00,2.210535915880140756e-01,0.000000000000000000e+00,0.000000000000000000e+00,0.000000000000000000e+00,0.000000000000000000e+00,0.000000000000000000e+00,0.000000000000000000e+00,0.000000000000000000e+00
2.949999999999999845e-01,4.013300583175147263e-02,6.549521400859407150e-01,-2.952508968999217540e-02,-2.606263995752168938e+00,-2.278891860073821093e-02,3.570786537262015781e+00,-1.803744490134782108e-01,1.131777708608180250e-02,-2.281165493716756365e-01,3.958086282746080958e-02,9.535814615666909910e-01,7.131830126870458177e-03,-8.064202567527555265e-01,4.797700613897520200e-02,5.210005644835061928e-02,-1.050107720683318702e+00,1.822058494261304951e-01,4.389700167961602340e+00,3.283054166590190087e-02,-3.712260859915676114e+00,2.208565082216892295e-01,0.000000000000000000e+00,0.000000000000000000e+00,0.000000000000000000e+00,0.000000000000000000e+00,0.000000000000000000e+00,0.000000000000000000e+00,0.000000000000000000e+00
2.959999999999999853e-01,4.014434965097291030e-02,6.547234986417941327e-01,-2.948541775184316746e-02,-2.605308220105533756e+00,-2.278177036031414984e-02,3.569978261437220191e+00,-1.803263616125436453e-01,1.136985341594868096e-02,-2.291661788689540458e-01,3.976298569958852669e-02,9.579691626470164811e-01,7.164645717371722657e-03,-8.101308270337015394e-01,4.819776206822840720e-02,5.205241141671144989e-02,-1.049147406645538183e+00,1.820392238204681101e-01,4.385685826756495764e+00,3.280051843170533887e-02,-3.708866030846749151e+00,2.206545369372172050e-01,0.000000000000000000e+00,0.000000000000000000e+00,0.000000000000000000e+00,0.000000000000000000e+00,0.000000000000000000e+00,0.000000000000000000e+00,0.000000000000000000e+00
2.969999999999999862e-01,4.015574552250999324e-02,6.544938080521714996e-01,-2.944556377480530077e-02,-2.604348058781141173e+00,-2.277458931943201689e-02,3.569166276753217737e+00,-1.802780535574781962e-01,1.142188152579378529e-02,-2.302148364629255095e-01,3.994493993523817038e-02,9.623528009402340100e-01,7.197430922312164463e-03,-8.138379615160766800e-01,4.841831358876572816e-02,5.200361702075020909e-02,-1.048163926484134922e+00,1.818685786241011626e-01,4.381574645641769905e+00,3.276977093239588634e-02,-3.705389306661436510e+00,2.204476934010020650e-01,0.000000000000000000e+00,0.000000000000000000e+00,0.000000000000000000e+00,0.000000000000000000e+00,0.000000000000000000e+00,0.000000000000000000e+00,0.000000000000000000e+00
2.979999999999999871e-01,4.016719339756861379e-02,6.542630693005465625e-01,-2.940552792952270261e-02,-2.603383515890147049e+00,-2.276737550883910916e-02,3.568350586686711345e+00,-1.802295250551239902e-01,1.147386026810064477e-02,-2.312624990247108270e-01,4.012672152128139713e-02,9.667322797621243913e-01,7.230185018591086220e-03,-8.175415784364286065e-01,4.863865583616863719e-02,5.195367695617215953e-02,-1.047157354688251329e+00,1.816939267617589671e-01,4.377366935999772224e+00,3.273830149680030666e-02,-3.701830950688088429e+00,2.202359932794483166e-01,0.000000000000000000e+00,0.000000000000000000e+00,0.000000000000000000e+00,0.000000000000000000e+00,0.000000000000000000e+00,0.000000000000000000e+00,0.000000000000000000e+00
2.989999999999999880e-01,4.017869322620903211e-02,6.540312833934851522e-01,-2.936531039064615295e-02,-2.602414595640235362e+00,-2.276012896000466704e-02,3.567531194796034644e+00,-1.801807763171799637e-01,1.152578849904849385e-02,-2.323091434999201843e-01,4.030832645751461496e-02,9.711075027398519133e-01,7.262907285436611717e-03,-8.212415962946331138e-01,4.885878396168497756e-02,5.190259491868248753e-02,-1.046127765747032035e+00,1.815152811581702830e-01,4.373063009212849295e+00,3.270611245374530074e-02,-3.698191226255052033e+00,2.200194522389600504e-01,0.000000000000000000e+00,0.000000000000000000e+00,0.000000000000000000e+00,0.000000000000000000e+00,0.000000000000000000e+00,0.000000000000000000e+00,0.000000000000000000e+00
2.999999999999999889e-01,4.019024495734950519e-02,6.537984513605697989e-01,-2.932491133682018150e-02,-2.601441302335306016e+00,-2.275284970511754976e-02,3.566708104720890837e+00,-1.801318075601857915e-01,1.157766507851227568e-02,-2.333547469086528214e-01,4.048975075665890710e-02,9.754783738119625625e-01,7.295597004405698915e-03,-8.249379338538949114e-01,4.907869313222903984e-02,5.185037460398643494e-02,-1.045075234149619225e+00,1.813326547380639531e-01,4.368663176663348580e+00,3.267320613205761115e-02,-3.694470396690675784e+00,2.197980859459418845e-01,0.000000000000000000e+00,0.000000000000000000e+00,0.000000000000000000e+00,0.000000000000000000e+00,0.000000000000000000e+00,0.000000000000000000e+00,0.000000000000000000e+00
3.009999999999999898e-01,4.020184853877004777e-02,6.535645742543260139e-01,-2.928433095067013020e-02,-2.600463640375166641e+00,-2.274553777708388305e-02,3.565881320182087588e+00,-1.800826190055065112e-01,1.162948887006263338e-02,-2.343992863454970876e-01,4.067099044436014305e-02,9.798447972283852447e-01,7.328253459384125208e-03,-8.286305101407467344e-01,4.929837853038147866e-02,5.179701970778918807e-02,-1.043999834385158199e+00,1.811460604261691532e-01,4.364167749733614876e+00,3.263958486056400821e-02,-3.690668725323309474e+00,2.195719100667979928e-01,0.000000000000000000e+00,0.000000000000000000e+00,0.000000000000000000e+00,0.000000000000000000e+00,0.000000000000000000e+00,0.000000000000000000e+00,0.000000000000000000e+00
3.019999999999999907e-01,4.021350391711604744e-02,6.533296531501472382e-01,-2.924356941878922950e-02,-2.599481614255217288e+00,-2.273819320952473119e-02,3.565050844981273670e+00,-1.800332108793166186e-01,1.168125874096592048e-02,-2.354427389795305248e-01,4.085204155918889524e-02,9.842066775504305642e-01,7.360875936586501293e-03,-8.323192444450498995e-01,4.951783535438938899e-02,5.174253392579598182e-02,-1.042901640942790475e+00,1.809555111472146705e-01,4.359577039805992094e+00,3.260525096809113732e-02,-3.686786475481299341e+00,2.193409402679326603e-01,0.000000000000000000e+00,0.000000000000000000e+00,0.000000000000000000e+00,0.000000000000000000e+00,0.000000000000000000e+00,0.000000000000000000e+00,0.000000000000000000e+00
3.029999999999999916e-01,4.022521103790203945e-02,6.530936891462207905e-01,-2.920262693172568508e-02,-2.598495228566143123e+00,-2.273081603677381060e-02,3.564216683000676955e+00,-1.799835834125846079e-01,1.173297356218419574e-02,-2.364850820543197840e-01,4.103290015264047380e-02,9.885639196507922666e-01,7.393463724556258165e-03,-8.360040563199941932e-01,4.973705881816625762e-02,5.168692095371198170e-02,-1.041780728311660909e+00,1.807610198259295142e-01,4.354891358262827694e+00,3.257020678346578962e-02,-3.682823910492994735e+00,2.191051922157501997e-01,0.000000000000000000e+00,0.000000000000000000e+00,0.000000000000000000e+00,0.000000000000000000e+00,0.000000000000000000e+00,0.000000000000000000e+00,0.000000000000000000e+00
3.039999999999999925e-01,4.023696984551536349e-02,6.528566833634530386e-01,-2.916150368396974377e-02,-2.597504487993598232e+00,-2.272340629387509942e-02,3.563378838202840626e+00,-1.799337368410573179e-01,1.178463220837521613e-02,-2.375262928879206259e-01,4.121356228913487796e-02,9.929164287135451294e-01,7.426016114165656656e-03,-8.396848655820966512e-01,4.995604415129192150e-02,5.163018448724249893e-02,-1.040637170980913018e+00,1.805625993870426660e-01,4.350111016486468252e+00,3.253445463551467298e-02,-3.678781293686746778e+00,2.188646815766548959e-01,0.000000000000000000e+00,0.000000000000000000e+00,0.000000000000000000e+00,0.000000000000000000e+00,0.000000000000000000e+00,0.000000000000000000e+00,0.000000000000000000e+00
3.049999999999999933e-01,4.024878028321986212e-02,6.526186369453952363e-01,-2.912019987394076637e-02,-2.596509397317900092e+00,-2.271596401658055459e-02,3.562537314630360274e+00,-1.798836714052440000e-01,1.183623355789245254e-02,-2.385663488728781145e-01,4.139402404601692093e-02,9.972641102341481822e-01,7.458532398615786568e-03,-8.433615923112041113e-01,5.017478659901272731e-02,5.157232822209268513e-02,-1.039471043439688991e+00,1.803602627552830795e-01,4.345236325859259452e+00,3.249799685306452302e-02,-3.674658888390900380e+00,2.186194240170512004e-01,0.000000000000000000e+00,0.000000000000000000e+00,0.000000000000000000e+00,0.000000000000000000e+00,0.000000000000000000e+00,0.000000000000000000e+00,0.000000000000000000e+00
3.059999999999999942e-01,4.026064229315956533e-02,6.523795510581686941e-01,-2.907871570397430050e-02,-2.595509961413712041e+00,-2.270848924134777000e-02,3.561692116405617892e+00,-1.798333873504009695e-01,1.188777649278507757e-02,-2.396052274762262291e-01,4.157428151355607032e-02,1.001606870019440931e+00,7.491011873436562336e-03,-8.470341568504913266e-01,5.039328142224133028e-02,5.151335585396777522e-02,-1.038282420177134124e+00,1.801540228553796252e-01,4.340267597763549645e+00,3.246083576494207534e-02,-3.670456957933805331e+00,2.183694352033434538e-01,0.000000000000000000e+00,0.000000000000000000e+00,0.000000000000000000e+00,0.000000000000000000e+00,0.000000000000000000e+00,0.000000000000000000e+00,0.000000000000000000e+00
3.069999999999999951e-01,4.027255581636242365e-02,6.521394268903903946e-01,-2.903705138030917773e-02,-2.594506185249736863e+00,-2.270098200533763114e-02,3.560843247730522521e+00,-1.797828849265156737e-01,1.193925989879796729e-02,-2.406429062394883078e-01,4.175433079494653837e-02,1.005944614187646469e+00,7.523453836486723029e-03,-8.507024798064609650e-01,5.061152389755683989e-02,5.145327107857296939e-02,-1.037071375682390162e+00,1.799438926120613402e-01,4.335205143581680964e+00,3.242297369997402395e-02,-3.666175765643811424e+00,2.181147308019358300e-01,0.000000000000000000e+00,0.000000000000000000e+00,0.000000000000000000e+00,0.000000000000000000e+00,0.000000000000000000e+00,0.000000000000000000e+00,0.000000000000000000e+00
3.079999999999999960e-01,4.028452079274397191e-02,6.518982656530986075e-01,-2.899520711307456214e-02,-2.593498073888402811e+00,-2.269344234641201830e-02,3.559990712886245579e+00,-1.797321643882912601e-01,1.199068266537170122e-02,-2.416793627786767151e-01,4.193416800630730967e-02,1.010277249168369806e+00,7.555857587953837551e-03,-8.543664820489443867e-01,5.082950931720477128e-02,5.139207759161348865e-02,-1.035837984444601734e+00,1.797298849500570395e-01,4.330049274696001760e+00,3.238441298698715998e-02,-3.661815574849264454e+00,2.178553264792325583e-01,0.000000000000000000e+00,0.000000000000000000e+00,0.000000000000000000e+00,0.000000000000000000e+00,0.000000000000000000e+00,0.000000000000000000e+00,0.000000000000000000e+00
3.089999999999999969e-01,4.029653716111102763e-02,6.516560685796783936e-01,-2.895318311627703700e-02,-2.592485632485552305e+00,-2.268587030313144043e-02,3.559134516232954404e+00,-1.796812259951307000e-01,1.204204368564257277e-02,-2.427145747842928691e-01,4.211378927668200239e-02,1.014604681702597766e+00,7.588222430354299441e-03,-8.580260847111007561e-01,5.104723298909700363e-02,5.132977908879456097e-02,-1.034582320952911694e+00,1.795120127940959542e-01,4.324800302488858605e+00,3.234515595480814965e-02,-3.657376648878516434e+00,2.175912379016382570e-01,0.000000000000000000e+00,0.000000000000000000e+00,0.000000000000000000e+00,0.000000000000000000e+00,0.000000000000000000e+00,0.000000000000000000e+00,0.000000000000000000e+00
3.099999999999999978e-01,4.030860485916538949e-02,6.514128369257869977e-01,-2.891097960778768114e-02,-2.591468866290132844e+00,-2.267826591475274184e-02,3.558274662209554240e+00,-1.796300700111212734e-01,1.209334185644257362e-02,-2.437485200213275749e-01,4.229319074803908340e-02,1.018926818842701199e+00,7.620547668533332077e-03,-8.616812091894187065e-01,5.126469023681188425e-02,5.126637926582135185e-02,-1.033304459696464450e+00,1.792902890689067608e-01,4.319458538342594522e+00,3.230520493226377715e-02,-3.652859251059911827e+00,2.173224807355570720e-01,0.000000000000000000e+00,0.000000000000000000e+00,0.000000000000000000e+00,0.000000000000000000e+00,0.000000000000000000e+00,0.000000000000000000e+00,0.000000000000000000e+00
3.109999999999999987e-01,4.032072382350754963e-02,6.511685719692794638e-01,-2.886859680932914174e-02,-2.590447780643880815e+00,-2.267062922122674642e-02,3.557411155333420005e+00,-1.795786967050188865e-01,1.214457607829940063e-02,-2.447811763292606080e-01,4.247236857527166010e-02,1.023243567952430988e+00,7.652832609664981731e-03,-8.653317771437141204e-01,5.148187639959409673e-02,5.120188181839915170e-02,-1.032004475164402191e+00,1.790647266992184961e-01,4.314024293639556973e+00,3.226456224818073648e-02,-3.648263644721802201e+00,2.170490706473933717e-01,0.000000000000000000e+00,0.000000000000000000e+00,0.000000000000000000e+00,0.000000000000000000e+00,0.000000000000000000e+00,0.000000000000000000e+00,0.000000000000000000e+00
3.119999999999999996e-01,4.033289398964037820e-02,6.509232750101343612e-01,-2.882603494646271761e-02,-2.589422380981016403e+00,-2.266296026319595744e-02,3.556544000200136946e+00,-1.795271063502322795e-01,1.219574525543645760e-02,-2.458125216220608811e-01,4.265131892619759835e-02,1.027554836706922270e+00,7.685076563252123648e-03,-8.689777104971317945e-01,5.169878683235477890e-02,5.113629044223315379e-02,-1.030682441845868880e+00,1.788353386097602526e-01,4.308497879762095195e+00,3.222323023138576326e-02,-3.643590093192535573e+00,2.167710233035514134e-01,0.000000000000000000e+00,0.000000000000000000e+00,0.000000000000000000e+00,0.000000000000000000e+00,0.000000000000000000e+00,0.000000000000000000e+00,0.000000000000000000e+00
3.130000000000000004e-01,4.034511529197278706e-02,6.506769473703784001e-01,-2.878329424857541119e-02,-2.588392672827926511e+00,-2.265525908199217744e-02,3.555673201483233736e+00,-1.794752992248074830e-01,1.224684829577285181e-02,-2.468425338881865827e-01,4.283003798155948783e-02,1.031860533092691101e+00,7.717278841126457706e-03,-8.726189314361448846e-01,5.191541690567144651e-02,5.106960883302855136e-02,-1.029338434230008481e+00,1.786021377252607900e-01,4.302879608092551322e+00,3.218121121070559310e-02,-3.638838859800457293e+00,2.164883543704353985e-01,0.000000000000000000e+00,0.000000000000000000e+00,0.000000000000000000e+00,0.000000000000000000e+00,0.000000000000000000e+00,0.000000000000000000e+00,0.000000000000000000e+00
3.140000000000000013e-01,4.035738766382348380e-02,6.504295903940133794e-01,-2.874037494886704305e-02,-2.587358661802857895e+00,-2.264752571963424277e-02,3.554798763933922245e+00,-1.794232756114121641e-01,1.229788411092340439e-02,-2.478711911905848997e-01,4.300852193502468362e-02,1.036160565407637124e+00,7.749438757448514487e-03,-8.762553624105546834e-01,5.213176200578802794e-02,5.100184068649055158e-02,-1.027972526805963849e+00,1.783651369704491452e-01,4.297169790013271040e+00,3.213850751496695468e-02,-3.634010207873920262e+00,2.162010795144499731e-01,0.000000000000000000e+00,0.000000000000000000e+00,0.000000000000000000e+00,0.000000000000000000e+00,0.000000000000000000e+00,0.000000000000000000e+00,0.000000000000000000e+00
3.150000000000000022e-01,4.036971103742463540e-02,6.501812054469402469e-01,-2.869727728433727615e-02,-2.586320353615602308e+00,-2.263976021882565734e-02,3.553920692380832858e+00,-1.793710357973198610e-01,1.234885161619862434e-02,-2.488984716666921837e-01,4.318676699318520218e-02,1.040454842261042012e+00,7.781555628707648338e-03,-8.798869261334906211e-01,5.234781753461486414e-02,5.093298969832441014e-02,-1.026584794062878725e+00,1.781243492700542164e-01,4.291368736906605363e+00,3.209512147299657669e-02,-3.629104400741271164e+00,2.159092144019992277e-01,0.000000000000000000e+00,0.000000000000000000e+00,0.000000000000000000e+00,0.000000000000000000e+00,0.000000000000000000e+00,0.000000000000000000e+00,0.000000000000000000e+00
3.160000000000000031e-01,4.038208534392555976e-02,6.499317939168856029e-01,-2.865400149577274416e-02,-2.585277754067185629e+00,-2.263196262295226815e-02,3.553038991729749796e+00,-1.793185800743943847e-01,1.239974973060474148e-02,-2.499243535284339790e-01,4.336476937555782535e-02,1.044743272573568804e+00,7.813628773722039109e-03,-8.835135455814112637e-01,5.256357890972866709e-02,5.086305956423532726e-02,-1.025175310489896852e+00,1.778797875488051239e-01,4.285476760154893761e+00,3.205105541362118088e-02,-3.624121701730859790e+00,2.156127746994875305e-01,0.000000000000000000e+00,0.000000000000000000e+00,0.000000000000000000e+00,0.000000000000000000e+00,0.000000000000000000e+00,0.000000000000000000e+00,0.000000000000000000e+00
3.170000000000000040e-01,4.039451051339642412e-02,6.496813572133268710e-01,-2.861054782773408620e-02,-2.584230869049561452e+00,-2.262413297607993728e-02,3.552153666963350886e+00,-1.792659087390740813e-01,1.245057737684369080e-02,-2.509488150622250502e-01,4.354252531458410042e-02,1.049025765577264124e+00,7.845657513638698219e-03,-8.871351439941025374e-01,5.277904156437261685e-02,5.079205397992849619e-02,-1.023744150576161083e+00,1.776314647314305994e-01,4.279494171140486358e+00,3.200631166566750285e-02,-3.619062374171033269e+00,2.153117760733191943e-01,0.000000000000000000e+00,0.000000000000000000e+00,0.000000000000000000e+00,0.000000000000000000e+00,0.000000000000000000e+00,0.000000000000000000e+00,0.000000000000000000e+00
3.180000000000000049e-01,4.040698647483195044e-02,6.494298967674175804e-01,-2.856691652854304736e-02,-2.583179704545290001e+00,-2.261627132295222081e-02,3.551264723140941548e+00,-1.792130220923563166e-01,1.250133348131309691e-02,-2.519718346289691602e-01,4.372003105563022907e-02,1.053302230815556184e+00,7.877641171933458253e-03,-8.907516448746797266e-01,5.299420094745622978e-02,5.071997664110912407e-02,-1.022291388810815826e+00,1.773793937426597633e-01,4.273421281245729730e+00,3.196089255796228518e-02,-3.613926681390139173e+00,2.150062341898984486e-01,0.000000000000000000e+00,0.000000000000000000e+00,0.000000000000000000e+00,0.000000000000000000e+00,0.000000000000000000e+00,0.000000000000000000e+00,0.000000000000000000e+00
3.190000000000000058e-01,4.041951315615509993e-02,6.491774140319136466e-01,-2.852310785026953427e-02,-2.582124266627237041e+00,-2.260837770898803736e-02,3.550372165398193225e+00,-1.791599204397816558e-01,1.255201697410630347e-02,-2.529933906640592367e-01,4.389728285698719923e-02,1.057572578143256337e+00,7.909579074410980765e-03,-8.943629719895853647e-01,5.320905252355546261e-02,5.064683124348248050e-02,-1.020817099683003715e+00,1.771235875072214860e-01,4.267258401852966010e+00,3.191480041933224265e-02,-3.608714886716527737e+00,2.146961647156298003e-01,0.000000000000000000e+00,0.000000000000000000e+00,0.000000000000000000e+00,0.000000000000000000e+00,0.000000000000000000e+00,0.000000000000000000e+00,0.000000000000000000e+00
3.200000000000000067e-01,4.043209048422082008e-02,6.489239104810975434e-01,-2.847912204871870176e-02,-2.581064561458255469e+00,-2.260045218027932276e-02,3.549475998946877819e+00,-1.791066040914182922e-01,1.260262678901236111e-02,-2.540134616773773168e-01,4.407427698987068793e-02,1.061836717726556856e+00,7.941470549204755411e-03,-8.979690493685911212e-01,5.342359177291266387e-02,5.057262148275375180e-02,-1.019321357681869156e+00,1.768640589498446380e-01,4.261005844344544435e+00,3.186803757860411090e-02,-3.603427253478546533e+00,2.143815833169174789e-01,0.000000000000000000e+00,0.000000000000000000e+00,0.000000000000000000e+00,0.000000000000000000e+00,0.000000000000000000e+00,0.000000000000000000e+00,0.000000000000000000e+00
3.210000000000000075e-01,4.044471838481963205e-02,6.486693876107054724e-01,-2.843495938341804655e-02,-2.580000595290876664e+00,-2.259249478358872978e-02,3.548576229074606569e+00,-1.790530733618462822e-01,1.265316186351601348e-02,-2.550320262532948523e-01,4.425100973842116536e-02,1.066094560043034267e+00,7.973314926777098216e-03,-9.015698013047973580e-01,5.363781419143662937e-02,5.049735105462814511e-02,-1.017804237296554115e+00,1.766008209952583397e-01,4.254663920102811581e+00,3.182060636460459085e-02,-3.598064045004544020e+00,2.140625056601657694e-01,0.000000000000000000e+00,0.000000000000000000e+00,0.000000000000000000e+00,0.000000000000000000e+00,0.000000000000000000e+00,0.000000000000000000e+00,0.000000000000000000e+00
3.220000000000000084e-01,4.045739678268139849e-02,6.484138469378513125e-01,-2.839062011760442802e-02,-2.578932374466998301e+00,-2.258450556634727241e-02,3.547672861144566703e+00,-1.789993285701420023e-01,1.270362113879771986e-02,-2.560490630506720988e-01,4.442747739970371451e-02,1.070346015881645574e+00,8.005111539919149838e-03,-9.051651523546309086e-01,5.385171529070245655e-02,5.042102365481089532e-02,-1.016265813016203445e+00,1.763338865681915169e-01,4.248232940510109579e+00,3.177250910616046670e-02,-3.592625524622869548e+00,2.137389474117789012e-01,0.000000000000000000e+00,0.000000000000000000e+00,0.000000000000000000e+00,0.000000000000000000e+00,0.000000000000000000e+00,0.000000000000000000e+00,0.000000000000000000e+00
3.230000000000000093e-01,4.047012560147907057e-02,6.481572900009534566e-01,-2.834610451821120702e-02,-2.577859905417575703e+00,-2.257648457665201863e-02,3.546765900595255872e+00,-1.789453700398623837e-01,1.275400355973363778e-02,-2.570645508028586157e-01,4.460367628370828091e-02,1.074590996342731364e+00,8.036859723750879037e-03,-9.087550273378497412e-01,5.406529059795177339e-02,5.034364297900720958e-02,-1.014706159329960666e+00,1.760632685933730679e-01,4.241713216948789444e+00,3.172374813209842548e-02,-3.587111955661872464e+00,2.134109242381614369e-01,0.000000000000000000e+00,0.000000000000000000e+00,0.000000000000000000e+00,0.000000000000000000e+00,0.000000000000000000e+00,0.000000000000000000e+00,0.000000000000000000e+00
3.240000000000000102e-01,4.048290476383224062e-02,6.478997183596589826e-01,-2.830141285585527702e-02,-2.576783194662305210e+00,-2.256843186326374859e-02,3.545855352940221472e+00,-1.788911980990293138e-01,1.280430807489564039e-02,-2.580784683176930994e-01,4.477960271334945758e-02,1.078829412838014257e+00,8.068558815721080940e-03,-9.123393513375376296e-01,5.427853565609250253e-02,5.026521272292230891e-02,-1.013125350726968410e+00,1.757889799955320020e-01,4.235105060801195975e+00,3.167432577124522364e-02,-3.581523601449899452e+00,2.130784518057175780e-01,0.000000000000000000e+00,0.000000000000000000e+00,0.000000000000000000e+00,0.000000000000000000e+00,0.000000000000000000e+00,0.000000000000000000e+00,0.000000000000000000e+00
3.250000000000000111e-01,4.049573419131098639e-02,6.476411335947703796e-01,-2.825654540482416127e-02,-2.575702248809317307e+00,-2.256034747560463002e-02,3.544941223767796412e+00,-1.788368130801138989e-01,1.285453363655129043e-02,-2.590907944775033833e-01,4.495525302446657517e-02,1.083061177090598903e+00,8.100208155607382249e-03,-9.159180497001087051e-01,5.449144602369905555e-02,5.018573658226134493e-02,-1.011523461696370196e+00,1.755110336993971343e-01,4.228408783449669528e+00,3.162424435242754128e-02,-3.575860725315298083e+00,2.127415457808515264e-01,0.000000000000000000e+00,0.000000000000000000e+00,0.000000000000000000e+00,0.000000000000000000e+00,0.000000000000000000e+00,0.000000000000000000e+00,0.000000000000000000e+00
3.260000000000000120e-01,4.050861380443945142e-02,6.473815373081708291e-01,-2.821150244306307175e-02,-2.574617074554863549e+00,-2.255223146375588683e-02,3.544023518740833545e+00,-1.787822153200208375e-01,1.290467920066387490e-02,-2.601015082391063826e-01,4.513062356582372980e-02,1.087286201134973540e+00,8.131807085516227357e-03,-9.194910480353036819e-01,5.470401727501221500e-02,5.010521825272963581e-02,-1.009900566727309545e+00,1.752294426296975571e-01,4.221624696276562894e+00,3.157350620447217648e-02,-3.570123590586419482e+00,2.124002218299678169e-01,0.000000000000000000e+00,0.000000000000000000e+00,0.000000000000000000e+00,0.000000000000000000e+00,0.000000000000000000e+00,0.000000000000000000e+00,0.000000000000000000e+00
3.270000000000000129e-01,4.052154352269963372e-02,6.471209311227488215e-01,-2.816628425216200979e-02,-2.573527678683004805e+00,-2.254408387845547104e-02,3.543102243596446321e+00,-1.787274051600728497e-01,1.295474372689236348e-02,-2.611105886338082049e-01,4.530571069910969972e-02,1.091504397317005770e+00,8.163354949882888761e-03,-9.230582722161927434e-01,5.491624499993912750e-02,5.002366143003234011e-02,-1.008256740308930866e+00,1.749442197111620856e-01,4.214753110664221758e+00,3.152211365620580241e-02,-3.564312460591609444e+00,2.120544956194705954e-01,0.000000000000000000e+00,0.000000000000000000e+00,0.000000000000000000e+00,0.000000000000000000e+00,0.000000000000000000e+00,0.000000000000000000e+00,0.000000000000000000e+00
3.280000000000000138e-01,4.053452326453502175e-02,6.468593166823243257e-01,-2.812089111734281804e-02,-2.572434068065301283e+00,-2.253590477109573484e-02,3.542177404145743669e+00,-1.786723829459947732e-01,1.300472617859145183e-02,-2.621180147674041505e-01,4.548051079893802862e-02,1.095715678293949225e+00,8.194851095471475735e-03,-9.266196483791744321e-01,5.512812480405341470e-02,4.994106980987468580e-02,-1.006592056930377010e+00,1.746553778685198677e-01,4.207794337994988254e+00,3.147006903645517550e-02,-3.558427598659219981e+00,2.117043828157641472e-01,0.000000000000000000e+00,0.000000000000000000e+00,0.000000000000000000e+00,0.000000000000000000e+00,0.000000000000000000e+00,0.000000000000000000e+00,0.000000000000000000e+00
3.290000000000000147e-01,4.054755294735428589e-02,6.465966956515750708e-01,-2.807532332744625339e-02,-2.571336249660499007e+00,-2.252769419372111295e-02,3.541249006273563538e+00,-1.786171490278981033e-01,1.305462552281152870e-02,-2.631237658201786012e-01,4.565502025284693538e-02,1.099919957034437790e+00,8.226294871374913512e-03,-9.301751029239748725e-01,5.533965230859505535e-02,4.985744708796190083e-02,-1.004906591080791278e+00,1.743629300264997739e-01,4.200748689651209844e+00,3.141737467404705220e-02,-3.552469268117596890e+00,2.113498990852530901e-01,0.000000000000000000e+00,0.000000000000000000e+00,0.000000000000000000e+00,0.000000000000000000e+00,0.000000000000000000e+00,0.000000000000000000e+00,0.000000000000000000e+00
3.300000000000000155e-01,4.056063248753501854e-02,6.463330697159602733e-01,-2.802958117491908402e-02,-2.570234230514221618e+00,-2.251945219902577039e-02,3.540317055938216217e+00,-1.785617037602652835e-01,1.310444073029869150e-02,-2.641278210469051313e-01,4.582923546129946679e-02,1.104117146818487605e+00,8.257685629014960629e-03,-9.337245625136493254e-01,5.555082315047045471e-02,4.977279695999916459e-02,-1.003200417249317189e+00,1.740668891098307303e-01,4.193616477015235766e+00,3.136403289780809178e-02,-3.546437732295089074e+00,2.109910600943413206e-01,0.000000000000000000e+00,0.000000000000000000e+00,0.000000000000000000e+00,0.000000000000000000e+00,0.000000000000000000e+00,0.000000000000000000e+00,0.000000000000000000e+00
3.310000000000000164e-01,4.057376180042741171e-02,6.460684405816476961e-01,-2.798366495580115534e-02,-2.569128017758654181e+00,-2.251117884035128136e-02,3.539381559171215663e+00,-1.785060475019340509e-01,1.315417077549474456e-02,-2.651301597768463969e-01,4.600315283768330321e-02,1.108307161237498173e+00,8.289022722142196792e-03,-9.372679540745809668e-01,5.576163298225239595e-02,4.968712312169173279e-02,-1.001473609925098263e+00,1.737672680432416905e-01,4.186398011469407265e+00,3.131004603656508539e-02,-3.540333254520045436e+00,2.106278815094334567e-01,0.000000000000000000e+00,0.000000000000000000e+00,0.000000000000000000e+00,0.000000000000000000e+00,0.000000000000000000e+00,0.000000000000000000e+00,0.000000000000000000e+00
3.320000000000000173e-01,4.058694080035792767e-02,6.458028099754383744e-01,-2.793757496971244897e-02,-2.568017618612237651e+00,-2.250287417168432211e-02,3.538442522077016594e+00,-1.784501806160815884e-01,1.320381463653719570e-02,-2.661307614137541355e-01,4.617676880831089736e-02,1.112489914194250584e+00,8.320305506836033274e-03,-9.408052047964813314e-01,5.597207747218011648e-02,4.960042926874476399e-02,-9.997262435972782413e-01,1.734640797514615806e-01,4.179093604396071804e+00,3.125541641914471314e-02,-3.534156098120814882e+00,2.102603789969336723e-01,0.000000000000000000e+00,0.000000000000000000e+00,0.000000000000000000e+00,0.000000000000000000e+00,0.000000000000000000e+00,0.000000000000000000e+00,0.000000000000000000e+00
3.330000000000000182e-01,4.060016940063301133e-02,6.455361796446925648e-01,-2.789131151984018328e-02,-2.566903040379351797e+00,-2.249453824765431167e-02,3.537499950832753814e+00,-1.783941034702091477e-01,1.325337129525925445e-02,-2.671296054358693883e-01,4.635007981241939801e-02,1.116665319902908626e+00,8.351533341504699046e-03,-9.443362421323904243e-01,5.618215230415921080e-02,4.951271909686352779e-02,-9.979583927550003120e-01,1.731573371592194377e-01,4.171703567177579508e+00,3.120014637437376961e-02,-3.527906526425744538e+00,2.098885682232464189e-01,0.000000000000000000e+00,0.000000000000000000e+00,0.000000000000000000e+00,0.000000000000000000e+00,0.000000000000000000e+00,0.000000000000000000e+00,0.000000000000000000e+00
3.340000000000000191e-01,4.061344751354280247e-02,6.452685513572548048e-01,-2.784487491292586894e-02,-2.565784290450009220e+00,-2.248617112353110126e-02,3.536553851687977978e+00,-1.783378164361262286e-01,1.330283973718984596e-02,-2.681266713959224446e-01,4.652308230217074708e-02,1.120833292889018340e+00,8.382705586885271995e-03,-9.478609937986771650e-01,5.639185317776168604e-02,4.942399630175323827e-02,-9.961701318874083277e-01,1.728470531912441599e-01,4.164228211196270735e+00,3.114423823107891759e-02,-3.521584802763184197e+00,2.095124648547759538e-01,0.000000000000000000e+00,0.000000000000000000e+00,0.000000000000000000e+00,0.000000000000000000e+00,0.000000000000000000e+00,0.000000000000000000e+00,0.000000000000000000e+00
3.350000000000000200e-01,4.062677505036482034e-02,6.449999269013798608e-01,-2.779826545925240602e-02,-2.564661376299539608e+00,-2.247777285522263926e-02,3.535604230964389583e+00,-1.782813198899348417e-01,1.335221895155358843e-02,-2.691219389211322865e-01,4.669577274265156175e-02,1.124993747989508019e+00,8.413821606043628623e-03,-9.513793877750372774e-01,5.660117580822597583e-02,4.933426457911910257e-02,-9.943615354836454756e-01,1.725332407722645345e-01,4.156667847834493834e+00,3.108769431808692391e-02,-3.515191190461481874e+00,2.091320845579265619e-01,0.000000000000000000e+00,0.000000000000000000e+00,0.000000000000000000e+00,0.000000000000000000e+00,0.000000000000000000e+00,0.000000000000000000e+00,0.000000000000000000e+00
3.360000000000000209e-01,4.064015192136765514e-02,6.447303080856577884e-01,-2.775148347263112908e-02,-2.563534305488279319e+00,-2.246934349927265026e-02,3.534651095055579617e+00,-1.782246142120140209e-01,1.340150793127081220e-02,-2.701153877132072556e-01,4.686814761187319683e-02,1.129146600352687990e+00,8.444880764374489146e-03,-9.548913523044962881e-01,5.681011592645687780e-02,4.924352762466632782e-02,-9.925326780328556087e-01,1.722159128270099315e-01,4.149022788474596268e+00,3.103051696422452072e-02,-3.508725952848987362e+00,2.087474429991025004e-01,0.000000000000000000e+00,0.000000000000000000e+00,0.000000000000000000e+00,0.000000000000000000e+00,0.000000000000000000e+00,0.000000000000000000e+00,0.000000000000000000e+00
3.370000000000000218e-01,4.065357803581464563e-02,6.444596967389398801e-01,-2.770452927038891122e-02,-2.562403085661263624e+00,-2.246088311285828615e-02,3.533694450426763556e+00,-1.781676997870040025e-01,1.345070567295754936e-02,-2.711069975483453298e-01,4.704020340077173790e-02,1.133291765438251719e+00,8.475882429601394943e-03,-9.583968158934077497e-01,5.701866927902564386e-02,4.915178913410013506e-02,-9.906836340241815808e-01,1.718950822802089162e-01,4.141293344498920170e+00,3.097270849831840894e-02,-3.502189353254046456e+00,2.083585558447082486e-01,0.000000000000000000e+00,0.000000000000000000e+00,0.000000000000000000e+00,0.000000000000000000e+00,0.000000000000000000e+00,0.000000000000000000e+00,0.000000000000000000e+00
3.380000000000000226e-01,4.066705330196761919e-02,6.441880947102639476e-01,-2.765740317335521614e-02,-2.561267724547908298e+00,-2.245239175378782592e-02,3.532734303614519344e+00,-1.781105770037906266e-01,1.349981117692554237e-02,-2.720967482772328472e-01,4.721193661320800122e-02,1.137429159017274705e+00,8.506825971776718967e-03,-9.618957073114531298e-01,5.722683162816991076e-02,4.905905280312573835e-02,-9.888144779467671341e-01,1.715707620565906644e-01,4.133479827289817443e+00,3.091427124919535196e-02,-3.495581655005010724e+00,2.079654387611480637e-01,0.000000000000000000e+00,0.000000000000000000e+00,0.000000000000000000e+00,0.000000000000000000e+00,0.000000000000000000e+00,0.000000000000000000e+00,0.000000000000000000e+00
3.390000000000000235e-01,4.068057762709055558e-02,6.439155038687799371e-01,-2.761010550584920217e-02,-2.560128229961706747e+00,-2.244386948049831645e-02,3.531770661226523167e+00,-1.780532462554896556e-01,1.354882344718223025e-02,-2.730846198250456158e-01,4.738334376596754077e-02,1.141558697172214032e+00,8.537710763281655332e-03,-9.653879555916423660e-01,5.743459875179368623e-02,4.896532232744835178e-02,-9.869252842897560107e-01,1.712429650808840464e-01,4.125582548229630220e+00,3.085520754568205071e-02,-3.488903121430227294e+00,2.075681074148263416e-01,0.000000000000000000e+00,0.000000000000000000e+00,0.000000000000000000e+00,0.000000000000000000e+00,0.000000000000000000e+00,0.000000000000000000e+00,0.000000000000000000e+00
3.400000000000000244e-01,4.069415091745327839e-02,6.436419261036752104e-01,-2.756263659566674656e-02,-2.558984609799911158e+00,-2.243531635205327224e-02,3.530803529941286101e+00,-1.779957079394312025e-01,1.359774149143077281e-02,-2.740705921914488030e-01,4.755442138876064817e-02,1.145680296296911038e+00,8.568536178826227992e-03,-9.688734900303145325e-01,5.764196644346743920e-02,4.887060140277314779e-02,-9.850161275422910645e-01,1.709117042778179885e-01,4.117601818700702410e+00,3.079551971660524079e-02,-3.482154015858042406e+00,2.071665774721471176e-01,0.000000000000000000e+00,0.000000000000000000e+00,0.000000000000000000e+00,0.000000000000000000e+00,0.000000000000000000e+00,0.000000000000000000e+00,0.000000000000000000e+00
3.410000000000000253e-01,4.070777307833516739e-02,6.433673633241002721e-01,-2.751499677406759811e-02,-2.557836872043224741e+00,-2.242673242814032658e-02,3.529832916507892548e+00,-1.779379624571438279e-01,1.364656432107001771e-02,-2.750546454505964911e-01,4.772516602422231802e-02,1.149793873096586871e+00,8.599301595449287267e-03,-9.723522401871356191e-01,5.784893051242800954e-02,4.877489372480540292e-02,-9.830870821935162596e-01,1.705769925721214442e-01,4.109537950085382363e+00,3.073521009079165783e-02,-3.475334601616806296e+00,2.067608645995148153e-01,0.000000000000000000e+00,0.000000000000000000e+00,0.000000000000000000e+00,0.000000000000000000e+00,0.000000000000000000e+00,0.000000000000000000e+00,0.000000000000000000e+00
3.420000000000000262e-01,4.072144401402886388e-02,6.430918174590943837e-01,-2.746718637576237021e-02,-2.556685024755490421e+00,-2.241811776906892095e-02,3.528858827745734672e+00,-1.778800102143391071e-01,1.369529095119451957e-02,-2.760367597511316773e-01,4.789557422791226177e-02,1.153899344587847153e+00,8.630006392518506375e-03,-9.758241358851010849e-01,5.805548678357861508e-02,4.867820298925035899e-02,-9.811382227325753380e-01,1.702388428885233673e-01,4.101391253766021094e+00,3.067428099706803746e-02,-3.468445142034871420e+00,2.063509844633340251e-01,0.000000000000000000e+00,0.000000000000000000e+00,0.000000000000000000e+00,0.000000000000000000e+00,0.000000000000000000e+00,0.000000000000000000e+00,0.000000000000000000e+00
3.430000000000000271e-01,4.073516362784394135e-02,6.428152904575106241e-01,-2.741920573889968307e-02,-2.555529076083379536e+00,-2.240947243576793882e-02,3.527881270544249936e+00,-1.778218516208959210e-01,1.374392040059455727e-02,-2.770169153161872733e-01,4.806564256831496323e-02,1.157996628098678427e+00,8.660649951730397048e-03,-9.792891072105344152e-01,5.826163109748896257e-02,4.858053289181315376e-02,-9.791696236486113758e-01,1.698972681517527672e-01,4.093162041124955408e+00,3.061273476426110834e-02,-3.461485900440578689e+00,2.059369527300088099e-01,0.000000000000000000e+00,0.000000000000000000e+00,0.000000000000000000e+00,0.000000000000000000e+00,0.000000000000000000e+00,0.000000000000000000e+00,0.000000000000000000e+00
3.440000000000000280e-01,4.074893182211060394e-02,6.425377842879421708e-01,-2.737105520505317760e-02,-2.554369034256076976e+00,-2.240079648978342622e-02,3.526900251862657321e+00,-1.777634870908446629e-01,1.379245169175609062e-02,-2.779950924433843840e-01,4.823536762683961615e-02,1.162085641268450598e+00,8.691231657110278300e-03,-9.827470845130876764e-01,5.846735931039506035e-02,4.848188712819903601e-02,-9.771813594307677819e-01,1.695522812865385975e-01,4.084850623544538095e+00,3.055057372119758530e-02,-3.454457140162283224e+00,2.055187850659436211e-01,0.000000000000000000e+00,0.000000000000000000e+00,0.000000000000000000e+00,0.000000000000000000e+00,0.000000000000000000e+00,0.000000000000000000e+00,0.000000000000000000e+00
3.450000000000000289e-01,4.076274849818339874e-02,6.422593009386466933e-01,-2.732273511920865761e-02,-2.553204907584975647e+00,-2.239208999327623253e-02,3.525915778729696193e+00,-1.777049170423516955e-01,1.384088385086079676e-02,-2.789712715048338065e-01,4.840474599782013110e-02,1.166166302047914938e+00,8.721750895012314597e-03,-9.861979984057405169e-01,5.867266729419938487e-02,4.838226939411326144e-02,-9.751735045681884095e-01,1.692038952176098121e-01,4.076457312407114841e+00,3.048780019670422128e-02,-3.447359124528330376e+00,2.050964971375425494e-01,0.000000000000000000e+00,0.000000000000000000e+00,0.000000000000000000e+00,0.000000000000000000e+00,0.000000000000000000e+00,0.000000000000000000e+00,0.000000000000000000e+00
3.460000000000000298e-01,4.077661355644489338e-02,6.419798424174730789e-01,-2.727424582975111061e-02,-2.552036704463361172e+00,-2.238335300901969291e-02,3.524927858243360301e+00,-1.776461418977035855e-01,1.388921590778606149e-02,-2.799454329471355862e-01,4.857377428851517714e-02,1.170238528699206748e+00,8.752207054119488100e-03,-9.896417797648020542e-01,5.887755093647083909e-02,4.828168338526096781e-02,-9.731461335500164456e-01,1.688521228696953091e-01,4.067982419095027780e+00,3.042441651960770682e-02,-3.440192116867068606e+00,2.046701046112102129e-01,0.000000000000000000e+00,0.000000000000000000e+00,0.000000000000000000e+00,0.000000000000000000e+00,0.000000000000000000e+00,0.000000000000000000e+00,0.000000000000000000e+00
3.470000000000000306e-01,4.079052689630938838e-02,6.416994107517858259e-01,-2.722558768845180499e-02,-2.550864433366099249e+00,-2.237458560039728289e-02,3.523936497570634430e+00,-1.775871620832916720e-01,1.393744689610496371e-02,-2.809175572913784613e-01,4.874244911910810552e-02,1.174302239795841141e+00,8.782599525443603866e-03,-9.930783597299084331e-01,5.908200614044464838e-02,4.818013279734741083e-02,-9.710993208653952991e-01,1.684969771675240424e-01,4.059426254990625260e+00,3.036042501873481916e-02,-3.432956380506849037e+00,2.042396231533507578e-01,0.000000000000000000e+00,0.000000000000000000e+00,0.000000000000000000e+00,0.000000000000000000e+00,0.000000000000000000e+00,0.000000000000000000e+00,0.000000000000000000e+00
3.480000000000000315e-01,4.080448841622660860e-02,6.414180079883918806e-01,-2.717676105045536972e-02,-2.549688102849328786e+00,-2.236578783140031126e-02,3.522941703947233716e+00,-1.775279780295959953e-01,1.398557585308630308e-02,-2.818876251331405847e-01,4.891076712270704674e-02,1.178357354222717701e+00,8.812927702325303730e-03,-9.965076697040254894e-01,5.928602882502248539e-02,4.807762132607778377e-02,-9.690331410034692672e-01,1.681384710358250767e-01,4.050789131476254745e+00,3.029582802291225230e-02,-3.425652178776016576e+00,2.038050684303685522e-01,0.000000000000000000e+00,0.000000000000000000e+00,0.000000000000000000e+00,0.000000000000000000e+00,0.000000000000000000e+00,0.000000000000000000e+00,0.000000000000000000e+00
3.490000000000000324e-01,4.081849801368540170e-02,6.411356361934645864e-01,-2.712776627426685683e-02,-2.548507721550148375e+00,-2.235695976662558163e-02,3.521943484677337644e+00,-1.774685901711700597e-01,1.403360181969457061e-02,-2.828556171424893018e-01,4.907872494534482044e-02,1.182403791176117824e+00,8.843190980434054160e-03,-9.999296413534464190e-01,5.948961492477247703e-02,4.797415266715737703e-02,-9.669476684533806488e-01,1.677766173993270604e-01,4.042071359934256591e+00,3.023062786096673837e-02,-3.418279775002920573e+00,2.033664561086678813e-01,0.000000000000000000e+00,0.000000000000000000e+00,0.000000000000000000e+00,0.000000000000000000e+00,0.000000000000000000e+00,0.000000000000000000e+00,0.000000000000000000e+00
3.500000000000000333e-01,4.083255558521739492e-02,6.408522974524702986e-01,-2.707860372173882466e-02,-2.547323298186302321e+00,-2.234810147127306440e-02,3.520941847133328029e+00,-1.774089989466248463e-01,1.408152384058997120e-02,-2.838215140639810952e-01,4.924631924597901167e-02,1.186441470163704937e+00,8.873388757768141052e-03,-1.003344206607793332e+00,5.969276038992907263e-02,4.786973051629131448e-02,-9.648429777042737410e-01,1.674114291827593082e-01,4.033273251746983590e+00,3.016482686172503383e-02,-3.410839432515910374e+00,2.029238018546529743e-01,0.000000000000000000e+00,0.000000000000000000e+00,0.000000000000000000e+00,0.000000000000000000e+00,0.000000000000000000e+00,0.000000000000000000e+00,0.000000000000000000e+00
3.510000000000000342e-01,4.084666102640074903e-02,6.405679938700937770e-01,-2.702927375805841415e-02,-2.546134841555873329e+00,-2.233921301114355495e-02,3.519936798755525675e+00,-1.773492047986132691e-01,1.412934096412840623e-02,-2.847852967166612514e-01,4.941354669649189457e-02,1.190470311004524273e+00,8.903520434654678406e-03,-1.006751297660016142e+00,5.989546118639313410e-02,4.776435856918487266e-02,-9.627191432452915087e-01,1.670429193108506349e-01,4.024395118296780538e+00,3.009842735401384306e-02,-3.403331414643336217e+00,2.024771213347283383e-01,0.000000000000000000e+00,0.000000000000000000e+00,0.000000000000000000e+00,0.000000000000000000e+00,0.000000000000000000e+00,0.000000000000000000e+00,0.000000000000000000e+00
3.519999999999999796e-01,4.086081423186383593e-02,6.402827275701629128e-01,-2.697977675173442516e-02,-2.544942360536968540e+00,-2.233029445263637683e-02,3.518928347051925698e+00,-1.772892081738146053e-01,1.417705224236148927e-02,-2.857469459940646384e-01,4.958040398169049484e-02,1.194490233829004655e+00,8.933585413749618731e-03,-1.010150846966394012e+00,6.009771329573200538e-02,4.765804052154321707e-02,-9.605762395655778052e-01,1.666711007083300222e-01,4.015437270965989569e+00,3.003143166665991556e-02,-3.395755984713543896e+00,2.020264302152982305e-01,0.000000000000000000e+00,0.000000000000000000e+00,0.000000000000000000e+00,0.000000000000000000e+00,0.000000000000000000e+00,0.000000000000000000e+00,0.000000000000000000e+00
3.529999999999999805e-01,4.087501509528890936e-02,6.399965006955754543e-01,-2.693011307458437198e-02,-2.543745864087410435e+00,-2.232134586274701904e-02,3.517916499597937730e+00,-1.772290095229186180e-01,1.422465673103654946e-02,-2.867064428642151497e-01,4.974688779930659666e-02,1.198501159078956491e+00,8.963583100037728763e-03,-1.013542787246533905e+00,6.029951271517935973e-02,4.755078006907161731e-02,-9.584143411542759283e-01,1.662959862999263128e-01,4.006400021136959921e+00,2.996384212848994880e-02,-3.388113406054882759e+00,2.015717441627670192e-01,0.000000000000000000e+00,0.000000000000000000e+00,0.000000000000000000e+00,0.000000000000000000e+00,0.000000000000000000e+00,0.000000000000000000e+00,0.000000000000000000e+00
3.539999999999999813e-01,4.088926350941583104e-02,6.397093154082236222e-01,-2.688028310172159777e-02,-2.542545361244421542e+00,-2.231236730906482196e-02,3.516901264036117247e+00,-1.771686093006100970e-01,1.427215348959659340e-02,-2.876637683696256498e-01,4.991299485999663860e-02,1.202503007507573107e+00,8.993512900832603338e-03,-1.016927051483370148e+00,6.050085545763529693e-02,4.744258090747525969e-02,-9.562335225005293982e-01,1.659175890103686268e-01,3.997283680192036837e+00,2.989566106833069919e-02,-3.380403941995700379e+00,2.011130788435387950e-01,0.000000000000000000e+00,0.000000000000000000e+00,0.000000000000000000e+00,0.000000000000000000e+00,0.000000000000000000e+00,0.000000000000000000e+00,0.000000000000000000e+00
3.549999999999999822e-01,4.090355936604574139e-02,6.394211738889196139e-01,-2.683028721154230231e-02,-2.541340861124317563e+00,-2.230335885977066321e-02,3.515882648075906225e+00,-1.771080079655530104e-01,1.431954158118035718e-02,-2.886189036272984176e-01,5.007872188734184549e-02,1.206495700179429420e+00,9.023374225776667132e-03,-1.020303572923167756e+00,6.070173755166635016e-02,4.733344673245930279e-02,-9.540338580934815127e-01,1.655359217643856962e-01,3.988088559513566889e+00,2.982689081500887809e-02,-3.372627855864345658e+00,2.006504499240179817e-01,0.000000000000000000e+00,0.000000000000000000e+00,0.000000000000000000e+00,0.000000000000000000e+00,0.000000000000000000e+00,0.000000000000000000e+00,0.000000000000000000e+00
3.559999999999999831e-01,4.091790255604477178e-02,6.391320783373218850e-01,-2.678012578571267038e-02,-2.540132372922193404e+00,-2.229432058363459146e-02,3.514860659493369344e+00,-1.770472059803749887e-01,1.436682007262227515e-02,-2.895718298287246473e-01,5.024406561784817982e-02,1.210479158470483041e+00,9.053166486841176391e-03,-1.023672285075517774e+00,6.090215504150539583e-02,4.722338123972907864e-02,-9.518154224222761250e-01,1.651509974867066965e-01,3.978814970483894875e+00,2.975753369735124193e-02,-3.364785410989171055e+00,2.001838730706090863e-01,0.000000000000000000e+00,0.000000000000000000e+00,0.000000000000000000e+00,0.000000000000000000e+00,0.000000000000000000e+00,0.000000000000000000e+00,0.000000000000000000e+00
3.569999999999999840e-01,4.093229296934773609e-02,6.388420309718597645e-01,-2.672979920915588906e-02,-2.538919905911611430e+00,-2.228525255001353317e-02,3.513835306130929759e+00,-1.769862038116515879e-01,1.441398803445247644e-02,-2.905225282398846698e-01,5.040902280094627236e-02,1.214453304068074058e+00,9.082889098326199853e-03,-1.027033121713340824e+00,6.110210398705172297e-02,4.711238812498975276e-02,-9.495782899760568663e-01,1.647628291020605262e-01,3.969463224485369590e+00,2.968759204418450898e-02,-3.356876870698519255e+00,1.997133639497163937e-01,0.000000000000000000e+00,0.000000000000000000e+00,0.000000000000000000e+00,0.000000000000000000e+00,0.000000000000000000e+00,0.000000000000000000e+00,0.000000000000000000e+00
3.579999999999999849e-01,4.094673049496183603e-02,6.385510340296595144e-01,-2.667930787003926565e-02,-2.537703469444292370e+00,-2.227615482884894721e-02,3.512806595897105311e+00,-1.769250019298906351e-01,1.446104454089681968e-02,-2.914709802012481199e-01,5.057359019899154706e-02,1.218418058970925033e+00,9.112541476860649969e-03,-1.030386016872886001e+00,6.130158046387112342e-02,4.700047108394649759e-02,-9.473225352439660352e-01,1.643714295351758614e-01,3.960033632900332279e+00,2.961706818433538710e-02,-3.348902498320740495e+00,1.992389382277438004e-01,0.000000000000000000e+00,0.000000000000000000e+00,0.000000000000000000e+00,0.000000000000000000e+00,0.000000000000000000e+00,0.000000000000000000e+00,0.000000000000000000e+00
3.589999999999999858e-01,4.096121502097033878e-02,6.382590897664698337e-01,-2.662865215976130753e-02,-2.536483072949801354e+00,-2.226702749066450382e-02,3.511774536766246513e+00,-1.768636008095165468e-01,1.450798866987683920e-02,-2.924171671277736584e-01,5.073776458726413086e-02,1.222373345489140117e+00,9.142123041402253417e-03,-1.033730904853729538e+00,6.150058056319565591e-02,4.688763381230460353e-02,-9.450482327151484840e-01,1.639768117107821277e-01,3.950526507111132624e+00,2.954596444663063273e-02,-3.340862557184185011e+00,1.987606115710960908e-01,0.000000000000000000e+00,0.000000000000000000e+00,0.000000000000000000e+00,0.000000000000000000e+00,0.000000000000000000e+00,0.000000000000000000e+00,0.000000000000000000e+00
3.599999999999999867e-01,4.097574643453626847e-02,6.379662004565865852e-01,-2.657783247293874287e-02,-2.535258725935238378e+00,-2.225787060656373578e-02,3.510739136778272762e+00,-1.768020009288546190e-01,1.455481950300979883e-02,-2.933610705089091941e-01,5.090154275396885364e-02,1.226319086244207046e+00,9.171633213237568444e-03,-1.037067720218777467e+00,6.169910039192389589e-02,4.677388000576920835e-02,-9.427554568787476219e-01,1.635789885536079180e-01,3.940942158500116310e+00,2.947428315989696068e-02,-3.332757310617199931e+00,1.982783996461774112e-01,0.000000000000000000e+00,0.000000000000000000e+00,0.000000000000000000e+00,0.000000000000000000e+00,0.000000000000000000e+00,0.000000000000000000e+00,0.000000000000000000e+00
3.609999999999999876e-01,4.099032462190613235e-02,6.376723683927798536e-01,-2.652684920739366292e-02,-2.534030437984926554e+00,-2.224868424822774859e-02,3.509700404038408550e+00,-1.767402027701155121e-01,1.460153612560864851e-02,-2.943026719085917176e-01,5.106492150023532461e-02,1.230255204168993810e+00,9.201071415981979668e-03,-1.040396397794262962e+00,6.189713607262073425e-02,4.665921336004559550e-02,-9.404442822239058586e-01,1.631779729883824359e-01,3.931280898449630801e+00,2.940202665296109269e-02,-3.324587021948136378e+00,1.977923181193922686e-01,0.000000000000000000e+00,0.000000000000000000e+00,0.000000000000000000e+00,0.000000000000000000e+00,0.000000000000000000e+00,0.000000000000000000e+00,0.000000000000000000e+00
3.619999999999999885e-01,4.100494946841360538e-02,6.373775958862180069e-01,-2.647570276414054277e-02,-2.532798218760099029e+00,-2.223946848791285083e-02,3.508658346716920562e+00,-1.766782068193794852e-01,1.464813762668205899e-02,-2.952419529652472452e-01,5.122789764011784208e-02,1.234181622507753540e+00,9.230437075579698072e-03,-1.043716872669748996e+00,6.209468374351752307e-02,4.654363757083895825e-02,-9.381147832397674913e-01,1.627737779398344964e-01,3.921543038342018228e+00,2.932919725464979213e-02,-3.316351954505337929e+00,1.973023826571446149e-01,0.000000000000000000e+00,0.000000000000000000e+00,0.000000000000000000e+00,0.000000000000000000e+00,0.000000000000000000e+00,0.000000000000000000e+00,0.000000000000000000e+00
3.629999999999999893e-01,4.101962085848318007e-02,6.370818852663935328e-01,-2.642439354737336973e-02,-2.531562077998590787e+00,-2.223022339844824002e-02,3.507612973048854332e+00,-1.766160135665806319e-01,1.469462309893440274e-02,-2.961788953917911527e-01,5.139046800059546283e-02,1.238098264816119842e+00,9.259729620303764480e-03,-1.047029080198125017e+00,6.229173955851202010e-02,4.642715633385445517e-02,-9.357670344154767061e-01,1.623664163326929977e-01,3.911728889559624722e+00,2.925579729378975299e-02,-3.308052371617156151e+00,1.968086089258390681e-01,0.000000000000000000e+00,0.000000000000000000e+00,0.000000000000000000e+00,0.000000000000000000e+00,0.000000000000000000e+00,0.000000000000000000e+00,0.000000000000000000e+00
3.639999999999999902e-01,4.103433867563396203e-02,6.367852388810494313e-01,-2.637292196445266065e-02,-2.530322025514525119e+00,-2.222094905323368855e-02,3.506564291333770456e+00,-1.765536235054913916e-01,1.474099163876574359e-02,-2.971134809756278972e-01,5.155262942157194661e-02,1.242005054961108801e+00,9.288948480756037407e-03,-1.050332955995610718e+00,6.248829968716831246e-02,4.630977334479738361e-02,-9.334011102401749138e-01,1.619559010916870045e-01,3.901838763484801742e+00,2.918182909920772478e-02,-3.299688536611939060e+00,1.963110125918797466e-01,0.000000000000000000e+00,0.000000000000000000e+00,0.000000000000000000e+00,0.000000000000000000e+00,0.000000000000000000e+00,0.000000000000000000e+00,0.000000000000000000e+00
3.649999999999999911e-01,4.104910280248323662e-02,6.364876590961034974e-01,-2.632128842589259374e-02,-2.529078071198000544e+00,-2.221164552623719826e-02,3.505512309935483017e+00,-1.764910371337068407e-01,1.478724234627187308e-02,-2.980456915786509620e-01,5.171437875587579086e-02,1.245901917121119196e+00,9.318093089867212145e-03,-1.053628435941753150e+00,6.268436031471699699e-02,4.619149229937295764e-02,-9.310170852030079658e-01,1.615422451415453597e-01,3.891872971499889644e+00,2.910729499973043616e-02,-3.291260712818036449e+00,1.958096093216712408e-01,0.000000000000000000e+00,0.000000000000000000e+00,0.000000000000000000e+00,0.000000000000000000e+00,0.000000000000000000e+00,0.000000000000000000e+00,0.000000000000000000e+00
3.659999999999999920e-01,4.106391312075028527e-02,6.361891482955743804e-01,-2.626949334534802935e-02,-2.527830225014784826e+00,-2.220231289199267599e-02,3.504457037281792697e+00,-1.764282549526288990e-01,1.483337432524426888e-02,-2.989755091372429674e-01,5.187571286926023761e-02,1.249788775785932504e+00,9.347162882896810354e-03,-1.056915456179426949e+00,6.287991764205502765e-02,4.607231689328632196e-02,-9.286150337931171617e-01,1.611254614069970725e-01,3.881831824987237223e+00,2.903219732418461235e-02,-3.282769163563795445e+00,1.953044147816175302e-01,0.000000000000000000e+00,0.000000000000000000e+00,0.000000000000000000e+00,0.000000000000000000e+00,0.000000000000000000e+00,0.000000000000000000e+00,0.000000000000000000e+00
3.669999999999999929e-01,4.107876951126000070e-02,6.358897088815075316e-01,-2.621753713960163143e-02,-2.526578497005997015e+00,-2.219295122559759512e-02,3.503398481864227421e+00,-1.763652774674507873e-01,1.487938668317012776e-02,-2.999029156622759484e-01,5.203662864040323188e-02,1.253665555756712013e+00,9.376157297433167920e-03,-1.060193953114836773e+00,6.307496788574577795e-02,4.595225082224273228e-02,-9.261950304996469097e-01,1.607055628127710967e-01,3.871715635329190164e+00,2.895653840139696469e-02,-3.274214152177563175e+00,1.947954446381231774e-01,0.000000000000000000e+00,0.000000000000000000e+00,0.000000000000000000e+00,0.000000000000000000e+00,0.000000000000000000e+00,0.000000000000000000e+00,0.000000000000000000e+00
3.679999999999999938e-01,4.109367185394662697e-02,6.355893432739001536e-01,-2.616542022855091604e-02,-2.525322897287801904e+00,-2.218356060271069533e-02,3.502336652237776793e+00,-1.763021051871414002e-01,1.492527853123233779e-02,-3.008278932391107996e-01,5.219712296090746328e-02,1.257532182146003041e+00,9.405075773393462707e-03,-1.063463863417514421e+00,6.326950727801892993e-02,4.583129778194743736e-02,-9.237571498117413960e-01,1.602825622835965247e-01,3.861524713908093709e+00,2.888032056019425309e-02,-3.265595941987691209e+00,1.942827145575924397e-01,0.000000000000000000e+00,0.000000000000000000e+00,0.000000000000000000e+00,0.000000000000000000e+00,0.000000000000000000e+00,0.000000000000000000e+00,0.000000000000000000e+00
3.689999999999999947e-01,4.110862002785743707e-02,6.352880539106263713e-01,-2.611314303519532767e-02,-2.524063436051093845e+00,-2.217414109954960952e-02,3.501271557020628755e+00,-1.762387386244294585e-01,1.497104898430950785e-02,-3.017504240275976635e-01,5.235719273530034523e-02,1.261388580377734714e+00,9.433917753023693745e-03,-1.066725124020320381e+00,6.346353206677074477e-02,4.570946146810559579e-02,-9.213014662185430304e-01,1.598564727442020883e-01,3.851259372106293100e+00,2.880354612940318887e-02,-3.256914796322525341e+00,1.937662402064294909e-01,0.000000000000000000e+00,0.000000000000000000e+00,0.000000000000000000e+00,0.000000000000000000e+00,0.000000000000000000e+00,0.000000000000000000e+00,0.000000000000000000e+00
3.699999999999999956e-01,4.112361391115640363e-02,6.349858432473637349e-01,-2.606070598562333987e-02,-2.522800123561190322e+00,-2.216469279288859132e-02,3.500203204893907127e+00,-1.761751782957880208e-01,1.501669716097593643e-02,-3.026704902620758197e-01,5.251683488103402186e-02,1.265234676187216190e+00,9.462682680898684695e-03,-1.069977672119443390e+00,6.365703851556371584e-02,4.558674557642243552e-02,-9.188280542091963321e-01,1.594273071193169078e-01,3.840919921306138907e+00,2.872621743785050419e-02,-3.248170978510415807e+00,1.932460372510389213e-01,0.000000000000000000e+00,0.000000000000000000e+00,0.000000000000000000e+00,0.000000000000000000e+00,0.000000000000000000e+00,0.000000000000000000e+00,0.000000000000000000e+00
3.709999999999999964e-01,4.113865338112795977e-02,6.346827137575180577e-01,-2.600810950899949334e-02,-2.521532970157514431e+00,-2.215521576005612461e-02,3.499131604601407375e+00,-1.761114247214187190e-01,1.506222218350163761e-02,-3.035880742513737407e-01,5.267604632848538193e-02,1.269070395621141545e+00,9.491370003922082119e-03,-1.073221445174401545e+00,6.385002290362688793e-02,4.546315380260319838e-02,-9.163369882728436000e-01,1.589950783336698814e-01,3.830506672889973707e+00,2.864833681436295201e-02,-3.239364751879712401e+00,1.927221213578248493e-01,0.000000000000000000e+00,0.000000000000000000e+00,0.000000000000000000e+00,0.000000000000000000e+00,0.000000000000000000e+00,0.000000000000000000e+00,0.000000000000000000e+00
3.719999999999999973e-01,4.115373831418064204e-02,6.343786679321491428e-01,-2.595535403755150697e-02,-2.520261986253290232e+00,-2.214571007893264415e-02,3.498056764949335040e+00,-1.760474784252361868e-01,1.510762317785233413e-02,-3.045031583788089247e-01,5.283482402095603797e-02,1.272895665037585111e+00,9.519979171326376291e-03,-1.076456380908039412e+00,6.404248152585557963e-02,4.533868984235308458e-02,-9.138283428986289092e-01,1.585597993119897131e-01,3.820019938240139190e+00,2.856990658776719164e-02,-3.230496379758758696e+00,1.921945081931916155e-01,0.000000000000000000e+00,0.000000000000000000e+00,0.000000000000000000e+00,0.000000000000000000e+00,0.000000000000000000e+00,0.000000000000000000e+00,0.000000000000000000e+00
3.729999999999999982e-01,4.116886858585078190e-02,6.340737082798960644e-01,-2.590244000655731252e-02,-2.518987182335226116e+00,-2.213617582794818323e-02,3.496978694806039734e+00,-1.759833399348522953e-01,1.515289927368943836e-02,-3.054157251021881181e-01,5.299316491467227774e-02,1.276710411106004806e+00,9.548509634672857835e-03,-1.079682417306531583e+00,6.423441069281161930e-02,4.521335739137729431e-02,-9.113021925756962238e-01,1.581214829790056897e-01,3.809460028738990811e+00,2.849092908689004541e-02,-3.221566125475907594e+00,1.916632134235434770e-01,0.000000000000000000e+00,0.000000000000000000e+00,0.000000000000000000e+00,0.000000000000000000e+00,0.000000000000000000e+00,0.000000000000000000e+00,0.000000000000000000e+00
3.739999999999999991e-01,4.118404407080625967e-02,6.337678373269027832e-01,-2.584936785433217254e-02,-2.517708568963204385e+00,-2.212661308608004918e-02,3.495897403101753564e+00,-1.759190097815604426e-01,1.519804960437007996e-02,-3.063257569538070935e-01,5.315106597878517525e-02,1.280514560807239910e+00,9.576960847851668027e-03,-1.082899492619380011e+00,6.442580673072310915e-02,4.508716014538108330e-02,-9.087586117931881757e-01,1.576801422594467650e-01,3.798827255768868483e+00,2.841140664055818998e-02,-3.212574252359506666e+00,1.911282527152850519e-01,0.000000000000000000e+00,0.000000000000000000e+00,0.000000000000000000e+00,0.000000000000000000e+00,0.000000000000000000e+00,0.000000000000000000e+00,0.000000000000000000e+00
3.750000000000000000e-01,4.119926464285011275e-02,6.334610576167442053e-01,-2.579613802221573243e-02,-2.516426156769973499e+00,-2.211702193285048842e-02,3.494812898828328240e+00,-1.758544885003200664e-01,1.524307330694709556e-02,-3.072332365404509269e-01,5.330852419537053521e-02,1.284308041433513514e+00,9.605332267081764103e-03,-1.086107545359415782e+00,6.461666598148477214e-02,4.496010180006965867e-02,-9.061976750402492842e-01,1.572357900780416984e-01,3.788121930712119223e+00,2.833134157759835403e-02,-3.203521023737903484e+00,1.905896417348203753e-01,0.000000000000000000e+00,0.000000000000000000e+00,0.000000000000000000e+00,0.000000000000000000e+00,0.000000000000000000e+00,0.000000000000000000e+00,0.000000000000000000e+00
3.760000000000000009e-01,4.121453017492432425e-02,6.331533717103506875e-01,-2.574275095455908630e-02,-2.515139956460830994e+00,-2.210740244832437584e-02,3.493725191038969946e+00,-1.757897766297408515e-01,1.528796952216901830e-02,-3.081381465433938316e-01,5.346553655942887923e-02,1.288090780588429629e+00,9.633623350910933136e-03,-1.089306514302796902e+00,6.480698480265750794e-02,4.483218605114819288e-02,-9.036194568060217369e-01,1.567884393595196380e-01,3.777344364951089162e+00,2.825073622683728011e-02,-3.194406702939448728e+00,1.900473961485538987e-01,0.000000000000000000e+00,0.000000000000000000e+00,0.000000000000000000e+00,0.000000000000000000e+00,0.000000000000000000e+00,0.000000000000000000e+00,0.000000000000000000e+00
3.770000000000000018e-01,4.122984053911344510e-02,6.328447821859342071e-01,-2.568920709871188104e-02,-2.513849978813318398e+00,-2.209775471310686940e-02,3.492634288847977331e+00,-1.757248747120670196e-01,1.533273739448008828e-02,-3.090404697183989358e-01,5.362210007888545960e-02,1.291862706186974963e+00,9.661833560215781630e-03,-1.092496338489011620e+00,6.499675956746872596e-02,4.470341659432191389e-02,-9.010240315796499422e-01,1.563381030286092876e-01,3.766494869868125317e+00,2.816959291710168650e-02,-3.185231553292487749e+00,1.895015316228898239e-01,0.000000000000000000e+00,0.000000000000000000e+00,0.000000000000000000e+00,0.000000000000000000e+00,0.000000000000000000e+00,0.000000000000000000e+00,0.000000000000000000e+00
3.780000000000000027e-01,4.124519560664832718e-02,6.325352916389139768e-01,-2.563550690500937188e-02,-2.512556234676904587e+00,-2.208807880834107867e-02,3.491540201430479495e+00,-1.756597832931618974e-01,1.537737607202026117e-02,-3.099401888957188378e-01,5.377821177459023161e-02,1.295623746455519143e+00,9.689962358201752862e-03,-1.095676957220875103e+00,6.518598666481228987e-02,4.457379712529607740e-02,-8.984114738502769759e-01,1.558847940100397955e-01,3.755573756845572486e+00,2.808791397721832964e-02,-3.175995838125370341e+00,1.889520638242323802e-01,0.000000000000000000e+00,0.000000000000000000e+00,0.000000000000000000e+00,0.000000000000000000e+00,0.000000000000000000e+00,0.000000000000000000e+00,0.000000000000000000e+00
3.790000000000000036e-01,4.126059524790979399e-02,6.322249026818412831e-01,-2.558165082675950552e-02,-2.511258734972675377e+00,-2.207837481570575425e-02,3.490442938022168651e+00,-1.755945029224919018e-01,1.542188470662517880e-02,-3.108372869800949401e-01,5.393386868031789516e-02,1.299373829931813606e+00,9.718009210403109541e-03,-1.098848310064531653e+00,6.537466249924833717e-02,4.444333133977588363e-02,-8.957818581070465802e-01,1.554285252285400043e-01,3.744581337265778576e+00,2.800570173601390350e-02,-3.166699820766446738e+00,1.883990084189862968e-01,0.000000000000000000e+00,0.000000000000000000e+00,0.000000000000000000e+00,0.000000000000000000e+00,0.000000000000000000e+00,0.000000000000000000e+00,0.000000000000000000e+00
3.800000000000000044e-01,4.127603933243239459e-02,6.319136179443257673e-01,-2.552763932022997229e-02,-2.509957490693025317e+00,-2.206864281741293884e-02,3.489342507919039882e+00,-1.755290341531111353e-01,1.546626245382621764e-02,-3.117317469507578931e-01,5.408906784276788782e-02,1.303112885464992488e+00,9.745973584682945945e-03,-1.102010336849453598e+00,6.556278349100351510e-02,4.431202293346653970e-02,-8.931352588391017200e-01,1.549693096088390898e-01,3.733517922511085718e+00,2.792295852231516454e-02,-3.157343764544062292e+00,1.878423810735554700e-01,0.000000000000000000e+00,0.000000000000000000e+00,0.000000000000000000e+00,0.000000000000000000e+00,0.000000000000000000e+00,0.000000000000000000e+00,0.000000000000000000e+00
3.810000000000000053e-01,4.129152772890801876e-02,6.316014400729605960e-01,-2.547347284463533090e-02,-2.508652512901342835e+00,-2.205888289620565670e-02,3.488238920477127358e+00,-1.754633775416456487e-01,1.551050847285042299e-02,-3.126235518614278730e-01,5.424380632156441256e-02,1.306840842215571730e+00,9.773854951233184457e-03,-1.105162977668441737e+00,6.575034607597084191e-02,4.417987560207322500e-02,-8.904717505355863594e-01,1.545071600756657004e-01,3.722383823963844041e+00,2.783968666494882407e-02,-3.147927932786569016e+00,1.872821974543444623e-01,0.000000000000000000e+00,0.000000000000000000e+00,0.000000000000000000e+00,0.000000000000000000e+00,0.000000000000000000e+00,0.000000000000000000e+00,0.000000000000000000e+00
3.820000000000000062e-01,4.130706030518964400e-02,6.312883717312476328e-01,-2.541915186212402589e-02,-2.507343812731700705e+00,-2.204909513535556823e-02,3.487132185112242322e+00,-1.753975336482777869e-01,1.555462192662056785e-02,-3.135126848403137489e-01,5.439808118925632680e-02,1.310557629655450196e+00,9.801652782574565154e-03,-1.108306172877624451e+00,6.593734670570976231e-02,4.404689304130122302e-02,-8.877914076856441294e-01,1.540420895537489010e-01,3.711179353006397008e+00,2.775588849274163161e-02,-3.138452588822312705e+00,1.867184732277573922e-01,0.000000000000000000e+00,0.000000000000000000e+00,0.000000000000000000e+00,0.000000000000000000e+00,0.000000000000000000e+00,0.000000000000000000e+00,0.000000000000000000e+00
3.830000000000000071e-01,4.132263692829500623e-02,6.309744155995238302e-01,-2.536467683776550200e-02,-2.506031401388544300e+00,-2.203927961866065238e-02,3.486022311299705745e+00,-1.753315030367303962e-01,1.559860198175513218e-02,-3.143991290901134716e-01,5.455188953131724638e-02,1.314263177567908780e+00,9.829366553556664887e-03,-1.111439863096460368e+00,6.612378184744605036e-02,4.391307894685572699e-02,-8.850943047784178841e-01,1.535741109678177008e-01,3.699904821021091195e+00,2.767156633452028461e-02,-3.128917995979641820e+00,1.861512240601988222e-01,0.000000000000000000e+00,0.000000000000000000e+00,0.000000000000000000e+00,0.000000000000000000e+00,0.000000000000000000e+00,0.000000000000000000e+00,0.000000000000000000e+00
3.840000000000000080e-01,4.133825746441033289e-02,6.306595743748855121e-01,-2.531004823953727709e-02,-2.504715290146379836e+00,-2.202943643044287178e-02,3.484909308574088094e+00,-1.752652862742514195e-01,1.564244780856828901e-02,-3.152828678880144619e-01,5.470522844614553876e-02,1.317957416047610630e+00,9.856995741357876470e-03,-1.114563989207733918e+00,6.630964798407197602e-02,4.377843701444192326e-02,-8.823805163030519205e-01,1.531032372426011368e-01,3.688560539390275395e+00,2.758672251911153603e-02,-3.119324417586906595e+00,1.855804656180729262e-01,0.000000000000000000e+00,0.000000000000000000e+00,0.000000000000000000e+00,0.000000000000000000e+00,0.000000000000000000e+00,0.000000000000000000e+00,0.000000000000000000e+00
3.850000000000000089e-01,4.135392177889399973e-02,6.303438507711153216e-01,-2.525526653831199411e-02,-2.503395490349461738e+00,-2.201956565554585160e-02,3.483793186528946428e+00,-1.751988839315979651e-01,1.568615858106992347e-02,-3.161638845856932223e-01,5.485809504506425349e-02,1.321640275500601369e+00,9.884539825485434694e-03,-1.117678492357559783e+00,6.649494161414613858e-02,4.364297093976503977e-02,-8.796501167486893147e-01,1.526294813028280517e-01,3.677146819496292629e+00,2.750135937534212843e-02,-3.109672116972456823e+00,1.850062135677840447e-01,0.000000000000000000e+00,0.000000000000000000e+00,0.000000000000000000e+00,0.000000000000000000e+00,0.000000000000000000e+00,0.000000000000000000e+00,0.000000000000000000e+00
3.860000000000000098e-01,4.136962973628022927e-02,6.300272475186063925e-01,-2.520033220784451133e-02,-2.502072013411484885e+00,-2.200966737933254119e-02,3.482673954816560169e+00,-1.751322965830207634e-01,1.572973347696563634e-02,-3.170421626093152812e-01,5.501048645232124029e-02,1.325311686644309539e+00,9.911998287775385108e-03,-1.120783313955380889e+00,6.667965925189360543e-02,4.350668441853029061e-02,-8.769031806044729205e-01,1.521528560732270663e-01,3.665663972721487696e+00,2.741547923203875581e-02,-3.099961357464635636e+00,1.844284835757364349e-01,0.000000000000000000e+00,0.000000000000000000e+00,0.000000000000000000e+00,0.000000000000000000e+00,0.000000000000000000e+00,0.000000000000000000e+00,0.000000000000000000e+00
3.870000000000000107e-01,4.138538120028282391e-02,6.297097673642886306e-01,-2.514524572475898903e-02,-2.500744870815270193e+00,-2.199974168768288607e-02,3.481551623147664642e+00,-1.750655248062484570e-01,1.577317167765670408e-02,-3.179176854595352486e-01,5.516239980508901714e-02,1.328971580507545047e+00,9.939370612392608301e-03,-1.123878395673967745e+00,6.686379742720582886e-02,4.336958114644291762e-02,-8.741397823595474792e-01,1.516733744785278004e-01,3.654112310448212053e+00,2.732908441802817806e-02,-3.090192402391795934e+00,1.838472913083343818e-01,0.000000000000000000e+00,0.000000000000000000e+00,0.000000000000000000e+00,0.000000000000000000e+00,0.000000000000000000e+00,0.000000000000000000e+00,0.000000000000000000e+00
3.880000000000000115e-01,4.140117603379880190e-02,6.293914130715542177e-01,-2.509000756853594152e-02,-2.499414074112453310e+00,-2.198978866699150686e-02,3.480426201291196175e+00,-1.749985691824721412e-01,1.581647236824014133e-02,-3.187904367114972048e-01,5.531383225346484661e-02,1.332619888430500721e+00,9.966656285830814699e-03,-1.126963679449418887e+00,6.704735268564064599e-02,4.323166481920811405e-02,-8.713599965030560668e-01,1.511910494434587360e-01,3.642492144058804726e+00,2.724217726213710652e-02,-3.080365515082285288e+00,1.832626524319824757e-01,0.000000000000000000e+00,0.000000000000000000e+00,0.000000000000000000e+00,0.000000000000000000e+00,0.000000000000000000e+00,0.000000000000000000e+00,0.000000000000000000e+00
3.890000000000000124e-01,4.141701409891215824e-02,6.290721874201826713e-01,-2.503461822149932736e-02,-2.498079634923175529e+00,-2.197980840416536782e-02,3.479297699074017203e+00,-1.749314302963292656e-01,1.585963473750864189e-02,-3.196604000148339231e-01,5.546478096047072204e-02,1.336256542064751640e+00,9.993854796912532423e-03,-1.130039107481162874e+00,6.723032158842227879e-02,4.309293913253111480e-02,-8.685638975241413151e-01,1.507058938927489655e-01,3.630803784935617173e+00,2.715476009319228029e-02,-3.070480958864451715e+00,1.826745826130847794e-01,0.000000000000000000e+00,0.000000000000000000e+00,0.000000000000000000e+00,0.000000000000000000e+00,0.000000000000000000e+00,0.000000000000000000e+00,0.000000000000000000e+00
3.900000000000000133e-01,4.143289525689750064e-02,6.287520932062669043e-01,-2.497907816880361870e-02,-2.496741564935768931e+00,-2.196980098662144540e-02,3.478166126380663581e+00,-1.748641087358883961e-01,1.590265797795062386e-02,-3.205275590936677022e-01,5.561524310205337440e-02,1.339881473373254916e+00,1.002096563678912290e-02,-1.133104622231954517e+00,6.741270071244143125e-02,4.295340778211710620e-02,-8.657515599119471883e-01,1.502179207511275261e-01,3.619047544460993304e+00,2.706683524002041416e-02,-3.060538997066643674e+00,1.820830975180456335e-01,0.000000000000000000e+00,0.000000000000000000e+00,0.000000000000000000e+00,0.000000000000000000e+00,0.000000000000000000e+00,0.000000000000000000e+00,0.000000000000000000e+00
3.910000000000000142e-01,4.144881936822380347e-02,6.284311332421381735e-01,-2.492338789842088106e-02,-2.495399875906449516e+00,-2.195976650228438978e-02,3.477031493153074582e+00,-1.747966050926332837e-01,1.594554128575019492e-02,-3.213918977466097560e-01,5.576521586708424461e-02,1.343494614630350137e+00,1.004798829894077219e-02,-1.136160166427878648e+00,6.759448665025512282e-02,4.281307446367132313e-02,-8.629230581556176505e-01,1.497271429433232326e-01,3.607223734017279693e+00,2.697840503144826110e-02,-3.050539893017212290e+00,1.814882128132694894e-01,0.000000000000000000e+00,0.000000000000000000e+00,0.000000000000000000e+00,0.000000000000000000e+00,0.000000000000000000e+00,0.000000000000000000e+00,0.000000000000000000e+00
3.920000000000000151e-01,4.146478629255804377e-02,6.281093103562920277e-01,-2.486754790112784622e-02,-2.494054579659000570e+00,-2.194970503958422470e-02,3.475893809390332212e+00,-1.747289199614473765e-01,1.598828386078719396e-02,-3.222533998467605465e-01,5.591469645735953897e-02,1.347095898421760696e+00,1.007492227917649447e-02,-1.139205683058347907e+00,6.777567601008685494e-02,4.267194287289893112e-02,-8.600784667442955556e-01,1.492335733940650389e-01,3.595332664986820692e+00,2.688947179630253592e-02,-3.040483910044501581e+00,1.808899441651605211e-01,0.000000000000000000e+00,0.000000000000000000e+00,0.000000000000000000e+00,0.000000000000000000e+00,0.000000000000000000e+00,0.000000000000000000e+00,0.000000000000000000e+00
3.930000000000000160e-01,4.148079588876893431e-02,6.277866273933138119e-01,-2.481155867049298497e-02,-2.492705688084465354e+00,-2.193961668745399163e-02,3.474753085148398757e+00,-1.746610539405979712e-01,1.603088490663712173e-02,-3.231120493417097284e-01,5.606368208760013211e-02,1.350685257644589132e+00,1.010176707563412851e-02,-1.142241115376102956e+00,6.795626541582645841e-02,4.253001670550526220e-02,-8.572178601671253118e-01,1.487372250280819541e-01,3.583374648751968206e+00,2.680003786340997424e-02,-3.030371311476863561e+00,1.802883072401232356e-01,0.000000000000000000e+00,0.000000000000000000e+00,0.000000000000000000e+00,0.000000000000000000e+00,0.000000000000000000e+00,0.000000000000000000e+00,0.000000000000000000e+00
3.940000000000000169e-01,4.149684801493063596e-02,6.274630872138039495e-01,-2.475542070286358698e-02,-2.491353213140834910e+00,-2.192950153532742183e-02,3.473609330539848550e+00,-1.745930076317207535e-01,1.607334363057122753e-02,-3.239678302535359267e-01,5.621216998545169874e-02,1.354262625507323570e+00,1.012852218878033950e-02,-1.145266406897212708e+00,6.813625150703024602e-02,4.238729965719542636e-02,-8.543413129132487738e-01,1.482381107701029321e-01,3.571349996695059037e+00,2.671010556159729779e-02,-3.020202360642644468e+00,1.796833177045616958e-01,0.000000000000000000e+00,0.000000000000000000e+00,0.000000000000000000e+00,0.000000000000000000e+00,0.000000000000000000e+00,0.000000000000000000e+00,0.000000000000000000e+00
3.950000000000000178e-01,4.151294252832638670e-02,6.271386926943031126e-01,-2.469913449735283012e-02,-2.489997166852734534e+00,-2.191935967313662914e-02,3.472462555733612621e+00,-1.745247816398038387e-01,1.611565924355644330e-02,-3.248207266788070702e-01,5.636015739148459575e-02,1.357827935529832830e+00,1.015518712141062416e-02,-1.148281501401075433e+00,6.831563093892087379e-02,4.224379542367467238e-02,-8.514488994718106829e-01,1.477362435448568989e-01,3.559259020198444201e+00,2.661967721969122833e-02,-3.009977320870193207e+00,1.790749912248802977e-01,0.000000000000000000e+00,0.000000000000000000e+00,0.000000000000000000e+00,0.000000000000000000e+00,0.000000000000000000e+00,0.000000000000000000e+00,0.000000000000000000e+00
3.960000000000000187e-01,4.152907928545227639e-02,6.268134467272189481e-01,-2.464270055582686719e-02,-2.488637561311114688e+00,-2.190919119130975423e-02,3.471312770954707805e+00,-1.744563765731725336e-01,1.615783096025541141e-02,-3.256707227885801137e-01,5.650764155919389686e-02,1.361381121543367989e+00,1.018176137864930386e-02,-1.151286342930416762e+00,6.849440038238745199e-02,4.209950770064822129e-02,-8.485406943319544482e-01,1.472316362770728360e-01,3.547102030644472492e+00,2.652875516651853616e-02,-2.999696455487861790e+00,1.784633434674834374e-01,0.000000000000000000e+00,0.000000000000000000e+00,0.000000000000000000e+00,0.000000000000000000e+00,0.000000000000000000e+00,0.000000000000000000e+00,0.000000000000000000e+00
3.970000000000000195e-01,4.154525814202088274e-02,6.264873522207500267e-01,-2.458611938289188836e-02,-2.487274408672939696e+00,-2.189899618076866783e-02,3.470159986483977388e+00,-1.743877930434732382e-01,1.619985799902647419e-02,-3.265178028284013156e-01,5.665461975499946901e-02,1.364922117690563930e+00,1.020824446794951768e-02,-1.154280875791291017e+00,6.867255652398540633e-02,4.195444018382125939e-02,-8.456167719828232565e-01,1.467243018914796970e-01,3.534879339415483823e+00,2.643734173090589099e-02,-2.989360027823992905e+00,1.778483900987754829e-01,0.000000000000000000e+00,0.000000000000000000e+00,0.000000000000000000e+00,0.000000000000000000e+00,0.000000000000000000e+00,0.000000000000000000e+00,0.000000000000000000e+00
3.980000000000000204e-01,4.156147895296499750e-02,6.261604120988129019e-01,-2.452939148588119747e-02,-2.485907721160874662e+00,-2.188877473292660109e-02,3.469004212657828212e+00,-1.743190316656579586e-01,1.624173958192368789e-02,-3.273619511183056274e-01,5.680108925824582655e-02,1.368450858425434902e+00,1.023463589909324144e-02,-1.157265044553080102e+00,6.885009606593667231e-02,4.180859656889907017e-02,-8.426772069135609611e-01,1.462142533128065192e-01,3.522591257893829653e+00,2.634543924168007006e-02,-2.978968301206939451e+00,1.772301467851607470e-01,0.000000000000000000e+00,0.000000000000000000e+00,0.000000000000000000e+00,0.000000000000000000e+00,0.000000000000000000e+00,0.000000000000000000e+00,0.000000000000000000e+00
3.990000000000000213e-01,4.157774157244131102e-02,6.258326293009661700e-01,-2.447251737484230222e-02,-2.484537511062974602e+00,-2.187852693968585574e-02,3.467845459867963331e+00,-1.742500930579687912e-01,1.628347493469680524e-02,-3.282031520528180812e-01,5.694704736120231175e-02,1.371967278513380739e+00,1.026093518419128256e-02,-1.160238794048496391e+00,6.902701572612959802e-02,4.166198055158678443e-02,-8.397220736133103047e-01,1.457015034657820340e-01,3.510238097461853890e+00,2.625305002766779514e-02,-2.968521538965047668e+00,1.766086291930433483e-01,0.000000000000000000e+00,0.000000000000000000e+00,0.000000000000000000e+00,0.000000000000000000e+00,0.000000000000000000e+00,0.000000000000000000e+00,0.000000000000000000e+00
4.000000000000000222e-01,4.159404585383412456e-02,6.255040067823368632e-01,-2.441549756252396966e-02,-2.483163790732374920e+00,-2.186825289343544490e-02,3.466683738561123995e+00,-1.741809778419219357e-01,1.632506328679129981e-02,-3.290413901009516806e-01,5.709249136906285882e-02,1.375471313031182641e+00,1.028714183768325921e-02,-1.163202069373578063e+00,6.920331223811874988e-02,4.151459582758966482e-02,-8.367514465712150296e-01,1.451860652751352510e-01,3.497820169501899112e+00,2.616017641769574978e-02,-2.958020004426667793e+00,1.759838529888277658e-01,0.000000000000000000e+00,0.000000000000000000e+00,0.000000000000000000e+00,0.000000000000000000e+00,0.000000000000000000e+00,0.000000000000000000e+00,0.000000000000000000e+00
4.010000000000000231e-01,4.161039164975901400e-02,6.251745475135460639e-01,-2.435833256436330946e-02,-2.481786572586976547e+00,-2.185795268704879626e-02,3.465519059238822308e+00,-1.741116866422923737e-01,1.636650387134833129e-02,-3.298766498062095653e-01,5.723741859994628534e-02,1.378962897367002727e+00,1.031325537633762633e-02,-1.166154815887693319e+00,6.937898235112532896e-02,4.136644609261295319e-02,-8.337654002764197658e-01,1.446679516655952902e-01,3.485337785396317667e+00,2.606682074059073900e-02,-2.947463960920146953e+00,1.753558338389182014e-01,0.000000000000000000e+00,0.000000000000000000e+00,0.000000000000000000e+00,0.000000000000000000e+00,0.000000000000000000e+00,0.000000000000000000e+00,0.000000000000000000e+00
4.020000000000000240e-01,4.162677881206654912e-02,6.248442544806336318e-01,-2.430102289847286753e-02,-2.480405869109138184e+00,-2.184762641388137902e-02,3.464351432457080548e+00,-1.740422200870979097e-01,1.640779592520476976e-02,-3.307089157865833462e-01,5.738182638489598697e-02,1.382441967220387591e+00,1.033927531925167217e-02,-1.169096979213538612e+00,6.955402283003682407e-02,4.121753504236182891e-02,-8.307640092180664793e-01,1.441471755618909945e-01,3.472791256527453907e+00,2.597298532517942904e-02,-2.936853671773833607e+00,1.747245874097192175e-01,0.000000000000000000e+00,0.000000000000000000e+00,0.000000000000000000e+00,0.000000000000000000e+00,0.000000000000000000e+00,0.000000000000000000e+00,0.000000000000000000e+00
4.030000000000000249e-01,4.164320719184599201e-02,6.245131306849844854e-01,-2.424356908562765034e-02,-2.479021692845362779e+00,-2.183727416776842095e-02,3.463180868826166048e+00,-1.739725788075836554e-01,1.644893868889318878e-02,-3.315381727345542151e-01,5.752571206788022889e-02,1.385908458602264304e+00,1.036520118785149575e-02,-1.172028505237137530e+00,6.972843045540713658e-02,4.106786637254150607e-02,-8.277473478852994671e-01,1.436237498887513453e-01,3.460180894277649521e+00,2.587867250028859714e-02,-2.926189400316076661e+00,1.740901293676349326e-01,0.000000000000000000e+00,0.000000000000000000e+00,0.000000000000000000e+00,0.000000000000000000e+00,0.000000000000000000e+00,0.000000000000000000e+00,0.000000000000000000e+00
4.040000000000000258e-01,4.165967663942898164e-02,6.241811791432537726e-01,-2.418597164925227402e-02,-2.477634056405987106e+00,-2.182689604302255268e-02,3.462007379010326513e+00,-1.739027634382063758e-01,1.648993140664190005e-02,-3.323644054170922235e-01,5.766907300579193069e-02,1.389362307834943300e+00,1.039103250589203109e-02,-1.174949340107843465e+00,6.990220202345659439e-02,4.091744377885719874e-02,-8.247154907672612500e-01,1.430976875709052409e-01,3.447507010029255081e+00,2.578388459474493383e-02,-2.915471409875224129e+00,1.734524753790696316e-01,0.000000000000000000e+00,0.000000000000000000e+00,0.000000000000000000e+00,0.000000000000000000e+00,0.000000000000000000e+00,0.000000000000000000e+00,0.000000000000000000e+00
4.050000000000000266e-01,4.167618700439322532e-02,6.238484028872923748e-01,-2.412823111540796095e-02,-2.476242972464868686e+00,-2.181649213443148660e-02,3.460830973727532900e+00,-1.738327746166187238e-01,1.653077332637485977e-02,-3.331875986756566710e-01,5.781190656844872183e-02,1.392803451552117266e+00,1.041676879945704209e-02,-1.177859430238336502e+00,7.007533434607193801e-02,4.076627095701412101e-02,-8.216685123530965695e-01,1.425690015330817184e-01,3.434769915164615384e+00,2.568862393737518166e-02,-2.904699963779627581e+00,1.728116411104277939e-01,0.000000000000000000e+00,0.000000000000000000e+00,0.000000000000000000e+00,0.000000000000000000e+00,0.000000000000000000e+00,0.000000000000000000e+00,0.000000000000000000e+00
4.060000000000000275e-01,4.169273813556622493e-02,6.235148049640726331e-01,-2.407034801277969233e-02,-2.474848453759076694e+00,-2.180606253725568891e-02,3.459651663749208073e+00,-1.737626129836536970e-01,1.657146369971176925e-02,-3.340077374261960497e-01,5.795421013859300419e-02,1.396231826698861145e+00,1.044240959695911380e-02,-1.180758722304626751e+00,7.024782425080620951e-02,4.061435160271753553e-02,-8.186064871319488345e-01,1.420377047000097592e-01,3.421969921066077447e+00,2.559289285700609706e-02,-2.893875325357632367e+00,1.721676422281136487e-01,0.000000000000000000e+00,0.000000000000000000e+00,0.000000000000000000e+00,0.000000000000000000e+00,0.000000000000000000e+00,0.000000000000000000e+00,0.000000000000000000e+00
4.070000000000000284e-01,4.170932988102891287e-02,6.231803884356134082e-01,-2.401232287266320473e-02,-2.473450513088578884e+00,-2.179560734722603768e-02,3.458469459899968346e+00,-1.736922791833088453e-01,1.661200178196804017e-02,-3.348248066591479888e-01,5.809598111189188258e-02,1.399647370531632351e+00,1.046795442913966111e-02,-1.183647163246051903e+00,7.041966858087904402e-02,4.046168941167256616e-02,-8.155294895929600107e-01,1.415038099964181784e-01,3.409107339115983404e+00,2.549669368246435322e-02,-2.882997757937586059e+00,1.715204943985313979e-01,0.000000000000000000e+00,0.000000000000000000e+00,0.000000000000000000e+00,0.000000000000000000e+00,0.000000000000000000e+00,0.000000000000000000e+00,0.000000000000000000e+00
4.080000000000000293e-01,4.172596208811942681e-02,6.228451563789060286e-01,-2.395415622895213231e-02,-2.472049163315931608e+00,-2.178512666054151573e-02,3.457284373057359694e+00,-1.736217738627306995e-01,1.665238683215477036e-02,-3.356387914394390881e-01,5.823721689693725501e-02,1.403050020618270111e+00,1.049340282906893046e-02,-1.186524700265278343e+00,7.059086419517632272e-02,4.030828807958449639e-02,-8.124375942252750615e-01,1.409673303470358463e-01,3.396182480696683381e+00,2.540002874257673085e-02,-2.872067524847838449e+00,1.708702132880855207e-01,0.000000000000000000e+00,0.000000000000000000e+00,0.000000000000000000e+00,0.000000000000000000e+00,0.000000000000000000e+00,0.000000000000000000e+00,0.000000000000000000e+00
4.090000000000000302e-01,4.174263460343673182e-02,6.225091118858396833e-01,-2.389584861812505193e-02,-2.470644417365968071e+00,-2.177462057386687563e-02,3.456096414151592633e+00,-1.735510976721990895e-01,1.669261811297876458e-02,-3.364496769064853066e-01,5.837791491524562532e-02,1.406439714837996124e+00,1.051875433214597214e-02,-1.189391280828300479e+00,7.076140796825040880e-02,4.015415130215857498e-02,-8.093308755180371739e-01,1.404282786765919944e-01,3.383195657190521732e+00,2.530290036616992741e-02,-2.861084889416741550e+00,1.702168145631804408e-01,0.000000000000000000e+00,0.000000000000000000e+00,0.000000000000000000e+00,0.000000000000000000e+00,0.000000000000000000e+00,0.000000000000000000e+00,0.000000000000000000e+00
4.100000000000000311e-01,4.175934727284436043e-02,6.221722580631271482e-01,-2.383740057923255246e-02,-2.469236288225484799e+00,-2.176408918433029444e-02,3.454905594165281535e+00,-1.734802512651113793e-01,1.673269489084254491e-02,-3.372574482741916846e-01,5.851807260125833215e-02,1.409816391381416123e+00,1.054400847609870441e-02,-1.192246852664441192e+00,7.093129679032002255e-02,3.999928277509989805e-02,-8.062094079603894237e-01,1.398866679098154098e-01,3.370147179979842811e+00,2.520531088207068546e-02,-2.850050114972636717e+00,1.695603138902200546e-01,0.000000000000000000e+00,0.000000000000000000e+00,0.000000000000000000e+00,0.000000000000000000e+00,0.000000000000000000e+00,0.000000000000000000e+00,0.000000000000000000e+00
4.110000000000000320e-01,4.177609994147408329e-02,6.218345980322290689e-01,-2.377881265388432155e-02,-2.467824788942933445e+00,-2.175353258952105948e-02,3.453711924133178179e+00,-1.734092352979669793e-01,1.677261643584431958e-02,-3.380620908309522887e-01,5.865768740234136164e-02,1.413179988750515648e+00,1.056916480098383029e-02,-1.195091363766350945e+00,7.110052756727029688e-02,3.984368619411381152e-02,-8.030732660414761082e-01,1.393425109714351018e-01,3.357037360446998964e+00,2.510726261910574755e-02,-2.838963464843878626e+00,1.689007269356092578e-01,0.000000000000000000e+00,0.000000000000000000e+00,0.000000000000000000e+00,0.000000000000000000e+00,0.000000000000000000e+00,0.000000000000000000e+00,0.000000000000000000e+00
4.120000000000000329e-01,4.179289245372965617e-02,6.214961349292820181e-01,-2.372008538623622542e-02,-2.466409932628107704e+00,-2.174295088748724736e-02,3.452515415141911070e+00,-1.733380504303515257e-01,1.681238202177803148e-02,-3.388635899396504891e-01,5.879675677878555551e-02,1.416530445758663603e+00,1.059422284918690171e-02,-1.197924762390010223e+00,7.126909722065280506e-02,3.968736525490543232e-02,-7.999225242504395261e-01,1.387958207861800242e-01,3.343866509974328327e+00,2.500875790610180421e-02,-2.827825202358812184e+00,1.682380693657518078e-01,0.000000000000000000e+00,0.000000000000000000e+00,0.000000000000000000e+00,0.000000000000000000e+00,0.000000000000000000e+00,0.000000000000000000e+00,0.000000000000000000e+00
4.130000000000000338e-01,4.180972465329040738e-02,6.211568719050208909e-01,-2.366121932297736777e-02,-2.464991732451831563e+00,-2.173234417673336819e-02,3.451316078329720760e+00,-1.732666973249213094e-01,1.685199092613329230e-02,-3.396619310376588485e-01,5.893527820380636134e-02,1.419867701530611592e+00,1.061918216542229523e-02,-1.200746997054725984e+00,7.143700268768551909e-02,3.953032365318003699e-02,-7.967572570764239748e-01,1.382466102787791029e-01,3.330634939944180140e+00,2.490979907188564310e-02,-2.816635590845789849e+00,1.675723568470525171e-01,0.000000000000000000e+00,0.000000000000000000e+00,0.000000000000000000e+00,0.000000000000000000e+00,0.000000000000000000e+00,0.000000000000000000e+00,0.000000000000000000e+00
4.140000000000000346e-01,4.182659638311507500e-02,6.208168121247070737e-01,-2.360221501331718347e-02,-2.463570201645650215e+00,-2.172171255621806879e-02,3.450113924886196504e+00,-1.731951766473875109e-01,1.689144243009545535e-02,-3.404570996368389002e-01,5.907324916354399214e-02,1.423191695502493692e+00,1.064404229673321031e-02,-1.203558016543135212e+00,7.160424092125278195e-02,3.937256508464279797e-02,-7.935775390085731962e-01,1.376948923739612363e-01,3.317342961738903639e+00,2.481038844528394433e-02,-2.805394893633155196e+00,1.669036050459152820e-01,0.000000000000000000e+00,0.000000000000000000e+00,0.000000000000000000e+00,0.000000000000000000e+00,0.000000000000000000e+00,0.000000000000000000e+00,0.000000000000000000e+00
4.150000000000000355e-01,4.184350748544538728e-02,6.204759587680522825e-01,-2.354307300897249752e-02,-2.462145353501514311e+00,-2.171105612535177698e-02,3.448908966052013803e+00,-1.731234890665005743e-01,1.693073581854554269e-02,-3.412490813235411480e-01,5.921066715706337080e-02,1.426502367421824902e+00,1.066880279249167278e-02,-1.206357769901201804e+00,7.177080888990532148e-02,3.921409324499899179e-02,-7.903834445360300442e-01,1.371406799964555168e-01,3.303990886740839628e+00,2.471052835512346779e-02,-2.794103374049259791e+00,1.662318296287447206e-01,0.000000000000000000e+00,0.000000000000000000e+00,0.000000000000000000e+00,0.000000000000000000e+00,0.000000000000000000e+00,0.000000000000000000e+00,0.000000000000000000e+00
4.160000000000000364e-01,4.186045780180981668e-02,6.201343150291447337e-01,-2.348379386415461179e-02,-2.460717201371474427e+00,-2.170037498399439435e-02,3.447701213118670616e+00,-1.730516352540347469e-01,1.696987038006032150e-02,-3.420378617586057324e-01,5.934752969635425507e-02,1.429799657347505137e+00,1.069346320439854871e-02,-1.209146206438219462e+00,7.193670357786038916e-02,3.905491182995375621e-02,-7.871750481479374839e-01,1.365839860709906761e-01,3.290579026332334678e+00,2.461022113023089014e-02,-2.782761295422449432e+00,1.655570462619448402e-01,0.000000000000000000e+00,0.000000000000000000e+00,0.000000000000000000e+00,0.000000000000000000e+00,0.000000000000000000e+00,0.000000000000000000e+00,0.000000000000000000e+00
4.169999999999999818e-01,4.187744717302725045e-02,6.197918841163745363e-01,-2.342437813555637433e-02,-2.459285758667364430e+00,-2.168966923245294748e-02,3.446490677428223570e+00,-1.729796158847720366e-01,1.700884540691221733e-02,-3.428234266773615424e-01,5.948383430633094604e-02,1.433083505649813905e+00,1.071802308648350278e-02,-1.211923275726808580e+00,7.210192198500148253e-02,3.889502453521236081e-02,-7.839524243334403675e-01,1.360248235222959456e-01,3.277107691895742025e+00,2.450946909943302679e-02,-2.771368921081078351e+00,1.648792706119203699e-01,0.000000000000000000e+00,0.000000000000000000e+00,0.000000000000000000e+00,0.000000000000000000e+00,0.000000000000000000e+00,0.000000000000000000e+00,0.000000000000000000e+00
4.179999999999999827e-01,4.189447543921070299e-02,6.194486692523596405e-01,-2.336482638233925227e-02,-2.457851038860491943e+00,-2.167893897147927379e-02,3.445277370373024617e+00,-1.729074316364866692e-01,1.704766019506940775e-02,-3.436057618896268817e-01,5.961957852483266984e-02,1.436353853010414738e+00,1.074248199510505555e-02,-1.214688927602919355e+00,7.226646112687862278e-02,3.873443505648002660e-02,-7.807156475816813268e-01,1.354632052751001126e-01,3.263577194813401583e+00,2.440827459155653356e-02,-2.759926514353488791e+00,1.641985183450754004e-01,0.000000000000000000e+00,0.000000000000000000e+00,0.000000000000000000e+00,0.000000000000000000e+00,0.000000000000000000e+00,0.000000000000000000e+00,0.000000000000000000e+00
4.189999999999999836e-01,4.191154243977100041e-02,6.191046736738702316e-01,-2.330513916612042200e-02,-2.456413055481329266e+00,-2.166818430226769010e-02,3.444061303395458573e+00,-1.728350831899297668e-01,1.708631404419574951e-02,-3.443848532797088025e-01,5.975475990262323067e-02,1.439610640422352761e+00,1.076683948895053484e-02,-1.217443112165829566e+00,7.243031803470817431e-02,3.857314708946193993e-02,-7.774647923818039930e-01,1.348991442541320473e-01,3.249987846467659480e+00,2.430663993542817730e-02,-2.748434338568032320e+00,1.635148051278142722e-01,0.000000000000000000e+00,0.000000000000000000e+00,0.000000000000000000e+00,0.000000000000000000e+00,0.000000000000000000e+00,0.000000000000000000e+00,0.000000000000000000e+00
4.199999999999999845e-01,4.192864801342049974e-02,6.187599006317555661e-01,-2.324531705095982462e-02,-2.454971822119198954e+00,-2.165740532645265073e-02,3.442842487987679334e+00,-1.727625712288131665e-01,1.712480625765080283e-02,-3.451606868064039935e-01,5.988937600339123979e-02,1.442853809190055792e+00,1.079109512903610180e-02,-1.220185779778145241e+00,7.259348975537288640e-02,3.841116432986333568e-02,-7.741999332229524411e-01,1.343326533841210368e-01,3.236339958240859183e+00,2.420456745987469016e-02,-2.736892657053059175e+00,1.628281466265411592e-01,0.000000000000000000e+00,0.000000000000000000e+00,0.000000000000000000e+00,0.000000000000000000e+00,0.000000000000000000e+00,0.000000000000000000e+00,0.000000000000000000e+00
4.209999999999999853e-01,4.194579199817671800e-02,6.184143533908683654e-01,-2.318536060334725618e-02,-2.453527352421962515e+00,-2.164660214610644728e-02,3.441620935691346528e+00,-1.726898964397940717e-01,1.716313614248985223e-02,-3.459332485029981696e-01,6.002342440375002530e-02,1.446083300929335236e+00,1.081524847870674912e-02,-1.222916881065802208e+00,7.275597335142204580e-02,3.824849047338938629e-02,-7.709211445942685259e-01,1.337637455897956740e-01,3.222633841515352593e+00,2.410205949372277653e-02,-2.725301733136912485e+00,1.621385585076606239e-01,0.000000000000000000e+00,0.000000000000000000e+00,0.000000000000000000e+00,0.000000000000000000e+00,0.000000000000000000e+00,0.000000000000000000e+00,0.000000000000000000e+00
4.219999999999999862e-01,4.196297423136614163e-02,6.180680352299910973e-01,-2.312527039218942315e-02,-2.452079660095710878e+00,-2.163577486373684591e-02,3.440396658097362614e+00,-1.726170595124592866e-01,1.720130300946386137e-02,-3.467025244772656833e-01,6.015690269323764605e-02,1.449299057567381421e+00,1.083929910363629068e-02,-1.225636366918061437e+00,7.291776590107115763e-02,3.808512921574531279e-02,-7.676285009848973218e-01,1.331924337958849958e-01,3.208869807673485397e+00,2.399911836579916510e-02,-2.713661830147944265e+00,1.614460564375768403e-01,0.000000000000000000e+00,0.000000000000000000e+00,0.000000000000000000e+00,0.000000000000000000e+00,0.000000000000000000e+00,0.000000000000000000e+00,0.000000000000000000e+00
4.229999999999999871e-01,4.198019454962780006e-02,6.177209494417613689e-01,-2.306504698879705342e-02,-2.450628758904451754e+00,-2.162492358228478018e-02,3.439169666845607320e+00,-1.725440611393096180e-01,1.723930617301951476e-02,-3.474685009114706347e-01,6.028980847431684997e-02,1.452501021342770038e+00,1.086324657182736325e-02,-1.228344188487516364e+00,7.307886449820223673e-02,3.792108425263642640e-02,-7.643220768839823487e-01,1.326187309271181780e-01,3.195048168097595731e+00,2.389574640493060884e-02,-2.701973211414503417e+00,1.607506560826941766e-01,0.000000000000000000e+00,0.000000000000000000e+00,0.000000000000000000e+00,0.000000000000000000e+00,0.000000000000000000e+00,0.000000000000000000e+00,0.000000000000000000e+00
4.239999999999999880e-01,4.199745278891704736e-02,6.173730993325967642e-01,-2.300469096687193793e-02,-2.449174662669799662e+00,-2.161404840512201608e-02,3.437939973624678736e+00,-1.724709020157440542e-01,1.727714495129922118e-02,-3.482311640623662607e-01,6.042213936237518512e-02,1.455689134805459473e+00,1.088709045361144559e-02,-1.231040297190085786e+00,7.323926625236376609e-02,3.775635927976783712e-02,-7.610019467806654614e-01,1.320426499082237026e-01,3.181169234170039939e+00,2.379194593994380172e-02,-2.690236140264935738e+00,1.600523731094167790e-01,0.000000000000000000e+00,0.000000000000000000e+00,0.000000000000000000e+00,0.000000000000000000e+00,0.000000000000000000e+00,0.000000000000000000e+00,0.000000000000000000e+00
4.249999999999999889e-01,4.201474878450921213e-02,6.170244882226214589e-01,-2.294420290249402083e-02,-2.447717385270661516e+00,-2.160314943604883450e-02,3.436707590171625970e+00,-1.723975828400442778e-01,1.731481866614103388e-02,-3.489905002611943252e-01,6.055389298572484008e-02,1.458863340816787701e+00,1.091083032164882199e-02,-1.233724644705016971e+00,7.339896828877041923e-02,3.759095799284481454e-02,-7.576681851640928445e-01,1.314642036639311340e-01,3.167233317273158377e+00,2.368771929966554876e-02,-2.678450880027595460e+00,1.593512231841494042e-01,0.000000000000000000e+00,0.000000000000000000e+00,0.000000000000000000e+00,0.000000000000000000e+00,0.000000000000000000e+00,0.000000000000000000e+00,0.000000000000000000e+00
4.259999999999999898e-01,4.203208237100331673e-02,6.166751194455906138e-01,-2.288358337410845850e-02,-2.446256940642928868e+00,-2.159222677929166848e-02,3.435472528271687143e+00,-1.723241043133589556e-01,1.735232664307878592e-02,-3.497464959136864504e-01,6.068506698560280355e-02,1.462023582549477174e+00,1.093446575092862222e-02,-1.236397182974887876e+00,7.355796774830353213e-02,3.742488408757255886e-02,-7.543208665234045762e-01,1.308834051189689263e-01,3.153240728789292291e+00,2.358306881292249191e-02,-2.666617694030823937e+00,1.586472219732958377e-01,0.000000000000000000e+00,0.000000000000000000e+00,0.000000000000000000e+00,0.000000000000000000e+00,0.000000000000000000e+00,0.000000000000000000e+00,0.000000000000000000e+00
4.269999999999999907e-01,4.204945338232577573e-02,6.163249963488169891e-01,-2.282283296251273047e-02,-2.444793342779164380e+00,-2.158128053950081685e-02,3.434234799758025591e+00,-1.722504671396880016e-01,1.738966821134196872e-02,-3.504991375000628961e-01,6.081565901617079495e-02,1.465169803487631706e+00,1.095799631876879024e-02,-1.239057864205601822e+00,7.371626178751063130e-02,3.725814125965629109e-02,-7.509600653477463972e-01,1.303002671980662830e-01,3.139191780100802909e+00,2.347799680854141188e-02,-2.654736845602974071e+00,1.579403851432608918e-01,0.000000000000000000e+00,0.000000000000000000e+00,0.000000000000000000e+00,0.000000000000000000e+00,0.000000000000000000e+00,0.000000000000000000e+00,0.000000000000000000e+00
4.279999999999999916e-01,4.206686165173404574e-02,6.159741222930952276e-01,-2.276195225084367071e-02,-2.443326605728290524e+00,-2.157031082174808503e-02,3.432994416511468749e+00,-1.721766720258668393e-01,1.742684270385579104e-02,-3.512484115750333369e-01,6.094566674451519506e-02,1.468301947426737808e+00,1.098142160481609987e-02,-1.241706640866392375e+00,7.387384757860578077e-02,3.709073320480121838e-02,-7.475858561262626045e-01,1.297148028259521302e-01,3.125086782590025258e+00,2.337250561534901655e-02,-2.642808598072393433e+00,1.572307283604484907e-01,0.000000000000000000e+00,0.000000000000000000e+00,0.000000000000000000e+00,0.000000000000000000e+00,0.000000000000000000e+00,0.000000000000000000e+00,0.000000000000000000e+00
4.289999999999999925e-01,4.208430701182040018e-02,6.156225006526283572e-01,-2.270094182456457860e-02,-2.441856743595278267e+00,-2.155931773152448133e-02,3.431751390460241691e+00,-1.721027196815509974e-01,1.746384945724115817e-02,-3.519943047677964731e-01,6.107508785064717782e-02,1.471419958473664691e+00,1.100474119104615824e-02,-1.244343465689821571e+00,7.403072230946940169e-02,3.692266361871254787e-02,-7.441983133480947199e-01,1.291270249273553938e-01,3.110926047639300585e+00,2.326659756217206235e-02,-2.630833214767431816e+00,1.565182672912631689e-01,0.000000000000000000e+00,0.000000000000000000e+00,0.000000000000000000e+00,0.000000000000000000e+00,0.000000000000000000e+00,0.000000000000000000e+00,0.000000000000000000e+00
4.299999999999999933e-01,4.210178929451554447e-02,6.152701348149531846e-01,-2.263980227145227786e-02,-2.440383770540837549e+00,-2.154830137473785420e-02,3.430505733579706007e+00,-1.720286108192002894e-01,1.750068781181469968e-02,-3.527368037820401425e-01,6.120392002750264793e-02,1.474523781046663595e+00,1.102795466176339188e-02,-1.246968291671778362e+00,7.418688318364831391e-02,3.675393619709546589e-02,-7.407975115023859303e-01,1.285369464270049999e-01,3.096709886630987896e+00,2.316027497783725020e-02,-2.618810959016434570e+00,1.558030176021091284e-01,0.000000000000000000e+00,0.000000000000000000e+00,0.000000000000000000e+00,0.000000000000000000e+00,0.000000000000000000e+00,0.000000000000000000e+00,0.000000000000000000e+00
4.309999999999999942e-01,4.211930833109238381e-02,6.149170281808653549e-01,-2.257853418158419292e-02,-2.438907700781103749e+00,-2.153726185771060592e-02,3.429257457892095129e+00,-1.719543461540630758e-01,1.753735711158874513e-02,-3.534758953959418193e-01,6.133216098094218527e-02,1.477613359875368015e+00,1.105106160360105894e-02,-1.249581072071481946e+00,7.434232742035574992e-02,3.658455463565527671e-02,-7.373835250782813100e-01,1.279445802496298190e-01,3.082438610947423996e+00,2.305354019117128797e-02,-2.606742094147751487e+00,1.550849949593907651e-01,0.000000000000000000e+00,0.000000000000000000e+00,0.000000000000000000e+00,0.000000000000000000e+00,0.000000000000000000e+00,0.000000000000000000e+00,0.000000000000000000e+00
4.319999999999999951e-01,4.213686395216965919e-02,6.145631841643447446e-01,-2.251713814732541480e-02,-2.437428548587324606e+00,-2.152619928717731945e-02,3.428006575466252315e+00,-1.718799264041606378e-01,1.757385670427131022e-02,-3.542115664621671156e-01,6.145980842975115599e-02,1.480688640000793921e+00,1.107406160552123348e-02,-1.252181760411477551e+00,7.449705225447139645e-02,3.641452263009713891e-02,-7.339564285649236020e-01,1.273499393199590268e-01,3.068112531970952794e+00,2.294639553100095986e-02,-2.594626883489731917e+00,1.543642150295123638e-01,0.000000000000000000e+00,0.000000000000000000e+00,0.000000000000000000e+00,0.000000000000000000e+00,0.000000000000000000e+00,0.000000000000000000e+00,0.000000000000000000e+00
4.329999999999999960e-01,4.215445598771565966e-02,6.142086061924819651e-01,-2.245561476331580514e-02,-2.435946328285555129e+00,-2.151511377028246519e-02,3.426753098417366417e+00,-1.718053522902716346e-01,1.761018594126613143e-02,-3.549438039078715579e-01,6.158686010563958757e-02,1.483749566775339979e+00,1.109695425881482983e-02,-1.254770310477640871e+00,7.465105493654121405e-02,3.624384387612626657e-02,-7.305162964514571033e-01,1.267530365627213274e-01,3.053731961083934188e+00,2.283884332615296331e-02,-2.582465590370725206e+00,1.536406934788781820e-01,0.000000000000000000e+00,0.000000000000000000e+00,0.000000000000000000e+00,0.000000000000000000e+00,0.000000000000000000e+00,0.000000000000000000e+00,0.000000000000000000e+00
4.339999999999999969e-01,4.217208426705194857e-02,6.138532977054028672e-01,-2.239396462645704133e-02,-2.434461054256340073e+00,-2.150400541457805209e-02,3.425497038906708536e+00,-1.717306245359163375e-01,1.764634417767265567e-02,-3.556725947346996430e-01,6.171331375324232149e-02,1.486796085862786221e+00,1.111973915710158696e-02,-1.257346676319174961e+00,7.480433273277765915e-02,3.607252206944787376e-02,-7.270632032270236689e-01,1.261538849026459519e-01,3.039297209668699651e+00,2.273088590545405824e-02,-2.570258478119077150e+00,1.529144459738926709e-01,0.000000000000000000e+00,0.000000000000000000e+00,0.000000000000000000e+00,0.000000000000000000e+00,0.000000000000000000e+00,0.000000000000000000e+00,0.000000000000000000e+00
4.349999999999999978e-01,4.218974861885704114e-02,6.134972621561943784e-01,-2.233218833589970323e-02,-2.432972740934403966e+00,-2.149287432802130665e-02,3.424238409141368233e+00,-1.716557438673408931e-01,1.768233077228602290e-02,-3.563979260187849496e-01,6.183916713011886057e-02,1.489828143238295377e+00,1.114241589633006499e-02,-1.259910812248611123e+00,7.495688292505965633e-02,3.590056090576721620e-02,-7.235972233807674847e-01,1.255524972644616877e-01,3.024808589107599310e+00,2.262252559773091087e-02,-2.558005810063137986e+00,1.521854881809601434e-01,0.000000000000000000e+00,0.000000000000000000e+00,0.000000000000000000e+00,0.000000000000000000e+00,0.000000000000000000e+00,0.000000000000000000e+00,0.000000000000000000e+00
4.359999999999999987e-01,4.220744887117004740e-02,6.131405030108301180e-01,-2.227028649303036331e-02,-2.431481402808342018e+00,-2.148172061897234489e-02,3.422977221373992851e+00,-1.715807110135018632e-01,1.771814508759709389e-02,-3.571197849107503597e-01,6.196441800675345224e-02,1.492845685188413540e+00,1.116498407477764868e-02,-1.262462672841809352e+00,7.510870281093243173e-02,3.572796408078948022e-02,-7.201184314018336252e-01,1.249488865728974607e-01,3.010266410782984181e+00,2.251376473181035398e-02,-2.545707849531256173e+00,1.514538357664848567e-01,0.000000000000000000e+00,0.000000000000000000e+00,0.000000000000000000e+00,0.000000000000000000e+00,0.000000000000000000e+00,0.000000000000000000e+00,0.000000000000000000e+00
4.369999999999999996e-01,4.222518485139448163e-02,6.127830237480960118e-01,-2.220825970145861791e-02,-2.429987054420305714e+00,-2.147054439619183394e-02,3.421713487902520168e+00,-1.715055267060502930e-01,1.775378648979240859e-02,-3.578381586357075594e-01,6.208906416655510935e-02,1.495848658311067503e+00,1.118744329305056302e-02,-1.265002212937957893e+00,7.525978970360758247e-02,3.555473529021983131e-02,-7.166269017793625018e-01,1.243430657526821970e-01,2.995670986077197284e+00,2.240460563651899828e-02,-2.533364859851779283e+00,1.507195043968711512e-01,0.000000000000000000e+00,0.000000000000000000e+00,0.000000000000000000e+00,0.000000000000000000e+00,0.000000000000000000e+00,0.000000000000000000e+00,0.000000000000000000e+00
4.380000000000000004e-01,4.224295638630184979e-02,6.124248278595152417e-01,-2.214610856700422944e-02,-2.428489710365695942e+00,-2.145934576883867795e-02,3.420447221069918164e+00,-1.714301916793162517e-01,1.778925434875423123e-02,-3.585530344932575386e-01,6.221310340585749221e-02,1.498837009515568086e+00,1.120979315408384032e-02,-1.267529387639573013e+00,7.541014093196327095e-02,3.538087822976357377e-02,-7.131227090025007431e-01,1.237350477285450168e-01,2.981022626372580753e+00,2.229505064068363490e-02,-2.520977104353057552e+00,1.499825097385232564e-01,0.000000000000000000e+00,0.000000000000000000e+00,0.000000000000000000e+00,0.000000000000000000e+00,0.000000000000000000e+00,0.000000000000000000e+00,0.000000000000000000e+00
4.390000000000000013e-01,4.226076330203540343e-02,6.120659188492746372e-01,-2.208383369768412638e-02,-2.426989385292844581e+00,-2.144812484646768311e-02,3.419178433263919903e+00,-1.713547066702930943e-01,1.782454803806054339e-02,-3.592643998574908126e-01,6.233653353391912372e-02,1.501810686022607033e+00,1.123203326314135483e-02,-1.270044152312500119e+00,7.555975384054386401e-02,3.520639659512585229e-02,-7.096059275603900929e-01,1.231248454252146796e-01,2.966321643051487378e+00,2.218510207313100641e-02,-2.508544846363437220e+00,1.492428674578454850e-01,0.000000000000000000e+00,0.000000000000000000e+00,0.000000000000000000e+00,0.000000000000000000e+00,0.000000000000000000e+00,0.000000000000000000e+00,0.000000000000000000e+00
4.400000000000000022e-01,4.227860542411379652e-02,6.117063002341494027e-01,-2.202143570369955242e-02,-2.425486093902709417e+00,-2.143688173902721927e-02,3.417907136916761957e+00,-1.712790724186218638e-01,1.785966693498499541e-02,-3.599722421769863678e-01,6.245935237292311870e-02,1.504769635364259894e+00,1.125416322781580721e-02,-1.272546462585912863e+00,7.570862578956032152e-02,3.503129408201195727e-02,-7.060766319421738491e-01,1.225124717674203334e-01,2.951568347496260181e+00,2.207476226268782760e-02,-2.496068349211268966e+00,1.485005932212423996e-01,0.000000000000000000e+00,0.000000000000000000e+00,0.000000000000000000e+00,0.000000000000000000e+00,0.000000000000000000e+00,0.000000000000000000e+00,0.000000000000000000e+00
4.410000000000000031e-01,4.229648257743485323e-02,6.113459755434288434e-01,-2.195891519742307341e-02,-2.423979850948560166e+00,-2.142561655685690236e-02,3.416633344504919734e+00,-1.712032896665754145e-01,1.789461042049697928e-02,-3.606765489748128828e-01,6.258155775797738518e-02,1.507713805383982919e+00,1.127618265802871403e-02,-1.275036274352311372e+00,7.585675415488986328e-02,3.485557438612702646e-02,-7.025348966369959758e-01,1.218979396798907100e-01,2.936763051089235965e+00,2.196403353818077164e-02,-2.483547876224899031e+00,1.477557026951180075e-01,0.000000000000000000e+00,0.000000000000000000e+00,0.000000000000000000e+00,0.000000000000000000e+00,0.000000000000000000e+00,0.000000000000000000e+00,0.000000000000000000e+00
4.420000000000000040e-01,4.231439458627916927e-02,6.109849483188419805e-01,-2.189627279338571264e-02,-2.422470671235667616e+00,-2.141432941068525941e-02,3.415357068548844577e+00,-1.711273591590429521e-01,1.792937787926156962e-02,-3.613773078485277845e-01,6.270314753711456190e-02,1.510643144236615054e+00,1.129809116603042521e-02,-1.277513543767526905e+00,7.600413632807617725e-02,3.467924120317633641e-02,-6.989807961339995490e-01,1.212812620873550129e-01,2.921906065212779069e+00,2.185291822843668519e-02,-2.470983690732680316e+00,1.470082115458768157e-01,0.000000000000000000e+00,0.000000000000000000e+00,0.000000000000000000e+00,0.000000000000000000e+00,0.000000000000000000e+00,0.000000000000000000e+00,0.000000000000000000e+00
4.430000000000000049e-01,4.233234127431387966e-02,6.106232221144831662e-01,-2.183350910826397859e-02,-2.420958569620990541e+00,-2.140302041162740754e-02,3.414078321612698197e+00,-1.710512816435144079e-01,1.796396869963953757e-02,-3.620745064701779148e-01,6.282411957129201141e-02,1.513557600388379054e+00,1.131988836640011528e-02,-1.279978227250717637e+00,7.615076971632936398e-02,3.450229822886508729e-02,-6.954144049223294211e-01,1.206624519145420849e-01,2.906997701249224519e+00,2.174141866228223446e-02,-2.458376056062956394e+00,1.462581354399231648e-01,0.000000000000000000e+00,0.000000000000000000e+00,0.000000000000000000e+00,0.000000000000000000e+00,0.000000000000000000e+00,0.000000000000000000e+00,0.000000000000000000e+00
4.440000000000000058e-01,4.235032246459630167e-02,6.102608004967376987e-01,-2.177062476086696202e-02,-2.419443561012868393e+00,-2.139168967118272591e-02,3.412797116304095546e+00,-1.709750578700645063e-01,1.799838227368740634e-02,-3.627681325862992523e-01,6.294447173439181309e-02,1.516457122616878594e+00,1.134157387604579209e-02,-1.282430281484370216e+00,7.629665174252590887e-02,3.432474915889845157e-02,-6.918357974911277797e-01,1.200415220861807131e-01,2.892038270580917114e+00,2.162953716854412040e-02,-2.445725235544077503e+00,1.455054900436612009e-01,0.000000000000000000e+00,0.000000000000000000e+00,0.000000000000000000e+00,0.000000000000000000e+00,0.000000000000000000e+00,0.000000000000000000e+00,0.000000000000000000e+00
4.450000000000000067e-01,4.236833797957768183e-02,6.098976870442062159e-01,-2.170762037212342274e-02,-2.417925660370705110e+00,-2.138033730123250348e-02,3.411513465273833923e+00,-1.708986885913373610e-01,1.803261799715735747e-02,-3.634581740179166909e-01,6.306420191322076318e-02,1.519341660011099826e+00,1.136314731420428291e-02,-1.284869663414298868e+00,7.644177984520869606e-02,3.414659768898169884e-02,-6.882450483295385890e-01,1.194184855270000456e-01,2.877028084590208756e+00,2.151727607604908554e-02,-2.433031492504392546e+00,1.447502910234954587e-01,0.000000000000000000e+00,0.000000000000000000e+00,0.000000000000000000e+00,0.000000000000000000e+00,0.000000000000000000e+00,0.000000000000000000e+00,0.000000000000000000e+00
4.460000000000000075e-01,4.238638764110686658e-02,6.095338853476321983e-01,-2.164449656506884506e-02,-2.416404882704660917e+00,-2.136896341403764915e-02,3.410227381215634512e+00,-1.708221745625306820e-01,1.806667526949728292e-02,-3.641446186605445390e-01,6.318330800751043030e-02,1.522211161971411819e+00,1.138460830244124658e-02,-1.287296330249647625e+00,7.658615147858707783e-02,3.396784751482000847e-02,-6.846422319267047030e-01,1.187933551617290640e-01,2.861967454659443355e+00,2.140463771362390022e-02,-2.420295090272251315e+00,1.439925540458300846e-01,0.000000000000000000e+00,0.000000000000000000e+00,0.000000000000000000e+00,0.000000000000000000e+00,0.000000000000000000e+00,0.000000000000000000e+00,0.000000000000000000e+00
4.470000000000000084e-01,4.240447127043397296e-02,6.091693990098256961e-01,-2.158125396483250719e-02,-2.414881243075339690e+00,-2.135756812223632561e-02,3.408938876865878598e+00,-1.707455165413801768e-01,1.810055349385081280e-02,-3.648274544841860201e-01,6.330178792991711378e-02,1.525065578209566564e+00,1.140595646465116138e-02,-1.289710239462888541e+00,7.672976411253666640e-02,3.378850233211860149e-02,-6.810274227717709739e-01,1.181661439150965554e-01,2.846856692170961267e+00,2.129162441009527229e-02,-2.407516292175998718e+00,1.432322947770693911e-01,0.000000000000000000e+00,0.000000000000000000e+00,0.000000000000000000e+00,0.000000000000000000e+00,0.000000000000000000e+00,0.000000000000000000e+00,0.000000000000000000e+00
4.480000000000000093e-01,4.242258868821413564e-02,6.088042316455894998e-01,-2.151789319862458874e-02,-2.413354756593478534e+00,-2.134615153884164215e-02,3.407647965003341106e+00,-1.706687152881437575e-01,1.813425207705724948e-02,-3.655066695333338278e-01,6.341963960602174655e-02,1.527904858748696082e+00,1.142719142705734582e-02,-1.292111348789821701e+00,7.687261523259966700e-02,3.360856583658272667e-02,-6.774006953538798115e-01,1.175368647118316678e-01,2.831696108507114396e+00,2.117823849428987493e-02,-2.394695361543986767e+00,1.424695288836178020e-01,0.000000000000000000e+00,0.000000000000000000e+00,0.000000000000000000e+00,0.000000000000000000e+00,0.000000000000000000e+00,0.000000000000000000e+00,0.000000000000000000e+00
4.490000000000000102e-01,4.244073971451117061e-02,6.084383868816449770e-01,-2.145441489572320892e-02,-2.411825438419634260e+00,-2.133471377723932319e-02,3.406354658448930817e+00,-1.705917715655860534e-01,1.816777042965160918e-02,-3.661822519269691822e-01,6.353686097433011715e-02,1.530728953923316649e+00,1.144831281821193092e-02,-1.294499616229573880e+00,7.701470233998450321e-02,3.342804172391758422e-02,-6.737621241621736257e-01,1.169055304766632164e-01,2.816486015050252867e+00,2.106448229503454089e-02,-2.381832561704562146e+00,1.417042720318797411e-01,0.000000000000000000e+00,0.000000000000000000e+00,0.000000000000000000e+00,0.000000000000000000e+00,0.000000000000000000e+00,0.000000000000000000e+00,0.000000000000000000e+00
4.500000000000000111e-01,4.245892416880127362e-02,6.080718683565572436e-01,-2.139081968746152709e-02,-2.410293303763874739e+00,-2.132325495118536640e-02,3.405058970065426127e+00,-1.705146861389625623e-01,1.820110796586461160e-02,-3.668541898585633287e-01,6.365344998627270323e-02,1.533537814379326125e+00,1.146932026899587231e-02,-1.296875000044604098e+00,7.715602295156613610e-02,3.324693368982836045e-02,-6.701117836857990451e-01,1.162721541343201270e-01,2.801226723182709932e+00,2.095035814115593642e-02,-2.368928155986071094e+00,1.409365398882592713e-01,0.000000000000000000e+00,0.000000000000000000e+00,0.000000000000000000e+00,0.000000000000000000e+00,0.000000000000000000e+00,0.000000000000000000e+00,0.000000000000000000e+00
4.510000000000000120e-01,4.247714186997671865e-02,6.077046797206601125e-01,-2.132710820721480868e-02,-2.408758367885465823e+00,-2.131177517480373901e-02,3.403760912757211266e+00,-1.704374597760041632e-01,1.823426410362268685e-02,-3.675224715960757060e-01,6.376940460620461604e-02,1.536331391074005293e+00,1.149021341261897283e-02,-1.299237458760696073e+00,7.729657459988584223e-02,3.306524543002032496e-02,-6.664497484138962591e-01,1.156367486095314923e-01,2.785918544286846377e+00,2.083586836148082488e-02,-2.355982407716867399e+00,1.401663481191608440e-01,0.000000000000000000e+00,0.000000000000000000e+00,0.000000000000000000e+00,0.000000000000000000e+00,0.000000000000000000e+00,0.000000000000000000e+00,0.000000000000000000e+00
4.520000000000000129e-01,4.249539263634953545e-02,6.073368246359830414e-01,-2.126328109038750497e-02,-2.407220646092560923e+00,-2.130027456258402896e-02,3.402460499470010724e+00,-1.703600932469013229e-01,1.826723826454798236e-02,-3.681870854819556116e-01,6.388472281140585018e-02,1.539109635276018295e+00,1.151099188461984606e-02,-1.301586951166963768e+00,7.743635483315142176e-02,3.288298064019857386e-02,-6.627760928356101200e-01,1.149993268270260716e-01,2.770561789744997228e+00,2.072101528483586558e-02,-2.342995580225296415e+00,1.393937123909886056e-01,0.000000000000000000e+00,0.000000000000000000e+00,0.000000000000000000e+00,0.000000000000000000e+00,0.000000000000000000e+00,0.000000000000000000e+00,0.000000000000000000e+00
4.530000000000000138e-01,4.251367628565527051e-02,6.069683067761753037e-01,-2.119933897440031551e-02,-2.405680153741887928e+00,-2.128875322937910999e-02,3.401157743190632576e+00,-1.702825873242884425e-01,1.830002987395831435e-02,-3.688480199331410914e-01,6.399940259208100612e-02,1.541872498565407756e+00,1.153165532286593020e-02,-1.303923436315848505e+00,7.757536121523693484e-02,3.270014301606848778e-02,-6.590908914400841478e-01,1.143599017115330685e-01,2.755156770939513500e+00,2.060580124004787045e-02,-2.329967936839707932e+00,1.386186483701471739e-01,0.000000000000000000e+00,0.000000000000000000e+00,0.000000000000000000e+00,0.000000000000000000e+00,0.000000000000000000e+00,0.000000000000000000e+00,0.000000000000000000e+00
4.540000000000000147e-01,4.253199263505658134e-02,6.065991298264320486e-01,-2.113528249867728526e-02,-2.404136906238441007e+00,-2.127721129040284140e-02,3.399852656946696250e+00,-1.702049427832282302e-01,1.833263836086724760e-02,-3.695052634410596615e-01,6.411344195135948443e-02,1.544619932833603215e+00,1.155220336755350373e-02,-1.306246873523121188e+00,7.771359132568295136e-02,3.251673625333516976e-02,-6.553942187164625288e-01,1.137184861877812148e-01,2.739703799252738214e+00,2.049022855594351961e-02,-2.316899740888449521e+00,1.378411717230406952e-01,0.000000000000000000e+00,0.000000000000000000e+00,0.000000000000000000e+00,0.000000000000000000e+00,0.000000000000000000e+00,0.000000000000000000e+00,0.000000000000000000e+00
4.550000000000000155e-01,4.255034150114702513e-02,6.062292974834196935e-01,-2.107111230463285315e-02,-2.402590919035163530e+00,-2.126564886122770878e-02,3.398545253806376287e+00,-1.701271604011960481e-01,1.836506315798401567e-02,-3.701588045716277531e-01,6.422683890529538864e-02,1.547351890283413578e+00,1.157263566120765585e-02,-1.308557222367879636e+00,7.785104275969639831e-02,3.233276404770390328e-02,-6.516861491538876727e-01,1.130750931804994919e-01,2.724203186067021498e+00,2.037429956134954867e-02,-2.303791255699868756e+00,1.370612981160735377e-01,0.000000000000000000e+00,0.000000000000000000e+00,0.000000000000000000e+00,0.000000000000000000e+00,0.000000000000000000e+00,0.000000000000000000e+00,0.000000000000000000e+00
4.560000000000000164e-01,4.256872269995470859e-02,6.058588134552018722e-01,-2.100682903565895959e-02,-2.401042207632645198e+00,-2.125406605778251343e-02,3.397235546878136780e+00,-1.700492409580642017e-01,1.839730370171358681e-02,-3.708086319652507679e-01,6.433959148286755303e-02,1.550068323429031114e+00,1.159295184868231257e-02,-1.310854442692551025e+00,7.798771312815060142e-02,3.214823009487983996e-02,-6.479667572415035437e-01,1.124297356144170479e-01,2.708655242764704596e+00,2.025801658509270020e-02,-2.290642744602315872e+00,1.362790432156499587e-01,0.000000000000000000e+00,0.000000000000000000e+00,0.000000000000000000e+00,0.000000000000000000e+00,0.000000000000000000e+00,0.000000000000000000e+00,0.000000000000000000e+00
4.570000000000000173e-01,4.258713604694598642e-02,6.054876814611641622e-01,-2.094243333711208466e-02,-2.399490787578802298e+00,-2.124246299635003388e-02,3.395923549310465805e+00,-1.699711852360862585e-01,1.842935943215661884e-02,-3.714547343368238552e-01,6.445169772597952873e-02,1.552769185096031679e+00,1.161315157716022797e-02,-1.313138494602891004e+00,7.812360005758535453e-02,3.196313809056823552e-02,-6.442361174684529956e-01,1.117824264142626700e-01,2.693060280728138522e+00,2.014138195599970288e-02,-2.277454470924138441e+00,1.354944226881742986e-01,0.000000000000000000e+00,0.000000000000000000e+00,0.000000000000000000e+00,0.000000000000000000e+00,0.000000000000000000e+00,0.000000000000000000e+00,0.000000000000000000e+00
4.580000000000000182e-01,4.260558135702915278e-02,6.051159052319399212e-01,-2.087792585630035558e-02,-2.397936674468570839e+00,-2.123083979356471182e-02,3.394609274291616074e+00,-1.698929940198814770e-01,1.846122979310946613e-02,-3.720971004757305800e-01,6.456315568945963923e-02,1.555454428421370494e+00,1.163323449615297558e-02,-1.315409338467981915e+00,7.825870119020673921e-02,3.177749173047429709e-02,-6.404943043238811029e-01,1.111331785047652843e-01,2.677418611339668075e+00,2.002439800289731314e-02,-2.264226697993684922e+00,1.347074522000509256e-01,0.000000000000000000e+00,0.000000000000000000e+00,0.000000000000000000e+00,0.000000000000000000e+00,0.000000000000000000e+00,0.000000000000000000e+00,0.000000000000000000e+00
4.590000000000000191e-01,4.262405844455816745e-02,6.047434885093363466e-01,-2.081330724247059880e-02,-2.396379883943593914e+00,-2.121919656641029980e-02,3.393292735049337150e+00,-1.698146680964189859e-01,1.849291423206420731e-02,-3.727357192458440327e-01,6.467396344106085548e-02,1.558124006853387922e+00,1.165320025750096050e-02,-1.317666934920236788e+00,7.839301418388736065e-02,3.159129471030322489e-02,-6.367413922969289430e-01,1.104820048106539554e-01,2.661730545981633611e+00,1.990706705461215559e-02,-2.250959689139304665e+00,1.339181474176842079e-01,0.000000000000000000e+00,0.000000000000000000e+00,0.000000000000000000e+00,0.000000000000000000e+00,0.000000000000000000e+00,0.000000000000000000e+00,0.000000000000000000e+00
4.600000000000000200e-01,4.264256712333629878e-02,6.043704350462592023e-01,-2.074857814679544749e-02,-2.394820431691911722e+00,-2.120753343221756099e-02,3.391973944850616984e+00,-1.697362082550023521e-01,1.852441220020862103e-02,-3.733705795855267739e-01,6.478411906146099020e-02,1.560777874151804578e+00,1.167304851537341592e-02,-1.319911244855395571e+00,7.852653671216618114e-02,3.140455072576023299e-02,-6.329774558767429227e-01,1.098289182566573874e-01,2.645996396036387033e+00,1.978939143997109074e-02,-2.237653707689347904e+00,1.331265240074781531e-01,0.000000000000000000e+00,0.000000000000000000e+00,0.000000000000000000e+00,0.000000000000000000e+00,0.000000000000000000e+00,0.000000000000000000e+00,0.000000000000000000e+00
4.610000000000000209e-01,4.266110720661989153e-02,6.039967486066386559e-01,-2.068373922236035542e-02,-2.393258333447648045e+00,-2.119585050866190992e-02,3.390652917001415023e+00,-1.696576152872535936e-01,1.855572315242617204e-02,-3.740016705076296688e-01,6.489362064426247578e-02,1.563415984387725999e+00,1.169277892626839274e-02,-1.322142229432526683e+00,7.865926646424850621e-02,3.121726347255057710e-02,-6.292025695524641193e-01,1.091739317675049226e-01,2.630216472886274914e+00,1.967137348780079870e-02,-2.224309016972157771e+00,1.323325976358373235e-01,0.000000000000000000e+00,0.000000000000000000e+00,0.000000000000000000e+00,0.000000000000000000e+00,0.000000000000000000e+00,0.000000000000000000e+00,0.000000000000000000e+00
4.620000000000000218e-01,4.267967850712200278e-02,6.036224329653547827e-01,-2.061879112415075307e-02,-2.391693604990699384e+00,-2.118414791376110190e-02,3.389329664846399748e+00,-1.695788899870977751e-01,1.858684654729605978e-02,-3.746289810994932745e-01,6.500246629599253090e-02,1.566038291943636640e+00,1.171239114901278383e-02,-1.324359850074027012e+00,7.879120114500616501e-02,3.102943664637945048e-02,-6.254168078132367192e-01,1.085170582679252649e-01,2.614391087913640277e+00,1.955301552692795264e-02,-2.210925880316087166e+00,1.315363839691661152e-01,0.000000000000000000e+00,0.000000000000000000e+00,0.000000000000000000e+00,0.000000000000000000e+00,0.000000000000000000e+00,0.000000000000000000e+00,0.000000000000000000e+00
4.630000000000000226e-01,4.269828083701609350e-02,6.032474919081631803e-01,-2.055373450903905108e-02,-2.390126262146426317e+00,-2.117242576587290842e-02,3.388004201768686219e+00,-1.695000331507473534e-01,1.861778184709318024e-02,-3.752525005229475630e-01,6.511065413610307717e-02,1.568644751513406543e+00,1.173188484476229282e-02,-1.326564068465622137e+00,7.892233847497730215e-02,3.084107394295204640e-02,-6.216202451482037983e-01,1.078583106826473681e-01,2.598520552500831471e+00,1.943431988617936451e-02,-2.197504561049481886e+00,1.307378986738686466e-01,0.000000000000000000e+00,0.000000000000000000e+00,0.000000000000000000e+00,0.000000000000000000e+00,0.000000000000000000e+00,0.000000000000000000e+00,0.000000000000000000e+00
4.640000000000000235e-01,4.271691400793978244e-02,6.028719292316204736e-01,-2.048857003577176858e-02,-2.388556320785336418e+00,-2.116068418369277185e-02,3.386676541189571843e+00,-1.694210455766861911e-01,1.864852851778811896e-02,-3.758722180143108660e-01,6.521818229697080860e-02,1.571235318102285117e+00,1.175125967700145838e-02,-1.328754846556364999e+00,7.905267619036648874e-02,3.065217905797364140e-02,-6.178129560465102088e-01,1.071977019364003525e-01,2.582605178030195070e+00,1.931528889438172136e-02,-2.184045322500694830e+00,1.299371574163494802e-01,0.000000000000000000e+00,0.000000000000000000e+00,0.000000000000000000e+00,0.000000000000000000e+00,0.000000000000000000e+00,0.000000000000000000e+00,0.000000000000000000e+00
4.650000000000000244e-01,4.273557783099848212e-02,6.024957487430093739e-01,-2.042329836495657136e-02,-2.386983796822780057e+00,-2.114892328625149823e-02,3.385346696568273028e+00,-1.693419280656543457e-01,1.867908602904718232e-02,-3.764881228843912631e-01,6.532504892389712214e-02,1.573809947026908240e+00,1.177051531154365074e-02,-1.330932146558638340e+00,7.918221204304473626e-02,3.046275568714934545e-02,-6.139950149972983606e-01,1.065352449539129498e-01,2.566645275884069655e+00,1.919592488036177269e-02,-2.170548427998068242e+00,1.291341758630127901e-01,0.000000000000000000e+00,0.000000000000000000e+00,0.000000000000000000e+00,0.000000000000000000e+00,0.000000000000000000e+00,0.000000000000000000e+00,0.000000000000000000e+00
4.660000000000000253e-01,4.275427211676914585e-02,6.021189542602645162e-01,-2.035792015904935859e-02,-2.385408706218631991e+00,-2.113714319291289806e-02,3.384014681401661395e+00,-1.692626814206319996e-01,1.870945385423236976e-02,-3.771002045184859153e-01,6.543125217510815939e-02,1.576368593915288940e+00,1.178965141653104745e-02,-1.333095930948152485e+00,7.931094380054938553e-02,3.027280752618449061e-02,-6.101664964897119958e-01,1.058709526599143358e-01,2.550641157444813345e+00,1.907623017294621942e-02,-2.157014140869954133e+00,1.283289696802626945e-01,0.000000000000000000e+00,0.000000000000000000e+00,0.000000000000000000e+00,0.000000000000000000e+00,0.000000000000000000e+00,0.000000000000000000e+00,0.000000000000000000e+00
4.670000000000000262e-01,4.277299667530389676e-02,6.017415496118985185e-01,-2.029243608234134952e-02,-2.383831064976985381e+00,-2.112534402337148953e-02,3.382680509224003984e+00,-1.691833064468240833e-01,1.873963147040141192e-02,-3.777084523763810653e-01,6.553679022175470936e-02,1.578911214706827382e+00,1.180866766243468535e-02,-1.335246162463946451e+00,7.943886924608427325e-02,3.008233827078420075e-02,-6.063274750128941903e-01,1.052048379791331312e-01,2.534593134094759392e+00,1.895620710096180411e-02,-2.143442724444700964e+00,1.275215545345040336e-01,0.000000000000000000e+00,0.000000000000000000e+00,0.000000000000000000e+00,0.000000000000000000e+00,0.000000000000000000e+00,0.000000000000000000e+00,0.000000000000000000e+00
4.680000000000000271e-01,4.279175131613381644e-02,6.013635386369265978e-01,-2.022684680094615287e-02,-2.382250889145836936e+00,-2.111352589765014623e-02,3.381344193606694137e+00,-1.691038039516443992e-01,1.876961835830769088e-02,-3.783128559923518708e-01,6.564166124791238899e-02,1.581437765652302652e+00,1.182756372205439818e-02,-1.337382804108385947e+00,7.956598617851953770e-02,2.989135161665375240e-02,-6.024780250559886863e-01,1.045369138362987060e-01,2.518501517216262364e+00,1.883585799323529708e-02,-2.129834442050659860e+00,1.267119460921404817e-01,0.000000000000000000e+00,0.000000000000000000e+00,0.000000000000000000e+00,0.000000000000000000e+00,0.000000000000000000e+00,0.000000000000000000e+00,0.000000000000000000e+00
4.690000000000000280e-01,4.281053584827253233e-02,6.009849251847924068e-01,-2.016115298278682924e-02,-2.380668194816778716e+00,-2.110168893609778995e-02,3.380005748157992151e+00,-1.690241747447000786e-01,1.879941400240037197e-02,-3.789134049751626820e-01,6.574586345058150427e-02,1.583948203313877645e+00,1.184633927051884431e-02,-1.339505819147167376e+00,7.969229241239181305e-02,2.969985125949835270e-02,-5.986182211081396698e-01,1.038671931561398198e-01,2.502366618191668834e+00,1.871518517859334374e-02,-2.116189557016176614e+00,1.259001600195768789e-01,0.000000000000000000e+00,0.000000000000000000e+00,0.000000000000000000e+00,0.000000000000000000e+00,0.000000000000000000e+00,0.000000000000000000e+00,0.000000000000000000e+00
4.700000000000000289e-01,4.282935008022002027e-02,6.006057131152936490e-01,-2.009535529758299174e-02,-2.379082998124683268e+00,-2.108983325938703149e-02,3.378665186522761932e+00,-1.689444196377759000e-01,1.882901789082425115e-02,-3.795100890080675970e-01,6.584939503968714747e-02,1.586442484565098177e+00,1.186499398528555529e-02,-1.341615171109314275e+00,7.981778577790407669e-02,2.950784089502317409e-02,-5.947481376584893287e-01,1.031956888633852043e-01,2.486188748403320048e+00,1.859419098586274910e-02,-2.102508332669596136e+00,1.250862119832171770e-01,0.000000000000000000e+00,0.000000000000000000e+00,0.000000000000000000e+00,0.000000000000000000e+00,0.000000000000000000e+00,0.000000000000000000e+00,0.000000000000000000e+00
4.710000000000000298e-01,4.284819381996619880e-02,6.002259062985078053e-01,-2.002945441683783717e-02,-2.377495315247393659e+00,-2.107795898851188079e-02,3.377322522382204539e+00,-1.688645394448186066e-01,1.885842951541987639e-02,-3.801028978488089072e-01,6.595225423807901666e-02,1.588920566590890981e+00,1.188352754614082143e-02,-1.343710823787179098e+00,7.994246412092576026e-02,2.931532421893348617e-02,-5.908678491961822932e-01,1.025224138827642295e-01,2.469968219233561690e+00,1.847287774387021408e-02,-2.088791032339270437e+00,1.242701176494661053e-01,0.000000000000000000e+00,0.000000000000000000e+00,0.000000000000000000e+00,0.000000000000000000e+00,0.000000000000000000e+00,0.000000000000000000e+00,0.000000000000000000e+00
4.720000000000000306e-01,4.286706687499471785e-02,5.998455086147168602e-01,-1.996345101382528478e-02,-2.375905162405413940e+00,-2.106606624478537734e-02,3.375977769453599286e+00,-1.687845349819211971e-01,1.888764837172348526e-02,-3.806918213296187070e-01,6.605443928153159616e-02,1.591382406887565715e+00,1.190193963519980969e-02,-1.345792741236440992e+00,8.006632530299269412e-02,2.912230492693446138e-02,-5.869774302103614172e-01,1.018473811390055717e-01,2.453705342064749217e+00,1.835124778144248125e-02,-2.075037919353551530e+00,1.234518926847275044e-01,0.000000000000000000e+00,0.000000000000000000e+00,0.000000000000000000e+00,0.000000000000000000e+00,0.000000000000000000e+00,0.000000000000000000e+00,0.000000000000000000e+00
4.730000000000000315e-01,4.288596905228659467e-02,5.994645239543336945e-01,-1.989734576357700055e-02,-2.374312555861595619e+00,-2.105415514983729336e-02,3.374630941490037728e+00,-1.687044070673073548e-01,1.891667395896701187e-02,-3.812768493572180617e-01,6.615594841874422594e-02,1.593827963262814951e+00,1.192022993690650470e-02,-1.347860887776110461e+00,8.018936720130703799e-02,2.892878671473135543e-02,-5.830769551901702208e-01,1.011706035568383233e-01,2.437400428279218545e+00,1.822930342740620990e-02,-2.061249257040784322e+00,1.226315527554061036e-01,0.000000000000000000e+00,0.000000000000000000e+00,0.000000000000000000e+00,0.000000000000000000e+00,0.000000000000000000e+00,0.000000000000000000e+00,0.000000000000000000e+00
4.740000000000000324e-01,4.290490015832390536e-02,5.990829562178272560e-01,-1.983113934286947697e-02,-2.372717511920826361e+00,-2.104222582561178501e-02,3.373282052280159427e+00,-1.686241565213157378e-01,1.894550578007811459e-02,-3.818579719128172290e-01,6.625677991134074074e-02,1.596257193835712851e+00,1.193839813803369843e-02,-1.349915227988522481e+00,8.031158770873746133e-02,2.873477327802929915e-02,-5.791664986247531122e-01,1.004920940609911884e-01,2.421053789259318023e+00,1.810704701058825361e-02,-2.047425308729313720e+00,1.218091135279059656e-01,0.000000000000000000e+00,0.000000000000000000e+00,0.000000000000000000e+00,0.000000000000000000e+00,0.000000000000000000e+00,0.000000000000000000e+00,0.000000000000000000e+00
4.750000000000000333e-01,4.292385999909353184e-02,5.987008093156478417e-01,-1.976483243021115097e-02,-2.371120046929717784e+00,-2.103027839436507826e-02,3.371931115647891275e+00,-1.685437841663841863e-01,1.897414334168013791e-02,-3.824351790521155481e-01,6.635693203386988648e-02,1.598670057036716052e+00,1.195644392768302824e-02,-1.351955726719345163e+00,8.043298473381893521e-02,2.854026831253368701e-02,-5.752461350032522791e-01,9.981186557619345368e-02,2.404665736387395114e+00,1.798448085981523697e-02,-2.033566337747494401e+00,1.209845906686314865e-01,0.000000000000000000e+00,0.000000000000000000e+00,0.000000000000000000e+00,0.000000000000000000e+00,0.000000000000000000e+00,0.000000000000000000e+00,0.000000000000000000e+00
4.760000000000000342e-01,4.294284838009081867e-02,5.983180871681526014e-01,-1.969842570582941779e-02,-2.369520177276299489e+00,-2.101831297866312356e-02,3.370578145452181484e+00,-1.684632908270342899e-01,1.900258615409215063e-02,-3.830084609053014399e-01,6.645640307380507039e-02,1.601066511607664555e+00,1.197436699728495271e-02,-1.353982349077571090e+00,8.055355620075291267e-02,2.834527551394952494e-02,-5.713159388148119078e-01,9.912993102717385097e-02,2.388236581045798168e+00,1.786160730391392337e-02,-2.019672607423673050e+00,1.201579998439871177e-01,0.000000000000000000e+00,0.000000000000000000e+00,0.000000000000000000e+00,0.000000000000000000e+00,0.000000000000000000e+00,0.000000000000000000e+00,0.000000000000000000e+00
4.770000000000000351e-01,4.296186510632327843e-02,5.979347937055317086e-01,-1.963191985165774894e-02,-2.367917919389698866e+00,-2.100632970137929906e-02,3.369223155586738461e+00,-1.683826773298555957e-01,1.903083373132891110e-02,-3.835778076770525180e-01,6.655519133154443046e-02,1.603446516601778615e+00,1.199216704059875328e-02,-1.355995060435521538e+00,8.067330004940725940e-02,2.814979857798215190e-02,-5.673759845485750741e-01,9.844630333866141725e-02,2.371766634616864877e+00,1.773842867171106924e-02,-2.005744381086197237e+00,1.193293567203767558e-01,0.000000000000000000e+00,0.000000000000000000e+00,0.000000000000000000e+00,0.000000000000000000e+00,0.000000000000000000e+00,0.000000000000000000e+00,0.000000000000000000e+00
4.780000000000000360e-01,4.298090998231429011e-02,5.975509328677335308e-01,-1.956531555132276501e-02,-2.366313289739836900e+00,-2.099432868569201666e-02,3.367866159979767904e+00,-1.683019445034899531e-01,1.905888559110088809e-02,-3.841432096465358104e-01,6.665329512041079374e-02,1.605810031383662739e+00,1.200984375371255165e-02,-1.357993826428848472e+00,8.079221423531618429e-02,2.795384120033675424e-02,-5.634263466936855203e-01,9.776099543538510628e-02,2.355256208482948921e+00,1.761494729203338938e-02,-1.991781922063412757e+00,1.184986769642051851e-01,0.000000000000000000e+00,0.000000000000000000e+00,0.000000000000000000e+00,0.000000000000000000e+00,0.000000000000000000e+00,0.000000000000000000e+00,0.000000000000000000e+00
4.790000000000000369e-01,4.299998281210675594e-02,5.971665086043891346e-01,-1.949861349013128076e-02,-2.364706304837113748e+00,-2.098231005508248773e-02,3.366507172593705910e+00,-1.682210931786156383e-01,1.908674125481426426e-02,-3.847046571674067605e-01,6.675071276665182907e-02,1.608157015629303244e+00,1.202739683504327334e-02,-1.359978612956528998e+00,8.091029672968028108e-02,2.775740707671853214e-02,-5.594670997392861000e-01,9.707402024207392732e-02,2.338705614026395097e+00,1.749116549370760554e-02,-1.977785493683674289e+00,1.176659762418766353e-01,0.000000000000000000e+00,0.000000000000000000e+00,0.000000000000000000e+00,0.000000000000000000e+00,0.000000000000000000e+00,0.000000000000000000e+00,0.000000000000000000e+00
4.799999999999999822e-01,4.301908339926688307e-02,5.967815248747396772e-01,-1.943181435505742308e-02,-2.363096981232097882e+00,-2.097027393333230488e-02,3.365146207424958735e+00,-1.681401241879322828e-01,1.911440024757090142e-02,-3.852621406678108373e-01,6.684744260943982497e-02,1.610487429326068920e+00,1.204482598533668930e-02,-1.361949386180872246e+00,8.102754551936663940e-02,2.756049990283278295e-02,-5.554983181745214438e-01,9.638539068345672312e-02,2.322115162629549090e+00,1.736708560556041864e-02,-1.963755359275326740e+00,1.168312702197952802e-01,0.000000000000000000e+00,0.000000000000000000e+00,0.000000000000000000e+00,0.000000000000000000e+00,0.000000000000000000e+00,0.000000000000000000e+00,0.000000000000000000e+00
4.809999999999999831e-01,4.303821154688781264e-02,5.963959856475603560e-01,-1.936491883472966913e-02,-2.361485335515215223e+00,-2.095822044452116603e-02,3.363783278503639895e+00,-1.680590383661444975e-01,1.914186209816840303e-02,-3.858156506503820360e-01,6.694348300087187009e-02,1.612801232772709481e+00,1.206213090766739687e-02,-1.363906112527512926e+00,8.114395860690873374e-02,2.736312337438462361e-02,-5.515200764885355156e-01,9.569511968426239190e-02,2.305485165674753034e+00,1.724270995641859205e-02,-1.949691782166719456e+00,1.159945745643654602e-01,0.000000000000000000e+00,0.000000000000000000e+00,0.000000000000000000e+00,0.000000000000000000e+00,0.000000000000000000e+00,0.000000000000000000e+00,0.000000000000000000e+00
4.819999999999999840e-01,4.305736705759329042e-02,5.960098949010865788e-01,-1.929792761941793305e-02,-2.359871384316436504e+00,-2.094614971302451514e-02,3.362418399893302823e+00,-1.679778365499466353e-01,1.916912633910005520e-02,-3.863651776922437664e-01,6.703883230596972831e-02,1.615098386579359335e+00,1.207931130743880241e-02,-1.365848758685414666e+00,8.125953401050639568e-02,2.716528118707921269e-02,-5.475324491704687269e-01,9.500322016922013724e-02,2.288815934544361497e+00,1.711804087510886141e-02,-1.935595025686203563e+00,1.151559049419915159e-01,0.000000000000000000e+00,0.000000000000000000e+00,0.000000000000000000e+00,0.000000000000000000e+00,0.000000000000000000e+00,0.000000000000000000e+00,0.000000000000000000e+00
4.829999999999999849e-01,4.307654973354146932e-02,5.956232566229395786e-01,-1.923084140102066658e-02,-2.358255144304965967e+00,-2.093406186351125589e-02,3.361051585690683741e+00,-1.678965195780070252e-01,1.919619250655484749e-02,-3.869107124450085200e-01,6.713348890267992197e-02,1.617378851667533590e+00,1.209636689238316465e-02,-1.367777291606871115e+00,8.137426976402589718e-02,2.696697703662194467e-02,-5.435355107094683724e-01,9.430970506305852430e-02,2.272107780620713946e+00,1.699308069045795538e-02,-1.921465353162116863e+00,1.143152770190777323e-01,0.000000000000000000e+00,0.000000000000000000e+00,0.000000000000000000e+00,0.000000000000000000e+00,0.000000000000000000e+00,0.000000000000000000e+00,0.000000000000000000e+00
4.839999999999999858e-01,4.309575937642848992e-02,5.952360748100516963e-01,-1.916366087305189023e-02,-2.356636632188933156e+00,-2.092195702094136467e-02,3.359682850025432543e+00,-1.678150882909522634e-01,1.922306014041747987e-02,-3.874522456347783139e-01,6.722745118187373192e-02,1.619642589270131161e+00,1.211329737256154788e-02,-1.369691678507500843e+00,8.148816391699983952e-02,2.676821461871792263e-02,-5.395293355946748637e-01,9.361458729050683991e-02,2.255361015286151627e+00,1.686783173129258878e-02,-1.907303027922819361e+00,1.134727064620285053e-01,0.000000000000000000e+00,0.000000000000000000e+00,0.000000000000000000e+00,0.000000000000000000e+00,0.000000000000000000e+00,0.000000000000000000e+00,0.000000000000000000e+00
4.849999999999999867e-01,4.311499578749226208e-02,5.948483534685916618e-01,-1.909638673062830083e-02,-2.355015864715075846e+00,-2.090983531056361464e-02,3.358312207059852561e+00,-1.677335435313516421e-01,1.924972878426836620e-02,-3.879897680621431366e-01,6.732071754734704483e-02,1.621889560931430108e+00,1.213010246036385319e-02,-1.371591886866253995e+00,8.160121453462734764e-02,2.656899762907238838e-02,-5.355139983152339411e-01,9.291787977629395456e-02,2.238575949923032660e+00,1.674229632643944865e-02,-1.893108313296655965e+00,1.126282089372482309e-01,0.000000000000000000e+00,0.000000000000000000e+00,0.000000000000000000e+00,0.000000000000000000e+00,0.000000000000000000e+00,0.000000000000000000e+00,0.000000000000000000e+00
4.859999999999999876e-01,4.313425876751608018e-02,5.944600966138906539e-01,-1.902901967045634093e-02,-2.353392858668435839e+00,-2.089769685791321649e-02,3.356939670988636326e+00,-1.676518861437013563e-01,1.927619798538361337e-02,-3.885232706021836124e-01,6.741328641582065850e-02,1.624119728507094740e+00,1.214678187050880799e-02,-1.373477884425407858e+00,8.171341969777388969e-02,2.636932976339058377e-02,-5.314895733602869043e-01,9.221959544514890528e-02,2.221752895913698289e+00,1.661647680472536776e-02,-1.878881472611977799e+00,1.117818001111410275e-01,0.000000000000000000e+00,0.000000000000000000e+00,0.000000000000000000e+00,0.000000000000000000e+00,0.000000000000000000e+00,0.000000000000000000e+00,0.000000000000000000e+00
4.869999999999999885e-01,4.315354811683239783e-02,5.940713082703674708e-01,-1.896156039081925773e-02,-2.351767630872038328e+00,-2.088554178880949741e-02,3.355565256038602229e+00,-1.675701169744089059e-01,1.930246729473503176e-02,-3.890527442044681150e-01,6.750515621693994883e-02,1.626333054164169623e+00,1.216333532004395916e-02,-1.375349639190567963e+00,8.182477750297129093e-02,2.616921471737763960e-02,-5.274561352189794938e-01,9.151974722180042376e-02,2.204892164640489760e+00,1.649037549497699845e-02,-1.864622769197127106e+00,1.109334956501112357e-01,0.000000000000000000e+00,0.000000000000000000e+00,0.000000000000000000e+00,0.000000000000000000e+00,0.000000000000000000e+00,0.000000000000000000e+00,0.000000000000000000e+00
4.879999999999999893e-01,4.317286363532647775e-02,5.936819924714538121e-01,-1.889400959156419674e-02,-2.350140198186590812e+00,-2.087337022935356265e-02,3.354188976468432504e+00,-1.674882368717775238e-01,1.932853626699015948e-02,-3.895781798930556539e-01,6.759632539327511958e-02,1.628529500381081796e+00,1.217976252834569034e-02,-1.377207119430668314e+00,8.193528606241792800e-02,2.596865618673888099e-02,-5.234137583804543414e-01,9.081834803097760256e-02,2.187994067485760752e+00,1.636399472602106248e-02,-1.850332466380455898e+00,1.100833112205634179e-01,0.000000000000000000e+00,0.000000000000000000e+00,0.000000000000000000e+00,0.000000000000000000e+00,0.000000000000000000e+00,0.000000000000000000e+00,0.000000000000000000e+00
4.889999999999999902e-01,4.319220512244009713e-02,5.932921532595204495e-01,-1.882636797408927809e-02,-2.348510577510163344e+00,-2.086118230592600223e-02,3.352810846568408554e+00,-1.674062466859902176e-01,1.935440446051221383e-02,-3.900995687664932099e-01,6.768679240032102196e-02,1.630709029947641664e+00,1.219606321711920807e-02,-1.379050293677971384e+00,8.204494350397843749e-02,2.576765786717942486e-02,-5.193625173338531908e-01,9.011541079740936766e-02,2.171058915831848068e+00,1.623733682668435097e-02,-1.836010827490312636e+00,1.092312624889015815e-01,0.000000000000000000e+00,0.000000000000000000e+00,0.000000000000000000e+00,0.000000000000000000e+00,0.000000000000000000e+00,0.000000000000000000e+00,0.000000000000000000e+00
4.899999999999999911e-01,4.321157237717523913e-02,5.929017946858022858e-01,-1.875863624133065899e-02,-2.346878785777881671e+00,-2.084897814518451784e-02,3.351430880660145384e+00,-1.673241472690945031e-01,1.938007143736010518e-02,-3.906169019978169565e-01,6.777655570649725181e-02,1.632871605965039885e+00,1.221223711039854352e-02,-1.380879130728067228e+00,8.215374797118382699e-02,2.556622345440454080e-02,-5.153024865683233369e-01,8.941094844582458956e-02,2.154087021061108054e+00,1.611040412579358566e-02,-1.821658115855047555e+00,1.083773651215301781e-01,0.000000000000000000e+00,0.000000000000000000e+00,0.000000000000000000e+00,0.000000000000000000e+00,0.000000000000000000e+00,0.000000000000000000e+00,0.000000000000000000e+00
4.909999999999999920e-01,4.323096519809779825e-02,5.925109208103238601e-01,-1.869081509774959612e-02,-2.345244839961615924e+00,-2.083675787406160870e-02,3.350049093096334474e+00,-1.672419394749864174e-01,1.940553676328850979e-02,-3.911301708345531480e-01,6.786561379314820508e-02,1.635017191845852036e+00,1.222828393454655077e-02,-1.382693599639875259e+00,8.226169762323168322e-02,2.536435664411944291e-02,-5.112337405730043027e-01,8.870497390095244405e-02,2.137078694555877512e+00,1.598319895217543279e-02,-1.807274594803005563e+00,1.075216347848534926e-01,0.000000000000000000e+00,0.000000000000000000e+00,0.000000000000000000e+00,0.000000000000000000e+00,0.000000000000000000e+00,0.000000000000000000e+00,0.000000000000000000e+00
4.919999999999999929e-01,4.325038338334127874e-02,5.921195357018249616e-01,-1.862290524931958791e-02,-2.343608757069664428e+00,-2.082452161976226443e-02,3.348665498260474216e+00,-1.671596241593949483e-01,1.943080000774775190e-02,-3.916393665987162320e-01,6.795396515454296682e-02,1.637145751314034392e+00,1.224420341825492586e-02,-1.384493669735643806e+00,8.236879063498590836e-02,2.516206113202931749e-02,-5.071563538370418289e-01,8.799750008752166286e-02,2.120034247698511898e+00,1.585572363465662798e-02,-1.792860527662536008e+00,1.066640871452760875e-01,0.000000000000000000e+00,0.000000000000000000e+00,0.000000000000000000e+00,0.000000000000000000e+00,0.000000000000000000e+00,0.000000000000000000e+00,0.000000000000000000e+00
4.929999999999999938e-01,4.326982673061048612e-02,5.917276434376860239e-01,-1.855490740351335016e-02,-2.341970554146449945e+00,-2.081226950976160228e-02,3.347280110566609679e+00,-1.670772021798665186e-01,1.945586074388387654e-02,-3.921444806868100708e-01,6.804160829787533893e-02,1.639257248404926148e+00,1.225999529254418081e-02,-1.386279310600947667e+00,8.247502519697677559e-02,2.495934061383944802e-02,-5.030704008495783253e-01,8.728853993026125524e-02,2.102953991871345352e+00,1.572798050206399012e-02,-1.778416177761991790e+00,1.058047378692019147e-01,0.000000000000000000e+00,0.000000000000000000e+00,0.000000000000000000e+00,0.000000000000000000e+00,0.000000000000000000e+00,0.000000000000000000e+00,0.000000000000000000e+00
4.939999999999999947e-01,4.328929503718518396e-02,5.913352481038539610e-01,-1.848682226928995836e-02,-2.340330248272201263e+00,-2.080000167180255655e-02,3.345892944459068818e+00,-1.669946743957490543e-01,1.948071854853863222e-02,-3.926455045698280522e-01,6.812854174326379852e-02,1.641351647465248087e+00,1.227565929076363666e-02,-1.388050492084691001e+00,8.258039951540097068e-02,2.475619878525495143e-02,-4.989759560997582000e-01,8.657810635390028597e-02,2.085838238456734217e+00,1.559997188322417155e-02,-1.763941808429715152e+00,1.049436026230353702e-01,0.000000000000000000e+00,0.000000000000000000e+00,0.000000000000000000e+00,0.000000000000000000e+00,0.000000000000000000e+00,0.000000000000000000e+00,0.000000000000000000e+00
4.949999999999999956e-01,4.330878809992387557e-02,5.909423537947670058e-01,-1.841865055708193089e-02,-2.338687856562647216e+00,-2.078771823389356094e-02,3.344504014412200021e+00,-1.669120416681764696e-01,1.950537300224948825e-02,-3.931424297932519796e-01,6.821476402375166448e-02,1.643428913153103910e+00,1.229119514859148762e-02,-1.389807184299105769e+00,8.268491181212161978e-02,2.455263934198112508e-02,-4.948730940767238629e-01,8.586621228316770882e-02,2.068687298837021515e+00,1.547170010696389403e-02,-1.749437682994056331e+00,1.040806970731809056e-01,0.000000000000000000e+00,0.000000000000000000e+00,0.000000000000000000e+00,0.000000000000000000e+00,0.000000000000000000e+00,0.000000000000000000e+00,0.000000000000000000e+00
4.959999999999999964e-01,4.332830571526740532e-02,5.905489646132813242e-01,-1.835039297878224979e-02,-2.337043396168700049e+00,-2.077541932430619631e-02,3.343113334930105207e+00,-1.668293048600530404e-01,1.952982368924959661e-02,-3.936352479770534041e-01,6.830027368530691700e-02,1.645489010437981348e+00,1.230660260403470749e-02,-1.391549357619753735e+00,8.278856032466822001e-02,2.434866597972315527e-02,-4.907618892696203883e-01,8.515287064279225548e-02,2.051501484394551156e+00,1.534316750210994867e-02,-1.734904064783368227e+00,1.032160368860429167e-01,0.000000000000000000e+00,0.000000000000000000e+00,0.000000000000000000e+00,0.000000000000000000e+00,0.000000000000000000e+00,0.000000000000000000e+00,0.000000000000000000e+00
4.969999999999999973e-01,4.334784767924273335e-02,5.901550846705955200e-01,-1.828205024773147530e-02,-2.335396884276148555e+00,-2.076310507157286961e-02,3.341720920546381368e+00,-1.667464648360376389e-01,1.955407019746784048e-02,-3.941239508156929028e-01,6.838506928682228092e-02,1.647531904600747055e+00,1.232188139742911720e-02,-1.393276982685523802e+00,8.289134330623673663e-02,2.414428239418622835e-02,-4.866424161675895199e-01,8.443809435750282422e-02,2.034281106511673265e+00,1.521437639748903642e-02,-1.720341217125993971e+00,1.023496377280255776e-01,0.000000000000000000e+00,0.000000000000000000e+00,0.000000000000000000e+00,0.000000000000000000e+00,0.000000000000000000e+00,0.000000000000000000e+00,0.000000000000000000e+00
4.979999999999999982e-01,4.336741378746657855e-02,5.897607180861762499e-01,-1.821362307870481867e-02,-2.333748338105344988e+00,-2.075077560448448932e-02,3.340326785823854561e+00,-1.666635224625281075e-01,1.957811211852877875e-02,-3.946085300781200234e-01,6.846914940011518402e-02,1.649557561233652159e+00,1.233703127143936928e-02,-1.394990030398632896e+00,8.299325902568946423e-02,2.393949228107560001e-02,-4.825147492597758880e-01,8.372189635202892388e-02,2.017026476570728200e+00,1.508532912192785819e-02,-1.705749403350286464e+00,1.014815152655330621e-01,0.000000000000000000e+00,0.000000000000000000e+00,0.000000000000000000e+00,0.000000000000000000e+00,0.000000000000000000e+00,0.000000000000000000e+00,0.000000000000000000e+00
4.989999999999999991e-01,4.338700383514913078e-02,5.893658689876842827e-01,-1.814511218789921151e-02,-2.332097774910893762e+00,-2.073843105208814444e-02,3.338930945354315671e+00,-1.665804786076456323e-01,1.960194904775269809e-02,-3.950889776077735061e-01,6.855251260992786810e-02,1.651565946240329374e+00,1.235205197105893396e-02,-1.396688471924627528e+00,8.309430576755511000e-02,2.373429933609647047e-02,-4.783789630353227906e-01,8.300428955109900864e-02,1.999737905954064310e+00,1.495602800425317042e-02,-1.691128886784587948e+00,1.006116851649698773e-01,0.000000000000000000e+00,0.000000000000000000e+00,0.000000000000000000e+00,0.000000000000000000e+00,0.000000000000000000e+00,0.000000000000000000e+00,0.000000000000000000e+00
5.000000000000000000e-01,4.340661761709777022e-02,5.889705415108997810e-01,-1.807651829292037868e-02,-2.330445211981337916e+00,-2.072607154368475216e-02,3.337533413758261069e+00,-1.664973341412189778e-01,1.962558058415558512e-02,-3.955652853225813947e-01,6.863515751392715303e-02,1.653557025835795447e+00,1.236694324361011128e-02,-1.398372278692381565e+00,8.319448183202883540e-02,2.352870725495409543e-02,-4.742351319833739698e-01,8.228528687944214326e-02,1.982415706044033499e+00,1.482647537329169485e-02,-1.676479930757254877e+00,9.974016309274047476e-02,0.000000000000000000e+00,0.000000000000000000e+00,0.000000000000000000e+00,0.000000000000000000e+00,0.000000000000000000e+00,0.000000000000000000e+00,0.000000000000000000e+00
5.010000000000000009e-01,4.342625492772070328e-02,5.885747397996474728e-01,-1.800784211276990759e-02,-2.328790666638853590e+00,-2.071369720882675763e-02,3.336134205684622600e+00,-1.664140899347689162e-01,1.964900633044912304e-02,-3.960374452149608704e-01,6.871708272270474205e-02,1.655530766546446708e+00,1.238170483874402941e-02,-1.400041422394097346e+00,8.329378553497215898e-02,2.332271973335364734e-02,-4.700833305930731676e-01,8.156490126178739253e-02,1.965060188222977899e+00,1.469667355787019486e-02,-1.661802798596631270e+00,9.886696471524891727e-02,0.000000000000000000e+00,0.000000000000000000e+00,0.000000000000000000e+00,0.000000000000000000e+00,0.000000000000000000e+00,0.000000000000000000e+00,0.000000000000000000e+00
5.020000000000000018e-01,4.344591556103073043e-02,5.881784680057224879e-01,-1.793908436783234542e-02,-2.327134156238931162e+00,-2.070130817731577130e-02,3.334733335810512234e+00,-1.663307468614925178e-01,1.967222589304070887e-02,-3.965054493518179735e-01,6.879828685977698588e-02,1.657487135210065077e+00,1.239633650844064287e-02,-1.401695874985306345e+00,8.339221520791305353e-02,2.311634046700028478e-02,-4.659236333535607955e-01,8.084314562286348815e-02,1.947671663873231651e+00,1.456662488681530199e-02,-1.647097753631062922e+00,9.799210569889965639e-02,0.000000000000000000e+00,0.000000000000000000e+00,0.000000000000000000e+00,0.000000000000000000e+00,0.000000000000000000e+00,0.000000000000000000e+00,0.000000000000000000e+00
5.030000000000000027e-01,4.346559931064887528e-02,5.877817302888160844e-01,-1.787024577986225798e-02,-2.325475698170069716e+00,-2.068890457920027903e-02,3.333330818840952947e+00,-1.662473057962475520e-01,1.969523888203344314e-02,-3.969692898745479370e-01,6.887876856158495209e-02,1.659426098975811392e+00,1.241083800700872562e-02,-1.403335608684867841e+00,8.348976919804582120e-02,2.290957315159938834e-02,-4.617561147539845923e-01,8.012003288739966145e-02,1.930250444377161756e+00,1.443633168895386287e-02,-1.632365059188903622e+00,9.711560171009692155e-02,0.000000000000000000e+00,0.000000000000000000e+00,0.000000000000000000e+00,0.000000000000000000e+00,0.000000000000000000e+00,0.000000000000000000e+00,0.000000000000000000e+00
5.040000000000000036e-01,4.348530596980815233e-02,5.873845308164403756e-01,-1.780132707197128183e-02,-2.323815309853462185e+00,-2.067648654477327944e-02,3.331926669508615380e+00,-1.661637676155365839e-01,1.971804491122611941e-02,-3.974289589990354088e-01,6.895852647749448061e-02,1.661347625304231190e+00,1.242520909108589186e-02,-1.404960595974968474e+00,8.358644586823121836e-02,2.270242148285595007e-02,-4.575808492834849694e-01,7.939557598012447759e-02,1.912796841117101465e+00,1.430579629311254375e-02,-1.617604978598499166e+00,9.623746841524505324e-02,0.000000000000000000e+00,0.000000000000000000e+00,0.000000000000000000e+00,0.000000000000000000e+00,0.000000000000000000e+00,0.000000000000000000e+00,0.000000000000000000e+00
5.050000000000000044e-01,4.350503533135718220e-02,5.869868737638547218e-01,-1.773232896861528379e-02,-2.322153008742686264e+00,-2.066405420456997322e-02,3.330520902573559816e+00,-1.660801331974917361e-01,1.974064359811328329e-02,-3.978844490156542291e-01,6.903755926979618374e-02,1.663251681967252260e+00,1.243944951963856654e-02,-1.406570809601125349e+00,8.368224359699644177e-02,2.249488915647539222e-02,-4.533979114312074454e-01,7.866978782576733442e-02,1.895311165475393800e+00,1.417502102811810105e-02,-1.602817775188201566e+00,9.535772148074839194e-02,0.000000000000000000e+00,0.000000000000000000e+00,0.000000000000000000e+00,0.000000000000000000e+00,0.000000000000000000e+00,0.000000000000000000e+00,0.000000000000000000e+00
5.060000000000000053e-01,4.352478718776396638e-02,5.865887633139907908e-01,-1.766325219558130544e-02,-2.320488812323392214e+00,-2.065160768936543517e-02,3.329113532822968402e+00,-1.659964034218585072e-01,1.976303456388509711e-02,-3.983357522892668756e-01,6.911586561370522408e-02,1.665138237048181979e+00,1.245355905396201314e-02,-1.408166222572180715e+00,8.377716077853494814e-02,2.228697986816287335e-02,-4.492073756862942080e-01,7.794268134905696366e-02,1.877793728834398657e+00,1.404400822279724265e-02,-1.588003712286355729e+00,9.447637657301127811e-02,0.000000000000000000e+00,0.000000000000000000e+00,0.000000000000000000e+00,0.000000000000000000e+00,0.000000000000000000e+00,0.000000000000000000e+00,0.000000000000000000e+00
5.070000000000000062e-01,4.354456133111950233e-02,5.861902036573781727e-01,-1.759409747997475737e-02,-2.318822738112988890e+00,-2.063914713017227578e-02,3.327704575070879578e+00,-1.659125791699806174e-01,1.978521743342752381e-02,-3.987828612592256849e-01,6.919344419736174479e-02,1.667007258941714642e+00,1.246753745768032495e-02,-1.409746808160309950e+00,8.387119582270682883e-02,2.207869731362351040e-02,-4.450093165378889992e-01,7.721426947472226354e-02,1.860244842576449287e+00,1.391276020597669028e-02,-1.573163053221307450e+00,9.359344935843794122e-02,0.000000000000000000e+00,0.000000000000000000e+00,0.000000000000000000e+00,0.000000000000000000e+00,0.000000000000000000e+00,0.000000000000000000e+00,0.000000000000000000e+00
5.080000000000000071e-01,4.356435755314155833e-02,5.857911989920698836e-01,-1.752486555020645390e-02,-2.317154803660339102e+00,-2.062667265823832016e-02,3.326294044157932728e+00,-1.658286613247839103e-01,1.980719183532217431e-02,-3.992257684393714090e-01,6.927029372183041156e-02,1.668858716353924354e+00,1.248138449674641472e-02,-1.411312539901011576e+00,8.396434715503839352e-02,2.187004518856261459e-02,-4.408038084751357832e-01,7.648456512749224334e-02,1.842664818083894929e+00,1.378127930648320038e-02,-1.558296061321409631e+00,9.270895550343288827e-02,0.000000000000000000e+00,0.000000000000000000e+00,0.000000000000000000e+00,0.000000000000000000e+00,0.000000000000000000e+00,0.000000000000000000e+00,0.000000000000000000e+00
5.090000000000000080e-01,4.358417564517832327e-02,5.853917535235675373e-01,-1.745555713597964423e-02,-2.315485026545439418e+00,-2.061418440504426616e-02,3.324881954951096841e+00,-1.657446507707609207e-01,1.982895740184637337e-02,-3.996644664180343254e-01,6.934641290110066247e-02,1.670692578302265030e+00,1.249509993944201112e-02,-1.412863391593117246e+00,8.405661321672236452e-02,2.166102718868538612e-02,-4.365909259871789683e-01,7.575358123209607886e-02,1.825053966739086597e+00,1.364956785314348081e-02,-1.543402999915011620e+00,9.182291067440034871e-02,0.000000000000000000e+00,0.000000000000000000e+00,0.000000000000000000e+00,0.000000000000000000e+00,0.000000000000000000e+00,0.000000000000000000e+00,0.000000000000000000e+00
5.100000000000000089e-01,4.360401539821207734e-02,5.849918714647475149e-01,-1.738617296827715819e-02,-2.313813424379115968e+00,-2.060168250230138068e-02,3.323468322343411607e+00,-1.656605483939552204e-01,1.985051376897317699e-02,-4.000989478580336822e-01,6.942180046208679123e-02,1.672508814115579057e+00,1.250868355637768832e-02,-1.414399337298782644e+00,8.414799246461796001e-02,2.145164700969701133e-02,-4.323707435631594098e-01,7.502133071326239078e-02,1.807412599924367314e+00,1.351762817478429496e-02,-1.528484132330458323e+00,9.093533053774449648e-02,0.000000000000000000e+00,0.000000000000000000e+00,0.000000000000000000e+00,0.000000000000000000e+00,0.000000000000000000e+00,0.000000000000000000e+00,0.000000000000000000e+00
5.110000000000000098e-01,4.362387660286298069e-02,5.845915570357860247e-01,-1.731671377934843395e-02,-2.312140014802710031e+00,-2.058916708194914388e-02,3.322053161253722298e+00,-1.655763550819455976e-01,1.987186057637130299e-02,-4.005292054966783644e-01,6.949645514462764184e-02,1.674307393434085522e+00,1.252213512049285202e-02,-1.415920351343494588e+00,8.423848337125075525e-02,2.124190834730274591e-02,-4.281433356922230704e-01,7.428782649572002184e-02,1.789741029022078322e+00,1.338546260023232987e-02,-1.513539721896105306e+00,9.004623075987000513e-02,0.000000000000000000e+00,0.000000000000000000e+00,0.000000000000000000e+00,0.000000000000000000e+00,0.000000000000000000e+00,0.000000000000000000e+00,0.000000000000000000e+00
5.120000000000000107e-01,4.364375904939266082e-02,5.841908144640848288e-01,-1.724718030269660821e-02,-2.310464815487766277e+00,-2.057663827615293858e-02,3.320636486626418193e+00,-1.654920717238305694e-01,1.989299746740520736e-02,-4.009552321457655610e-01,6.957037570148687233e-02,1.676088286209387546e+00,1.253545440705569440e-02,-1.417426408316067254e+00,8.432808442481275202e-02,2.103181489720777619e-02,-4.239087768635112496e-01,7.355308150419864743e-02,1.772039565414575080e+00,1.325307345831436973e-02,-1.498570031940291258e+00,8.915562700718054900e-02,0.000000000000000000e+00,0.000000000000000000e+00,0.000000000000000000e+00,0.000000000000000000e+00,0.000000000000000000e+00,0.000000000000000000e+00,0.000000000000000000e+00
5.130000000000000115e-01,4.366366252770798040e-02,5.837896479841964137e-01,-1.717757327306559598e-02,-2.308787844135721468e+00,-2.056409621730171181e-02,3.319218313431166578e+00,-1.654076992102125609e-01,1.991392408913504608e-02,-4.013770206915824312e-01,6.964356089835295471e-02,1.677851462704472940e+00,1.254864119366328953e-02,-1.418917483068643293e+00,8.441679412916229530e-02,2.082137035511735790e-02,-4.196671415661692439e-01,7.281710866342638866e-02,1.754308520484195277e+00,1.312046307785705995e-02,-1.483575325791369082e+00,8.826353494608107919e-02,0.000000000000000000e+00,0.000000000000000000e+00,0.000000000000000000e+00,0.000000000000000000e+00,0.000000000000000000e+00,0.000000000000000000e+00,0.000000000000000000e+00
5.140000000000000124e-01,4.368358682736470794e-02,5.833880618377499383e-01,-1.710789342642717384e-02,-2.307109118477595811e+00,-2.055154103800564680e-02,3.317798656662651613e+00,-1.653232384331823623e-01,1.993464009231667861e-02,-4.017945640949046604e-01,6.971600951383891132e-02,1.679596893493709553e+00,1.256169526024151703e-02,-1.420393550716694708e+00,8.450461100382422597e-02,2.061057841673660795e-02,-4.154185042893394630e-01,7.207992089813264336e-02,1.736548205613283713e+00,1.298763378768719862e-02,-1.468555866777687235e+00,8.736997024297565861e-02,0.000000000000000000e+00,0.000000000000000000e+00,0.000000000000000000e+00,0.000000000000000000e+00,0.000000000000000000e+00,0.000000000000000000e+00,0.000000000000000000e+00
5.150000000000000133e-01,4.370353173757120929e-02,5.829860602733765162e-01,-1.703814149996801808e-02,-2.305428656273677657e+00,-2.053897287109384545e-02,3.316377531340311435e+00,-1.652386902863032525e-01,1.995514513140166091e-02,-4.022078553909975707e-01,6.978772033948260622e-02,1.681324549462847262e+00,1.257461638904503604e-02,-1.421854586639020424e+00,8.459153358398975586e-02,2.039944277777085146e-02,-4.111629395221658712e-01,7.134153113304614324e-02,1.718758932184195842e+00,1.285458791663150746e-02,-1.453511918227594180e+00,8.647494856426879428e-02,0.000000000000000000e+00,0.000000000000000000e+00,0.000000000000000000e+00,0.000000000000000000e+00,0.000000000000000000e+00,0.000000000000000000e+00,0.000000000000000000e+00
5.160000000000000142e-01,4.372349704719215996e-02,5.825836475466347197e-01,-1.696831823207681222e-02,-2.303746475313214415e+00,-2.052639184961197946e-02,3.314954952508071706e+00,-1.651540556645957614e-01,1.997543886453726283e-02,-4.026168876896154547e-01,6.985869217974664813e-02,1.683034401809019753e+00,1.258740436465742227e-02,-1.423300566477748053e+00,8.467756042051641230e-02,2.018796713392526088e-02,-4.069005217537922103e-01,7.060195229289606411e-02,1.700941011579270246e+00,1.272132779351663884e-02,-1.438443743469438374e+00,8.557848557636438258e-02,0.000000000000000000e+00,0.000000000000000000e+00,0.000000000000000000e+00,0.000000000000000000e+00,0.000000000000000000e+00,0.000000000000000000e+00,0.000000000000000000e+00
5.170000000000000151e-01,4.374348254475221576e-02,5.821808279199359726e-01,-1.689842436233133030e-02,-2.302062593414100800e+00,-2.051379810681998317e-02,3.313530935234084929e+00,-1.650693354645214328e-01,1.999552095356645423e-02,-4.030216541750011872e-01,6.992892385201826544e-02,1.684726422040740301e+00,1.260005897399099975e-02,-1.424731466138332792e+00,8.476269007992820459e-02,1.997615518090505027e-02,-4.026313254733613345e-01,6.986119730241147074e-02,1.683094755180855273e+00,1.258785574716946715e-02,-1.423351605831570055e+00,8.468059694566709705e-02,0.000000000000000000e+00,0.000000000000000000e+00,0.000000000000000000e+00,0.000000000000000000e+00,0.000000000000000000e+00,0.000000000000000000e+00,0.000000000000000000e+00
5.180000000000000160e-01,4.376348801843972514e-02,5.817776056624702763e-01,-1.682846063148547150e-02,-2.300377028422567527e+00,-2.050119177618970126e-02,3.312105494610467549e+00,-1.649845305839676979e-01,2.001539106402791535e-02,-4.034221481058877790e-01,6.999841418660959769e-02,1.686400581977910651e+00,1.261258000628695877e-02,-1.426147261789560083e+00,8.484692114441561017e-02,1.976401061441541984e-02,-3.983554251700172077e-01,6.911927908632081730e-02,1.665220474371301052e+00,1.245417410641661005e-02,-1.408235768642338570e+00,8.378129833858116715e-02,0.000000000000000000e+00,0.000000000000000000e+00,0.000000000000000000e+00,0.000000000000000000e+00,0.000000000000000000e+00,0.000000000000000000e+00,0.000000000000000000e+00
5.190000000000000169e-01,4.378351325611044842e-02,5.813739850501319362e-01,-1.675842778145639894e-02,-2.298689798212870006e+00,-2.048857299140258853e-02,3.310678645753034388e+00,-1.648996419222318044e-01,2.003504886515603683e-02,-4.038183628154967120e-01,7.006716202675730698e-02,1.688056853751807473e+00,1.262496725311531079e-02,-1.427547929863543619e+00,8.493025221183539419e-02,1.955153713016162531e-02,-3.940728953329020179e-01,6.837621056935333508e-02,1.647318480532944385e+00,1.232028520008483091e-02,-1.393096495230087051e+00,8.288060542151082233e-02,0.000000000000000000e+00,0.000000000000000000e+00,0.000000000000000000e+00,0.000000000000000000e+00,0.000000000000000000e+00,0.000000000000000000e+00,0.000000000000000000e+00
5.200000000000000178e-01,4.380355804529118685e-02,5.809699703654446212e-01,-1.668832655531152925e-02,-2.297000920686974812e+00,-2.047594188634735413e-02,3.309250403801037521e+00,-1.648146703800053847e-01,2.005449402988089547e-02,-4.042102917115388827e-01,7.013516622862295269e-02,1.689695209805094578e+00,1.263722050837487627e-02,-1.428933447055722228e+00,8.501268189571078993e-02,1.933873842384882524e-02,-3.897838104511612833e-01,6.763200467623808887e-02,1.629389085048134511e+00,1.218619135700083761e-02,-1.377934048923165733e+00,8.197853386086045857e-02,0.000000000000000000e+00,0.000000000000000000e+00,0.000000000000000000e+00,0.000000000000000000e+00,0.000000000000000000e+00,0.000000000000000000e+00,0.000000000000000000e+00
5.210000000000000187e-01,4.382362217318357817e-02,5.805655658974868683e-01,-1.661815769725569214e-02,-2.295310413774251490e+00,-2.046329859511764396e-02,3.307820783916900265e+00,-1.647296168593586629e-01,2.007372623482828189e-02,-4.045979282762139917e-01,7.020242566129265838e-02,1.691315622891816250e+00,1.264933956829332809e-02,-1.430303790324867652e+00,8.509420882523140162e-02,1.912561819118227535e-02,-3.854882450139365258e-01,6.688667433170392140e-02,1.611432599299225998e+00,1.205189490599138658e-02,-1.362748693049926629e+00,8.107509932303447187e-02,0.000000000000000000e+00,0.000000000000000000e+00,0.000000000000000000e+00,0.000000000000000000e+00,0.000000000000000000e+00,0.000000000000000000e+00,0.000000000000000000e+00
5.220000000000000195e-01,4.384370542666765624e-02,5.801607759418179189e-01,-1.654792195261815466e-02,-2.293618295431161691e+00,-2.045064325200972311e-02,3.306389801285956942e+00,-1.646444822637249394e-01,2.009274516031970062e-02,-4.049812660662112096e-01,7.026893920677740324e-02,1.692918066077398809e+00,1.266132423142715679e-02,-1.431658936893076106e+00,8.517483164525321837e-02,1.891218012786727298e-02,-3.811862735103743738e-01,6.614023246047978644e-02,1.593449334668561868e+00,1.191739817588324812e-02,-1.347540690938717312e+00,8.017031747443742473e-02,0.000000000000000000e+00,0.000000000000000000e+00,0.000000000000000000e+00,0.000000000000000000e+00,0.000000000000000000e+00,0.000000000000000000e+00,0.000000000000000000e+00
5.230000000000000204e-01,4.386380759230568832e-02,5.797556048004031126e-01,-1.647762006783969752e-02,-2.291924583640942092e+00,-2.043797599152011660e-02,3.304957471116189094e+00,-1.645592674978846592e-01,2.011155049037236311e-02,-4.053602987127087331e-01,7.033470576001293884e-02,1.694502512738652600e+00,1.267317429866167064e-02,-1.432998864245774939e+00,8.525454901629878068e-02,1.869842792960887956e-02,-3.768779704296145727e-01,6.539269198729480426e-02,1.575439602538472705e+00,1.178270349550303298e-02,-1.332310305917881799e+00,7.926420398147288049e-02,0.000000000000000000e+00,0.000000000000000000e+00,0.000000000000000000e+00,0.000000000000000000e+00,0.000000000000000000e+00,0.000000000000000000e+00,0.000000000000000000e+00
5.240000000000000213e-01,4.388392845634579015e-02,5.793500567815392799e-01,-1.640725279045973303e-02,-2.290229296413299309e+00,-2.042529694834331958e-02,3.303523808637957249e+00,-1.644739734679500909e-01,2.013014191269918429e-02,-4.057350199213744513e-01,7.039972422885959480e-02,1.696068936563770002e+00,1.268488957321102159e-02,-1.434323550131718861e+00,8.533335961455687513e-02,1.848436529211236468e-02,-3.725634102608026410e-01,6.464406583687737351e-02,1.557403714291321073e+00,1.164781319367756696e-02,-1.317057801315771215e+00,7.835677451054545717e-02,0.000000000000000000e+00,0.000000000000000000e+00,0.000000000000000000e+00,0.000000000000000000e+00,0.000000000000000000e+00,0.000000000000000000e+00,0.000000000000000000e+00
5.250000000000000222e-01,4.390406780472561055e-02,5.789441361997804680e-01,-1.633682086910332940e-02,-2.288532451784096811e+00,-2.041260625736943460e-02,3.302088829103746015e+00,-1.643886010813493670e-01,2.014851911870874437e-02,-4.061054234723641132e-01,7.046399353410251476e-02,1.697617311552324093e+00,1.269646986061815502e-02,-1.435632972562988829e+00,8.541126213188271477e-02,1.826999591108301180e-02,-3.682426674930816546e-01,6.389436693395722511e-02,1.539341981309454432e+00,1.151272959923358569e-02,-1.301783440460742902e+00,7.744804472806005036e-02,0.000000000000000000e+00,0.000000000000000000e+00,0.000000000000000000e+00,0.000000000000000000e+00,0.000000000000000000e+00,0.000000000000000000e+00,0.000000000000000000e+00
5.260000000000000231e-01,4.392422542307609229e-02,5.785378473758630014e-01,-1.626632505346830432e-02,-2.286834067815040505e+00,-2.039990405368186793e-02,3.300652547787894520e+00,-1.643031512468109689e-01,2.016668180350539991e-02,-4.064715032203238820e-01,7.052751260945161471e-02,1.699147612015271314e+00,1.270791496875488605e-02,-1.436927109814997827e+00,8.548825527579795303e-02,1.805532348222589623e-02,-3.639158166155949115e-01,6.314360820326275769e-02,1.521254714975205147e+00,1.137745504099774152e-02,-1.286487486681129333e+00,7.653803030042027888e-02,0.000000000000000000e+00,0.000000000000000000e+00,0.000000000000000000e+00,0.000000000000000000e+00,0.000000000000000000e+00,0.000000000000000000e+00,0.000000000000000000e+00
5.270000000000000240e-01,4.394440109672511502e-02,5.781311946366317622e-01,-1.619576609431231523e-02,-2.285134162593370988e+00,-2.038719047255497380e-02,3.299214979986333063e+00,-1.642176248743480171e-01,2.018462966588915192e-02,-4.068332530943883918e-01,7.059028040154136097e-02,1.700659812574951024e+00,1.271922470782183359e-02,-1.438205940426485308e+00,8.556433776949062819e-02,1.784035170124637082e-02,-3.595829321174874860e-01,6.239180256952320258e-02,1.503142226670929560e+00,1.124199184779683253e-02,-1.271170203305289625e+00,7.562674689403109385e-02,0.000000000000000000e+00,0.000000000000000000e+00,0.000000000000000000e+00,0.000000000000000000e+00,0.000000000000000000e+00,0.000000000000000000e+00,0.000000000000000000e+00
5.280000000000000249e-01,4.396459461070119368e-02,5.777241823149652511e-01,-1.612514474343992865e-02,-2.283432754231550899e+00,-2.037446564945176106e-02,3.297776141016323770e+00,-1.641320228752426169e-01,2.020236240835574654e-02,-4.071906670981817467e-01,7.065229586993118649e-02,1.702153888165083950e+00,1.273039889034843428e-02,-1.439469443199519638e+00,8.563950835181521892e-02,1.762508426384962190e-02,-3.552440884878989014e-01,6.163896295746718046e-02,1.485004827778971581e+00,1.110634234845754575e-02,-1.255831853661566910e+00,7.471421017529594755e-02,0.000000000000000000e+00,0.000000000000000000e+00,0.000000000000000000e+00,0.000000000000000000e+00,0.000000000000000000e+00,0.000000000000000000e+00,0.000000000000000000e+00
5.290000000000000258e-01,4.398480574973720469e-02,5.773168147497004243e-01,-1.605446175368967221e-02,-2.281729860866952286e+00,-2.036172972002153053e-02,3.296336046216194138e+00,-1.640463461620301766e-01,2.021987973709660907e-02,-4.075437393098167438e-01,7.071355798710513008e-02,1.703629814030773959e+00,1.274143733119297191e-02,-1.440717597199495437e+00,8.571376577729256097e-02,1.740952486574080804e-02,-3.508993602159773406e-01,6.088510229182414468e-02,1.466842829681676896e+00,1.097050887180665846e-02,-1.240472701078314977e+00,7.380043581061979108e-02,0.000000000000000000e+00,0.000000000000000000e+00,0.000000000000000000e+00,0.000000000000000000e+00,0.000000000000000000e+00,0.000000000000000000e+00,0.000000000000000000e+00
5.300000000000000266e-01,4.400503429827406360e-02,5.769090962855595306e-01,-1.598371787892112830e-02,-2.280025500661547966e+00,-2.034898282009756434e-02,3.294894710945075467e+00,-1.639605956484837812e-01,2.023718136199888565e-02,-4.078924638818958170e-01,7.077406573847190574e-02,1.705087565728505838e+00,1.275233984754254798e-02,-1.441950381755138677e+00,8.578710881610994432e-02,1.719367720262519883e-02,-3.465488217908618829e-01,6.013023349732249390e-02,1.448656543761388527e+00,1.083449374667082993e-02,-1.225093008883877843e+00,7.288543946640707594e-02,0.000000000000000000e+00,0.000000000000000000e+00,0.000000000000000000e+00,0.000000000000000000e+00,0.000000000000000000e+00,0.000000000000000000e+00,0.000000000000000000e+00
5.310000000000000275e-01,4.402528004046440957e-02,5.765010312730749487e-01,-1.591291387400203122e-02,-2.278319691801598434e+00,-2.033622508569480139e-02,3.293452150582638183e+00,-1.638747722495984271e-01,2.025426699664544666e-02,-4.082368350415104263e-01,7.083381812236505537e-02,1.706527119126149961e+00,1.276310625891310252e-02,-1.443167776458502694e+00,8.585953625412101609e-02,1.697754497020800835e-02,-3.421925477017009332e-01,5.937436949869173697e-02,1.430446281400461039e+00,1.069829930187687211e-02,-1.209693040406606634e+00,7.196923680906164300e-02,0.000000000000000000e+00,0.000000000000000000e+00,0.000000000000000000e+00,0.000000000000000000e+00,0.000000000000000000e+00,0.000000000000000000e+00,0.000000000000000000e+00
5.320000000000000284e-01,4.404554276017631775e-02,5.760926240685143584e-01,-1.584205049479527755e-02,-2.276612452497339678e+00,-2.032345665300747811e-02,3.292008380528827161e+00,-1.637888768815754514e-01,2.027113635831477578e-02,-4.085768470902410021e-01,7.089281415004280995e-02,1.707948450402954732e+00,1.277373638714936893e-02,-1.444369761164967292e+00,8.593104689284583597e-02,1.676113186419435352e-02,-3.378306124376324604e-01,5.861752322066032805e-02,1.412212353981225910e+00,1.056192786625145125e-02,-1.194273058974848034e+00,7.105184350498788826e-02,0.000000000000000000e+00,0.000000000000000000e+00,0.000000000000000000e+00,0.000000000000000000e+00,0.000000000000000000e+00,0.000000000000000000e+00,0.000000000000000000e+00
5.330000000000000293e-01,4.406582224099700462e-02,5.756838790338068002e-01,-1.577112849814609613e-02,-2.274903800982672752e+00,-2.031067765840684561e-02,3.290563416203603708e+00,-1.637029104618069331e-01,2.028778916798119197e-02,-4.089124944041571119e-01,7.095105284568814508e-02,1.709351536049553699e+00,1.278423005642493303e-02,-1.445556315993243857e+00,8.600163954947087630e-02,1.654444158028958722e-02,-3.334630904878050917e-01,5.785970758795749846e-02,1.393955072886046587e+00,1.042538176862132376e-02,-1.178833327916955831e+00,7.013327522059048524e-02,0.000000000000000000e+00,0.000000000000000000e+00,0.000000000000000000e+00,0.000000000000000000e+00,0.000000000000000000e+00,0.000000000000000000e+00,0.000000000000000000e+00
5.340000000000000302e-01,4.408611826623646396e-02,5.752748005364682893e-01,-1.570014864186902032e-02,-2.273193755514853809e+00,-2.029788823843880693e-02,3.289117273046675560e+00,-1.636168739088597612e-01,2.030422515031462746e-02,-4.092437714338177379e-01,7.100853324640873931e-02,1.710736352867962218e+00,1.279458709324220698e-02,-1.446727421325368024e+00,8.607131305684906364e-02,1.632747781419890964e-02,-3.290900563413585722e-01,5.710093552531225747e-02,1.375674749497260763e+00,1.028866333781320447e-02,-1.163374110561272268e+00,6.921354762227338586e-02,0.000000000000000000e+00,0.000000000000000000e+00,0.000000000000000000e+00,0.000000000000000000e+00,0.000000000000000000e+00,0.000000000000000000e+00,0.000000000000000000e+00
5.350000000000000311e-01,4.410643061893126243e-02,5.748653929495264325e-01,-1.562911168473505447e-02,-2.271482334374178791e+00,-2.028508852982159605e-02,3.287669966517239306e+00,-1.635307681424603143e-01,2.032044403368076652e-02,-4.095706727042707218e-01,7.106525440223702972e-02,1.712102877971577453e+00,1.280480732643243802e-02,-1.447883057806709450e+00,8.614006626349958451e-02,1.611024426162743772e-02,-3.247115844874393087e-01,5.634121995745350331e-02,1.357371695197207906e+00,1.015177490265385674e-02,-1.147895670236145804e+00,6.829267637644131916e-02,0.000000000000000000e+00,0.000000000000000000e+00,0.000000000000000000e+00,0.000000000000000000e+00,0.000000000000000000e+00,0.000000000000000000e+00,0.000000000000000000e+00
5.360000000000000320e-01,4.412675908184814783e-02,5.744556606514470420e-01,-1.555801838645866873e-02,-2.269769555863677013e+00,-2.027227866944345674e-02,3.286221512093713049e+00,-1.634445940834784727e-01,2.033644555014096911e-02,-4.098931928150532089e-01,7.112121537613017019e-02,1.713451088785180820e+00,1.281489058715568757e-02,-1.449023206345961601e+00,8.620789803360824621e-02,1.589274461828041329e-02,-3.203277494151877125e-01,5.558057380910985668e-02,1.339046221368239920e+00,1.001471879196996762e-02,-1.132398270269925789e+00,6.737067714949773745e-02,0.000000000000000000e+00,0.000000000000000000e+00,0.000000000000000000e+00,0.000000000000000000e+00,0.000000000000000000e+00,0.000000000000000000e+00,0.000000000000000000e+00
5.370000000000000329e-01,4.414710343748778909e-02,5.740456080260590843e-01,-1.548686950768494996e-02,-2.268055438308796301e+00,-2.025945879436030078e-02,3.284771925273473947e+00,-1.633583526539121589e-01,2.035222943545231256e-02,-4.102113264401915371e-01,7.117641524397000374e-02,1.714780963044932216e+00,1.282483670890082091e-02,-1.450147848115145743e+00,8.627480724702701886e-02,1.567498257986316146e-02,-3.159386256137499682e-01,5.481901000501060439e-02,1.320698639392707818e+00,9.877497334588258848e-03,-1.116882173990964233e+00,6.644756560784786936e-02,0.000000000000000000e+00,0.000000000000000000e+00,0.000000000000000000e+00,0.000000000000000000e+00,0.000000000000000000e+00,0.000000000000000000e+00,0.000000000000000000e+00
5.380000000000000338e-01,4.416746346808845397e-02,5.736352394624798512e-01,-1.541566580997662597e-02,-2.266340000057092574e+00,-2.024662904179340070e-02,3.283321221572596205e+00,-1.632720447768716276e-01,2.036779542906755683e-02,-4.105250683282007929e-01,7.123085309456317349e-02,1.716092478798377785e+00,1.283464552748556260e-02,-1.451256964549614947e+00,8.634079279927446560e-02,1.545696184208078527e-02,-3.115442875722678195e-01,5.405654146988481124e-02,1.302329260652951959e+00,9.740112859335528506e-03,-1.101347644727607822e+00,6.552335741789611090e-02,0.000000000000000000e+00,0.000000000000000000e+00,0.000000000000000000e+00,0.000000000000000000e+00,0.000000000000000000e+00,0.000000000000000000e+00,0.000000000000000000e+00
5.390000000000000346e-01,4.418783895562969355e-02,5.732245593550414631e-01,-1.534440805580114531e-02,-2.264623259477918982e+00,-2.023378954912703059e-02,3.281869416525589944e+00,-1.631856713765637845e-01,2.038314327413524515e-02,-4.108344133020855882e-01,7.128452802964101165e-02,1.717385614404444150e+00,1.284431688105647056e-02,-1.452350537348048309e+00,8.640585360153553440e-02,1.523868610063854045e-02,-3.071448097798854526e-01,5.329318112846126443e-02,1.283938396531320691e+00,9.602567695038477513e-03,-1.085794945808205902e+00,6.459806824604585884e-02,0.000000000000000000e+00,0.000000000000000000e+00,0.000000000000000000e+00,0.000000000000000000e+00,0.000000000000000000e+00,0.000000000000000000e+00,0.000000000000000000e+00
5.400000000000000355e-01,4.420822968183611701e-02,5.728135721032154848e-01,-1.527309700851777613e-02,-2.262905234962113266e+00,-2.022094045390616240e-02,3.280416525685128093e+00,-1.630992333782764481e-01,2.039827271749953402e-02,-4.111393562593400053e-01,7.133743916385959505e-02,1.718660348533440851e+00,1.285385061008890301e-02,-1.453428548472454951e+00,8.646998858066143323e-02,1.502015905124165496e-02,-3.027402667257466096e-01,5.252894190546875119e-02,1.265526358410161478e+00,9.464864170523779041e-03,-1.070224340561103382e+00,6.367171375870239736e-02,0.000000000000000000e+00,0.000000000000000000e+00,0.000000000000000000e+00,0.000000000000000000e+00,0.000000000000000000e+00,0.000000000000000000e+00,0.000000000000000000e+00
5.410000000000000364e-01,4.422863542818093741e-02,5.724022821115385407e-01,-1.520173343236465649e-02,-2.261185944921687341e+00,-2.020808189383412057e-02,3.278962564621796805e+00,-1.630127317083628347e-01,2.041318350970030421e-02,-4.114398921719462088e-01,7.138958562479966186e-02,1.719916660167058353e+00,1.286324655738705670e-02,-1.454490980148171353e+00,8.653319667916986591e-02,1.480138438959528735e-02,-2.983307328989941443e-01,5.176383672563644733e-02,1.247093457671811123e+00,9.327004614618217282e-03,-1.054636092314652274e+00,6.274430962226934527e-02,0.000000000000000000e+00,0.000000000000000000e+00,0.000000000000000000e+00,0.000000000000000000e+00,0.000000000000000000e+00,0.000000000000000000e+00,0.000000000000000000e+00
5.420000000000000373e-01,4.424905597588982969e-02,5.719906937895384846e-01,-1.513031809244590187e-02,-2.259465407789516433e+00,-2.019521400677027831e-02,3.277507548923821901e+00,-1.629261672942257655e-01,2.042787540497319893e-02,-4.117360160863766660e-01,7.144096655296677811e-02,1.721154528598372702e+00,1.287250456808394609e-02,-1.455537814863860024e+00,8.659547685524501826e-02,1.458236581140470722e-02,-2.939162827887715768e-01,5.099787851369330660e-02,1.228640005698625970e+00,9.188991356148534795e-03,-1.039030464397198372e+00,6.181587150315120960e-02,0.000000000000000000e+00,0.000000000000000000e+00,0.000000000000000000e+00,0.000000000000000000e+00,0.000000000000000000e+00,0.000000000000000000e+00,0.000000000000000000e+00
5.430000000000000382e-01,4.426949110594450426e-02,5.715788115516589052e-01,-1.505885175471865026e-02,-2.257743642019026442e+00,-2.018233693072769147e-02,3.276051494196807745e+00,-1.628395410643020402e-01,2.044234816124950588e-02,-4.120277231235922599e-01,7.149158110179124059e-02,1.722373933431837978e+00,1.288162448964143975e-02,-1.456569035371517717e+00,8.665682808273741933e-02,1.436310701237510090e-02,-2.894969908842224271e-01,5.023108019436806071e-02,1.210166313872948152e+00,9.050826723941404750e-03,-1.023407720137090138e+00,6.088641506775244183e-02,0.000000000000000000e+00,0.000000000000000000e+00,0.000000000000000000e+00,0.000000000000000000e+00,0.000000000000000000e+00,0.000000000000000000e+00,0.000000000000000000e+00
5.440000000000000391e-01,4.428994059908648862e-02,5.711666398171859615e-01,-1.498733518598013154e-02,-2.256020666083883075e+00,-2.016945080387080522e-02,3.274594416063479230e+00,-1.627528539480468384e-01,2.045660154015624399e-02,-4.123150084790434544e-01,7.154142843762797965e-02,1.723574854583294069e+00,1.289060617185019270e-02,-1.457584624686463215e+00,8.671724935116395527e-02,1.414361168821169634e-02,-2.850729316744913255e-01,4.946345469238999648e-02,1.191672693577119801e+00,8.912513046823576646e-03,-1.007768122862679583e+00,5.995595598247716040e-02,0.000000000000000000e+00,0.000000000000000000e+00,0.000000000000000000e+00,0.000000000000000000e+00,0.000000000000000000e+00,0.000000000000000000e+00,0.000000000000000000e+00
5.450000000000000400e-01,4.431040423582076337e-02,5.707541830101724445e-01,-1.491576915385477153e-02,-2.254296498477681876e+00,-2.015655576451309480e-02,3.273136330163409546e+00,-1.626661068759178430e-01,2.047063530701611830e-02,-4.125978674226694620e-01,7.159050773975675352e-02,1.724757272279963560e+00,1.289944946682972972e-02,-1.458584566087347323e+00,8.677673966570791098e-02,1.392388353461969375e-02,-2.806441796487195717e-01,4.869501493248773460e-02,1.173159456193497263e+00,8.774052653621813858e-03,-9.921119359023125028e-01,5.902450991373014988e-02,0.000000000000000000e+00,0.000000000000000000e+00,0.000000000000000000e+00,0.000000000000000000e+00,0.000000000000000000e+00,0.000000000000000000e+00,0.000000000000000000e+00
5.460000000000000409e-01,4.433088179641948151e-02,5.703414455593640575e-01,-1.484415442678126140e-02,-2.252571157713632921e+00,-2.014365195111476187e-02,3.271677252152764837e+00,-1.625793007793599476e-01,2.048444923084756161e-02,-4.128762952988986878e-01,7.163881820038192627e-02,1.725921167060446626e+00,1.290815422902835338e-02,-1.459568843116148873e+00,8.683529804721902556e-02,1.370392624730439046e-02,-2.762108092960526839e-01,4.792577383939061741e-02,1.154626913104417341e+00,8.635447873162810373e-03,-9.764394225843417985e-01,5.809209252791519562e-02,0.000000000000000000e+00,0.000000000000000000e+00,0.000000000000000000e+00,0.000000000000000000e+00,0.000000000000000000e+00,0.000000000000000000e+00,0.000000000000000000e+00
5.470000000000000417e-01,4.435137306092564596e-02,5.699284318981249209e-01,-1.477249177399961484e-02,-2.250844662324252621e+00,-2.013073950228039949e-02,3.270217197704035517e+00,-1.624924365907891022e-01,2.049804308436473793e-02,-4.131502875266490626e-01,7.168635902463271758e-02,1.727066519774731468e+00,1.291672031522324293e-02,-1.460537439578173835e+00,8.689292353221350629e-02,1.348374352197090342e-02,-2.717728951056330722e-01,4.715574433782698804e-02,1.136075375692227496e+00,8.496701034273329567e-03,-9.607508462371079361e-01,5.715871949143669362e-02,0.000000000000000000e+00,0.000000000000000000e+00,0.000000000000000000e+00,0.000000000000000000e+00,0.000000000000000000e+00,0.000000000000000000e+00,0.000000000000000000e+00
5.480000000000000426e-01,4.437187780915687052e-02,5.695151464643631867e-01,-1.470078196553824962e-02,-2.249117030861055078e+00,-2.011781855675664338e-02,3.268756182505776930e+00,-1.624055152435771032e-01,2.051141664397741760e-02,-4.134198395993269326e-01,7.173312943056298074e-02,1.728193311584184544e+00,1.292514758452037449e-02,-1.461490339542056205e+00,8.694961517287380648e-02,1.326333905432440508e-02,-2.673305115666044784e-01,4.638493935252624434e-02,1.117505155339278744e+00,8.357814465780030733e-03,-9.450464701889638164e-01,5.622440647069926190e-02,0.000000000000000000e+00,0.000000000000000000e+00,0.000000000000000000e+00,0.000000000000000000e+00,0.000000000000000000e+00,0.000000000000000000e+00,0.000000000000000000e+00
5.490000000000000435e-01,4.439239582070896029e-02,5.691015937004560987e-01,-1.462902577220107775e-02,-2.247388281894232342e+00,-2.010488925342987163e-02,3.267294222262343339e+00,-1.623185376720356898e-01,2.052456968979116114e-02,-4.136849470848289467e-01,7.177912864915141078e-02,1.729301523961556564e+00,1.293343589835454187e-02,-1.462427527339760225e+00,8.700537203704894473e-02,1.304271654007031767e-02,-2.628837331681106448e-01,4.561337180821761761e-02,1.098916563427916770e+00,8.218790496509753574e-03,-9.293265577682614520e-01,5.528916913210724093e-02,0.000000000000000000e+00,0.000000000000000000e+00,0.000000000000000000e+00,0.000000000000000000e+00,0.000000000000000000e+00,0.000000000000000000e+00,0.000000000000000000e+00
5.500000000000000444e-01,4.441292687495974195e-02,5.686877780531759408e-01,-1.455722396555456447e-02,-2.245658434012351101e+00,-2.009195173132385936e-02,3.265831332693624578e+00,-1.622315048114008340e-01,2.053750200560724298e-02,-4.139456056255398364e-01,7.182435592430130855e-02,1.730391138690981157e+00,1.294158512048939821e-02,-1.463348987566577941e+00,8.706019320825417185e-02,1.282187967491367486e-02,-2.584326343992953134e-01,4.484105462962961752e-02,1.080309911340478379e+00,8.079631455289143505e-03,-9.135913723033421974e-01,5.435302314206469365e-02,0.000000000000000000e+00,0.000000000000000000e+00,0.000000000000000000e+00,0.000000000000000000e+00,0.000000000000000000e+00,0.000000000000000000e+00,0.000000000000000000e+00
5.510000000000000453e-01,4.443347075107263733e-02,5.682737039736152074e-01,-1.448537731791482014e-02,-2.243927505822037372e+00,-2.007900612959745076e-02,3.264367529534784040e+00,-1.621444175978172531e-01,2.055021337892258895e-02,-4.142018109383338587e-01,7.186881051284080280e-02,1.731462137867973539e+00,1.294959511701741436e-02,-1.464254705081128538e+00,8.711407778567141491e-02,1.260083215455971850e-02,-2.539772897493000059e-01,4.406800074149114232e-02,1.061685510459316362e+00,7.940339670944929207e-03,-8.978411771225580651e-01,5.341598416697573848e-02,0.000000000000000000e+00,0.000000000000000000e+00,0.000000000000000000e+00,0.000000000000000000e+00,0.000000000000000000e+00,0.000000000000000000e+00,0.000000000000000000e+00
5.520000000000000462e-01,4.445402722800043810e-02,5.678593759171123301e-01,-1.441348660233465057e-02,-2.242195515947667417e+00,-2.006605258754224491e-02,3.262902828535994892e+00,-1.620572769683226722e-01,2.056270360092988386e-02,-4.144535588145745186e-01,7.191249168452271134e-02,1.732514503899430292e+00,1.295746575635986150e-02,-1.465144665005360780e+00,8.716702488414862504e-02,1.237957767471377368e-02,-2.495177737072711288e-01,4.329422306853142333e-02,1.043043672166783509e+00,7.800917472303880995e-03,-8.820762355542628441e-01,5.247806787324504896e-02,0.000000000000000000e+00,0.000000000000000000e+00,0.000000000000000000e+00,0.000000000000000000e+00,0.000000000000000000e+00,0.000000000000000000e+00,0.000000000000000000e+00
5.530000000000000471e-01,4.447459608448897650e-02,5.674447983431771814e-01,-1.434155259259064369e-02,-2.240462483031051555e+00,-2.005309124458024006e-02,3.261437245462178058e+00,-1.619700838608319760e-01,2.057497246651743966e-02,-4.147008451201139589e-01,7.195539872202452725e-02,1.733548219503630472e+00,1.296519690926687014e-02,-1.466018852724550348e+00,8.721903363420049904e-02,1.215811993108088795e-02,-2.450541607623497598e-01,4.251973453547919224e-02,1.024384707845207743e+00,7.661367188192713673e-03,-8.662968109267952244e-01,5.153928992727685454e-02,0.000000000000000000e+00,0.000000000000000000e+00,0.000000000000000000e+00,0.000000000000000000e+00,0.000000000000000000e+00,0.000000000000000000e+00,0.000000000000000000e+00
5.540000000000000480e-01,4.449517709908082375e-02,5.670299757154163567e-01,-1.426957606317026846e-02,-2.238728425731129512e+00,-2.004012224026152297e-02,3.259970796092734435e+00,-1.618828392141218597e-01,2.058701977426935503e-02,-4.149436657952945695e-01,7.199753092094854368e-02,1.734563267710238499e+00,1.297278844881736767e-02,-1.466877253887303834e+00,8.727010318200791039e-02,1.193646261936634478e-02,-2.405865254036805290e-01,4.174454806706329180e-02,1.005708928876952513e+00,7.521691147438142044e-03,-8.505031665685072184e-01,5.059966599547544019e-02,0.000000000000000000e+00,0.000000000000000000e+00,0.000000000000000000e+00,0.000000000000000000e+00,0.000000000000000000e+00,0.000000000000000000e+00,0.000000000000000000e+00
5.550000000000000488e-01,4.451577005011895377e-02,5.666149125014592336e-01,-1.419755778925890950e-02,-2.236993362723653789e+00,-2.002714571426194440e-02,3.258503496221287765e+00,-1.617955439678149254e-01,2.059884532646538008e-02,-4.151820168549467116e-01,7.203888758982177065e-02,1.735559631860297269e+00,1.298024025041914081e-02,-1.467719854405552971e+00,8.732023268941829786e-02,1.171460943527545540e-02,-2.361149421204071785e-01,4.096867658801328638e-02,9.870166466443563991e-01,7.381891678866908668e-03,-8.346955658077517270e-01,4.965921174424547946e-02,0.000000000000000000e+00,0.000000000000000000e+00,0.000000000000000000e+00,0.000000000000000000e+00,0.000000000000000000e+00,0.000000000000000000e+00,0.000000000000000000e+00
5.560000000000000497e-01,4.453637471575051798e-02,5.661996131728828097e-01,-1.412549854672696947e-02,-2.235257312700880128e+00,-2.001416180638078066e-02,3.257035361655416406e+00,-1.617081990623641385e-01,2.061044892908099613e-02,-4.154158943883902166e-01,7.207946805009593505e-02,1.736537295606232822e+00,1.298755219180876622e-02,-1.468546640454561514e+00,8.736942133394534626e-02,1.149256407451333672e-02,-2.316394854016721183e-01,4.019213302305746360e-02,9.683081725297650877e-01,7.241971111305769981e-03,-8.188742719728718811e-01,4.871794283999059116e-02,0.000000000000000000e+00,0.000000000000000000e+00,0.000000000000000000e+00,0.000000000000000000e+00,0.000000000000000000e+00,0.000000000000000000e+00,0.000000000000000000e+00
5.570000000000000506e-01,4.455699087393044655e-02,5.657840822051374285e-01,-1.405339911211693840e-02,-2.233520294371257986e+00,-2.000117065653840565e-02,3.255566408216391761e+00,-1.616208054390370907e-01,2.062183039178740532e-02,-4.156452945594345527e-01,7.211927163614749448e-02,1.737496242911856337e+00,1.299472415305169028e-02,-1.469357598472917026e+00,8.741766830876938899e-02,1.127033023278523061e-02,-2.271602297366199785e-01,3.941493029692527683e-02,9.495838179155313696e-01,7.101931773581440788e-03,-8.030395483922188049e-01,4.777587494911544885e-02,0.000000000000000000e+00,0.000000000000000000e+00,0.000000000000000000e+00,0.000000000000000000e+00,0.000000000000000000e+00,0.000000000000000000e+00,0.000000000000000000e+00
5.580000000000000515e-01,4.457761830242520235e-02,5.653683240774727281e-01,-1.398126026263045787e-02,-2.231782326459114785e+00,-1.998817240477395243e-02,3.254096651738915824e+00,-1.615333640399004012e-01,2.063298952795147856e-02,-4.158702136063776589e-01,7.215829769527762338e-02,1.738436458052357469e+00,1.300175601654215279e-02,-1.470152715162539980e+00,8.746497282273690832e-02,1.104791160579629561e-02,-2.226772496143927249e-01,3.863708133434518022e-02,9.308438941839884961e-01,6.961775994520566502e-03,-7.871916583941391821e-01,4.683302373802444851e-02,0.000000000000000000e+00,0.000000000000000000e+00,0.000000000000000000e+00,0.000000000000000000e+00,0.000000000000000000e+00,0.000000000000000000e+00,0.000000000000000000e+00
5.590000000000000524e-01,4.459825677881647937e-02,5.649523432728625894e-01,-1.390908277611541989e-02,-2.230043427704349490e+00,-1.997516719124301995e-02,3.252626108070857391e+00,-1.614458758078039236e-01,2.064392615463581798e-02,-4.160906478420070553e-01,7.219654558771226860e-02,1.739357925614312128e+00,1.300864766700322514e-02,-1.470931977488675990e+00,8.751133410036079918e-02,1.082531188925185683e-02,-2.181906195241358759e-01,3.785859906004668263e-02,9.120887127174945874e-01,6.821506102950000705e-03,-7.713308653069850251e-01,4.588940487312204164e-02,0.000000000000000000e+00,0.000000000000000000e+00,0.000000000000000000e+00,0.000000000000000000e+00,0.000000000000000000e+00,0.000000000000000000e+00,0.000000000000000000e+00
5.600000000000000533e-01,4.461890608050485263e-02,5.645361442779308625e-01,-1.383686743105302756e-02,-2.228303616862116421e+00,-1.996215515621529990e-02,3.251154793072986493e+00,-1.613583416863652309e-01,2.065464009259870143e-02,-4.163065936535995659e-01,7.223401468660203828e-02,1.740260630495675365e+00,1.301539899148682761e-02,-1.471695372679899805e+00,8.755675138182061890e-02,1.060253477885697571e-02,-2.137004139549918413e-01,3.707949639875829373e-02,8.933185848983882238e-01,6.681124427696416568e-03,-7.554574324591056822e-01,4.494503402081240218e-02,0.000000000000000000e+00,0.000000000000000000e+00,0.000000000000000000e+00,0.000000000000000000e+00,0.000000000000000000e+00,0.000000000000000000e+00,0.000000000000000000e+00
5.610000000000000542e-01,4.463956598471354592e-02,5.641197315828768710e-01,-1.376461500654484887e-02,-2.226562912702518826e+00,-1.994913644007226955e-02,3.249682722618714603e+00,-1.612707626199538780e-01,2.066513116629414143e-02,-4.165180475029206519e-01,7.227070437802235459e-02,1.741144557905784929e+00,1.302200987937367563e-02,-1.472442888228116420e+00,8.760122392296212923e-02,1.037958397031699120e-02,-2.092067073961034751e-01,3.629978627520907830e-02,8.745338221090186437e-01,6.540633297586515016e-03,-7.395716231788407313e-01,4.399992684749942651e-02,0.000000000000000000e+00,0.000000000000000000e+00,0.000000000000000000e+00,0.000000000000000000e+00,0.000000000000000000e+00,0.000000000000000000e+00,0.000000000000000000e+00
5.620000000000000551e-01,4.466023626849203315e-02,5.637031096814012487e-01,-1.369232628229995197e-02,-2.224821334010292251e+00,-1.993611118330487417e-02,3.248209912593829074e+00,-1.611831395536757472e-01,2.067539920387186439e-02,-4.167250059262249673e-01,7.230661406097332877e-02,1.742009693365364154e+00,1.302848022237332315e-02,-1.473174511888556415e+00,8.764475099529744906e-02,1.015646315933714516e-02,-2.047095743366149634e-01,3.551948161412793459e-02,8.557347357317297565e-01,6.400035041447066364e-03,-7.236737007945466260e-01,4.305409901958784369e-02,0.000000000000000000e+00,0.000000000000000000e+00,0.000000000000000000e+00,0.000000000000000000e+00,0.000000000000000000e+00,0.000000000000000000e+00,0.000000000000000000e+00
5.630000000000000560e-01,4.468091670871982696e-02,5.632862830706303336e-01,-1.362000203862189646e-02,-2.223078899584497670e+00,-1.992307952651116779e-02,3.246736378896230235e+00,-1.610954734333573113e-01,2.068544403717724467e-02,-4.169274655342568581e-01,7.234174314737967793e-02,1.742856022706514185e+00,1.303480991452416089e-02,-1.473890231679780616e+00,8.768733188600522088e-02,9.933176041622568397e-03,-2.002090892656704924e-01,3.473859534024398288e-02,8.369216371488725770e-01,6.259331988104799294e-03,-7.077639286345700498e-01,4.210756620348243828e-02,0.000000000000000000e+00,0.000000000000000000e+00,0.000000000000000000e+00,0.000000000000000000e+00,0.000000000000000000e+00,0.000000000000000000e+00,0.000000000000000000e+00
5.640000000000000568e-01,4.470160708211010081e-02,5.628692562510435593e-01,-1.354764305639590341e-02,-2.221335628238207072e+00,-1.991004161039401296e-02,3.245262137435667604e+00,-1.610077652055302011e-01,2.069526550175142254e-02,-4.171254230122489193e-01,7.237609106209111354e-02,1.743683532072720643e+00,1.304099885219340768e-02,-1.474590035883677208e+00,8.772896589793044431e-02,9.709726312878544374e-03,-1.957053266724129159e-01,3.395714037828617693e-02,8.180948377427927909e-01,6.118526466386484119e-03,-6.918425700272594625e-01,4.116034406558671810e-02,0.000000000000000000e+00,0.000000000000000000e+00,0.000000000000000000e+00,0.000000000000000000e+00,0.000000000000000000e+00,0.000000000000000000e+00,0.000000000000000000e+00
5.650000000000000577e-01,4.472230716521345684e-02,5.624520337263967384e-01,-1.347525011707582931e-02,-2.219591538798195263e+00,-1.989699757575873196e-02,3.243787204133480095e+00,-1.609200158174150797e-01,2.070486343683123134e-02,-4.173188751199237712e-01,7.240965724288178640e-02,1.744492207918852289e+00,1.304704693407709309e-02,-1.475273913045462182e+00,8.776965234958462869e-02,9.486117668810203907e-03,-1.911983610459837557e-01,3.317512965298308192e-02,7.992546488958236495e-01,5.977620805118682989e-03,-6.759098883009597714e-01,4.021244827230485708e-02,0.000000000000000000e+00,0.000000000000000000e+00,0.000000000000000000e+00,0.000000000000000000e+00,0.000000000000000000e+00,0.000000000000000000e+00,0.000000000000000000e+00
5.660000000000000586e-01,4.474301673442153404e-02,5.620346200036497875e-01,-1.340282400267134646e-02,-2.217846650104624562e+00,-1.988394756351080303e-02,3.242311594922324680e+00,-1.608322262169065431e-01,2.071423768534918011e-02,-4.175078186914929490e-01,7.244244114045091110e-02,1.745282037011159471e+00,1.305295406120007481e-02,-1.475941851973681773e+00,8.780939057514547397e-02,9.262353805122830464e-03,-1.866882668755294183e-01,3.239257608906426222e-02,7.804013819903268256e-01,5.836617333128332752e-03,-6.599661467840256535e-01,3.926389449004236143e-02,0.000000000000000000e+00,0.000000000000000000e+00,0.000000000000000000e+00,0.000000000000000000e+00,0.000000000000000000e+00,0.000000000000000000e+00,0.000000000000000000e+00
5.670000000000000595e-01,4.476373556597080389e-02,5.616170195928904540e-01,-1.333036549573493948e-02,-2.216100981010735271e+00,-1.987089171465349774e-02,3.240835325745922813e+00,-1.607443973525570780e-01,2.072338809393351258e-02,-4.176922506356567921e-01,7.247444221842203049e-02,1.746053006427274346e+00,1.305872013691605077e-02,-1.476593841740209578e+00,8.784817992445716206e-02,9.038438417521624246e-03,-1.821751186501918696e-01,3.160949261125828302e-02,7.615353484086426761e-01,5.695518379242078821e-03,-6.440116088048064569e-01,3.831469838520235038e-02,0.000000000000000000e+00,0.000000000000000000e+00,0.000000000000000000e+00,0.000000000000000000e+00,0.000000000000000000e+00,0.000000000000000000e+00,0.000000000000000000e+00
5.680000000000000604e-01,4.478446343594616463e-02,5.611992370072607095e-01,-1.325787537934899549e-02,-2.214354550382535702e+00,-1.985783017028557029e-02,3.239358412558789535e+00,-1.606565301735614071e-01,2.073231451290814820e-02,-4.178721679356046659e-01,7.250565995334364022e-02,1.746805103556211769e+00,1.306434506690753138e-02,-1.477229871680246109e+00,8.788601976303042629e-02,8.814375201711785457e-03,-1.776589908591161837e-01,3.082589214429432012e-02,7.426568595331168865e-01,5.554326272286622124e-03,-6.280465376916435360e-01,3.736487562419005259e-02,0.000000000000000000e+00,0.000000000000000000e+00,0.000000000000000000e+00,0.000000000000000000e+00,0.000000000000000000e+00,0.000000000000000000e+00,0.000000000000000000e+00
5.690000000000000613e-01,4.480520012028471610e-02,5.607812767628822526e-01,-1.318535443711291860e-02,-2.212607377098488648e+00,-1.984476307159894343e-02,3.237880871325974130e+00,-1.605686256297410297e-01,2.074101679629275843e-02,-4.180475676490160164e-01,7.253609383468909155e-02,1.747538316098369959e+00,1.306982875918587077e-02,-1.477849931392324345e+00,8.792290947204228768e-02,8.590167853398528175e-03,-1.731399579914438824e-01,3.004178761290093869e-02,7.237662267460969190e-01,5.413043341088691340e-03,-6.120711967728897918e-01,3.641444187340875382e-02,0.000000000000000000e+00,0.000000000000000000e+00,0.000000000000000000e+00,0.000000000000000000e+00,0.000000000000000000e+00,0.000000000000000000e+00,0.000000000000000000e+00
5.700000000000000622e-01,4.482594539477941648e-02,5.603631433787816807e-01,-1.311280345313016113e-02,-2.210859480049200965e+00,-1.983169055987635265e-02,3.236402718022796776e+00,-1.604806846715284008e-01,2.074949480180269049e-02,-4.182184469080584832e-01,7.256574336485624444e-02,1.748252632065528722e+00,1.307517112409124077e-02,-1.478454010738299962e+00,8.795884844833616600e-02,8.365820068287052602e-03,-1.686180945363195960e-01,2.925719194180753657e-02,7.048637614299249066e-01,5.271671914475070664e-03,-5.960858493768892430e-01,3.546341279926351620e-02,0.000000000000000000e+00,0.000000000000000000e+00,0.000000000000000000e+00,0.000000000000000000e+00,0.000000000000000000e+00,0.000000000000000000e+00,0.000000000000000000e+00
5.710000000000000631e-01,4.484669903508278765e-02,5.599448413768161048e-01,-1.304022321199530335e-02,-2.209110878137111822e+00,-1.981861277648902173e-02,3.234923968634581204e+00,-1.603927082499512491e-01,2.075774839084897072e-02,-4.183848029193891205e-01,7.259460805916775894e-02,1.748948039780847896e+00,1.308037207429262570e-02,-1.479042099843361768e+00,8.799383610442185200e-02,8.141335542082683840e-03,-1.640934749828857342e-01,2.847211805574278998e-02,6.859497749669500877e-01,5.130214321272461020e-03,-5.800907588319965669e-01,3.451180406815895774e-02,0.000000000000000000e+00,0.000000000000000000e+00,0.000000000000000000e+00,0.000000000000000000e+00,0.000000000000000000e+00,0.000000000000000000e+00,0.000000000000000000e+00
5.720000000000000639e-01,4.486746081671062064e-02,5.595263752815993197e-01,-1.296761449878116104e-02,-2.207361590276181840e+00,-1.980552986289436240e-02,3.233444639156396683e+00,-1.603046973166170619e-01,2.076577742853837755e-02,-4.185466329641543415e-01,7.262268744587095648e-02,1.749624527878874458e+00,1.308543152478786227e-02,-1.479614189096023269e+00,8.802787186847563228e-02,7.916717970490524947e-03,-1.595661738202869273e-01,2.768657887943587470e-02,6.670245787395181480e-01,4.988672890307549457e-03,-5.640861884665593351e-01,3.355963134649841972e-02,0.000000000000000000e+00,0.000000000000000000e+00,0.000000000000000000e+00,0.000000000000000000e+00,0.000000000000000000e+00,0.000000000000000000e+00,0.000000000000000000e+00
5.730000000000000648e-01,4.488823051504563927e-02,5.591077496204257535e-01,-1.289497809902584100e-02,-2.205611635391581338e+00,-1.979244196063359787e-02,3.231964745592792454e+00,-1.602166528236971810e-01,2.077358178367338937e-02,-4.187039343979898631e-01,7.264998106613806961e-02,1.750282085305532531e+00,1.309034939290359967e-02,-1.480170269148129991e+00,8.806095518434008118e-02,7.691971049215762246e-03,-1.550362655376655852e-01,2.690058733761552245e-02,6.480884841299783261e-01,4.847049950407134045e-03,-5.480724016089251194e-01,3.260691030068718632e-02,0.000000000000000000e+00,0.000000000000000000e+00,0.000000000000000000e+00,0.000000000000000000e+00,0.000000000000000000e+00,0.000000000000000000e+00,0.000000000000000000e+00
5.740000000000000657e-01,4.490900790534124720e-02,5.586889689231976375e-01,-1.282231479871981383e-02,-2.203861032419378585e+00,-1.977934921132948332e-02,3.230484303957531722e+00,-1.601285757239114538e-01,2.078116132875215336e-02,-4.188567046510193737e-01,7.267648847406590895e-02,1.750920701318133821e+00,1.309512559829530132e-02,-1.480710330914853712e+00,8.809308551152437994e-02,7.467098473963665328e-03,-1.505038246241663380e-01,2.611415635501057597e-02,6.291418025206656495e-01,4.705347830397915709e-03,-5.320496615874397150e-01,3.165365659712876534e-02,0.000000000000000000e+00,0.000000000000000000e+00,0.000000000000000000e+00,0.000000000000000000e+00,0.000000000000000000e+00,0.000000000000000000e+00,0.000000000000000000e+00
5.750000000000000666e-01,4.492979276272515005e-02,5.582700377223499544e-01,-1.274962538429296952e-02,-2.202109800306230269e+00,-1.976625175668395018e-02,3.229003330273334083e+00,-1.600404669705121630e-01,2.078851593996855485e-02,-4.190049412278573082e-01,7.270220923667608526e-02,1.751540365485368733e+00,1.309976006294729864e-02,-1.481234365574693124e+00,8.812426232520396974e-02,7.242103940439531540e-03,-1.459689255689324838e-01,2.532729885635048861e-02,6.101848452939417911e-01,4.563568859106678643e-03,-5.160182317304542465e-01,3.069988590222794134e-02,0.000000000000000000e+00,0.000000000000000000e+00,0.000000000000000000e+00,0.000000000000000000e+00,0.000000000000000000e+00,0.000000000000000000e+00,0.000000000000000000e+00
5.760000000000000675e-01,4.495058486220314398e-02,5.578509605527752768e-01,-1.267691064260173181e-02,-2.200357958009066639e+00,-1.975314973847576080e-02,3.227521840571606848e+00,-1.599523275172687331e-01,2.079564549721216876e-02,-4.191486417076064064e-01,7.272714293391484286e-02,1.752141067687309928e+00,1.310425271117270432e-02,-1.481742364569479165e+00,8.815448511622053784e-02,7.016991144348450060e-03,-1.414316428611073206e-01,2.454002776636371452e-02,5.912179238321417785e-01,4.421715365359998873e-03,-4.999783753663145092e-01,2.974561388238899928e-02,0.000000000000000000e+00,0.000000000000000000e+00,0.000000000000000000e+00,0.000000000000000000e+00,0.000000000000000000e+00,0.000000000000000000e+00,0.000000000000000000e+00
5.769999999999999574e-01,4.497138397866273091e-02,5.574317419517500483e-01,-1.260417136091611379e-02,-2.198605524494783747e+00,-1.974004329855822554e-02,3.226039850892185257e+00,-1.598641583184519654e-01,2.080254988406828737e-02,-4.192878037438583783e-01,7.275128915865328172e-02,1.752722798115414982e+00,1.310860346961347650e-02,-1.482234319604367023e+00,8.818375339108250333e-02,6.791763781395745991e-03,-1.368920509898337023e-01,2.375235600977937400e-02,5.722413495176112974e-01,4.279789677984785490e-03,-4.839303558233751801e-01,2.879085620401611312e-02,0.000000000000000000e+00,0.000000000000000000e+00,0.000000000000000000e+00,0.000000000000000000e+00,0.000000000000000000e+00,0.000000000000000000e+00,0.000000000000000000e+00
5.779999999999999583e-01,4.499218988687687243e-02,5.570123864588600870e-01,-1.253140832690681147e-02,-2.196852518739929927e+00,-1.972693257885683310e-02,3.224557377283065129e+00,-1.597759603288181340e-01,2.080922898781790639e-02,-4.194224250646946817e-01,7.277464751668710763e-02,1.753285547272521727e+00,1.311281226724040315e-02,-1.482710222647841913e+00,8.821206667196451745e-02,6.566425547286536268e-03,-1.323502244442567033e-01,2.296429651132675387e-02,5.532554337327049154e-01,4.137794125807656154e-03,-4.678744364299785019e-01,2.783562853351395638e-02,0.000000000000000000e+00,0.000000000000000000e+00,0.000000000000000000e+00,0.000000000000000000e+00,0.000000000000000000e+00,0.000000000000000000e+00,0.000000000000000000e+00
5.789999999999999591e-01,4.501300236150762579e-02,5.565928986159258685e-01,-1.245862232863221598e-02,-2.195098959730394483e+00,-1.971381772136693994e-02,3.223074435800145743e+00,-1.596877345035935813e-01,2.081568269943772156e-02,-4.195525034726852454e-01,7.279721762673685426e-02,1.753829305972850916e+00,1.311687903535309688e-02,-1.483170065931719739e+00,8.823942449670758859e-02,6.340980137726090482e-03,-1.278062377135165129e-01,2.217586219573414175e-02,5.342604878597629892e-01,3.995731037655353424e-03,-4.518108805144738227e-01,2.687994653728598138e-02,0.000000000000000000e+00,0.000000000000000000e+00,0.000000000000000000e+00,0.000000000000000000e+00,0.000000000000000000e+00,0.000000000000000000e+00,0.000000000000000000e+00
5.799999999999999600e-01,4.503382117710988397e-02,5.561732829669275846e-01,-1.238581415452559564e-02,-2.193344866461097720e+00,-1.970069886815144916e-02,3.221591042506959379e+00,-1.595994817984590919e-01,2.082191091360012167e-02,-4.196780368448896903e-01,7.281899912044778600e-02,1.754354065342006219e+00,1.312080370757999319e-02,-1.483613841951139989e+00,8.826582641881937363e-02,6.115431248419553323e-03,-1.232601652867599817e-01,2.138706598773087997e-02,5.152568232811258753e-01,3.853602742354633737e-03,-4.357399514052104905e-01,2.592382588173747227e-02,0.000000000000000000e+00,0.000000000000000000e+00,0.000000000000000000e+00,0.000000000000000000e+00,0.000000000000000000e+00,0.000000000000000000e+00,0.000000000000000000e+00
5.809999999999999609e-01,4.505464610813508797e-02,5.557535440579316477e-01,-1.231298459338205087e-02,-2.191590257935678743e+00,-1.968757616133844784e-02,3.220107213474414642e+00,-1.595112031695339327e-01,2.082791352867320936e-02,-4.197990231328563304e-01,7.283999164238978696e-02,1.754859816816971785e+00,1.312458621987835916e-02,-1.484041543464573953e+00,8.829127200747347026e-02,5.889782575072277648e-03,-1.187120816531308520e-01,2.059792081204614433e-02,4.962447513791516940e-01,3.711411568732253530e-03,-4.196619124305431825e-01,2.496728223327249196e-02,0.000000000000000000e+00,0.000000000000000000e+00,0.000000000000000000e+00,0.000000000000000000e+00,0.000000000000000000e+00,0.000000000000000000e+00,0.000000000000000000e+00
5.819999999999999618e-01,4.507547692893484892e-02,5.553336864370153059e-01,-1.224013443434570844e-02,-2.189835153166182380e+00,-1.967444974311893108e-02,3.218622964780528228e+00,-1.594228995733605048e-01,2.083369044672082199e-02,-4.199154603626233384e-01,7.286019485005751362e-02,1.755346552146116679e+00,1.312822651053429171e-02,-1.484453163493821615e+00,8.831576084751037448e-02,5.664037813389338760e-03,-1.141620613017693131e-01,1.980843959340833349e-02,4.772245835361790256e-01,3.569159845614830462e-03,-4.035770269188088122e-01,2.401033125829477033e-02,0.000000000000000000e+00,0.000000000000000000e+00,0.000000000000000000e+00,0.000000000000000000e+00,0.000000000000000000e+00,0.000000000000000000e+00,0.000000000000000000e+00
5.829999999999999627e-01,4.509631341376473673e-02,5.549137146541930354e-01,-1.216726446689670067e-02,-2.188079571172751869e+00,-1.966131975574441845e-02,3.217138312510162912e+00,-1.593345719668884664e-01,2.083924157350243445e-02,-4.200273466347171358e-01,7.287960841387050581e-02,1.755814263389191110e+00,1.313172452016270371e-02,-1.484848695324009427e+00,8.833929253943671733e-02,5.438200659076047883e-03,-1.096101787218217716e-01,1.901863525654673426e-02,4.581966311345553322e-01,3.426849901829259748e-03,-3.874855581983656094e-01,2.305298862320959152e-02,0.000000000000000000e+00,0.000000000000000000e+00,0.000000000000000000e+00,0.000000000000000000e+00,0.000000000000000000e+00,0.000000000000000000e+00,0.000000000000000000e+00
5.839999999999999636e-01,4.511715533678787443e-02,5.544936332613409347e-01,-1.209437548083827987e-02,-2.186323530983312668e+00,-1.964818634152466076e-02,3.215653272754766867e+00,-1.592462213074591071e-01,2.084456681847332571e-02,-4.201346801241538920e-01,7.289823201717283985e-02,1.756262942917327097e+00,1.313508019170733961e-02,-1.485228132503591425e+00,8.836186669942552863e-02,5.212274807837549706e-03,-1.050565084024284168e-01,1.822852072619024488e-02,4.391612055566245232e-01,3.284484066202131292e-03,-3.713877695975540405e-01,2.209526999442035233e-02,0.000000000000000000e+00,0.000000000000000000e+00,0.000000000000000000e+00,0.000000000000000000e+00,0.000000000000000000e+00,0.000000000000000000e+00,0.000000000000000000e+00
5.849999999999999645e-01,4.513800247207874761e-02,5.540734468121232270e-01,-1.202146826628390855e-02,-2.184567051633264700e+00,-1.963504964282529811e-02,3.214167861612104993e+00,-1.591578485527898046e-01,2.084966609478438454e-02,-4.202374590804385801e-01,7.291606535623335050e-02,1.756692583413040021e+00,1.313829347044076501e-02,-1.485591468844353669e+00,8.838348295931640342e-02,4.986263955379099944e-03,-1.005011248327378759e-01,1.743810892706809668e-02,4.201186181847376133e-01,3.142064667560243163e-03,-3.552839244447287825e-01,2.113719103833222590e-02,0.000000000000000000e+00,0.000000000000000000e+00,0.000000000000000000e+00,0.000000000000000000e+00,0.000000000000000000e+00,0.000000000000000000e+00,0.000000000000000000e+00
5.859999999999999654e-01,4.515885459362679877e-02,5.536531598619173211e-01,-1.194854361364431489e-02,-2.182810152165169715e+00,-1.962190980206554233e-02,3.212682095186002229e+00,-1.590694546609582039e-01,2.085453931928225174e-02,-4.203356818275658657e-01,7.293310814024563105e-02,1.757103177870227517e+00,1.314136430396440486e-02,-1.485938698421407356e+00,8.840414096661527998e-02,4.760171797405871041e-03,-9.594410250188811773e-02,1.664741278390857726e-02,4.010691804012349593e-01,2.999594034730268532e-03,-3.391742860682356309e-01,2.017876742134872003e-02,0.000000000000000000e+00,0.000000000000000000e+00,0.000000000000000000e+00,0.000000000000000000e+00,0.000000000000000000e+00,0.000000000000000000e+00,0.000000000000000000e+00
5.869999999999999662e-01,4.517971147534018128e-02,5.532327769677392038e-01,-1.187560231361454652e-02,-2.181052851628439093e+00,-1.960876696171582473e-02,3.211195989586073551e+00,-1.589810405903865909e-01,2.085918641250926117e-02,-4.204293467640181636e-01,7.294936009132801935e-02,1.757494719594165700e+00,1.314429264220844801e-02,-1.486269815573191266e+00,8.842384038449430106e-02,4.534002029623201979e-03,-9.138551589902688121e-02,1.585644522144130653e-02,3.820132035884729049e-01,2.857074496539005470e-03,-3.230591177964257099e-01,1.922001480987478583e-02,0.000000000000000000e+00,0.000000000000000000e+00,0.000000000000000000e+00,0.000000000000000000e+00,0.000000000000000000e+00,0.000000000000000000e+00,0.000000000000000000e+00
5.879999999999999671e-01,4.520057289104943005e-02,5.528123026881692770e-01,-1.180264515716109713e-02,-2.179295169079023431e+00,-1.959562126429548884e-02,3.209709560927466399e+00,-1.588926072998262662e-01,2.086360729870346056e-02,-4.205184523627695237e-01,7.296482094452363953e-02,1.757867202201520707e+00,1.314707843743196172e-02,-1.486584814901476426e+00,8.844258089179232729e-02,4.307758347736168059e-03,-8.682543951329568799e-02,1.506521916439501618e-02,3.629509991287864779e-01,2.714508381813182658e-03,-3.069386829576483677e-01,1.826094887031437519e-02,0.000000000000000000e+00,0.000000000000000000e+00,0.000000000000000000e+00,0.000000000000000000e+00,0.000000000000000000e+00,0.000000000000000000e+00,0.000000000000000000e+00
5.889999999999999680e-01,4.522143861451118074e-02,5.523917415832778621e-01,-1.172967293550894463e-02,-2.177537123579102563e+00,-1.958247285237046248e-02,3.208222825330593331e+00,-1.588041557483418631e-01,2.086780190579861499e-02,-4.206029971712805793e-01,7.297949044780019379e-02,1.758220619620335823e+00,1.314972164422283790e-02,-1.486883691271360775e+00,8.846036218301438214e-02,4.081444447450038870e-03,-8.226394783383828013e-02,1.427374753749854897e-02,3.438828784045160347e-01,2.571898019379445510e-03,-2.908132448802422942e-01,1.730158526907166205e-02,0.000000000000000000e+00,0.000000000000000000e+00,0.000000000000000000e+00,0.000000000000000000e+00,0.000000000000000000e+00,0.000000000000000000e+00,0.000000000000000000e+00
5.899999999999999689e-01,4.524230841941183356e-02,5.519710982145503708e-01,-1.165668644012864304e-02,-2.175778734196769371e+00,-1.956932186855090544e-02,3.206735798920869573e+00,-1.587156868952956934e-01,2.087177016542413055e-02,-4.206829798115021557e-01,7.299336836205028156e-02,1.758554966090036364e+00,1.315222221949776359e-02,-1.487166439811267837e+00,8.847718396833198495e-02,3.855064024470000739e-03,-7.770111534979795564e-02,1.348204326548108067e-02,3.248091527980250248e-01,2.429245738064592097e-03,-2.746830668925692720e-01,1.634193967255159752e-02,0.000000000000000000e+00,0.000000000000000000e+00,0.000000000000000000e+00,0.000000000000000000e+00,0.000000000000000000e+00,0.000000000000000000e+00,0.000000000000000000e+00
5.909999999999999698e-01,4.526318207937127941e-02,5.515503771448130310e-01,-1.158368646272339361e-02,-2.174020020005724696e+00,-1.955616845548891272e-02,3.205248497828452781e+00,-1.586272017003320656e-01,2.087551201290521741e-02,-4.207583989798749369e-01,7.300645446109106651e-02,1.758870236161431011e+00,1.315458012250227474e-02,-1.487433055912952051e+00,8.849304597358317870e-02,3.628620774501351010e-03,-7.313701655031934479e-02,1.269011927307123200e-02,3.057301336916555812e-01,2.286553866695364978e-03,-2.585484123229679909e-01,1.538202774715802246e-02,0.000000000000000000e+00,0.000000000000000000e+00,0.000000000000000000e+00,0.000000000000000000e+00,0.000000000000000000e+00,0.000000000000000000e+00,0.000000000000000000e+00
5.919999999999999707e-01,4.528405936794655667e-02,5.511295829381585021e-01,-1.151067379521609341e-02,-2.172261000084962035e+00,-1.954301275587616224e-02,3.203760938187974805e+00,-1.585387011233615473e-01,2.087902738726269899e-02,-4.208292534473273561e-01,7.301874853166452628e-02,1.759166424696712694e+00,1.315679531481074582e-02,-1.487683535231495213e+00,8.850794794027218304e-02,3.402118393249248252e-03,-6.857172592454352511e-02,1.189798848499823425e-02,2.866461324677462841e-01,2.143824734098437323e-03,-2.424095444997931281e-01,1.442186515929544388e-02,0.000000000000000000e+00,0.000000000000000000e+00,0.000000000000000000e+00,0.000000000000000000e+00,0.000000000000000000e+00,0.000000000000000000e+00,0.000000000000000000e+00
5.929999999999999716e-01,4.530494005863561907e-02,5.507087201598710458e-01,-1.143764922973647055e-02,-2.170501693518455788e+00,-1.952985491244158336e-02,3.202273136138281018e+00,-1.584501861245454779e-01,2.088231623121318201e-02,-4.208955420592783714e-01,7.303025037343741088e-02,1.759443526869455932e+00,1.315886776032634646e-02,-1.487917873685309145e+00,8.852188962556972740e-02,3.175560576418851033e-03,-6.400531796161601505e-02,1.110566382599059709e-02,2.675574605086410429e-01,2.001060669100523937e-03,-2.262667267513851499e-01,1.346146757536770266e-02,0.000000000000000000e+00,0.000000000000000000e+00,0.000000000000000000e+00,0.000000000000000000e+00,0.000000000000000000e+00,0.000000000000000000e+00,0.000000000000000000e+00
5.939999999999999725e-01,4.532582392488095080e-02,5.502877933763524743e-01,-1.136461355860809812e-02,-2.168742119394852175e+00,-1.951669506794905321e-02,3.200785107822167852e+00,-1.583616576642800922e-01,2.088537849116890721e-02,-4.209572637356346902e-01,7.304095979900107616e-02,1.759701538164613055e+00,1.316079742528108477e-02,-1.488136067456131917e+00,8.853487080231300932e-02,2.948951019715484456e-03,-5.943786715068100079e-02,1.031315822077777389e-02,2.484644291966962015e-01,1.858264000528492277e-03,-2.101202224061040624e-01,1.250085066177997195e-02,0.000000000000000000e+00,0.000000000000000000e+00,0.000000000000000000e+00,0.000000000000000000e+00,0.000000000000000000e+00,0.000000000000000000e+00,0.000000000000000000e+00
5.949999999999999734e-01,4.534671074007328578e-02,5.498668071550476544e-01,-1.129156757433551379e-02,-2.166982296807157038e+00,-1.950353336519504432e-02,3.199296869386117681e+00,-1.582731167031810604e-01,2.088821411723790211e-02,-4.210144174707932674e-01,7.305087663387177521e-02,1.759940454378525976e+00,1.316258427823581434e-02,-1.488338112989032513e+00,8.854689125900555569e-02,2.722293418844279334e-03,-5.486944798087911579e-02,9.520484594088884922e-03,2.293673499142521166e-01,1.715437057208932248e-03,-1.939702947922938847e-01,1.154003008493575955e-02,0.000000000000000000e+00,0.000000000000000000e+00,0.000000000000000000e+00,0.000000000000000000e+00,0.000000000000000000e+00,0.000000000000000000e+00,0.000000000000000000e+00
5.959999999999999742e-01,4.536760027755535468e-02,5.494457660643691232e-01,-1.121851206959124936e-02,-2.165222244852423206e+00,-1.949036994700631062e-02,3.197808436980035918e+00,-1.581845642020675569e-01,2.089082306322379012e-02,-4.210670023336397505e-01,7.306000071649032535e-02,1.760160271618911976e+00,1.316422829008019948e-02,-1.488524006992403725e+00,8.855795079981729212e-02,2.495591469510560767e-03,-5.030013494135587848e-02,8.727655870652217818e-03,2.102665340436526975e-01,1.572582167968628042e-03,-1.778172072382968594e-01,1.057902151124012757e-02,0.000000000000000000e+00,0.000000000000000000e+00,0.000000000000000000e+00,0.000000000000000000e+00,0.000000000000000000e+00,0.000000000000000000e+00,0.000000000000000000e+00
5.969999999999999751e-01,4.538849231062550005e-02,5.490246746736241468e-01,-1.114544783720297291e-02,-2.163461982631440961e+00,-1.947720495623754197e-02,3.196319826756988558e+00,-1.580960011219469386e-01,2.089320528662600221e-02,-4.211150174675493130e-01,7.306833189822245500e-02,1.760360986304877473e+00,1.316572943403272918e-02,-1.488693746437971477e+00,8.856804924458459849e-02,2.268848867419404058e-03,-4.573000252125414278e-02,7.934684975197225931e-03,1.911622929672525117e-01,1.429701661634294463e-03,-1.616612230724676635e-01,9.617840607096472816e-03,0.000000000000000000e+00,0.000000000000000000e+00,0.000000000000000000e+00,0.000000000000000000e+00,0.000000000000000000e+00,0.000000000000000000e+00,0.000000000000000000e+00
5.979999999999999760e-01,4.540938661254143721e-02,5.486035375529386693e-01,-1.107237567014048366e-02,-2.161701529248424958e+00,-1.946403853576905360e-02,3.194831054872937059e+00,-1.580074284239987581e-01,2.089536074863960688e-02,-4.211584620903849885e-01,7.307587004335834580e-02,1.760542595166905366e+00,1.316708768564071007e-02,-1.488847328560787497e+00,8.857718642881011462e-02,2.042069308276134310e-03,-4.115912520971898303e-02,7.141584832452807508e-03,1.720549380673848106e-01,1.286797867032632436e-03,-1.455026056231538689e-01,8.656503038909857395e-03,0.000000000000000000e+00,0.000000000000000000e+00,0.000000000000000000e+00,0.000000000000000000e+00,0.000000000000000000e+00,0.000000000000000000e+00,0.000000000000000000e+00
5.989999999999999769e-01,4.543028295652391108e-02,5.481823592731838168e-01,-1.099929636150285585e-02,-2.159940903810704693e+00,-1.945087082850444418e-02,3.193342137486477661e+00,-1.579188470695592761e-01,2.089728941415543856e-02,-4.211973354945011683e-01,7.308261502911315988e-02,1.760705095246865914e+00,1.316830302278031335e-02,-1.488984750859233319e+00,8.858536220366315661e-02,1.815256487785910089e-03,-3.658757749589014452e-02,6.348368367147638747e-03,1.529447807264112669e-01,1.143873112990453911e-03,-1.293416182187012708e-01,7.695024473084566274e-03,0.000000000000000000e+00,0.000000000000000000e+00,0.000000000000000000e+00,0.000000000000000000e+00,0.000000000000000000e+00,0.000000000000000000e+00,0.000000000000000000e+00
5.999999999999999778e-01,4.545118111576040149e-02,5.477611444059011792e-01,-1.092621070450548217e-02,-2.158180125428411422e+00,-1.943770197736827132e-02,3.191853090758575373e+00,-1.578302580201057514e-01,2.089899125175996922e-02,-4.212316370467391047e-01,7.308856674562667910e-02,1.760848483898005190e+00,1.316937542565648628e-02,-1.489106011095016058e+00,8.859257643597918952e-02,1.588414101653973232e-03,-3.201543386891403387e-02,5.555048504010728916e-03,1.338321323266633556e-01,1.000929728334376545e-03,-1.131785241874627701e-01,6.733420576024551352e-03,0.000000000000000000e+00,0.000000000000000000e+00,0.000000000000000000e+00,0.000000000000000000e+00,0.000000000000000000e+00,0.000000000000000000e+00,0.000000000000000000e+00
6.009999999999999787e-01,4.547208086340884248e-02,5.473398975232278696e-01,-1.085311949246713786e-02,-2.156419213214166852e+00,-1.942453212530373396e-02,3.190363930852303298e+00,-1.577416622372408428e-01,2.090046623373542287e-02,-4.212613661884311300e-01,7.309372509596341605e-02,1.760972758784959957e+00,1.317030487680304583e-02,-1.489211107293174630e+00,8.859882900826028529e-02,1.361545845585482306e-03,-2.744276881793483724e-02,4.761638167771309327e-03,1.147173042504938678e-01,8.579700418912677984e-04,-9.701358685778771473e-02,5.771707014134208613e-03,0.000000000000000000e+00,0.000000000000000000e+00,0.000000000000000000e+00,0.000000000000000000e+00,0.000000000000000000e+00,0.000000000000000000e+00,0.000000000000000000e+00
6.019999999999999796e-01,4.549298197260127907e-02,5.469186231978232504e-01,-1.078002351879709698e-02,-2.154658186282773613e+00,-1.941136141527031664e-02,3.188874673932575732e+00,-1.576530606826767322e-01,2.090171433605973045e-02,-4.212865224353968263e-01,7.309808999611276670e-02,1.761077917883741906e+00,1.317109136108261629e-02,-1.489300037742075311e+00,8.860411981867466480e-02,1.134655415285762414e-03,-2.286965683209452038e-02,3.968150283158278224e-03,9.560060788025559475e-02,7.149963824877869634e-04,-8.084706955802012374e-02,4.809899453818267112e-03,0.000000000000000000e+00,0.000000000000000000e+00,0.000000000000000000e+00,0.000000000000000000e+00,0.000000000000000000e+00,0.000000000000000000e+00,0.000000000000000000e+00
6.029999999999999805e-01,4.551388421644759347e-02,5.464973260027927715e-01,-1.070692357698215490e-02,-2.152897063750903062e+00,-1.939818999024148574e-02,3.187385336165887928e+00,-1.575644543182196655e-01,2.090273553840647780e-02,-4.213071053779466335e-01,7.310166137498853856e-02,1.761163959481748753e+00,1.317173486568664308e-02,-1.489372800993410406e+00,8.860844878105725297e-02,9.077465064599721245e-04,-1.829617240053504901e-02,3.174597774900367320e-03,7.648235459828001126e-02,5.720110789506072102e-04,-6.467923561650756881e-02,3.848013561480345679e-03,0.000000000000000000e+00,0.000000000000000000e+00,0.000000000000000000e+00,0.000000000000000000e+00,0.000000000000000000e+00,0.000000000000000000e+00,0.000000000000000000e+00
6.039999999999999813e-01,4.553478736803918264e-02,5.460760105116148067e-01,-1.063382046057374450e-02,-2.151135864736781755e+00,-1.938501799320235461e-02,3.185895933720052753e+00,-1.574758441057542979e-01,2.090352982414504096e-02,-4.213231146808790739e-01,7.310443917442960293e-02,1.761230882177761803e+00,1.317223538013542056e-02,-1.489429395862203354e+00,8.861181582490906816e-02,6.808228148132422497e-04,-1.372239001240282974e-02,2.380993567726585880e-03,5.736285578692168485e-02,4.290164601064988537e-04,-4.851034836159939800e-02,2.886065003525617456e-03,0.000000000000000000e+00,0.000000000000000000e+00,0.000000000000000000e+00,0.000000000000000000e+00,0.000000000000000000e+00,0.000000000000000000e+00,0.000000000000000000e+00
6.049999999999999822e-01,4.555569120045266374e-02,5.456546812980653804e-01,-1.056071496317499171e-02,-2.149374608359881478e+00,-1.937184556714734163e-02,3.184406482763934676e+00,-1.573872310072277902e-01,2.090409718034041270e-02,-4.213345500834823065e-01,7.310642334919929819e-02,1.761278684881941059e+00,1.317259289627802782e-02,-1.489469821426805396e+00,8.861422089539788827e-02,4.538880360508701362e-04,-9.148384156840716486e-03,1.587350586366054195e-03,3.824242282851919583e-02,2.860148547822322085e-04,-3.234067112164851210e-02,1.924069446357479229e-03,0.000000000000000000e+00,0.000000000000000000e+00,0.000000000000000000e+00,0.000000000000000000e+00,0.000000000000000000e+00,0.000000000000000000e+00,0.000000000000000000e+00
6.059999999999999831e-01,4.557659548675355859e-02,5.452333429361441164e-01,-1.048760787842780914e-02,-2.147613313740610597e+00,-1.935867285507786306e-02,3.182916999467189534e+00,-1.572986159846344878e-01,2.090443759775334129e-02,-4.213414113995333499e-01,7.310761386698588771e-02,1.761307366815831443e+00,1.317280740829243277e-02,-1.489494077028895580e+00,8.861566395335757074e-02,2.269458658780421079e-04,-4.574229322990674973e-03,7.936817555474484642e-04,1.912136710543066442e-02,1.430085918045082005e-04,-1.617046722499715372e-02,9.620425563809931191e-04,0.000000000000000000e+00,0.000000000000000000e+00,0.000000000000000000e+00,0.000000000000000000e+00,0.000000000000000000e+00,0.000000000000000000e+00,0.000000000000000000e+00
6.069999999999999840e-01,4.559750000000001302e-02,5.448119999999998520e-01,-1.041449999999995504e-02,-2.145851999999999649e+00,-1.934549999999999464e-02,3.181427499999998521e+00,-1.572099999999999609e-01,2.090455107084025418e-02,-4.213436985172986371e-01,7.310801070840214355e-02,1.761316927512357466e+00,1.317287891268536897e-02,-1.489502162273480090e+00,8.861614497528849665e-02,8.326672684688674053e-17,1.776356839400250465e-15,2.220446049250313081e-16,-3.552713678800500929e-15,2.775557561562891351e-17,-5.329070518200751394e-15,2.220446049250313081e-16,0.000000000000000000e+00,0.000000000000000000e+00,0.000000000000000000e+00,0.000000000000000000e+00,0.000000000000000000e+00,0.000000000000000000e+00,0.000000000000000000e+00
6.079999999999999849e-01,4.561840451324648132e-02,5.443906570638555875e-01,-1.034139212157209227e-02,-2.144090686259387368e+00,-1.933232714492211235e-02,3.179938000532807951e+00,-1.571213840153653785e-01,2.090443759775333782e-02,-4.213414113995331278e-01,7.310761386698579056e-02,1.761307366815829889e+00,1.317280740829242756e-02,-1.489494077028894470e+00,8.861566395335750135e-02,-2.269458658779033300e-04,4.574229322994227687e-03,-7.936817555473929531e-04,-1.912136710543954621e-02,-1.430085918044110560e-04,1.617046722499182465e-02,-9.620425563808820968e-04,0.000000000000000000e+00,0.000000000000000000e+00,0.000000000000000000e+00,0.000000000000000000e+00,0.000000000000000000e+00,0.000000000000000000e+00,0.000000000000000000e+00
6.089999999999999858e-01,4.563930879954738312e-02,5.439693187019343235e-01,-1.026828503682491664e-02,-2.142329391640116487e+00,-1.931915443285264072e-02,3.178448517236062809e+00,-1.570327689927720760e-01,2.090409718034040229e-02,-4.213345500834820290e-01,7.310642334919928431e-02,1.761278684881939949e+00,1.317259289627802435e-02,-1.489469821426805396e+00,8.861422089539787439e-02,-4.538880360506480915e-04,9.148384156843381021e-03,-1.587350586365665617e-03,-3.824242282852097219e-02,-2.860148547821350640e-04,3.234067112163963031e-02,-1.924069446357257185e-03,0.000000000000000000e+00,0.000000000000000000e+00,0.000000000000000000e+00,0.000000000000000000e+00,0.000000000000000000e+00,0.000000000000000000e+00,0.000000000000000000e+00
6.099999999999999867e-01,4.566021263196085728e-02,5.435479894883850083e-01,-1.019517953942616732e-02,-2.140568135263217098e+00,-1.930598200679762774e-02,3.176959066279944732e+00,-1.569441558942455961e-01,2.090352982414504096e-02,-4.213231146808790184e-01,7.310443917442957518e-02,1.761230882177762247e+00,1.317223538013541362e-02,-1.489429395862202909e+00,8.861181582490913755e-02,-6.808228148130202051e-04,1.372239001240771472e-02,-2.380993567726308324e-03,-5.736285578692701392e-02,-4.290164601064294647e-04,4.851034836159229258e-02,-2.886065003525506434e-03,0.000000000000000000e+00,0.000000000000000000e+00,0.000000000000000000e+00,0.000000000000000000e+00,0.000000000000000000e+00,0.000000000000000000e+00,0.000000000000000000e+00
6.109999999999999876e-01,4.568111578355244645e-02,5.431266739972069324e-01,-1.012207642301775692e-02,-2.138806936249095347e+00,-1.929281000975849661e-02,3.175469663834109557e+00,-1.568555456817802285e-01,2.090273553840648127e-02,-4.213071053779465780e-01,7.310166137498855243e-02,1.761163959481749197e+00,1.317173486568664134e-02,-1.489372800993410406e+00,8.860844878105718359e-02,-9.077465064596390576e-04,1.829617240053815763e-02,-3.174597774900034253e-03,-7.648235459828178762e-02,-5.720110789505239435e-04,6.467923561649691067e-02,-3.848013561480234657e-03,0.000000000000000000e+00,0.000000000000000000e+00,0.000000000000000000e+00,0.000000000000000000e+00,0.000000000000000000e+00,0.000000000000000000e+00,0.000000000000000000e+00
6.119999999999999885e-01,4.570201802739875391e-02,5.427053768021764535e-01,-1.004897648120280963e-02,-2.137045813717224352e+00,-1.927963858472966571e-02,3.173980326067421753e+00,-1.567669393173231618e-01,2.090171433605973045e-02,-4.212865224353967153e-01,7.309808999611275282e-02,1.761077917883741906e+00,1.317109136108261802e-02,-1.489300037742074423e+00,8.860411981867470643e-02,-1.134655415285512614e-03,2.286965683209674083e-02,-3.968150283158000668e-03,-9.560060788025914746e-02,-7.149963824876481855e-04,8.084706955801124195e-02,-4.809899453818045068e-03,0.000000000000000000e+00,0.000000000000000000e+00,0.000000000000000000e+00,0.000000000000000000e+00,0.000000000000000000e+00,0.000000000000000000e+00,0.000000000000000000e+00
6.129999999999999893e-01,4.572291913659120438e-02,5.422841024767717233e-01,-9.975880507532767019e-03,-2.135284786785831113e+00,-1.926646787469624839e-02,3.172491069147694187e+00,-1.566783377627590790e-01,2.090046623373542287e-02,-4.212613661884308525e-01,7.309372509596344381e-02,1.760972758784958847e+00,1.317030487680304583e-02,-1.489211107293175296e+00,8.859882900826028529e-02,-1.361545845585288017e-03,2.744276881793794587e-02,-4.761638167771142793e-03,-1.147173042504974205e-01,-8.579700418911984094e-04,9.701358685777528024e-02,-5.771707014134319635e-03,0.000000000000000000e+00,0.000000000000000000e+00,0.000000000000000000e+00,0.000000000000000000e+00,0.000000000000000000e+00,0.000000000000000000e+00,0.000000000000000000e+00
6.139999999999999902e-01,4.574381888423964537e-02,5.418628555940985247e-01,-9.902789295494417512e-03,-2.133523874571587431e+00,-1.925329802263170756e-02,3.171001909241421668e+00,-1.565897419798941148e-01,2.089899125175997616e-02,-4.212316370467391047e-01,7.308856674562665134e-02,1.760848483898005856e+00,1.316937542565648801e-02,-1.489106011095016058e+00,8.859257643597917564e-02,-1.588414101653723431e-03,3.201543386891803067e-02,-5.555048504010562382e-03,-1.338321323266722374e-01,-1.000929728334362667e-03,1.131785241874556647e-01,-6.733420576024329307e-03,0.000000000000000000e+00,0.000000000000000000e+00,0.000000000000000000e+00,0.000000000000000000e+00,0.000000000000000000e+00,0.000000000000000000e+00,0.000000000000000000e+00
6.149999999999999911e-01,4.576471704347613578e-02,5.414416407268159981e-01,-9.829703638497052504e-03,-2.131763096189293272e+00,-1.924012917149553817e-02,3.169512862513519824e+00,-1.565011529304406179e-01,2.089728941415543856e-02,-4.211973354945011683e-01,7.308261502911314600e-02,1.760705095246865026e+00,1.316830302278031335e-02,-1.488984750859233097e+00,8.858536220366318437e-02,-1.815256487785660289e-03,3.658757749589280905e-02,-6.348368367147472213e-03,-1.529447807264130432e-01,-1.143873112990370644e-03,1.293416182186941654e-01,-7.695024473084455252e-03,0.000000000000000000e+00,0.000000000000000000e+00,0.000000000000000000e+00,0.000000000000000000e+00,0.000000000000000000e+00,0.000000000000000000e+00,0.000000000000000000e+00
6.159999999999999920e-01,4.578561338745860271e-02,5.410204624470611456e-01,-9.756624329859421227e-03,-2.130002470751573007e+00,-1.922696146423092528e-02,3.168023945127060426e+00,-1.564125715760011359e-01,2.089536074863960341e-02,-4.211584620903853216e-01,7.307587004335837355e-02,1.760542595166905588e+00,1.316708768564071180e-02,-1.488847328560788386e+00,8.857718642881014237e-02,-2.042069308275912265e-03,4.115912520972120348e-02,-7.141584832452640974e-03,-1.720549380673972450e-01,-1.286797867032563047e-03,1.455026056231467635e-01,-8.656503038909968417e-03,0.000000000000000000e+00,0.000000000000000000e+00,0.000000000000000000e+00,0.000000000000000000e+00,0.000000000000000000e+00,0.000000000000000000e+00,0.000000000000000000e+00
6.169999999999999929e-01,4.580650768937453293e-02,5.405993253263755571e-01,-9.683552162796935439e-03,-2.128242017368557448e+00,-1.921379504376243691e-02,3.166535173243008927e+00,-1.563239988780529832e-01,2.089320528662598486e-02,-4.211150174675490354e-01,7.306833189822239949e-02,1.760360986304876807e+00,1.316572943403272224e-02,-1.488693746437971477e+00,8.856804924458455686e-02,-2.268848867419182014e-03,4.573000252125680731e-02,-7.934684975197114909e-03,-1.911622929672578408e-01,-1.429701661634197318e-03,1.616612230724605581e-01,-9.617840607096361794e-03,0.000000000000000000e+00,0.000000000000000000e+00,0.000000000000000000e+00,0.000000000000000000e+00,0.000000000000000000e+00,0.000000000000000000e+00,0.000000000000000000e+00
6.179999999999999938e-01,4.582739972244468524e-02,5.401782339356304696e-01,-9.610487930408643381e-03,-2.126481755147575203e+00,-1.920063005299366826e-02,3.165046563019961123e+00,-1.562354357979323649e-01,2.089082306322378318e-02,-4.210670023336396395e-01,7.306000071649033922e-02,1.760160271618911754e+00,1.316422829008019602e-02,-1.488524006992404169e+00,8.855795079981723661e-02,-2.495591469510310967e-03,5.030013494135943120e-02,-8.727655870652051284e-03,-2.102665340436615793e-01,-1.572582167968558653e-03,1.778172072382844249e-01,-1.057902151123990553e-02,0.000000000000000000e+00,0.000000000000000000e+00,0.000000000000000000e+00,0.000000000000000000e+00,0.000000000000000000e+00,0.000000000000000000e+00,0.000000000000000000e+00
6.189999999999999947e-01,4.584828925992674720e-02,5.397571928449520495e-01,-9.537432425664387620e-03,-2.124721703192840927e+00,-1.918746663480493109e-02,3.163558130613879804e+00,-1.561468832968188614e-01,2.088821411723788823e-02,-4.210144174707932119e-01,7.305087663387177521e-02,1.759940454378525310e+00,1.316258427823581260e-02,-1.488338112989032513e+00,8.854689125900554181e-02,-2.722293418844057289e-03,5.486944798088089215e-02,-9.520484594088607366e-03,-2.293673499142556693e-01,-1.715437057208821225e-03,1.939702947922814502e-01,-1.154003008493553750e-02,0.000000000000000000e+00,0.000000000000000000e+00,0.000000000000000000e+00,0.000000000000000000e+00,0.000000000000000000e+00,0.000000000000000000e+00,0.000000000000000000e+00
6.199999999999999956e-01,4.586917607511909606e-02,5.393362066236472296e-01,-9.464386441391799826e-03,-2.122961880605145790e+00,-1.917430493205092915e-02,3.162069892177829633e+00,-1.560583423357197741e-01,2.088537849116892803e-02,-4.209572637356345237e-01,7.304095979900111779e-02,1.759701538164613277e+00,1.316079742528108824e-02,-1.488136067456133027e+00,8.853487080231300932e-02,-2.948951019715345678e-03,5.943786715068233306e-02,-1.031315822077771838e-02,-2.484644291967015306e-01,-1.858264000528409010e-03,2.101202224060969570e-01,-1.250085066177986093e-02,0.000000000000000000e+00,0.000000000000000000e+00,0.000000000000000000e+00,0.000000000000000000e+00,0.000000000000000000e+00,0.000000000000000000e+00,0.000000000000000000e+00
6.209999999999999964e-01,4.589005994136441391e-02,5.389152798401287692e-01,-9.391350770263432596e-03,-2.121202306481542177e+00,-1.916114508755839552e-02,3.160581863861716911e+00,-1.559698138754544439e-01,2.088231623121318895e-02,-4.208955420592782048e-01,7.303025037343739700e-02,1.759443526869455710e+00,1.315886776032633952e-02,-1.487917873685310255e+00,8.852188962556976903e-02,-3.175560576418684500e-03,6.400531796161956777e-02,-1.110566382599043056e-02,-2.675574605086463720e-01,-2.001060669100510059e-03,2.262667267513798208e-01,-1.346146757536792471e-02,0.000000000000000000e+00,0.000000000000000000e+00,0.000000000000000000e+00,0.000000000000000000e+00,0.000000000000000000e+00,0.000000000000000000e+00,0.000000000000000000e+00
6.219999999999999973e-01,4.591094063205347631e-02,5.384944170618413128e-01,-9.318326204783811476e-03,-2.119442999915036374e+00,-1.914798724412382358e-02,3.159094061812022680e+00,-1.558812988766383467e-01,2.087902738726271634e-02,-4.208292534473273006e-01,7.301874853166454016e-02,1.759166424696713360e+00,1.315679531481074756e-02,-1.487683535231496101e+00,8.850794794027215528e-02,-3.402118393249053963e-03,6.857172592454618965e-02,-1.189798848499801220e-02,-2.866461324677516131e-01,-2.143824734098354057e-03,2.424095444997842463e-01,-1.442186515929522184e-02,0.000000000000000000e+00,0.000000000000000000e+00,0.000000000000000000e+00,0.000000000000000000e+00,0.000000000000000000e+00,0.000000000000000000e+00,0.000000000000000000e+00
6.229999999999999982e-01,4.593181792062876745e-02,5.380736228551866729e-01,-9.245313537276513005e-03,-2.117683979994273269e+00,-1.913483154451106963e-02,3.157606502171544705e+00,-1.557927982996678562e-01,2.087551201290522435e-02,-4.207583989798747148e-01,7.300645446109106651e-02,1.758870236161432343e+00,1.315458012250228514e-02,-1.487433055912952051e+00,8.849304597358317870e-02,-3.628620774501156721e-03,7.313701655032245341e-02,-1.269011927307106546e-02,-3.057301336916555812e-01,-2.286553866695295589e-03,2.585484123229608855e-01,-1.538202774715802246e-02,0.000000000000000000e+00,0.000000000000000000e+00,0.000000000000000000e+00,0.000000000000000000e+00,0.000000000000000000e+00,0.000000000000000000e+00,0.000000000000000000e+00
6.239999999999999991e-01,4.595269158058820635e-02,5.376529017854494441e-01,-9.172313559871261845e-03,-2.115925265803229038e+00,-1.912167813144906997e-02,3.156119201079127023e+00,-1.557043131047042006e-01,2.087177016542413749e-02,-4.206829798115021002e-01,7.299336836205029544e-02,1.758554966090036809e+00,1.315222221949776879e-02,-1.487166439811267615e+00,8.847718396833204046e-02,-3.855064024469806450e-03,7.770111534980150836e-02,-1.348204326548063658e-02,-3.248091527980339066e-01,-2.429245738064522708e-03,2.746830668925568375e-01,-1.634193967255137547e-02,0.000000000000000000e+00,0.000000000000000000e+00,0.000000000000000000e+00,0.000000000000000000e+00,0.000000000000000000e+00,0.000000000000000000e+00,0.000000000000000000e+00
6.250000000000000000e-01,4.597356138548885918e-02,5.372322584167217308e-01,-9.099327064490961986e-03,-2.114166876420896291e+00,-1.910852714762951987e-02,3.154632174669404598e+00,-1.556158442516580587e-01,2.086780190579859764e-02,-4.206029971712804683e-01,7.297949044780017991e-02,1.758220619620335823e+00,1.314972164422283790e-02,-1.486883691271360997e+00,8.846036218301439602e-02,-4.081444447449789070e-03,8.226394783384094467e-02,-1.427374753749821590e-02,-3.438828784045249165e-01,-2.571898019379362244e-03,2.908132448802334125e-01,-1.730158526907166205e-02,0.000000000000000000e+00,0.000000000000000000e+00,0.000000000000000000e+00,0.000000000000000000e+00,0.000000000000000000e+00,0.000000000000000000e+00,0.000000000000000000e+00
6.260000000000000009e-01,4.599442710895060987e-02,5.368116973118303159e-01,-9.026354842838819892e-03,-2.112408830920974534e+00,-1.909537873570449351e-02,3.153145439072531531e+00,-1.555273927001736833e-01,2.086360729870346056e-02,-4.205184523627694126e-01,7.296482094452362566e-02,1.757867202201521817e+00,1.314707843743196693e-02,-1.486584814901477758e+00,8.844258089179232729e-02,-4.307758347735918258e-03,8.682543951329835252e-02,-1.506521916439484965e-02,-3.629509991287882542e-01,-2.714508381813099391e-03,3.069386829576394859e-01,-1.826094887031437519e-02,0.000000000000000000e+00,0.000000000000000000e+00,0.000000000000000000e+00,0.000000000000000000e+00,0.000000000000000000e+00,0.000000000000000000e+00,0.000000000000000000e+00
6.270000000000000018e-01,4.601528852465985864e-02,5.363912230322605001e-01,-8.953397686385356630e-03,-2.110651148371559760e+00,-1.908223303828415762e-02,3.151659010413924378e+00,-1.554389594096133309e-01,2.085918641250926811e-02,-4.204293467640184967e-01,7.294936009132803323e-02,1.757494719594166366e+00,1.314429264220845148e-02,-1.486269815573192155e+00,8.842384038449431494e-02,-4.534002029622979935e-03,9.138551589902998984e-02,-1.585644522144113999e-02,-3.820132035884711286e-01,-2.857074496538963837e-03,3.230591177964221572e-01,-1.922001480987445277e-02,0.000000000000000000e+00,0.000000000000000000e+00,0.000000000000000000e+00,0.000000000000000000e+00,0.000000000000000000e+00,0.000000000000000000e+00,0.000000000000000000e+00
6.280000000000000027e-01,4.603614540637324809e-02,5.359708401380823828e-01,-8.880456386355591730e-03,-2.108893847834828694e+00,-1.906909019793444349e-02,3.150172904813995700e+00,-1.553505453390416902e-01,2.085453931928226215e-02,-4.203356818275657547e-01,7.293310814024563105e-02,1.757103177870226407e+00,1.314136430396439792e-02,-1.485938698421407134e+00,8.840414096661527998e-02,-4.760171797405704508e-03,9.594410250189167044e-02,-1.664741278390846624e-02,-4.010691804012438411e-01,-2.999594034730213021e-03,3.391742860682320782e-01,-2.017876742134872003e-02,0.000000000000000000e+00,0.000000000000000000e+00,0.000000000000000000e+00,0.000000000000000000e+00,0.000000000000000000e+00,0.000000000000000000e+00,0.000000000000000000e+00
6.290000000000000036e-01,4.605699752792129231e-02,5.355505531878764769e-01,-8.807531733715992864e-03,-2.107136948366733709e+00,-1.905595035717468078e-02,3.148687138387892492e+00,-1.552621514472100617e-01,2.084966609478438801e-02,-4.202374590804386911e-01,7.291606535623333663e-02,1.756692583413040243e+00,1.313829347044077889e-02,-1.485591468844353669e+00,8.838348295931645893e-02,-4.986263955378877899e-03,1.005011248327405404e-01,-1.743810892706787463e-02,-4.201186181847429424e-01,-3.142064667560159896e-03,3.552839244447252298e-01,-2.113719103833211488e-02,0.000000000000000000e+00,0.000000000000000000e+00,0.000000000000000000e+00,0.000000000000000000e+00,0.000000000000000000e+00,0.000000000000000000e+00,0.000000000000000000e+00
6.300000000000000044e-01,4.607784466321217243e-02,5.351303667386588803e-01,-8.734624519161621539e-03,-2.105380469016685296e+00,-1.904281365847532159e-02,3.147201727245231062e+00,-1.551737786925407592e-01,2.084456681847333612e-02,-4.201346801241538920e-01,7.289823201717282597e-02,1.756262942917328207e+00,1.313508019170734134e-02,-1.485228132503591425e+00,8.836186669942559802e-02,-5.212274807837341539e-03,1.050565084024328577e-01,-1.822852072619018937e-02,-4.391612055566280759e-01,-3.284484066202048025e-03,3.713877695975504878e-01,-2.209526999442046336e-02,0.000000000000000000e+00,0.000000000000000000e+00,0.000000000000000000e+00,0.000000000000000000e+00,0.000000000000000000e+00,0.000000000000000000e+00,0.000000000000000000e+00
6.310000000000000053e-01,4.609868658623531706e-02,5.347102853458067795e-01,-8.661735533103202475e-03,-2.103624428827246540e+00,-1.902968024425556737e-02,3.145716687489834129e+00,-1.550854280331114277e-01,2.083924157350245526e-02,-4.200273466347170803e-01,7.287960841387053357e-02,1.755814263389191776e+00,1.313172452016270891e-02,-1.484848695324009205e+00,8.833929253943675897e-02,-5.438200659075798082e-03,1.096101787218239920e-01,-1.901863525654645670e-02,-4.581966311345571086e-01,-3.426849901829176481e-03,3.874855581983567276e-01,-2.305298862320948050e-02,0.000000000000000000e+00,0.000000000000000000e+00,0.000000000000000000e+00,0.000000000000000000e+00,0.000000000000000000e+00,0.000000000000000000e+00,0.000000000000000000e+00
6.320000000000000062e-01,4.611952307106519794e-02,5.342903135629842870e-01,-8.588865565654196441e-03,-2.101868846833815585e+00,-1.901655025688105127e-02,3.144232035219469257e+00,-1.549971004266393892e-01,2.083369044672081158e-02,-4.199154603626232829e-01,7.286019485005752749e-02,1.755346552146117123e+00,1.312822651053429518e-02,-1.484453163493822059e+00,8.831576084751033284e-02,-5.664037813389088960e-03,1.141620613017728658e-01,-1.980843959340794491e-02,-4.772245835361825783e-01,-3.569159845614802706e-03,4.035770269188017068e-01,-2.401033125829477033e-02,0.000000000000000000e+00,0.000000000000000000e+00,0.000000000000000000e+00,0.000000000000000000e+00,0.000000000000000000e+00,0.000000000000000000e+00,0.000000000000000000e+00
6.330000000000000071e-01,4.614035389186495889e-02,5.338704559420681672e-01,-8.516015406617850544e-03,-2.100113742064319222e+00,-1.900342383866153451e-02,3.142747786525582843e+00,-1.549087968304659335e-01,2.082791352867321283e-02,-4.197990231328561639e-01,7.283999164238978696e-02,1.754859816816971563e+00,1.312458621987835743e-02,-1.484041543464574175e+00,8.829127200747347026e-02,-5.889782575072000093e-03,1.187120816531317402e-01,-2.059792081204581127e-02,-4.962447513791516940e-01,-3.711411568732156385e-03,4.196619124305307480e-01,-2.496728223327215890e-02,0.000000000000000000e+00,0.000000000000000000e+00,0.000000000000000000e+00,0.000000000000000000e+00,0.000000000000000000e+00,0.000000000000000000e+00,0.000000000000000000e+00
6.340000000000000080e-01,4.616117882289015595e-02,5.334507170330722303e-01,-8.443185845474321383e-03,-2.098359133538900245e+00,-1.899030113184853666e-02,3.141263957493038106e+00,-1.548205182015408299e-01,2.082191091360013555e-02,-4.196780368448896903e-01,7.281899912044779988e-02,1.754354065342006219e+00,1.312080370757999839e-02,-1.483613841951139767e+00,8.826582641881935976e-02,-6.115431248419345156e-03,1.232601652867648667e-01,-2.138706598773076895e-02,-5.152568232811329807e-01,-3.853602742354605981e-03,4.357399514052051614e-01,-2.592382588173747227e-02,0.000000000000000000e+00,0.000000000000000000e+00,0.000000000000000000e+00,0.000000000000000000e+00,0.000000000000000000e+00,0.000000000000000000e+00,0.000000000000000000e+00
6.350000000000000089e-01,4.618199763849242107e-02,5.330311013840739465e-01,-8.370377671367690633e-03,-2.096605040269603926e+00,-1.897718227863304241e-02,3.139780564199852186e+00,-1.547322654964063127e-01,2.081568269943773891e-02,-4.195525034726853564e-01,7.279721762673689589e-02,1.753829305972851138e+00,1.311687903535310729e-02,-1.483170065931719961e+00,8.823942449670765797e-02,-6.340980137725910071e-03,1.278062377135205097e-01,-2.217586219573375317e-02,-5.342604878597683182e-01,-3.995731037655339546e-03,4.518108805144667173e-01,-2.687994653728598138e-02,0.000000000000000000e+00,0.000000000000000000e+00,0.000000000000000000e+00,0.000000000000000000e+00,0.000000000000000000e+00,0.000000000000000000e+00,0.000000000000000000e+00
6.360000000000000098e-01,4.620281011312316055e-02,5.326116135411396169e-01,-8.297591673093110756e-03,-2.094851481260068482e+00,-1.896406742114314925e-02,3.138297622716932356e+00,-1.546440396711817877e-01,2.080922898781792721e-02,-4.194224250646948482e-01,7.277464751668716314e-02,1.753285547272521061e+00,1.311281226724041182e-02,-1.482710222647843024e+00,8.821206667196457296e-02,-6.566425547286397491e-03,1.323502244442602560e-01,-2.296429651132636529e-02,-5.532554337327084681e-01,-4.137794125807586765e-03,4.678744364299713965e-01,-2.783562853351384536e-02,0.000000000000000000e+00,0.000000000000000000e+00,0.000000000000000000e+00,0.000000000000000000e+00,0.000000000000000000e+00,0.000000000000000000e+00,0.000000000000000000e+00
6.370000000000000107e-01,4.622361602133730901e-02,5.321922580482496556e-01,-8.224828639083787626e-03,-2.093098475505214218e+00,-1.895095670144175334e-02,3.136815149107812672e+00,-1.545558416815479286e-01,2.080254988406830471e-02,-4.192878037438585448e-01,7.275128915865330947e-02,1.752722798115414093e+00,1.310860346961346956e-02,-1.482234319604367023e+00,8.818375339108251720e-02,-6.791763781395537825e-03,1.368920509898368110e-01,-2.375235600977909645e-02,-5.722413495176184028e-01,-4.279789677984688345e-03,4.839303558233680747e-01,-2.879085620401578005e-02,0.000000000000000000e+00,0.000000000000000000e+00,0.000000000000000000e+00,0.000000000000000000e+00,0.000000000000000000e+00,0.000000000000000000e+00,0.000000000000000000e+00
6.380000000000000115e-01,4.624441513779689594e-02,5.317730394472246491e-01,-8.152089357398169603e-03,-2.091346041990931770e+00,-1.893785026152422155e-02,3.135333159428390193e+00,-1.544676724827311332e-01,2.079564549721218264e-02,-4.191486417076066839e-01,7.272714293391488449e-02,1.752141067687309928e+00,1.310425271117270432e-02,-1.481742364569479609e+00,8.815448511622055172e-02,-7.016991144348339038e-03,1.414316428611117615e-01,-2.454002776636343697e-02,-5.912179238321453312e-01,-4.421715365359957239e-03,4.999783753663109565e-01,-2.974561388238894377e-02,0.000000000000000000e+00,0.000000000000000000e+00,0.000000000000000000e+00,0.000000000000000000e+00,0.000000000000000000e+00,0.000000000000000000e+00,0.000000000000000000e+00
6.390000000000000124e-01,4.626520723727488987e-02,5.313539622776497495e-01,-8.079374615706924959e-03,-2.089594199693767695e+00,-1.892474824331603217e-02,3.133851669726663403e+00,-1.543795330294877033e-01,2.078851593996857219e-02,-4.190049412278574748e-01,7.270220923667609914e-02,1.751540365485367623e+00,1.309976006294729864e-02,-1.481234365574693790e+00,8.812426232520395586e-02,-7.242103940439365006e-03,1.459689255689369247e-01,-2.532729885635021105e-02,-6.101848452939417911e-01,-4.563568859106581499e-03,5.160182317304489175e-01,-3.069988590222794134e-02,0.000000000000000000e+00,0.000000000000000000e+00,0.000000000000000000e+00,0.000000000000000000e+00,0.000000000000000000e+00,0.000000000000000000e+00,0.000000000000000000e+00
6.400000000000000133e-01,4.628599209465879966e-02,5.309350310768019554e-01,-8.006685201280075437e-03,-2.087842967580618936e+00,-1.891165078867049557e-02,3.132370696042465319e+00,-1.542914242760884402e-01,2.078116132875216029e-02,-4.188567046510192071e-01,7.267648847406589507e-02,1.750920701318133155e+00,1.309512559829530132e-02,-1.480710330914853490e+00,8.809308551152437994e-02,-7.467098473963540428e-03,1.505038246241698907e-01,-2.611415635501057597e-02,-6.291418025206727549e-01,-4.705347830397860198e-03,5.320496615874343860e-01,-3.165365659712870983e-02,0.000000000000000000e+00,0.000000000000000000e+00,0.000000000000000000e+00,0.000000000000000000e+00,0.000000000000000000e+00,0.000000000000000000e+00,0.000000000000000000e+00
6.410000000000000142e-01,4.630676948495440065e-02,5.305162503795740614e-01,-7.934021900974051744e-03,-2.086092364608417071e+00,-1.889855803936638101e-02,3.130890254407205475e+00,-1.542033471763026853e-01,2.077358178367340324e-02,-4.187039343979896966e-01,7.264998106613811124e-02,1.750282085305533197e+00,1.309034939290359967e-02,-1.480170269148131990e+00,8.806095518434016445e-02,-7.691971049215595713e-03,1.550362655376695820e-01,-2.690058733761546694e-02,-6.480884841299818788e-01,-4.847049950407106289e-03,5.480724016089233430e-01,-3.260691030068707530e-02,0.000000000000000000e+00,0.000000000000000000e+00,0.000000000000000000e+00,0.000000000000000000e+00,0.000000000000000000e+00,0.000000000000000000e+00,0.000000000000000000e+00
6.420000000000000151e-01,4.632753918328942622e-02,5.300976247184003842e-01,-7.861385501218738636e-03,-2.084342409723816125e+00,-1.888547013710561995e-02,3.129410360843600802e+00,-1.541153026833828044e-01,2.076577742853838796e-02,-4.185466329641542860e-01,7.262268744587102587e-02,1.749624527878873792e+00,1.308543152478786400e-02,-1.479614189096025267e+00,8.802787186847568779e-02,-7.916717970490344536e-03,1.595661738202913682e-01,-2.768657887943581919e-02,-6.670245787395234771e-01,-4.988672890307535579e-03,5.640861884665611115e-01,-3.355963134649853075e-02,0.000000000000000000e+00,0.000000000000000000e+00,0.000000000000000000e+00,0.000000000000000000e+00,0.000000000000000000e+00,0.000000000000000000e+00,0.000000000000000000e+00
6.430000000000000160e-01,4.634830096491725226e-02,5.296791586231834881e-01,-7.788776788004594595e-03,-2.082593121862886587e+00,-1.887238722351095715e-02,3.127931031365416281e+00,-1.540272917500486172e-01,2.075774839084897419e-02,-4.183848029193891760e-01,7.259460805916773118e-02,1.748948039780849228e+00,1.308037207429263091e-02,-1.479042099843362212e+00,8.799383610442183812e-02,-8.141335542082517307e-03,1.640934749828888428e-01,-2.847211805574278998e-02,-6.859497749669607458e-01,-5.130214321272419387e-03,5.800907588319983432e-01,-3.451180406815901325e-02,0.000000000000000000e+00,0.000000000000000000e+00,0.000000000000000000e+00,0.000000000000000000e+00,0.000000000000000000e+00,0.000000000000000000e+00,0.000000000000000000e+00
6.440000000000000169e-01,4.636905460522063038e-02,5.292608566212179122e-01,-7.716196546869743753e-03,-2.080844519950797000e+00,-1.885930944012362970e-02,3.126452281977200709e+00,-1.539393153284714932e-01,2.074949480180268702e-02,-4.182184469080582057e-01,7.256574336485620280e-02,1.748252632065527390e+00,1.307517112409123383e-02,-1.478454010738299296e+00,8.795884844833613825e-02,-8.365820068286927702e-03,1.686180945363235928e-01,-2.925719194180742555e-02,-7.048637614299337883e-01,-5.271671914475001275e-03,5.960858493768910193e-01,-3.546341279926390477e-02,0.000000000000000000e+00,0.000000000000000000e+00,0.000000000000000000e+00,0.000000000000000000e+00,0.000000000000000000e+00,0.000000000000000000e+00,0.000000000000000000e+00
6.450000000000000178e-01,4.638979987971533075e-02,5.288427232371174513e-01,-7.643645562886968933e-03,-2.079096622901509317e+00,-1.884623692840103545e-02,3.124974128674022911e+00,-1.538513743702588643e-01,2.074101679629276190e-02,-4.180475676490156278e-01,7.253609383468911931e-02,1.747538316098370181e+00,1.306982875918587250e-02,-1.477849931392323457e+00,8.792290947204227380e-02,-8.590167853398306130e-03,1.731399579914469911e-01,-3.004178761290088318e-02,-7.237662267461040244e-01,-5.413043341088635829e-03,6.120711967728826863e-01,-3.641444187340880934e-02,0.000000000000000000e+00,0.000000000000000000e+00,0.000000000000000000e+00,0.000000000000000000e+00,0.000000000000000000e+00,0.000000000000000000e+00,0.000000000000000000e+00
6.460000000000000187e-01,4.641053656405388222e-02,5.284247629927389944e-01,-7.571124620650900722e-03,-2.077349449617462263e+00,-1.883316982971440859e-02,3.123496587441207950e+00,-1.537634698264384869e-01,2.073231451290814820e-02,-4.178721679356044438e-01,7.250565995334364022e-02,1.746805103556210881e+00,1.306434506690752617e-02,-1.477229871680246776e+00,8.788601976303048180e-02,-8.814375201711577290e-03,1.776589908591188482e-01,-3.082589214429420910e-02,-7.426568595331222156e-01,-5.554326272286552735e-03,6.280465376916399833e-01,-3.736487562418988606e-02,0.000000000000000000e+00,0.000000000000000000e+00,0.000000000000000000e+00,0.000000000000000000e+00,0.000000000000000000e+00,0.000000000000000000e+00,0.000000000000000000e+00
6.470000000000000195e-01,4.643126443402924991e-02,5.280069804071092499e-01,-7.498634504264965403e-03,-2.075603018989262694e+00,-1.882010828534648461e-02,3.122019674254074673e+00,-1.536756026474428438e-01,2.072338809393349524e-02,-4.176922506356564035e-01,7.247444221842198886e-02,1.746053006427273235e+00,1.305872013691604036e-02,-1.476593841740209356e+00,8.784817992445713430e-02,-9.038438417521360568e-03,1.821751186501949782e-01,-3.160949261125822751e-02,-7.615353484086480051e-01,-5.695518379241981677e-03,6.440116088048029042e-01,-3.831469838520218385e-02,0.000000000000000000e+00,0.000000000000000000e+00,0.000000000000000000e+00,0.000000000000000000e+00,0.000000000000000000e+00,0.000000000000000000e+00,0.000000000000000000e+00
6.480000000000000204e-01,4.645198326557850588e-02,5.275893799963498054e-01,-7.426175997328549744e-03,-2.073857349895373847e+00,-1.880705243648917585e-02,3.120543405077672805e+00,-1.535877737830933509e-01,2.071423768534918011e-02,-4.175078186914925604e-01,7.244244114045086946e-02,1.745282037011158582e+00,1.305295406120006094e-02,-1.475941851973680885e+00,8.780939057514543233e-02,-9.262353805122580663e-03,1.866882668755325270e-01,-3.239257608906409569e-02,-7.804013819903303784e-01,-5.836617333128249485e-03,6.599661467840238771e-01,-3.926389449004230592e-02,0.000000000000000000e+00,0.000000000000000000e+00,0.000000000000000000e+00,0.000000000000000000e+00,0.000000000000000000e+00,0.000000000000000000e+00,0.000000000000000000e+00
6.490000000000000213e-01,4.647269283478658308e-02,5.271719662736027434e-01,-7.353749882924068629e-03,-2.072112461201802258e+00,-1.879400242424124345e-02,3.119067795866517390e+00,-1.534999841825847866e-01,2.070486343683124522e-02,-4.173188751199234936e-01,7.240965724288181415e-02,1.744492207918852067e+00,1.304704693407708962e-02,-1.475273913045462182e+00,8.776965234958464257e-02,-9.486117668810079007e-03,1.911983610459886407e-01,-3.317512965298308192e-02,-7.992546488958360840e-01,-5.977620805118669112e-03,6.759098883009624359e-01,-4.021244827230530117e-02,0.000000000000000000e+00,0.000000000000000000e+00,0.000000000000000000e+00,0.000000000000000000e+00,0.000000000000000000e+00,0.000000000000000000e+00,0.000000000000000000e+00
6.500000000000000222e-01,4.649339291788993911e-02,5.267547437489562556e-01,-7.281356943603999737e-03,-2.070368371761790449e+00,-1.878095838960596939e-02,3.117592862564329437e+00,-1.534122347944696929e-01,2.069526550175142254e-02,-4.171254230122488638e-01,7.237609106209104415e-02,1.743683532072718645e+00,1.304099885219340768e-02,-1.474590035883677208e+00,8.772896589793047206e-02,-9.709726312878391719e-03,1.957053266724146923e-01,-3.395714037828589937e-02,-8.180948377427963436e-01,-6.118526466386400853e-03,6.918425700272550216e-01,-4.116034406558666259e-02,0.000000000000000000e+00,0.000000000000000000e+00,0.000000000000000000e+00,0.000000000000000000e+00,0.000000000000000000e+00,0.000000000000000000e+00,0.000000000000000000e+00
6.510000000000000231e-01,4.651408329128022684e-02,5.263377169293692592e-01,-7.208997961377999752e-03,-2.068625100415500295e+00,-1.876792047348881110e-02,3.116118621103767694e+00,-1.533245265666425272e-01,2.068544403717725855e-02,-4.169274655342563030e-01,7.234174314737965017e-02,1.742856022706514185e+00,1.303480991452416263e-02,-1.473890231679780616e+00,8.768733188600522088e-02,-9.933176041622443497e-03,2.002090892656736010e-01,-3.473859534024370532e-02,-8.369216371488832351e-01,-6.259331988104729905e-03,7.077639286345664971e-01,-4.210756620348221624e-02,0.000000000000000000e+00,0.000000000000000000e+00,0.000000000000000000e+00,0.000000000000000000e+00,0.000000000000000000e+00,0.000000000000000000e+00,0.000000000000000000e+00
6.520000000000000240e-01,4.653476373150800677e-02,5.259208903185984552e-01,-7.136673717699947711e-03,-2.066882665989706158e+00,-1.875488881669510818e-02,3.114645087406167967e+00,-1.532368604463241468e-01,2.067539920387187480e-02,-4.167250059262248563e-01,7.230661406097328714e-02,1.742009693365364598e+00,1.302848022237333356e-02,-1.473174511888556637e+00,8.764475099529750457e-02,-1.015646315933699251e-02,2.047095743366198484e-01,-3.551948161412776805e-02,-8.557347357317421910e-01,-6.400035041447024731e-03,7.236737007945421851e-01,-4.305409901958812124e-02,0.000000000000000000e+00,0.000000000000000000e+00,0.000000000000000000e+00,0.000000000000000000e+00,0.000000000000000000e+00,0.000000000000000000e+00,0.000000000000000000e+00
6.530000000000000249e-01,4.655543401528648706e-02,5.255042684171227219e-01,-7.064384993455040396e-03,-2.065141087297479139e+00,-1.874186355992770933e-02,3.113172277381282438e+00,-1.531492373800459883e-01,2.066513116629415184e-02,-4.165180475029203189e-01,7.227070437802241010e-02,1.741144557905785373e+00,1.302200987937367563e-02,-1.472442888228116420e+00,8.760122392296217086e-02,-1.037958397031685243e-02,2.092067073961070278e-01,-3.629978627520868972e-02,-8.745338221090257491e-01,-6.540633297586487260e-03,7.395716231788362904e-01,-4.399992684749931549e-02,0.000000000000000000e+00,0.000000000000000000e+00,0.000000000000000000e+00,0.000000000000000000e+00,0.000000000000000000e+00,0.000000000000000000e+00,0.000000000000000000e+00
6.540000000000000258e-01,4.657609391949518729e-02,5.250878557220688414e-01,-6.992132568946868645e-03,-2.063400383137881100e+00,-1.872884484378468245e-02,3.111700206927010548e+00,-1.530616583136346631e-01,2.065464009259871531e-02,-4.163065936535994549e-01,7.223401468660206604e-02,1.740260630495673144e+00,1.301539899148681720e-02,-1.471695372679899361e+00,8.755675138182066053e-02,-1.060253477885680917e-02,2.137004139549958381e-01,-3.707949639875807168e-02,-8.933185848983935529e-01,-6.681124427696361057e-03,7.554574324591012413e-01,-4.494503402081206911e-02,0.000000000000000000e+00,0.000000000000000000e+00,0.000000000000000000e+00,0.000000000000000000e+00,0.000000000000000000e+00,0.000000000000000000e+00,0.000000000000000000e+00
6.550000000000000266e-01,4.659674322118356748e-02,5.246716567271371146e-01,-6.919917223884471114e-03,-2.061660572295648919e+00,-1.871583280875695893e-02,3.110228891929140094e+00,-1.529741241921959427e-01,2.064392615463580757e-02,-4.160906478420069998e-01,7.219654558771226860e-02,1.739357925614312350e+00,1.300864766700323555e-02,-1.470931977488675102e+00,8.751133410036081306e-02,-1.082531188925159316e-02,2.181906195241394286e-01,-3.785859906004640507e-02,-9.120887127175034692e-01,-6.821506102949959072e-03,7.713308653069859133e-01,-4.588940487312198613e-02,0.000000000000000000e+00,0.000000000000000000e+00,0.000000000000000000e+00,0.000000000000000000e+00,0.000000000000000000e+00,0.000000000000000000e+00,0.000000000000000000e+00
6.560000000000000275e-01,4.661738169757484451e-02,5.242556759225269758e-01,-6.847739737369434865e-03,-2.059921673540882736e+00,-1.870282759522602645e-02,3.108758348261081217e+00,-1.528866359600994929e-01,2.063298952795149938e-02,-4.158702136063773258e-01,7.215829769527765114e-02,1.738436458052356137e+00,1.300175601654215279e-02,-1.470152715162539980e+00,8.746497282273686669e-02,-1.104791160579612908e-02,2.226772496143962776e-01,-3.863708133434518022e-02,-9.308438941839956016e-01,-6.961775994520566502e-03,7.871916583941374057e-01,-4.683302373802478158e-02,0.000000000000000000e+00,0.000000000000000000e+00,0.000000000000000000e+00,0.000000000000000000e+00,0.000000000000000000e+00,0.000000000000000000e+00,0.000000000000000000e+00
6.570000000000000284e-01,4.663800912606959337e-02,5.238399177948622754e-01,-6.775600887882961276e-03,-2.058183705628740423e+00,-1.868982934346157671e-02,3.107288591783606169e+00,-1.527991945609627755e-01,2.062183039178741920e-02,-4.156452945594343307e-01,7.211927163614752223e-02,1.737496242911856559e+00,1.299472415305170936e-02,-1.469357598472917914e+00,8.741766830876944450e-02,-1.127033023278503632e-02,2.271602297366239753e-01,-3.941493029692533234e-02,-9.495838179155402514e-01,-7.101931773581399154e-03,8.030395483922188049e-01,-4.777587494911550436e-02,0.000000000000000000e+00,0.000000000000000000e+00,0.000000000000000000e+00,0.000000000000000000e+00,0.000000000000000000e+00,0.000000000000000000e+00,0.000000000000000000e+00
6.580000000000000293e-01,4.665862528424952888e-02,5.234243868271170053e-01,-6.703501453272930205e-03,-2.056446687299117837e+00,-1.867683819361919823e-02,3.105819638344581080e+00,-1.527118009376357555e-01,2.061044892908101347e-02,-4.154158943883897726e-01,7.207946805009587954e-02,1.736537295606232156e+00,1.298755219180876622e-02,-1.468546640454561292e+00,8.736942133394537402e-02,-1.149256407451310080e-02,2.316394854016752269e-01,-4.019213302305746360e-02,-9.683081725297739695e-01,-7.241971111305686715e-03,8.188742719728683284e-01,-4.871794283999031361e-02,0.000000000000000000e+00,0.000000000000000000e+00,0.000000000000000000e+00,0.000000000000000000e+00,0.000000000000000000e+00,0.000000000000000000e+00,0.000000000000000000e+00
6.590000000000000302e-01,4.667922994988108615e-02,5.230090874985404703e-01,-6.631442210740988441e-03,-2.054710637276345064e+00,-1.866385428573803795e-02,3.104351503778710164e+00,-1.526244560321849963e-01,2.059884532646539049e-02,-4.151820168549466006e-01,7.203888758982178453e-02,1.735559631860295049e+00,1.298024025041914428e-02,-1.467719854405553637e+00,8.732023268941828398e-02,-1.171460943527527498e-02,2.361149421204111754e-01,-4.096867658801317535e-02,-9.870166466443670572e-01,-7.381891678866880913e-03,8.346955658077490625e-01,-4.965921174424525741e-02,0.000000000000000000e+00,0.000000000000000000e+00,0.000000000000000000e+00,0.000000000000000000e+00,0.000000000000000000e+00,0.000000000000000000e+00,0.000000000000000000e+00
6.600000000000000311e-01,4.669982290091921617e-02,5.225940242845833472e-01,-6.559423936829629487e-03,-2.052975574268868897e+00,-1.865087775973845938e-02,3.102884203907263050e+00,-1.525371607858780343e-01,2.058701977426935503e-02,-4.149436657952941809e-01,7.199753092094851592e-02,1.734563267710236723e+00,1.297278844881737114e-02,-1.466877253887303834e+00,8.727010318200795203e-02,-1.193646261936620601e-02,2.405865254036840817e-01,-4.174454806706329180e-02,-1.005708928876957842e+00,-7.521691147438100411e-03,8.505031665685045539e-01,-5.059966599547571775e-02,0.000000000000000000e+00,0.000000000000000000e+00,0.000000000000000000e+00,0.000000000000000000e+00,0.000000000000000000e+00,0.000000000000000000e+00,0.000000000000000000e+00
6.610000000000000320e-01,4.672040391551106342e-02,5.221792016568225225e-01,-6.487447407409250785e-03,-2.051241516968946410e+00,-1.863790875541974229e-02,3.101417754537819871e+00,-1.524499161391679181e-01,2.057497246651745007e-02,-4.147008451201140700e-01,7.195539872202452725e-02,1.733548219503630250e+00,1.296519690926686841e-02,-1.466018852724550570e+00,8.721903363420045741e-02,-1.215811993108070754e-02,2.450541607623542006e-01,-4.251973453547908122e-02,-1.024384707845220177e+00,-7.661367188192672040e-03,8.662968109267907835e-01,-5.153928992727674352e-02,0.000000000000000000e+00,0.000000000000000000e+00,0.000000000000000000e+00,0.000000000000000000e+00,0.000000000000000000e+00,0.000000000000000000e+00,0.000000000000000000e+00
6.620000000000000329e-01,4.674097277199960182e-02,5.217646240828872628e-01,-6.415513397665261255e-03,-2.049508484052330992e+00,-1.862494741245773744e-02,3.099952171464002593e+00,-1.523627230316772496e-01,2.056270360092989080e-02,-4.144535588145742411e-01,7.191249168452273910e-02,1.732514503899428071e+00,1.295746575635986844e-02,-1.465144665005361002e+00,8.716702488414862504e-02,-1.237957767471353776e-02,2.495177737072751256e-01,-4.329422306853114577e-02,-1.043043672166785285e+00,-7.800917472303839362e-03,8.820762355542566269e-01,-5.247806787324504896e-02,0.000000000000000000e+00,0.000000000000000000e+00,0.000000000000000000e+00,0.000000000000000000e+00,0.000000000000000000e+00,0.000000000000000000e+00,0.000000000000000000e+00
6.630000000000000338e-01,4.676152924892740259e-02,5.213502960263844965e-01,-6.343622682085079539e-03,-2.047776494177960593e+00,-1.861199387040252812e-02,3.098487470465213001e+00,-1.522755824021825855e-01,2.055021337892261671e-02,-4.142018109383333035e-01,7.186881051284084443e-02,1.731462137867972206e+00,1.294959511701741783e-02,-1.464254705081128538e+00,8.711407778567140103e-02,-1.260083215455956585e-02,2.539772897493044468e-01,-4.406800074149108681e-02,-1.061685510459323467e+00,-7.940339670944915329e-03,8.978411771225580651e-01,-5.341598416697579399e-02,0.000000000000000000e+00,0.000000000000000000e+00,0.000000000000000000e+00,0.000000000000000000e+00,0.000000000000000000e+00,0.000000000000000000e+00,0.000000000000000000e+00
6.640000000000000346e-01,4.678207312504030491e-02,5.209362219468237631e-01,-6.271776034445340417e-03,-2.046045565987647308e+00,-1.859904826867612299e-02,3.097023667306372463e+00,-1.521884951885990600e-01,2.053750200560726380e-02,-4.139456056255396144e-01,7.182435592430136406e-02,1.730391138690980046e+00,1.294158512048941903e-02,-1.463348987566577719e+00,8.706019320825419960e-02,-1.282187967491352221e-02,2.584326343992984221e-01,-4.484105462962939548e-02,-1.080309911340487261e+00,-8.079631455289115749e-03,9.135913723033368683e-01,-5.435302314206469365e-02,0.000000000000000000e+00,0.000000000000000000e+00,0.000000000000000000e+00,0.000000000000000000e+00,0.000000000000000000e+00,0.000000000000000000e+00,0.000000000000000000e+00
6.650000000000000355e-01,4.680260417929108657e-02,5.205224062995436052e-01,-6.199974227798814991e-03,-2.044315718105765622e+00,-1.858611074657011072e-02,3.095560777737654146e+00,-1.521014623279642042e-01,2.052456968979118890e-02,-4.136849470848288357e-01,7.177912864915143853e-02,1.729301523961556786e+00,1.293343589835454013e-02,-1.462427527339761113e+00,8.700537203704894473e-02,-1.304271654007013725e-02,2.628837331681150857e-01,-4.561337180821756210e-02,-1.098916563427923876e+00,-8.218790496509698063e-03,9.293265577682596756e-01,-5.528916913210724093e-02,0.000000000000000000e+00,0.000000000000000000e+00,0.000000000000000000e+00,0.000000000000000000e+00,0.000000000000000000e+00,0.000000000000000000e+00,0.000000000000000000e+00
6.660000000000000364e-01,4.682312219084318328e-02,5.201088535356365172e-01,-6.128218034461639652e-03,-2.042586969138942887e+00,-1.857318144324333550e-02,3.094098817494220555e+00,-1.520144847564227630e-01,2.051141664397741413e-02,-4.134198395993265995e-01,7.173312943056293911e-02,1.728193311584182990e+00,1.292514758452035714e-02,-1.461490339542055317e+00,8.694961517287380648e-02,-1.326333905432433569e-02,2.673305115666089193e-01,-4.638493935252618883e-02,-1.117505155339285849e+00,-8.357814465779989099e-03,9.450464701889611518e-01,-5.622440647069959496e-02,0.000000000000000000e+00,0.000000000000000000e+00,0.000000000000000000e+00,0.000000000000000000e+00,0.000000000000000000e+00,0.000000000000000000e+00,0.000000000000000000e+00
6.670000000000000373e-01,4.684362693907439396e-02,5.196955681018748940e-01,-6.056508226000293510e-03,-2.040859337675745344e+00,-1.856026049771958633e-02,3.092637802295961968e+00,-1.519275634092108196e-01,2.049804308436473793e-02,-4.131502875266486186e-01,7.168635902463268983e-02,1.727066519774730136e+00,1.291672031522324640e-02,-1.460537439578174279e+00,8.689292353221353404e-02,-1.348374352197073689e-02,2.717728951056366249e-01,-4.715574433782676600e-02,-1.136075375692236378e+00,-8.496701034273301811e-03,9.607508462371008306e-01,-5.715871949143680464e-02,0.000000000000000000e+00,0.000000000000000000e+00,0.000000000000000000e+00,0.000000000000000000e+00,0.000000000000000000e+00,0.000000000000000000e+00,0.000000000000000000e+00
6.680000000000000382e-01,4.686411820358057229e-02,5.192825544406356464e-01,-5.984845573218634807e-03,-2.039132842286365488e+00,-1.854734804888521701e-02,3.091177747847232649e+00,-1.518406992206399742e-01,2.048444923084758243e-02,-4.128762952988985768e-01,7.163881820038189852e-02,1.725921167060446404e+00,1.290815422902836032e-02,-1.459568843116149761e+00,8.683529804721903944e-02,-1.370392624730426556e-02,2.762108092960562367e-01,-4.792577383939022884e-02,-1.154626913104426222e+00,-8.635447873162782617e-03,9.764394225843382458e-01,-5.809209252791536215e-02,0.000000000000000000e+00,0.000000000000000000e+00,0.000000000000000000e+00,0.000000000000000000e+00,0.000000000000000000e+00,0.000000000000000000e+00,0.000000000000000000e+00
6.690000000000000391e-01,4.688459576417927654e-02,5.188698169898273704e-01,-5.913230846145124675e-03,-2.037407501522316533e+00,-1.853444423548688755e-02,3.089718669836587495e+00,-1.517538931240820232e-01,2.047063530701612871e-02,-4.125978674226690179e-01,7.159050773975671189e-02,1.724757272279963338e+00,1.289944946682972104e-02,-1.458584566087348211e+00,8.677673966570786934e-02,-1.392388353461951334e-02,2.806441796487240126e-01,-4.869501493248762358e-02,-1.173159456193502592e+00,-8.774052653621758346e-03,9.921119359023080619e-01,-5.902450991372998335e-02,0.000000000000000000e+00,0.000000000000000000e+00,0.000000000000000000e+00,0.000000000000000000e+00,0.000000000000000000e+00,0.000000000000000000e+00,0.000000000000000000e+00
6.700000000000000400e-01,4.690505940091354437e-02,5.184573601828136313e-01,-5.841664814019768143e-03,-2.035683333916114446e+00,-1.852154919612917713e-02,3.088260583936518255e+00,-1.516671460519530834e-01,2.045660154015625440e-02,-4.123150084790436765e-01,7.154142843762800741e-02,1.723574854583294957e+00,1.289060617185020657e-02,-1.457584624686463659e+00,8.671724935116398303e-02,-1.414361168821151593e-02,2.850729316744953223e-01,-4.946345469238999648e-02,-1.191672693577128683e+00,-8.912513046823541951e-03,1.007768122862680471e+00,-5.995595598247738245e-02,0.000000000000000000e+00,0.000000000000000000e+00,0.000000000000000000e+00,0.000000000000000000e+00,0.000000000000000000e+00,0.000000000000000000e+00,0.000000000000000000e+00
6.710000000000000409e-01,4.692550889405554260e-02,5.180451884483405767e-01,-5.770148245281244218e-03,-2.033960357980971523e+00,-1.850866306927228741e-02,3.086803505803188852e+00,-1.515804589356978260e-01,2.044234816124951976e-02,-4.120277231235917048e-01,7.149158110179125447e-02,1.722373933431836424e+00,1.288162448964143628e-02,-1.456569035371517717e+00,8.665682808273736382e-02,-1.436310701237486498e-02,2.894969908842268680e-01,-5.023108019436806071e-02,-1.210166313872955257e+00,-9.050826723941335361e-03,1.023407720137086585e+00,-6.088641506775238632e-02,0.000000000000000000e+00,0.000000000000000000e+00,0.000000000000000000e+00,0.000000000000000000e+00,0.000000000000000000e+00,0.000000000000000000e+00,0.000000000000000000e+00
6.720000000000000417e-01,4.694594402411021022e-02,5.176333062104612193e-01,-5.698681907553999546e-03,-2.032238592210481531e+00,-1.849578599322970057e-02,3.085347451076175584e+00,-1.514938327057741285e-01,2.042787540497321974e-02,-4.117360160863763330e-01,7.144096655296686138e-02,1.721154528598372035e+00,1.287250456808396518e-02,-1.455537814863860469e+00,8.659547685524504601e-02,-1.458236581140451293e-02,2.939162827887744633e-01,-5.099787851369297353e-02,-1.228640005698629523e+00,-9.188991356148437650e-03,1.039030464397191267e+00,-6.181587150315137613e-02,0.000000000000000000e+00,0.000000000000000000e+00,0.000000000000000000e+00,0.000000000000000000e+00,0.000000000000000000e+00,0.000000000000000000e+00,0.000000000000000000e+00
6.730000000000000426e-01,4.696636457181910251e-02,5.172217178884611632e-01,-5.627266567635243188e-03,-2.030518055078310180e+00,-1.848291810616585831e-02,3.083892435378200236e+00,-1.514072682916370594e-01,2.041318350970031115e-02,-4.114398921719457647e-01,7.138958562479964798e-02,1.719916660167058353e+00,1.286324655738704803e-02,-1.454490980148171353e+00,8.653319667916986591e-02,-1.480138438959505143e-02,2.983307328989970308e-01,-5.176383672563622529e-02,-1.247093457671820005e+00,-9.327004614618161771e-03,1.054636092314646945e+00,-6.274430962226906772e-02,0.000000000000000000e+00,0.000000000000000000e+00,0.000000000000000000e+00,0.000000000000000000e+00,0.000000000000000000e+00,0.000000000000000000e+00,0.000000000000000000e+00
6.740000000000000435e-01,4.698677031816393679e-02,5.168104278967842191e-01,-5.555902991482125283e-03,-2.028798765037884699e+00,-1.847005954609381995e-02,3.082438474314868948e+00,-1.513207666217234182e-01,2.039827271749953402e-02,-4.111393562593399498e-01,7.133743916385959505e-02,1.718660348533439741e+00,1.285385061008890648e-02,-1.453428548472455617e+00,8.646998858066140548e-02,-1.502015905124140516e-02,3.027402667257490521e-01,-5.252894190546864017e-02,-1.265526358410168584e+00,-9.464864170523723530e-03,1.070224340561100718e+00,-6.367171375870250838e-02,0.000000000000000000e+00,0.000000000000000000e+00,0.000000000000000000e+00,0.000000000000000000e+00,0.000000000000000000e+00,0.000000000000000000e+00,0.000000000000000000e+00
6.750000000000000444e-01,4.700716104437033943e-02,5.163994406449581298e-01,-5.484591944198761310e-03,-2.027080740522079427e+00,-1.845721045087295176e-02,3.080985583474407541e+00,-1.512343286234361095e-01,2.038314327413526944e-02,-4.108344133020852551e-01,7.128452802964102553e-02,1.717385614404443928e+00,1.284431688105647229e-02,-1.452350537348049198e+00,8.640585360153557604e-02,-1.523868610063827678e-02,3.071448097798890053e-01,-5.329318112846093136e-02,-1.283938396531326021e+00,-9.602567695038435880e-03,1.085794945808199685e+00,-6.459806824604563680e-02,0.000000000000000000e+00,0.000000000000000000e+00,0.000000000000000000e+00,0.000000000000000000e+00,0.000000000000000000e+00,0.000000000000000000e+00,0.000000000000000000e+00
6.760000000000000453e-01,4.702753653191159289e-02,5.159887605375197417e-01,-5.413334190023273707e-03,-2.025363999942905391e+00,-1.844437095820658165e-02,3.079533778427400392e+00,-1.511479552231282664e-01,2.036779542906758805e-02,-4.105250683282009039e-01,7.123085309456321512e-02,1.716092478798378007e+00,1.283464552748557128e-02,-1.451256964549614725e+00,8.634079279927453499e-02,-1.545696184208053547e-02,3.115442875722709282e-01,-5.405654146988458919e-02,-1.302329260652957288e+00,-9.740112859335472995e-03,1.101347644727603381e+00,-6.552335741789616641e-02,0.000000000000000000e+00,0.000000000000000000e+00,0.000000000000000000e+00,0.000000000000000000e+00,0.000000000000000000e+00,0.000000000000000000e+00,0.000000000000000000e+00
6.770000000000000462e-01,4.704789656251225777e-02,5.155783919739405086e-01,-5.342130492314932366e-03,-2.023648561691201664e+00,-1.843154120563967810e-02,3.078083074726523538e+00,-1.510616473460877351e-01,2.035222943545232643e-02,-4.102113264401913151e-01,7.117641524397004538e-02,1.714780963044931994e+00,1.282483670890081570e-02,-1.450147848115144633e+00,8.627480724702699111e-02,-1.567498257986291166e-02,3.159386256137541871e-01,-5.481901000501043786e-02,-1.320698639392720253e+00,-9.877497334588258848e-03,1.116882173990964233e+00,-6.644756560784803590e-02,0.000000000000000000e+00,0.000000000000000000e+00,0.000000000000000000e+00,0.000000000000000000e+00,0.000000000000000000e+00,0.000000000000000000e+00,0.000000000000000000e+00
6.780000000000000471e-01,4.706824091815189209e-02,5.151683393485525508e-01,-5.270981613541225741e-03,-2.021934444136320508e+00,-1.841872133055652214e-02,3.076633487906284881e+00,-1.509754059165214213e-01,2.033644555014096217e-02,-4.098931928150529869e-01,7.112121537613014244e-02,1.713451088785178822e+00,1.281489058715568410e-02,-1.449023206345960268e+00,8.620789803360820458e-02,-1.589274461828016349e-02,3.203277494151897109e-01,-5.558057380910952361e-02,-1.339046221368242584e+00,-1.001471879196987047e-02,1.132398270269918683e+00,-6.737067714949762642e-02,0.000000000000000000e+00,0.000000000000000000e+00,0.000000000000000000e+00,0.000000000000000000e+00,0.000000000000000000e+00,0.000000000000000000e+00,0.000000000000000000e+00
6.790000000000000480e-01,4.708856938106879136e-02,5.147586070504732714e-01,-5.199888315264846947e-03,-2.020221665625819174e+00,-1.840591147017838283e-02,3.075185033482758179e+00,-1.508892318575395797e-01,2.032044403368078733e-02,-4.095706727042707218e-01,7.106525440223705747e-02,1.712102877971577009e+00,1.280480732643245190e-02,-1.447883057806711005e+00,8.614006626349965390e-02,-1.611024426162721568e-02,3.247115844874439716e-01,-5.634121995745311473e-02,-1.357371695197219452e+00,-1.015177490265381510e-02,1.147895670236138699e+00,-6.829267637644109712e-02,0.000000000000000000e+00,0.000000000000000000e+00,0.000000000000000000e+00,0.000000000000000000e+00,0.000000000000000000e+00,0.000000000000000000e+00,0.000000000000000000e+00
6.800000000000000488e-01,4.710888173376358290e-02,5.143491994635313036e-01,-5.128851358130868954e-03,-2.018510244485144600e+00,-1.839311176156117195e-02,3.073737726953321481e+00,-1.508031260911401050e-01,2.030422515031463787e-02,-4.092437714338175159e-01,7.100853324640876707e-02,1.710736352867961330e+00,1.279458709324221219e-02,-1.446727421325369356e+00,8.607131305684900813e-02,-1.632747781419868760e-02,3.290900563413621249e-01,-5.710093552531192440e-02,-1.375674749497264315e+00,-1.028866333781315590e-02,1.163374110561264274e+00,-6.921354762227327484e-02,0.000000000000000000e+00,0.000000000000000000e+00,0.000000000000000000e+00,0.000000000000000000e+00,0.000000000000000000e+00,0.000000000000000000e+00,0.000000000000000000e+00
6.810000000000000497e-01,4.712917775900304224e-02,5.139401209661927927e-01,-5.057871501853810486e-03,-2.016800199017325212e+00,-1.838032234159313674e-02,3.072291583796393777e+00,-1.507170895381929610e-01,2.028778916798119891e-02,-4.089124944041570009e-01,7.095105284568818671e-02,1.709351536049552145e+00,1.278423005642493129e-02,-1.445556315993243413e+00,8.600163954947093181e-02,-1.654444158028944845e-02,3.334630904878084223e-01,-5.785970758795744295e-02,-1.393955072886058133e+00,-1.042538176862130295e-02,1.178833327916953166e+00,-7.013327522059042973e-02,0.000000000000000000e+00,0.000000000000000000e+00,0.000000000000000000e+00,0.000000000000000000e+00,0.000000000000000000e+00,0.000000000000000000e+00,0.000000000000000000e+00
6.820000000000000506e-01,4.714945723982372910e-02,5.135313759314853455e-01,-4.986949505204618660e-03,-2.015091547502658731e+00,-1.836754334699250424e-02,3.070846619471170325e+00,-1.506311231184244148e-01,2.027113635831480354e-02,-4.085768470902410021e-01,7.089281415004287934e-02,1.707948450402952734e+00,1.277373638714936199e-02,-1.444369761164967514e+00,8.593104689284589148e-02,-1.676113186419425638e-02,3.378306124376369013e-01,-5.861752322066016152e-02,-1.412212353981242785e+00,-1.056192786625141655e-02,1.194273058974850699e+00,-7.105184350498816581e-02,0.000000000000000000e+00,0.000000000000000000e+00,0.000000000000000000e+00,0.000000000000000000e+00,0.000000000000000000e+00,0.000000000000000000e+00,0.000000000000000000e+00
6.830000000000000515e-01,4.716971995953563729e-02,5.131229687269247552e-01,-4.916086125997858047e-03,-2.013384308198399086e+00,-1.835477491430518443e-02,3.069402849417358858e+00,-1.505452277504014669e-01,2.025426699664545360e-02,-4.082368350415105374e-01,7.083381812236508313e-02,1.706527119126149294e+00,1.276310625891309905e-02,-1.443167776458503138e+00,8.585953625412098833e-02,-1.697754497020781406e-02,3.421925477017033757e-01,-5.937436949869157043e-02,-1.430446281400467257e+00,-1.069829930187680966e-02,1.209693040406603970e+00,-7.196923680906164300e-02,0.000000000000000000e+00,0.000000000000000000e+00,0.000000000000000000e+00,0.000000000000000000e+00,0.000000000000000000e+00,0.000000000000000000e+00,0.000000000000000000e+00
6.840000000000000524e-01,4.718996570172598326e-02,5.127149037144400623e-01,-4.845282121078764437e-03,-2.011678499338449555e+00,-1.834201717990241454e-02,3.067960289054921574e+00,-1.504594043515161406e-01,2.023718136199890300e-02,-4.078924638818953730e-01,7.077406573847190574e-02,1.705087565728506060e+00,1.275233984754255145e-02,-1.441950381755139343e+00,8.578710881610993044e-02,-1.719367720262499066e-02,3.465488217908658797e-01,-6.013023349732238287e-02,-1.448656543761394744e+00,-1.083449374667080911e-02,1.225093008883870738e+00,-7.288543946640713145e-02,0.000000000000000000e+00,0.000000000000000000e+00,0.000000000000000000e+00,0.000000000000000000e+00,0.000000000000000000e+00,0.000000000000000000e+00,0.000000000000000000e+00
6.850000000000000533e-01,4.721019425026284216e-02,5.123071852502992796e-01,-4.774538246310227468e-03,-2.009974139133046123e+00,-1.832927027997844835e-02,3.066518953783802459e+00,-1.503736538379696897e-01,2.021987973709662989e-02,-4.075437393098164662e-01,7.071355798710513008e-02,1.703629814030773737e+00,1.274143733119296323e-02,-1.440717597199496325e+00,8.571376577729256097e-02,-1.740952486574065539e-02,3.508993602159797831e-01,-6.088510229182386713e-02,-1.466842829681681337e+00,-1.097050887180657519e-02,1.240472701078310536e+00,-7.380043581061956903e-02,0.000000000000000000e+00,0.000000000000000000e+00,0.000000000000000000e+00,0.000000000000000000e+00,0.000000000000000000e+00,0.000000000000000000e+00,0.000000000000000000e+00
6.860000000000000542e-01,4.723040538929884624e-02,5.118998176850345638e-01,-4.703855256559981435e-03,-2.008271245768447955e+00,-1.831653435054822129e-02,3.065078858983673715e+00,-1.502879771247572771e-01,2.020236240835578123e-02,-4.071906670981816356e-01,7.065229586993121424e-02,1.702153888165083728e+00,1.273039889034844122e-02,-1.439469443199519194e+00,8.563950835181524668e-02,-1.762508426384945537e-02,3.552440884879022320e-01,-6.163896295746718046e-02,-1.485004827778983127e+00,-1.110634234845750412e-02,1.255831853661566910e+00,-7.471421017529622510e-02,0.000000000000000000e+00,0.000000000000000000e+00,0.000000000000000000e+00,0.000000000000000000e+00,0.000000000000000000e+00,0.000000000000000000e+00,0.000000000000000000e+00
6.870000000000000551e-01,4.725059890327493184e-02,5.114928053633678307e-01,-4.633233905687580978e-03,-2.006569837406627421e+00,-1.830380952744500508e-02,3.063640020013664422e+00,-1.502023751256518491e-01,2.018462966588918661e-02,-4.068332530943882253e-01,7.059028040154143036e-02,1.700659812574950358e+00,1.271922470782184053e-02,-1.438205940426486862e+00,8.556433776949060044e-02,-1.784035170124617653e-02,3.595829321174903725e-01,-6.239180256952303605e-02,-1.503142226670934889e+00,-1.124199184779675620e-02,1.271170203305283408e+00,-7.562674689403092732e-02,0.000000000000000000e+00,0.000000000000000000e+00,0.000000000000000000e+00,0.000000000000000000e+00,0.000000000000000000e+00,0.000000000000000000e+00,0.000000000000000000e+00
6.880000000000000560e-01,4.727077457692395457e-02,5.110861526241367025e-01,-4.562674946531591891e-03,-2.004869932184958348e+00,-1.829109594631811442e-02,3.062202452212102965e+00,-1.501168487531888973e-01,2.016668180350542072e-02,-4.064715032203236600e-01,7.052751260945161471e-02,1.699147612015270425e+00,1.270791496875488952e-02,-1.436927109814998715e+00,8.548825527579792527e-02,-1.805532348222577133e-02,3.639158166155986862e-01,-6.314360820326270218e-02,-1.521254714975214029e+00,-1.137745504099768601e-02,1.286487486681124892e+00,-7.653803030042027888e-02,0.000000000000000000e+00,0.000000000000000000e+00,0.000000000000000000e+00,0.000000000000000000e+00,0.000000000000000000e+00,0.000000000000000000e+00,0.000000000000000000e+00
6.890000000000000568e-01,4.729093219527442243e-02,5.106798638002192359e-01,-4.492179130896584160e-03,-2.003171548215901598e+00,-1.827839374263054775e-02,3.060766170896250582e+00,-1.500313989186505270e-01,2.014851911870876172e-02,-4.061054234723640022e-01,7.046399353410257027e-02,1.697617311552323649e+00,1.269646986061816890e-02,-1.435632972562988829e+00,8.541126213188279803e-02,-1.826999591108274812e-02,3.682426674930852073e-01,-6.389436693395711409e-02,-1.539341981309458873e+00,-1.151272959923349548e-02,1.301783440460736685e+00,-7.744804472806010587e-02,0.000000000000000000e+00,0.000000000000000000e+00,0.000000000000000000e+00,0.000000000000000000e+00,0.000000000000000000e+00,0.000000000000000000e+00,0.000000000000000000e+00
6.900000000000000577e-01,4.731107154365425671e-02,5.102739432184604240e-01,-4.421747209540159707e-03,-2.001474703586698212e+00,-1.826570305165666278e-02,3.059331191362039792e+00,-1.499460265320498031e-01,2.013014191269918429e-02,-4.057350199213737296e-01,7.039972422885959480e-02,1.696068936563767782e+00,1.268488957321102506e-02,-1.434323550131717528e+00,8.533335961455679186e-02,-1.848436529211211488e-02,3.725634102608061937e-01,-6.464406583687720698e-02,-1.557403714291329067e+00,-1.164781319367749757e-02,1.317057801315769439e+00,-7.835677451054579024e-02,0.000000000000000000e+00,0.000000000000000000e+00,0.000000000000000000e+00,0.000000000000000000e+00,0.000000000000000000e+00,0.000000000000000000e+00,0.000000000000000000e+00
6.910000000000000586e-01,4.733119240769436548e-02,5.098683951995967023e-01,-4.351379932160191755e-03,-1.999779416359055872e+00,-1.825302400847986575e-02,3.057897528883808391e+00,-1.498607325021152070e-01,2.011155049037239434e-02,-4.053602987127082891e-01,7.033470576001296659e-02,1.694502512738652378e+00,1.267317429866167064e-02,-1.432998864245774495e+00,8.525454901629878068e-02,-1.869842792960874078e-02,3.768779704296187916e-01,-6.539269198729458221e-02,-1.575439602538484252e+00,-1.178270349550300522e-02,1.332310305917877358e+00,-7.926420398147282498e-02,0.000000000000000000e+00,0.000000000000000000e+00,0.000000000000000000e+00,0.000000000000000000e+00,0.000000000000000000e+00,0.000000000000000000e+00,0.000000000000000000e+00
6.920000000000000595e-01,4.735129457333238368e-02,5.094632240581817850e-01,-4.281078047381751961e-03,-1.998085704568836496e+00,-1.824035674799025925e-02,3.056465198714040099e+00,-1.497755177362749546e-01,2.009274516031973185e-02,-4.049812660662109876e-01,7.026893920677747263e-02,1.692918066077399697e+00,1.266132423142717067e-02,-1.431658936893077438e+00,8.517483164525330164e-02,-1.891218012786705094e-02,3.811862735103774824e-01,-6.614023246047950888e-02,-1.593449334668562756e+00,-1.191739817588319261e-02,1.347540690938714647e+00,-8.017031747443736922e-02,0.000000000000000000e+00,0.000000000000000000e+00,0.000000000000000000e+00,0.000000000000000000e+00,0.000000000000000000e+00,0.000000000000000000e+00,0.000000000000000000e+00
6.930000000000000604e-01,4.737137782681646869e-02,5.090584341025128357e-01,-4.210842302744204069e-03,-1.996393586225745587e+00,-1.822770140488233492e-02,3.055034216083097220e+00,-1.496903831406412033e-01,2.007372623482828883e-02,-4.045979282762133256e-01,7.020242566129265838e-02,1.691315622891815362e+00,1.264933956829333850e-02,-1.430303790324867652e+00,8.509420882523138774e-02,-1.912561819118210882e-02,3.854882450139403005e-01,-6.688667433170358834e-02,-1.611432599299234880e+00,-1.205189490599134494e-02,1.362748693049921300e+00,-8.107509932303447187e-02,0.000000000000000000e+00,0.000000000000000000e+00,0.000000000000000000e+00,0.000000000000000000e+00,0.000000000000000000e+00,0.000000000000000000e+00,0.000000000000000000e+00
6.940000000000000613e-01,4.739144195470884613e-02,5.086540296345550827e-01,-4.140673444688373894e-03,-1.994703079313023597e+00,-1.821505811365262822e-02,3.053604596198959964e+00,-1.496053296199944815e-01,2.005449402988090241e-02,-4.042102917115385496e-01,7.013516622862292493e-02,1.689695209805093246e+00,1.263722050837488148e-02,-1.428933447055722894e+00,8.501268189571081768e-02,-1.933873842384861708e-02,3.897838104511652801e-01,-6.763200467623786682e-02,-1.629389085048142505e+00,-1.218619135700077516e-02,1.377934048923156851e+00,-8.197853386086062510e-02,0.000000000000000000e+00,0.000000000000000000e+00,0.000000000000000000e+00,0.000000000000000000e+00,0.000000000000000000e+00,0.000000000000000000e+00,0.000000000000000000e+00
6.950000000000000622e-01,4.741148674388959150e-02,5.082500149498677677e-01,-4.070572218543507675e-03,-1.993014201787128403e+00,-1.820242700859739382e-02,3.052176354246963097e+00,-1.495203580777680619e-01,2.003504886515602990e-02,-4.038183628154965454e-01,7.006716202675730698e-02,1.688056853751806141e+00,1.262496725311530038e-02,-1.427547929863542731e+00,8.493025221183539419e-02,-1.955153713016141714e-02,3.940728953329060147e-01,-6.837621056935316854e-02,-1.647318480532948826e+00,-1.232028520008476846e-02,1.393096495230082610e+00,-8.288060542151076682e-02,0.000000000000000000e+00,0.000000000000000000e+00,0.000000000000000000e+00,0.000000000000000000e+00,0.000000000000000000e+00,0.000000000000000000e+00,0.000000000000000000e+00
6.960000000000000631e-01,4.743151198156032866e-02,5.078463943375294276e-01,-4.000539368514428179e-03,-1.991326971577429994e+00,-1.818980822381027762e-02,3.050749505389529936e+00,-1.494354694160321961e-01,2.001539106402792922e-02,-4.034221481058876124e-01,6.999841418660959769e-02,1.686400581977909763e+00,1.261258000628695183e-02,-1.426147261789561416e+00,8.484692114441555466e-02,-1.976401061441529494e-02,3.983554251700196502e-01,-6.911927908632031770e-02,-1.665220474371299275e+00,-1.245417410641652678e-02,1.408235768642329688e+00,-8.378129833858094511e-02,0.000000000000000000e+00,0.000000000000000000e+00,0.000000000000000000e+00,0.000000000000000000e+00,0.000000000000000000e+00,0.000000000000000000e+00,0.000000000000000000e+00
6.970000000000000639e-01,4.745151745524783804e-02,5.074431720800638423e-01,-3.930575637668576316e-03,-1.989641406585897165e+00,-1.817720189317999918e-02,3.049324064765912556e+00,-1.493506645354784612e-01,1.999552095356647158e-02,-4.030216541750013537e-01,6.992892385201834871e-02,1.684726422040741411e+00,1.260005897399100669e-02,-1.424731466138332792e+00,8.476269007992828786e-02,-1.997615518090484210e-02,4.026313254733651092e-01,-6.986119730241124870e-02,-1.683094755180864155e+00,-1.258785574716941857e-02,1.423351605831570055e+00,-8.468059694566731910e-02,0.000000000000000000e+00,0.000000000000000000e+00,0.000000000000000000e+00,0.000000000000000000e+00,0.000000000000000000e+00,0.000000000000000000e+00,0.000000000000000000e+00
6.980000000000000648e-01,4.747150295280789384e-02,5.070403524533649842e-01,-3.860681767923083985e-03,-1.987957524686783772e+00,-1.816460815038799942e-02,3.047900047491926223e+00,-1.492659443354041326e-01,1.997543886453728712e-02,-4.026168876896151216e-01,6.985869217974663425e-02,1.683034401809018199e+00,1.258740436465741880e-02,-1.423300566477748497e+00,8.467756042051644005e-02,-2.018796713392501108e-02,4.069005217537950969e-01,-7.060195229289600860e-02,-1.700941011579278239e+00,-1.272132779351661802e-02,1.438443743469433045e+00,-8.557848557636416054e-02,0.000000000000000000e+00,0.000000000000000000e+00,0.000000000000000000e+00,0.000000000000000000e+00,0.000000000000000000e+00,0.000000000000000000e+00,0.000000000000000000e+00
6.990000000000000657e-01,4.749146826242883757e-02,5.066379397266231877e-01,-3.790858500031881601e-03,-1.986275343726320974e+00,-1.815202712890613690e-02,3.046477468659685606e+00,-1.491813097136966415e-01,1.995514513140168866e-02,-4.022078553909971266e-01,6.978772033948263398e-02,1.681324549462847262e+00,1.257461638904504297e-02,-1.421854586639022422e+00,8.459153358398979750e-02,-2.039944277777067105e-02,4.111629395221703120e-01,-7.134153113304619875e-02,-1.718758932184201171e+00,-1.285458791663146583e-02,1.453511918227595956e+00,-8.647494856426862775e-02,0.000000000000000000e+00,0.000000000000000000e+00,0.000000000000000000e+00,0.000000000000000000e+00,0.000000000000000000e+00,0.000000000000000000e+00,0.000000000000000000e+00
7.000000000000000666e-01,4.751141317263532504e-02,5.062359381622496546e-01,-3.721106573572732779e-03,-1.984594881522402599e+00,-1.813945896199433208e-02,3.045056343337345428e+00,-1.490967615668175594e-01,1.993464009231672024e-02,-4.017945640949048824e-01,6.971600951383893907e-02,1.679596893493710663e+00,1.256169526024151356e-02,-1.420393550716696041e+00,8.450461100382436475e-02,-2.061057841673641366e-02,4.154185042893416835e-01,-7.207992089813253234e-02,-1.736548205613292595e+00,-1.298763378768713617e-02,1.468555866777684571e+00,-8.736997024297565861e-02,0.000000000000000000e+00,0.000000000000000000e+00,0.000000000000000000e+00,0.000000000000000000e+00,0.000000000000000000e+00,0.000000000000000000e+00,0.000000000000000000e+00
7.010000000000000675e-01,4.753133747229205952e-02,5.058343520158032902e-01,-3.651426726934293293e-03,-1.982916155864276053e+00,-1.812690378269827055e-02,3.043636686568830907e+00,-1.490123007897873331e-01,1.991392408913506690e-02,-4.013770206915820982e-01,6.964356089835294084e-02,1.677851462704472940e+00,1.254864119366330688e-02,-1.418917483068644181e+00,8.441679412916236469e-02,-2.082137035511710810e-02,4.196671415661716864e-01,-7.281710866342616661e-02,-1.754308520484194389e+00,-1.312046307785699750e-02,1.483575325791365529e+00,-8.826353494608107919e-02,0.000000000000000000e+00,0.000000000000000000e+00,0.000000000000000000e+00,0.000000000000000000e+00,0.000000000000000000e+00,0.000000000000000000e+00,0.000000000000000000e+00
7.020000000000000684e-01,4.755124095060737216e-02,5.054331855359149861e-01,-3.581819697303284533e-03,-1.981239184512232576e+00,-1.811436172384704377e-02,3.042218513373578848e+00,-1.489279282761692969e-01,1.989299746740523511e-02,-4.009552321457653390e-01,6.957037570148688621e-02,1.676088286209387324e+00,1.253545440705569267e-02,-1.417426408316067032e+00,8.432808442481271038e-02,-2.103181489720754027e-02,4.239087768635139142e-01,-7.355308150419836988e-02,-1.772039565414573303e+00,-1.325307345831427952e-02,1.498570031940282377e+00,-8.915562700718060452e-02,0.000000000000000000e+00,0.000000000000000000e+00,0.000000000000000000e+00,0.000000000000000000e+00,0.000000000000000000e+00,0.000000000000000000e+00,0.000000000000000000e+00
7.030000000000000693e-01,4.757112339713705229e-02,5.050324429642136792e-01,-3.512286220651462260e-03,-1.979563985197287712e+00,-1.810183291805083500e-02,3.040801838746275187e+00,-1.488436449180542687e-01,1.987186057637130299e-02,-4.005292054966782533e-01,6.949645514462765572e-02,1.674307393434084190e+00,1.252213512049285202e-02,-1.415920351343495920e+00,8.423848337125083852e-02,-2.124190834730249611e-02,4.281433356922272893e-01,-7.428782649572007735e-02,-1.789741029022085428e+00,-1.338546260023232293e-02,1.513539721896103529e+00,-9.004623075986983860e-02,0.000000000000000000e+00,0.000000000000000000e+00,0.000000000000000000e+00,0.000000000000000000e+00,0.000000000000000000e+00,0.000000000000000000e+00,0.000000000000000000e+00
7.039999999999999591e-01,4.759098460178796952e-02,5.046321285352521890e-01,-3.442827031722748427e-03,-1.977890575620881997e+00,-1.808931749769859820e-02,3.039386677656585878e+00,-1.487594516060446459e-01,1.985051376897317699e-02,-4.000989478580334602e-01,6.942180046208676347e-02,1.672508814115579057e+00,1.250868355637769352e-02,-1.414399337298782200e+00,8.414799246461796001e-02,-2.145164700969681704e-02,4.323707435631618523e-01,-7.502133071326200220e-02,-1.807412599924372643e+00,-1.351762817478419088e-02,1.528484132330452994e+00,-9.093533053774449648e-02,0.000000000000000000e+00,0.000000000000000000e+00,0.000000000000000000e+00,0.000000000000000000e+00,0.000000000000000000e+00,0.000000000000000000e+00,0.000000000000000000e+00
7.049999999999999600e-01,4.761082435482173053e-02,5.042322464764322776e-01,-3.373442864020262388e-03,-1.976218973454558325e+00,-1.807681559495571619e-02,3.037973045048900644e+00,-1.486753492292389733e-01,1.982895740184639766e-02,-3.996644664180342144e-01,6.934641290110071798e-02,1.670692578302264586e+00,1.249509993944201633e-02,-1.412863391593118134e+00,8.405661321672244779e-02,-2.166102718868512245e-02,4.365909259871818549e-01,-7.575358123209596783e-02,-1.825053966739098144e+00,-1.364956785314344612e-02,1.543402999915006291e+00,-9.182291067440040422e-02,0.000000000000000000e+00,0.000000000000000000e+00,0.000000000000000000e+00,0.000000000000000000e+00,0.000000000000000000e+00,0.000000000000000000e+00,0.000000000000000000e+00
7.059999999999999609e-01,4.763064244685847465e-02,5.038328010079299313e-01,-3.304134449793445782e-03,-1.974549196339659307e+00,-1.806432734176166566e-02,3.036560955842065201e+00,-1.485913386752160115e-01,1.980719183532220901e-02,-3.992257684393711870e-01,6.927029372183046707e-02,1.668858716353923910e+00,1.248138449674641992e-02,-1.411312539901013352e+00,8.396434715503836577e-02,-2.187004518856239255e-02,4.408038084751391139e-01,-7.648456512749224334e-02,-1.842664818083903810e+00,-1.378127930648312405e-02,1.558296061321401638e+00,-9.270895550343261071e-02,0.000000000000000000e+00,0.000000000000000000e+00,0.000000000000000000e+00,0.000000000000000000e+00,0.000000000000000000e+00,0.000000000000000000e+00,0.000000000000000000e+00
7.069999999999999618e-01,4.765043866888052371e-02,5.034337963426215312e-01,-3.234902520025138839e-03,-1.972881261887009074e+00,-1.805185286982770657e-02,3.035150424929117907e+00,-1.485074208300192766e-01,1.978521743342755157e-02,-3.987828612592254629e-01,6.919344419736181417e-02,1.667007258941714642e+00,1.246753745768033536e-02,-1.409746808160311726e+00,8.387119582270691209e-02,-2.207869731362332999e-02,4.450093165378925519e-01,-7.721426947472198599e-02,-1.860244842576452839e+00,-1.391276020597662089e-02,1.573163053221300345e+00,-9.359344935843783020e-02,0.000000000000000000e+00,0.000000000000000000e+00,0.000000000000000000e+00,0.000000000000000000e+00,0.000000000000000000e+00,0.000000000000000000e+00,0.000000000000000000e+00
7.079999999999999627e-01,4.767021281223608048e-02,5.030352366860088020e-01,-3.165747804418601180e-03,-1.971215187676606639e+00,-1.803939231063454371e-02,3.033741467177029083e+00,-1.484235965781413591e-01,1.976303456388512486e-02,-3.983357522892666536e-01,6.911586561370527959e-02,1.665138237048181313e+00,1.245355905396202528e-02,-1.408166222572180715e+00,8.377716077853492038e-02,-2.228697986816255416e-02,4.492073756862966505e-01,-7.794268134905657508e-02,-1.877793728834404874e+00,-1.404400822279713856e-02,1.588003712286349511e+00,-9.447637657301111158e-02,0.000000000000000000e+00,0.000000000000000000e+00,0.000000000000000000e+00,0.000000000000000000e+00,0.000000000000000000e+00,0.000000000000000000e+00,0.000000000000000000e+00
7.089999999999999636e-01,4.768996466864285078e-02,5.026371262361449821e-01,-3.096671031384633233e-03,-1.969550991257311923e+00,-1.802694579543001260e-02,3.032334097426437225e+00,-1.483398668025081857e-01,1.974064359811329022e-02,-3.978844490156541180e-01,6.903755926979623925e-02,1.663251681967250484e+00,1.243944951963858042e-02,-1.406570809601125127e+00,8.368224359699644177e-02,-2.249488915647521181e-02,4.533979114312112202e-01,-7.866978782576716789e-02,-1.895311165475401793e+00,-1.417502102811799003e-02,1.602817775188198013e+00,-9.535772148074805887e-02,0.000000000000000000e+00,0.000000000000000000e+00,0.000000000000000000e+00,0.000000000000000000e+00,0.000000000000000000e+00,0.000000000000000000e+00,0.000000000000000000e+00
7.099999999999999645e-01,4.770969403019188065e-02,5.022394691835594394e-01,-3.027672928028610905e-03,-1.967888690146536224e+00,-1.801451345522669945e-02,3.030928330491382106e+00,-1.482562323844633101e-01,1.971804491122614023e-02,-3.974289589990352978e-01,6.895852647749448061e-02,1.661347625304230746e+00,1.242520909108589186e-02,-1.404960595974968918e+00,8.358644586823127387e-02,-2.270242148285586681e-02,4.575808492834880781e-01,-7.939557598012436657e-02,-1.912796841117106794e+00,-1.430579629311251599e-02,1.617604978598500054e+00,-9.623746841524505324e-02,0.000000000000000000e+00,0.000000000000000000e+00,0.000000000000000000e+00,0.000000000000000000e+00,0.000000000000000000e+00,0.000000000000000000e+00,0.000000000000000000e+00
7.109999999999999654e-01,4.772940068935116464e-02,5.018422697111837305e-01,-2.958754220137652102e-03,-1.966228301829928915e+00,-1.800209542079970679e-02,3.029524181159045426e+00,-1.481726942037523698e-01,1.969523888203347783e-02,-3.969692898745479370e-01,6.887876856158497985e-02,1.659426098975810060e+00,1.241083800700873430e-02,-1.403335608684868951e+00,8.348976919804587671e-02,-2.290957315159919405e-02,4.617561147539888111e-01,-8.012003288739955043e-02,-1.930250444377172414e+00,-1.443633168895380736e-02,1.632365059188904510e+00,-9.711560171009703257e-02,0.000000000000000000e+00,0.000000000000000000e+00,0.000000000000000000e+00,0.000000000000000000e+00,0.000000000000000000e+00,0.000000000000000000e+00,0.000000000000000000e+00
7.119999999999999662e-01,4.774908443896931642e-02,5.014455319942772160e-01,-2.889915632167571607e-03,-1.964569843761067247e+00,-1.798969182268421452e-02,3.028121664189485251e+00,-1.480892531385073763e-01,1.967222589304074010e-02,-3.965054493518177514e-01,6.879828685977704139e-02,1.657487135210064633e+00,1.239633650844065155e-02,-1.401695874985307899e+00,8.339221520791317843e-02,-2.311634046700014600e-02,4.659236333535643482e-01,-8.084314562286332162e-02,-1.947671663873244086e+00,-1.456662488681526035e-02,1.647097753631056705e+00,-9.799210569889960087e-02,0.000000000000000000e+00,0.000000000000000000e+00,0.000000000000000000e+00,0.000000000000000000e+00,0.000000000000000000e+00,0.000000000000000000e+00,0.000000000000000000e+00
7.129999999999999671e-01,4.776874507227934358e-02,5.010492602003522311e-01,-2.821157887229992084e-03,-1.962913333361144375e+00,-1.797730279117322472e-02,3.026720794315374441e+00,-1.480059100652309501e-01,1.964900633044912998e-02,-3.960374452149607594e-01,6.871708272270476980e-02,1.655530766546446486e+00,1.238170483874403982e-02,-1.400041422394098234e+00,8.329378553497218673e-02,-2.332271973335339754e-02,4.700833305930744999e-01,-8.156490126178705946e-02,-1.965060188222977899e+00,-1.469667355787013241e-02,1.661802798596623276e+00,-9.886696471524858421e-02,0.000000000000000000e+00,0.000000000000000000e+00,0.000000000000000000e+00,0.000000000000000000e+00,0.000000000000000000e+00,0.000000000000000000e+00,0.000000000000000000e+00
7.139999999999999680e-01,4.778838238290226276e-02,5.006534584890999229e-01,-2.752481707079524470e-03,-1.961258788018660049e+00,-1.796492845631522325e-02,3.025321586241736416e+00,-1.479226658587809162e-01,1.962558058415559553e-02,-3.955652853225812837e-01,6.863515751392715303e-02,1.653557025835793670e+00,1.236694324361011302e-02,-1.398372278692381787e+00,8.319448183202882152e-02,-2.352870725495387338e-02,4.742351319833764123e-01,-8.228528687944181019e-02,-1.982415706044037051e+00,-1.482647537329162546e-02,1.676479930757247772e+00,-9.974016309274003067e-02,0.000000000000000000e+00,0.000000000000000000e+00,0.000000000000000000e+00,0.000000000000000000e+00,0.000000000000000000e+00,0.000000000000000000e+00,0.000000000000000000e+00
7.149999999999999689e-01,4.780799616485090914e-02,5.002581310123154212e-01,-2.683887812100691633e-03,-1.959606225089104647e+00,-1.795256894791183444e-02,3.023924054645680926e+00,-1.478395213923542895e-01,1.960194904775270502e-02,-3.950889776077730620e-01,6.855251260992789586e-02,1.651565946240328486e+00,1.235205197105893396e-02,-1.396688471924627972e+00,8.309430576755511000e-02,-2.373429933609624842e-02,4.783789630353263433e-01,-8.300428955109884210e-02,-1.999737905954070527e+00,-1.495602800425310797e-02,1.691128886784582619e+00,-1.006116851649700994e-01,0.000000000000000000e+00,0.000000000000000000e+00,0.000000000000000000e+00,0.000000000000000000e+00,0.000000000000000000e+00,0.000000000000000000e+00,0.000000000000000000e+00
7.159999999999999698e-01,4.782758621253346831e-02,4.998632819138235095e-01,-2.615376921295077539e-03,-1.957955661894653421e+00,-1.794022439551548956e-02,3.022528214176142924e+00,-1.477564775374717865e-01,1.957811211852880651e-02,-3.946085300781195793e-01,6.846914940011517015e-02,1.649557561233650382e+00,1.233703127143936581e-02,-1.394990030398634673e+00,8.299325902568946423e-02,-2.393949228107544736e-02,4.825147492597805510e-01,-8.372189635202886837e-02,-2.017026476570737969e+00,-1.508532912192778186e-02,1.705749403350282023e+00,-1.014815152655331731e-01,0.000000000000000000e+00,0.000000000000000000e+00,0.000000000000000000e+00,0.000000000000000000e+00,0.000000000000000000e+00,0.000000000000000000e+00,0.000000000000000000e+00
7.169999999999999707e-01,4.784715232075731350e-02,4.994689153294042394e-01,-2.546949752268420908e-03,-1.956307115723849410e+00,-1.792789492842711274e-02,3.021134079453615673e+00,-1.476735351639622551e-01,1.955407019746786129e-02,-3.941239508156922922e-01,6.838506928682228092e-02,1.647531904600745278e+00,1.232188139742911373e-02,-1.393276982685522913e+00,8.289134330623676439e-02,-2.414428239418600630e-02,4.866424161675926285e-01,-8.443809435750282422e-02,-2.034281106511677706e+00,-1.521437639748893234e-02,1.720341217125987754e+00,-1.023496377280250780e-01,0.000000000000000000e+00,0.000000000000000000e+00,0.000000000000000000e+00,0.000000000000000000e+00,0.000000000000000000e+00,0.000000000000000000e+00,0.000000000000000000e+00
7.179999999999999716e-01,4.786669428473262766e-02,4.990750353867183797e-01,-2.478607021217649892e-03,-1.954660603831298582e+00,-1.791558067569378604e-02,3.019741665069891834e+00,-1.475906951399468814e-01,1.952982368924961742e-02,-3.936352479770528490e-01,6.830027368530694476e-02,1.645489010437980237e+00,1.230660260403470402e-02,-1.391549357619754623e+00,8.278856032466819226e-02,-2.434866597972290547e-02,4.907618892696250512e-01,-8.515287064279197793e-02,-2.051501484394563590e+00,-1.534316750210990010e-02,1.734904064783364674e+00,-1.032160368860429722e-01,0.000000000000000000e+00,0.000000000000000000e+00,0.000000000000000000e+00,0.000000000000000000e+00,0.000000000000000000e+00,0.000000000000000000e+00,0.000000000000000000e+00
7.189999999999999725e-01,4.788621190007617823e-02,4.986816462052327537e-01,-2.410349442917965324e-03,-1.953016143437351193e+00,-1.790328176610641794e-02,3.018350985587797464e+00,-1.475079583318233967e-01,1.950537300224949866e-02,-3.931424297932514245e-01,6.821476402375165060e-02,1.643428913153103466e+00,1.229119514859148068e-02,-1.389807184299106435e+00,8.268491181212164753e-02,-2.455263934198090303e-02,4.948730940767287478e-01,-8.586621228316748677e-02,-2.068687298837030397e+00,-1.547170010696385933e-02,1.749437682994056331e+00,-1.040806970731810166e-01,0.000000000000000000e+00,0.000000000000000000e+00,0.000000000000000000e+00,0.000000000000000000e+00,0.000000000000000000e+00,0.000000000000000000e+00,0.000000000000000000e+00
7.199999999999999734e-01,4.790570496281485596e-02,4.982887518961458539e-01,-2.342177730709927436e-03,-1.951373751727796257e+00,-1.789099832819742233e-02,3.016962055540928223e+00,-1.474253256042508398e-01,1.948071854853865997e-02,-3.926455045698276081e-01,6.812854174326382628e-02,1.641351647465248309e+00,1.227565929076364706e-02,-1.388050492084691445e+00,8.258039951540102619e-02,-2.475619878525478490e-02,4.989759560997608645e-01,-8.657810635390039700e-02,-2.085838238456744875e+00,-1.559997188322409523e-02,1.763941808429713376e+00,-1.049436026230357033e-01,0.000000000000000000e+00,0.000000000000000000e+00,0.000000000000000000e+00,0.000000000000000000e+00,0.000000000000000000e+00,0.000000000000000000e+00,0.000000000000000000e+00
7.209999999999999742e-01,4.792517326938956074e-02,4.978963565623137355e-01,-2.274092596486546047e-03,-1.949733445853548464e+00,-1.787873049023838354e-02,3.015574889433387806e+00,-1.473427978201333199e-01,1.945586074388387654e-02,-3.921444806868097377e-01,6.804160829787531117e-02,1.639257248404925704e+00,1.225999529254417561e-02,-1.386279310600948556e+00,8.247502519697672008e-02,-2.495934061383917046e-02,5.030704008495812118e-01,-8.728853993026108871e-02,-2.102953991871352457e+00,-1.572798050206394849e-02,1.778416177761990014e+00,-1.058047378692017482e-01,0.000000000000000000e+00,0.000000000000000000e+00,0.000000000000000000e+00,0.000000000000000000e+00,0.000000000000000000e+00,0.000000000000000000e+00,0.000000000000000000e+00
7.219999999999999751e-01,4.794461661665876812e-02,4.975044642981747978e-01,-2.206094750680315242e-03,-1.948095242930333759e+00,-1.786647838023771792e-02,3.014189501739523269e+00,-1.472603758406049179e-01,1.943080000774776578e-02,-3.916393665987158990e-01,6.795396515454302233e-02,1.637145751314033060e+00,1.224420341825492933e-02,-1.384493669735642918e+00,8.236879063498594999e-02,-2.516206113202915096e-02,5.071563538370451596e-01,-8.799750008752149633e-02,-2.120034247698512786e+00,-1.585572363465662105e-02,1.792860527662526238e+00,-1.066640871452757544e-01,0.000000000000000000e+00,0.000000000000000000e+00,0.000000000000000000e+00,0.000000000000000000e+00,0.000000000000000000e+00,0.000000000000000000e+00,0.000000000000000000e+00
7.229999999999999760e-01,4.796403480190224167e-02,4.971130791896759549e-01,-2.138184902250296615e-03,-1.946459160038382930e+00,-1.785424212593837018e-02,3.012805906903663011e+00,-1.471780605250134766e-01,1.940553676328852367e-02,-3.911301708345529260e-01,6.786561379314820508e-02,1.635017191845852036e+00,1.222828393454654730e-02,-1.382693599639876147e+00,8.226169762323173873e-02,-2.536435664411917923e-02,5.112337405730071893e-01,-8.870497390095222201e-02,-2.137078694555885505e+00,-1.598319895217534259e-02,1.807274594802997569e+00,-1.075216347848537701e-01,0.000000000000000000e+00,0.000000000000000000e+00,0.000000000000000000e+00,0.000000000000000000e+00,0.000000000000000000e+00,0.000000000000000000e+00,0.000000000000000000e+00
7.239999999999999769e-01,4.798342762282481466e-02,4.967222053141974736e-01,-2.070363758669244159e-03,-1.944825214222116516e+00,-1.784202185481546798e-02,3.011424119339851213e+00,-1.470958527309054187e-01,1.938007143736012600e-02,-3.906169019978168455e-01,6.777655570649726569e-02,1.632871605965038331e+00,1.221223711039854873e-02,-1.380879130728068116e+00,8.215374797118385475e-02,-2.556622345440426325e-02,5.153024865683271116e-01,-8.941094844582420098e-02,-2.154087021061108942e+00,-1.611040412579350933e-02,1.821658115855040450e+00,-1.083773651215301781e-01,0.000000000000000000e+00,0.000000000000000000e+00,0.000000000000000000e+00,0.000000000000000000e+00,0.000000000000000000e+00,0.000000000000000000e+00,0.000000000000000000e+00
7.249999999999999778e-01,4.800279487755994279e-02,4.963318467404791989e-01,-2.002632025910625058e-03,-1.943193422489835065e+00,-1.782981769407397665e-02,3.010044153431589375e+00,-1.470137533140096764e-01,1.935440446051223812e-02,-3.900995687664930989e-01,6.768679240032104971e-02,1.630709029947641220e+00,1.219606321711920807e-02,-1.379050293677972494e+00,8.204494350397847913e-02,-2.576765786717927220e-02,5.193625173338576317e-01,-9.011541079740914562e-02,-2.171058915831856950e+00,-1.623733682668432321e-02,1.836010827490309083e+00,-1.092312624889018036e-01,0.000000000000000000e+00,0.000000000000000000e+00,0.000000000000000000e+00,0.000000000000000000e+00,0.000000000000000000e+00,0.000000000000000000e+00,0.000000000000000000e+00
7.259999999999999787e-01,4.802213636467356911e-02,4.959420075285458362e-01,-1.934990408435706410e-03,-1.941563801813407597e+00,-1.781762977064641623e-02,3.008666023531564537e+00,-1.469317631282223979e-01,1.932853626699019417e-02,-3.895781798930553208e-01,6.759632539327511958e-02,1.628529500381081352e+00,1.217976252834570422e-02,-1.377207119430667870e+00,8.193528606241803902e-02,-2.596865618673868670e-02,5.234137583804558957e-01,-9.081834803097732500e-02,-2.187994067485767857e+00,-1.636399472602104166e-02,1.850332466380450569e+00,-1.100833112205633624e-01,0.000000000000000000e+00,0.000000000000000000e+00,0.000000000000000000e+00,0.000000000000000000e+00,0.000000000000000000e+00,0.000000000000000000e+00,0.000000000000000000e+00
7.269999999999999796e-01,4.804145188316764903e-02,4.955526917296322886e-01,-1.867439609180652355e-03,-1.939936369127959637e+00,-1.780545821119048841e-02,3.007289743961394812e+00,-1.468498830255909882e-01,1.930246729473504563e-02,-3.890527442044678930e-01,6.750515621693992108e-02,1.626333054164168068e+00,1.216333532004396437e-02,-1.375349639190568407e+00,8.182477750297126318e-02,-2.616921471737737592e-02,5.274561352189817143e-01,-9.151974722180000743e-02,-2.204892164640497754e+00,-1.649037549497692212e-02,1.864622769197119112e+00,-1.109334956501109026e-01,0.000000000000000000e+00,0.000000000000000000e+00,0.000000000000000000e+00,0.000000000000000000e+00,0.000000000000000000e+00,0.000000000000000000e+00,0.000000000000000000e+00
7.279999999999999805e-01,4.806074123248395974e-02,4.951639033861090500e-01,-1.799980329543558744e-03,-1.938311141331563014e+00,-1.779330314208676239e-02,3.005915329011361159e+00,-1.467681138562985377e-01,1.927619798538362378e-02,-3.885232706021831683e-01,6.741328641582072789e-02,1.624119728507094518e+00,1.214678187050880973e-02,-1.373477884425406970e+00,8.171341969777387582e-02,-2.636932976339037560e-02,5.314895733602913452e-01,-9.221959544514846119e-02,-2.221752895913702730e+00,-1.661647680472533306e-02,1.878881472611972470e+00,-1.117818001111410275e-01,0.000000000000000000e+00,0.000000000000000000e+00,0.000000000000000000e+00,0.000000000000000000e+00,0.000000000000000000e+00,0.000000000000000000e+00,0.000000000000000000e+00
7.289999999999999813e-01,4.808000421250778478e-02,4.947756465314080976e-01,-1.732613269371616194e-03,-1.936688135284922119e+00,-1.778116468943636772e-02,3.004542792940145368e+00,-1.466864564686482797e-01,1.924972878426840089e-02,-3.879897680621432476e-01,6.732071754734711422e-02,1.621889560931430552e+00,1.213010246036386533e-02,-1.371591886866255550e+00,8.160121453462731989e-02,-2.656899762907224960e-02,5.355139983152374938e-01,-9.291787977629384354e-02,-2.238575949923042430e+00,-1.674229632643942089e-02,1.893108313296654188e+00,-1.126282089372481199e-01,0.000000000000000000e+00,0.000000000000000000e+00,0.000000000000000000e+00,0.000000000000000000e+00,0.000000000000000000e+00,0.000000000000000000e+00,0.000000000000000000e+00
7.299999999999999822e-01,4.809924062357155000e-02,4.943879251899481186e-01,-1.665339126948019860e-03,-1.935067367811065697e+00,-1.776904297905861768e-02,3.003172149974565386e+00,-1.466049117090476306e-01,1.922306014041751110e-02,-3.874522456347782029e-01,6.722745118187378743e-02,1.619642589270129829e+00,1.211329737256154962e-02,-1.369691678507502175e+00,8.148816391699986728e-02,-2.676821461871764507e-02,5.395293355946764180e-01,-9.361458729050653460e-02,-2.255361015286162285e+00,-1.686783173129249858e-02,1.907303027922814920e+00,-1.134727064620282277e-01,0.000000000000000000e+00,0.000000000000000000e+00,0.000000000000000000e+00,0.000000000000000000e+00,0.000000000000000000e+00,0.000000000000000000e+00,0.000000000000000000e+00
7.309999999999999831e-01,4.811845026645857060e-02,4.940007433770600143e-01,-1.598158598979236567e-03,-1.933448855695031998e+00,-1.775693813648872646e-02,3.001803414309312856e+00,-1.465234804219928688e-01,1.919619250655486831e-02,-3.869107124450082980e-01,6.713348890267992197e-02,1.617378851667532480e+00,1.209636689238317159e-02,-1.367777291606871337e+00,8.137426976402578616e-02,-2.696697703662176426e-02,5.435355107094723692e-01,-9.430970506305824674e-02,-2.272107780620714834e+00,-1.699308069045785130e-02,1.921465353162115974e+00,-1.143152770190776213e-01,0.000000000000000000e+00,0.000000000000000000e+00,0.000000000000000000e+00,0.000000000000000000e+00,0.000000000000000000e+00,0.000000000000000000e+00,0.000000000000000000e+00
7.319999999999999840e-01,4.813763294240674950e-02,4.936141050989132917e-01,-1.531072380581970094e-03,-1.931832615683562349e+00,-1.774485028697546374e-02,3.000436600106694662e+00,-1.464421634500532587e-01,1.916912633910007602e-02,-3.863651776922435443e-01,6.703883230596979770e-02,1.615098386579358447e+00,1.207931130743881629e-02,-1.365848758685416442e+00,8.125953401050636793e-02,-2.716528118707900452e-02,5.475324491704718355e-01,-9.500322016921991519e-02,-2.288815934544366826e+00,-1.711804087510879202e-02,1.935595025686193793e+00,-1.151559049419914604e-01,0.000000000000000000e+00,0.000000000000000000e+00,0.000000000000000000e+00,0.000000000000000000e+00,0.000000000000000000e+00,0.000000000000000000e+00,0.000000000000000000e+00
7.329999999999999849e-01,4.815678845311224116e-02,4.932280143524394589e-01,-1.464081165270234020e-03,-1.930218664484783408e+00,-1.773277955547881632e-02,2.999071721496358034e+00,-1.463609616338553965e-01,1.914186209816842732e-02,-3.858156506503817029e-01,6.694348300087191173e-02,1.612801232772707927e+00,1.206213090766739340e-02,-1.363906112527513592e+00,8.114395860690884477e-02,-2.736312337438434605e-02,5.515200764885381801e-01,-9.569511968426247517e-02,-2.305485165674763692e+00,-1.724270995641857818e-02,1.949691782166713239e+00,-1.159945745643655712e-01,0.000000000000000000e+00,0.000000000000000000e+00,0.000000000000000000e+00,0.000000000000000000e+00,0.000000000000000000e+00,0.000000000000000000e+00,0.000000000000000000e+00
7.339999999999999858e-01,4.817591660073316379e-02,4.928424751252601932e-01,-1.397185644942476601e-03,-1.928607018767900083e+00,-1.772072606666767400e-02,2.997708792575038306e+00,-1.462798758120676113e-01,1.911440024757093264e-02,-3.852621406678103932e-01,6.684744260943986660e-02,1.610487429326067588e+00,1.204482598533669277e-02,-1.361949386180874022e+00,8.102754551936666716e-02,-2.756049990283257478e-02,5.554983181745258847e-01,-9.638539068345675087e-02,-2.322115162629554419e+00,-1.736708560556035619e-02,1.963755359275324963e+00,-1.168312702197951136e-01,0.000000000000000000e+00,0.000000000000000000e+00,0.000000000000000000e+00,0.000000000000000000e+00,0.000000000000000000e+00,0.000000000000000000e+00,0.000000000000000000e+00
7.349999999999999867e-01,4.819501718789329092e-02,4.924574913956105693e-01,-1.330386509868618922e-03,-1.926997695162884439e+00,-1.770868994491749115e-02,2.996347827406291575e+00,-1.461989068213842280e-01,1.908674125481428507e-02,-3.847046571674060944e-01,6.675071276665181519e-02,1.608157015629301245e+00,1.202739683504328722e-02,-1.359978612956528998e+00,8.091029672968028108e-02,-2.775740707671836560e-02,5.594670997392894307e-01,-9.707402024207367752e-02,-2.338705614026402202e+00,-1.749116549370752227e-02,1.977785493683668960e+00,-1.176659762418765798e-01,0.000000000000000000e+00,0.000000000000000000e+00,0.000000000000000000e+00,0.000000000000000000e+00,0.000000000000000000e+00,0.000000000000000000e+00,0.000000000000000000e+00
7.359999999999999876e-01,4.821409001768575675e-02,4.920730671322662841e-01,-1.263684448677148547e-03,-1.925390710260161731e+00,-1.769667131430795876e-02,2.994988840020230025e+00,-1.461180554965099687e-01,1.905888559110090891e-02,-3.841432096465352553e-01,6.665329512041084925e-02,1.605810031383660519e+00,1.200984375371254992e-02,-1.357993826428849360e+00,8.079221423531610102e-02,-2.795384120033650444e-02,5.634263466936886289e-01,-9.776099543538507852e-02,-2.355256208482956026e+00,-1.761494729203330611e-02,1.991781922063410093e+00,-1.184986769642051296e-01,0.000000000000000000e+00,0.000000000000000000e+00,0.000000000000000000e+00,0.000000000000000000e+00,0.000000000000000000e+00,0.000000000000000000e+00,0.000000000000000000e+00
7.369999999999999885e-01,4.823313489367675455e-02,4.916892062944678843e-01,-1.197080148342147266e-03,-1.923786080610299098e+00,-1.768467029862068329e-02,2.993631844413258136e+00,-1.460373226701442984e-01,1.903083373132894579e-02,-3.835778076770522960e-01,6.655519133154441658e-02,1.603446516601777283e+00,1.199216704059876196e-02,-1.355995060435522426e+00,8.067330004940728716e-02,-2.814979857798194374e-02,5.673759845485797371e-01,-9.844630333866155603e-02,-2.371766634616875535e+00,-1.773842867171107618e-02,2.005744381086195460e+00,-1.193293567203770333e-01,0.000000000000000000e+00,0.000000000000000000e+00,0.000000000000000000e+00,0.000000000000000000e+00,0.000000000000000000e+00,0.000000000000000000e+00,0.000000000000000000e+00
7.379999999999999893e-01,4.825215161990921431e-02,4.913059128318470470e-01,-1.130574294170481886e-03,-1.922183822723698698e+00,-1.767268702133685185e-02,2.992276854547816001e+00,-1.459567091729656041e-01,1.900258615409217838e-02,-3.830084609053010514e-01,6.645640307380509815e-02,1.601066511607662779e+00,1.197436699728495618e-02,-1.353982349077571090e+00,8.055355620075294043e-02,-2.834527551394927514e-02,5.713159388148154605e-01,-9.912993102717382321e-02,-2.388236581045806162e+00,-1.786160730391386786e-02,2.019672607423668609e+00,-1.201579998439870067e-01,0.000000000000000000e+00,0.000000000000000000e+00,0.000000000000000000e+00,0.000000000000000000e+00,0.000000000000000000e+00,0.000000000000000000e+00,0.000000000000000000e+00
7.389999999999999902e-01,4.827114000090650808e-02,4.909231906843519733e-01,-1.064167569788766060e-03,-1.920583953070280181e+00,-1.766072160563490756e-02,2.990923884352106654e+00,-1.458762158336157078e-01,1.897414334168018302e-02,-3.824351790521152150e-01,6.635693203386994199e-02,1.598670057036714720e+00,1.195644392768302824e-02,-1.351955726719344941e+00,8.043298473381901847e-02,-2.854026831253347884e-02,5.752461350032547216e-01,-9.981186557619314836e-02,-2.404665736387403996e+00,-1.798448085981516065e-02,2.033566337747494401e+00,-1.209845906686315420e-01,0.000000000000000000e+00,0.000000000000000000e+00,0.000000000000000000e+00,0.000000000000000000e+00,0.000000000000000000e+00,0.000000000000000000e+00,0.000000000000000000e+00
7.399999999999999911e-01,4.829009984167614150e-02,4.905410437821725034e-01,-9.978606571304192430e-04,-1.918986488079172048e+00,-1.764877417438819734e-02,2.989572947719838059e+00,-1.457958434786841839e-01,1.894550578007814234e-02,-3.818579719128166738e-01,6.625677991134068523e-02,1.596257193835710186e+00,1.193839813803370883e-02,-1.349915227988522926e+00,8.031158770873744746e-02,-2.873477327802911874e-02,5.791664986247555547e-01,-1.004920940609910218e-01,-2.421053789259325129e+00,-1.810704701058818422e-02,2.047425308729312832e+00,-1.218091135279057990e-01,0.000000000000000000e+00,0.000000000000000000e+00,0.000000000000000000e+00,0.000000000000000000e+00,0.000000000000000000e+00,0.000000000000000000e+00,0.000000000000000000e+00
7.409999999999999920e-01,4.830903094771345913e-02,4.901594760456660094e-01,-9.316542364228817819e-04,-1.917391444138402345e+00,-1.763684485016268552e-02,2.988224058509959313e+00,-1.457155929326925392e-01,1.891667395896703963e-02,-3.812768493572178397e-01,6.615594841874419818e-02,1.593827963262814063e+00,1.192022993690650123e-02,-1.347860887776110239e+00,8.018936720130706575e-02,-2.892878671473120278e-02,5.830769551901742176e-01,-1.011706035568381568e-01,-2.437400428279229203e+00,-1.822930342740619603e-02,2.061249257040781657e+00,-1.226315527554064921e-01,0.000000000000000000e+00,0.000000000000000000e+00,0.000000000000000000e+00,0.000000000000000000e+00,0.000000000000000000e+00,0.000000000000000000e+00,0.000000000000000000e+00
7.419999999999999929e-01,4.832793312500532901e-02,4.897784913852828437e-01,-8.655489861746044900e-04,-1.915798837594584025e+00,-1.762493375521460154e-02,2.986877230546397755e+00,-1.456354650180786969e-01,1.888764837172350608e-02,-3.806918213296183184e-01,6.605443928153159616e-02,1.591382406887564827e+00,1.190193963519980969e-02,-1.345792741236442325e+00,8.006632530299276351e-02,-2.912230492693423933e-02,5.869774302103651920e-01,-1.018473811390051553e-01,-2.453705342064750994e+00,-1.835124778144234248e-02,2.075037919353544424e+00,-1.234518926847274489e-01,0.000000000000000000e+00,0.000000000000000000e+00,0.000000000000000000e+00,0.000000000000000000e+00,0.000000000000000000e+00,0.000000000000000000e+00,0.000000000000000000e+00
7.429999999999999938e-01,4.834680618003384112e-02,4.893980937014920096e-01,-7.995455831620520981e-04,-1.914208684752604306e+00,-1.761304101148809809e-02,2.985532477617792502e+00,-1.455554605551812875e-01,1.885842951541989720e-02,-3.801028978488083521e-01,6.595225423807901666e-02,1.588920566590890093e+00,1.188352754614081450e-02,-1.343710823787177766e+00,7.994246412092573251e-02,-2.931532421893323637e-02,5.908678491961856238e-01,-1.025224138827643960e-01,-2.469968219233571460e+00,-1.847287774387015857e-02,2.088791032339265996e+00,-1.242701176494662718e-01,0.000000000000000000e+00,0.000000000000000000e+00,0.000000000000000000e+00,0.000000000000000000e+00,0.000000000000000000e+00,0.000000000000000000e+00,0.000000000000000000e+00
7.439999999999999947e-01,4.836564991978003353e-02,4.890182868847060549e-01,-7.336447024169044651e-04,-1.912621001875315585e+00,-1.760116674061294392e-02,2.984189813477235553e+00,-1.454755803622239940e-01,1.882901789082428584e-02,-3.795100890080669309e-01,6.584939503968720298e-02,1.586442484565095512e+00,1.186499398528556223e-02,-1.341615171109313831e+00,7.981778577790413221e-02,-2.950784089502295204e-02,5.947481376584935475e-01,-1.031956888633851488e-01,-2.486188748403332482e+00,-1.859419098586273522e-02,2.102508332669593472e+00,-1.250862119832172326e-01,0.000000000000000000e+00,0.000000000000000000e+00,0.000000000000000000e+00,0.000000000000000000e+00,0.000000000000000000e+00,0.000000000000000000e+00,0.000000000000000000e+00
7.449999999999999956e-01,4.838446415172752146e-02,4.886390748152074082e-01,-6.678470172130704374e-04,-1.911035805183219694e+00,-1.758931106390218893e-02,2.982849251842005334e+00,-1.453958252552998431e-01,1.879941400240041360e-02,-3.789134049751621269e-01,6.574586345058155978e-02,1.583948203313875869e+00,1.184633927051885124e-02,-1.339505819147168708e+00,7.969229241239192407e-02,-2.969985125949820004e-02,5.986182211081434446e-01,-1.038671931561395700e-01,-2.502366618191679493e+00,-1.871518517859327435e-02,2.116189557016170397e+00,-1.259001600195770454e-01,0.000000000000000000e+00,0.000000000000000000e+00,0.000000000000000000e+00,0.000000000000000000e+00,0.000000000000000000e+00,0.000000000000000000e+00,0.000000000000000000e+00
7.459999999999999964e-01,4.840324868386622348e-02,4.882604613630732171e-01,-6.021531990537468126e-04,-1.909453110854161473e+00,-1.757747410234983265e-02,2.981510806393303348e+00,-1.453161960483555226e-01,1.876961835830772557e-02,-3.783128559923516487e-01,6.564166124791248613e-02,1.581437765652301763e+00,1.182756372205439818e-02,-1.337382804108385947e+00,7.956598617851970423e-02,-2.989135161665362750e-02,6.024780250559924610e-01,-1.045369138362988171e-01,-2.518501517216272134e+00,-1.883585799323522769e-02,2.129834442050658083e+00,-1.267119460921408702e-01,0.000000000000000000e+00,0.000000000000000000e+00,0.000000000000000000e+00,0.000000000000000000e+00,0.000000000000000000e+00,0.000000000000000000e+00,0.000000000000000000e+00
7.469999999999999973e-01,4.842200332469614316e-02,4.878824503881011854e-01,-5.365639176585466907e-04,-1.907872935023013028e+00,-1.756565597662849282e-02,2.980174490775993057e+00,-1.452366935531757830e-01,1.873963147040143273e-02,-3.777084523763807322e-01,6.553679022175473712e-02,1.578911214706826271e+00,1.180866766243468535e-02,-1.335246162463945563e+00,7.943886924608420386e-02,-3.008233827078404810e-02,6.063274750128968549e-01,-1.052048379791329369e-01,-2.534593134094766498e+00,-1.895620710096176942e-02,2.143442724444700076e+00,-1.275215545345038670e-01,0.000000000000000000e+00,0.000000000000000000e+00,0.000000000000000000e+00,0.000000000000000000e+00,0.000000000000000000e+00,0.000000000000000000e+00,0.000000000000000000e+00
7.479999999999999982e-01,4.844072788323090795e-02,4.875050457397351322e-01,-4.710798409505410900e-04,-1.906295293781366418e+00,-1.755385680708708429e-02,2.978840318598335202e+00,-1.451573185793678944e-01,1.870945385423239404e-02,-3.771002045184855822e-01,6.543125217510814551e-02,1.576368593915286276e+00,1.178965141653105092e-02,-1.333095930948152485e+00,7.931094380054934390e-02,-3.027280752618433102e-02,6.101664964897155485e-01,-1.058709526599140860e-01,-2.550641157444815121e+00,-1.907623017294612922e-02,2.157014140869950580e+00,-1.283289696802627500e-01,0.000000000000000000e+00,0.000000000000000000e+00,0.000000000000000000e+00,0.000000000000000000e+00,0.000000000000000000e+00,0.000000000000000000e+00,0.000000000000000000e+00
7.489999999999999991e-01,4.845942216900156474e-02,4.871282512569905521e-01,-4.057016350433283181e-04,-1.904720203177218352e+00,-1.754207671374848759e-02,2.977508303431724901e+00,-1.450780719343455483e-01,1.867908602904720661e-02,-3.764881228843908190e-01,6.532504892389714990e-02,1.573809947026907352e+00,1.177051531154364727e-02,-1.330932146558639673e+00,7.918221204304465299e-02,-3.046275568714917892e-02,6.139950149973003590e-01,-1.065352449539126445e-01,-2.566645275884074096e+00,-1.919592488036170330e-02,2.170548427998063801e+00,-1.291341758630124570e-01,0.000000000000000000e+00,0.000000000000000000e+00,0.000000000000000000e+00,0.000000000000000000e+00,0.000000000000000000e+00,0.000000000000000000e+00,0.000000000000000000e+00
7.500000000000000000e-01,4.847808599206027136e-02,4.867520707683792303e-01,-3.404299642281380378e-04,-1.903147679214661547e+00,-1.753031581630720703e-02,2.976178458810425642e+00,-1.449989544233137029e-01,1.864852851778815712e-02,-3.758722180143102554e-01,6.521818229697076696e-02,1.571235318102283784e+00,1.175125967700145838e-02,-1.328754846556365887e+00,7.905267619036654425e-02,-3.065217905797340547e-02,6.178129560465128733e-01,-1.071977019364003247e-01,-2.582605178030199511e+00,-1.931528889438166585e-02,2.184045322500690389e+00,-1.299371574163494802e-01,0.000000000000000000e+00,0.000000000000000000e+00,0.000000000000000000e+00,0.000000000000000000e+00,0.000000000000000000e+00,0.000000000000000000e+00,0.000000000000000000e+00
7.510000000000000009e-01,4.849671916298395336e-02,4.863765080918364125e-01,-2.752654909608590050e-04,-1.901577737853572314e+00,-1.751857423412707393e-02,2.974850798231311266e+00,-1.449199668492525683e-01,1.861778184709320105e-02,-3.752525005229473409e-01,6.511065413610314656e-02,1.568644751513406099e+00,1.173188484476229976e-02,-1.326564068465623247e+00,7.892233847497742705e-02,-3.084107394295182436e-02,6.216202451482066849e-01,-1.078583106826470628e-01,-2.598520552500836800e+00,-1.943431988617932982e-02,2.197504561049473892e+00,-1.307378986738687576e-01,0.000000000000000000e+00,0.000000000000000000e+00,0.000000000000000000e+00,0.000000000000000000e+00,0.000000000000000000e+00,0.000000000000000000e+00,0.000000000000000000e+00
7.520000000000000018e-01,4.851532149287804407e-02,4.860015670346448102e-01,-2.102088758491466036e-04,-1.900010395009298358e+00,-1.750685208623887698e-02,2.973525335153596849e+00,-1.448411100129021190e-01,1.858684654729610142e-02,-3.746289810994928304e-01,6.500246629599246151e-02,1.566038291943635308e+00,1.171239114901279077e-02,-1.324359850074026124e+00,7.879120114500623440e-02,-3.102943664637924925e-02,6.254168078132398279e-01,-1.085170582679250151e-01,-2.614391087913649159e+00,-1.955301552692789713e-02,2.210925880316079173e+00,-1.315363839691658931e-01,0.000000000000000000e+00,0.000000000000000000e+00,0.000000000000000000e+00,0.000000000000000000e+00,0.000000000000000000e+00,0.000000000000000000e+00,0.000000000000000000e+00
7.530000000000000027e-01,4.853389279338014839e-02,4.856272513933610480e-01,-1.452607776395442585e-04,-1.898445666552349920e+00,-1.749514949133806896e-02,2.972202082998582018e+00,-1.447623847127462726e-01,1.855572315242619286e-02,-3.740016705076293357e-01,6.489362064426248966e-02,1.563415984387723334e+00,1.169277892626839968e-02,-1.322142229432527571e+00,7.865926646424850621e-02,-3.121726347255038281e-02,6.292025695524676721e-01,-1.091739317675044507e-01,-2.630216472886278467e+00,-1.967137348780073625e-02,2.224309016972149777e+00,-1.323325976358371570e-01,0.000000000000000000e+00,0.000000000000000000e+00,0.000000000000000000e+00,0.000000000000000000e+00,0.000000000000000000e+00,0.000000000000000000e+00,0.000000000000000000e+00
7.540000000000000036e-01,4.855243287666374113e-02,4.852535649537404461e-01,-8.042185320446607055e-05,-1.896883568308086687e+00,-1.748346656778241789e-02,2.970881055149380501e+00,-1.446837917449975697e-01,1.852441220020863838e-02,-3.733705795855262188e-01,6.478411906146100407e-02,1.560777874151802358e+00,1.167304851537342286e-02,-1.319911244855394905e+00,7.852653671216616726e-02,-3.140455072576009421e-02,6.329774558767455872e-01,-1.098289182566573041e-01,-2.645996396036391474e+00,-1.978939143997104910e-02,2.237653707689339910e+00,-1.331265240074779310e-01,0.000000000000000000e+00,0.000000000000000000e+00,0.000000000000000000e+00,0.000000000000000000e+00,0.000000000000000000e+00,0.000000000000000000e+00,0.000000000000000000e+00
7.550000000000000044e-01,4.857094155544188635e-02,4.848805114906633573e-01,-1.569275752931129086e-05,-1.895324116056404273e+00,-1.747180343358967561e-02,2.969562264950660779e+00,-1.446053319035809082e-01,1.849291423206424895e-02,-3.727357192458440327e-01,6.467396344106096651e-02,1.558124006853386589e+00,1.165320025750097438e-02,-1.317666934920239452e+00,7.839301418388752718e-02,-3.159129471030308611e-02,6.367413922969333839e-01,-1.104820048106538444e-01,-2.661730545981640716e+00,-1.990706705461214865e-02,2.250959689139300224e+00,-1.339181474176840414e-01,0.000000000000000000e+00,0.000000000000000000e+00,0.000000000000000000e+00,0.000000000000000000e+00,0.000000000000000000e+00,0.000000000000000000e+00,0.000000000000000000e+00
7.560000000000000053e-01,4.858941864297089408e-02,4.845080947680597272e-01,4.892585630045589995e-05,-1.893767325531427348e+00,-1.746016020643526706e-02,2.968245725708381855e+00,-1.445270059801184170e-01,1.846122979310948348e-02,-3.720971004757303024e-01,6.456315568945966699e-02,1.555454428421367830e+00,1.163323449615297905e-02,-1.315409338467981470e+00,7.825870119020680860e-02,-3.177749173047411668e-02,6.404943043238837674e-01,-1.111331785047652287e-01,-2.677418611339671628e+00,-2.002439800289720906e-02,2.264226697993681370e+00,-1.347074522000510921e-01,0.000000000000000000e+00,0.000000000000000000e+00,0.000000000000000000e+00,0.000000000000000000e+00,0.000000000000000000e+00,0.000000000000000000e+00,0.000000000000000000e+00
7.570000000000000062e-01,4.860786395305405350e-02,4.841363185388356527e-01,1.134333371121884482e-04,-1.892213212421195667e+00,-1.744853700364994500e-02,2.966931450689531680e+00,-1.444488147639136078e-01,1.842935943215664313e-02,-3.714547343368233001e-01,6.445169772597950097e-02,1.552769185096029680e+00,1.161315157716022450e-02,-1.313138494602890116e+00,7.812360005758525738e-02,-3.196313809056811062e-02,6.442361174684565484e-01,-1.117824264142623925e-01,-2.693060280728143852e+00,-2.014138195599962655e-02,2.277454470924134000e+00,-1.354944226881744651e-01,0.000000000000000000e+00,0.000000000000000000e+00,0.000000000000000000e+00,0.000000000000000000e+00,0.000000000000000000e+00,0.000000000000000000e+00,0.000000000000000000e+00
7.580000000000000071e-01,4.862627730004533827e-02,4.837651865447978317e-01,1.778290356590529753e-04,-1.890661792367352989e+00,-1.743693394221746892e-02,2.965619453121860705e+00,-1.443707590419356923e-01,1.839730370171360069e-02,-3.708086319652506013e-01,6.433959148286760854e-02,1.550068323429028894e+00,1.159295184868231604e-02,-1.310854442692551025e+00,7.798771312815067080e-02,-3.214823009487965955e-02,6.479667572415062082e-01,-1.124297356144170479e-01,-2.708655242764706372e+00,-2.025801658509265857e-02,2.290642744602308767e+00,-1.362790432156497644e-01,0.000000000000000000e+00,0.000000000000000000e+00,0.000000000000000000e+00,0.000000000000000000e+00,0.000000000000000000e+00,0.000000000000000000e+00,0.000000000000000000e+00
7.590000000000000080e-01,4.864465849885301479e-02,4.833947025165800104e-01,2.421123046329604067e-04,-1.889113080964833991e+00,-1.742535113877227010e-02,2.964309746193620754e+00,-1.442928395988038459e-01,1.836506315798405731e-02,-3.701588045716273090e-01,6.422683890529540252e-02,1.547351890283412246e+00,1.157263566120766279e-02,-1.308557222367880968e+00,7.785104275969639831e-02,-3.233276404770368817e-02,6.516861491538916695e-01,-1.130750931804994641e-01,-2.724203186067025939e+00,-2.037429956134950704e-02,2.303791255699866980e+00,-1.370612981160737043e-01,0.000000000000000000e+00,0.000000000000000000e+00,0.000000000000000000e+00,0.000000000000000000e+00,0.000000000000000000e+00,0.000000000000000000e+00,0.000000000000000000e+00
7.600000000000000089e-01,4.866300736494345858e-02,4.830248701735677663e-01,3.062824986773821090e-04,-1.887567093761557846e+00,-1.741378870959713748e-02,2.963002343053301679e+00,-1.442150572167716915e-01,1.833263836086728577e-02,-3.695052634410589398e-01,6.411344195135942892e-02,1.544619932833601439e+00,1.155220336755349853e-02,-1.306246873523121188e+00,7.771359132568297912e-02,-3.251673625333495465e-02,6.553942187164656374e-01,-1.137184861877807984e-01,-2.739703799252740879e+00,-2.049022855594345716e-02,2.316899740888445081e+00,-1.378411717230407785e-01,0.000000000000000000e+00,0.000000000000000000e+00,0.000000000000000000e+00,0.000000000000000000e+00,0.000000000000000000e+00,0.000000000000000000e+00,0.000000000000000000e+00
7.610000000000000098e-01,4.868132371434478328e-02,4.826556932238244002e-01,3.703389744004158268e-04,-1.886023846258110481e+00,-1.740224677062086889e-02,2.961697256809365353e+00,-1.441374126757114515e-01,1.830002987395835251e-02,-3.688480199331407583e-01,6.399940259208103388e-02,1.541872498565405536e+00,1.153165532286593714e-02,-1.303923436315849393e+00,7.757536121523697648e-02,-3.270014301606832818e-02,6.590908914400879226e-01,-1.143599017115329852e-01,-2.755156770939514388e+00,-2.060580124004779412e-02,2.329967936839700826e+00,-1.386186483701472572e-01,0.000000000000000000e+00,0.000000000000000000e+00,0.000000000000000000e+00,0.000000000000000000e+00,0.000000000000000000e+00,0.000000000000000000e+00,0.000000000000000000e+00
7.620000000000000107e-01,4.869960736365051834e-02,4.822871753640166625e-01,4.342810903876087592e-04,-1.884483353907437042e+00,-1.739072543741594992e-02,2.960394500529986317e+00,-1.440599067530985711e-01,1.826723826454801358e-02,-3.681870854819546679e-01,6.388472281140583631e-02,1.539109635276014743e+00,1.151099188461984085e-02,-1.301586951166963324e+00,7.743635483315133849e-02,-3.288298064019845590e-02,6.627760928356138947e-01,-1.149993268270257385e-01,-2.770561789744999004e+00,-2.072101528483580313e-02,2.342995580225288421e+00,-1.393937123909885223e-01,0.000000000000000000e+00,0.000000000000000000e+00,0.000000000000000000e+00,0.000000000000000000e+00,0.000000000000000000e+00,0.000000000000000000e+00,0.000000000000000000e+00
7.630000000000000115e-01,4.871785813002333515e-02,4.819193202793395914e-01,4.981082072149020656e-04,-1.882945632114532586e+00,-1.737922482519623987e-02,2.959094087242786220e+00,-1.439825402239957308e-01,1.823426410362272154e-02,-3.675224715960752064e-01,6.376940460620461604e-02,1.536331391074004848e+00,1.149021341261897977e-02,-1.299237458760695851e+00,7.729657459988592549e-02,-3.306524543002009597e-02,6.664497484138998118e-01,-1.156367486095312147e-01,-2.785918544286854370e+00,-2.083586836148074162e-02,2.355982407716862070e+00,-1.401663481191608440e-01,0.000000000000000000e+00,0.000000000000000000e+00,0.000000000000000000e+00,0.000000000000000000e+00,0.000000000000000000e+00,0.000000000000000000e+00,0.000000000000000000e+00
7.640000000000000124e-01,4.873607583119877323e-02,4.815521316434425714e-01,5.618196874616308845e-04,-1.881410696236123226e+00,-1.736774504881461595e-02,2.957796029934571358e+00,-1.439053138610373317e-01,1.820110796586463936e-02,-3.668541898585628847e-01,6.365344998627273099e-02,1.533537814379323905e+00,1.146932026899587925e-02,-1.296875000044603876e+00,7.715602295156620549e-02,-3.324693368982822861e-02,6.701117836858019317e-01,-1.162721541343201270e-01,-2.801226723182718814e+00,-2.095035814115586703e-02,2.368928155986065320e+00,-1.409365398882593823e-01,0.000000000000000000e+00,0.000000000000000000e+00,0.000000000000000000e+00,0.000000000000000000e+00,0.000000000000000000e+00,0.000000000000000000e+00,0.000000000000000000e+00
7.650000000000000133e-01,4.875426028548886237e-02,4.811856131183547269e-01,6.254148957233057748e-04,-1.879878561580363927e+00,-1.735628622276065916e-02,2.956500341551066668e+00,-1.438282284344138406e-01,1.816777042965162653e-02,-3.661822519269686271e-01,6.353686097433014490e-02,1.530728953923313540e+00,1.144831281821192398e-02,-1.294499616229574102e+00,7.701470233998444770e-02,-3.342804172391738993e-02,6.737621241621756241e-01,-1.169055304766628556e-01,-2.816486015050251979e+00,-2.106448229503449232e-02,2.381832561704552376e+00,-1.417042720318797411e-01,0.000000000000000000e+00,0.000000000000000000e+00,0.000000000000000000e+00,0.000000000000000000e+00,0.000000000000000000e+00,0.000000000000000000e+00,0.000000000000000000e+00
7.660000000000000142e-01,4.877241131178590428e-02,4.808197683544100931e-01,6.888931986246925321e-04,-1.878349243406520097e+00,-1.734484846115834020e-02,2.955207034996656379e+00,-1.437512847118561365e-01,1.813425207705728071e-02,-3.655066695333333282e-01,6.341963960602176043e-02,1.527904858748693862e+00,1.142719142705735103e-02,-1.292111348789822589e+00,7.687261523259969476e-02,-3.360856583658250463e-02,6.774006953538833642e-01,-1.175368647118316678e-01,-2.831696108507124165e+00,-2.117823849428984717e-02,2.394695361543980994e+00,-1.424695288836177465e-01,0.000000000000000000e+00,0.000000000000000000e+00,0.000000000000000000e+00,0.000000000000000000e+00,0.000000000000000000e+00,0.000000000000000000e+00,0.000000000000000000e+00
7.670000000000000151e-01,4.879052872956607390e-02,4.804546009901740078e-01,7.522539648326075079e-04,-1.876822756924658053e+00,-1.733343187776365327e-02,2.953916123134118887e+00,-1.436744834586197173e-01,1.810055349385086138e-02,-3.648274544841856315e-01,6.330178792991716930e-02,1.525065578209565231e+00,1.140595646465117352e-02,-1.289710239462890762e+00,7.672976411253679130e-02,-3.378850233211838638e-02,6.810274227717743045e-01,-1.181661439150966109e-01,-2.846856692170970149e+00,-2.129162441009518902e-02,2.407516292175998274e+00,-1.432322947770694466e-01,0.000000000000000000e+00,0.000000000000000000e+00,0.000000000000000000e+00,0.000000000000000000e+00,0.000000000000000000e+00,0.000000000000000000e+00,0.000000000000000000e+00
7.680000000000000160e-01,4.880861235889318028e-02,4.800901146523675056e-01,8.154965650689453838e-04,-1.875299117295337492e+00,-1.732203658596232973e-02,2.952627618784362973e+00,-1.435978254374692120e-01,1.806667526949731067e-02,-3.641446186605439284e-01,6.318330800751051357e-02,1.522211161971411819e+00,1.138460830244125005e-02,-1.287296330249649401e+00,7.658615147858718886e-02,-3.396784751481979336e-02,6.846422319267091439e-01,-1.187933551617288419e-01,-2.861967454659449572e+00,-2.140463771362385859e-02,2.420295090272247762e+00,-1.439925540458300013e-01,0.000000000000000000e+00,0.000000000000000000e+00,0.000000000000000000e+00,0.000000000000000000e+00,0.000000000000000000e+00,0.000000000000000000e+00,0.000000000000000000e+00
7.690000000000000169e-01,4.882666202042235809e-02,4.797263129557934880e-01,8.786203721235161246e-04,-1.873778339629293299e+00,-1.731066269876747887e-02,2.951341534726163118e+00,-1.435213114086625608e-01,1.803261799715739216e-02,-3.634581740179161358e-01,6.306420191322076318e-02,1.519341660011098050e+00,1.136314731420429158e-02,-1.284869663414299978e+00,7.644177984520877933e-02,-3.414659768898153924e-02,6.882450483295414756e-01,-1.194184855270000734e-01,-2.877028084590214974e+00,-2.151727607604903003e-02,2.433031492504390769e+00,-1.447502910234956808e-01,0.000000000000000000e+00,0.000000000000000000e+00,0.000000000000000000e+00,0.000000000000000000e+00,0.000000000000000000e+00,0.000000000000000000e+00,0.000000000000000000e+00
7.700000000000000178e-01,4.884467753540375212e-02,4.793631995032622273e-01,9.416247608670554048e-04,-1.872260438987130460e+00,-1.729931032881725644e-02,2.950057883695901495e+00,-1.434449421299353877e-01,1.799838227368741328e-02,-3.627681325862988082e-01,6.294447173439179921e-02,1.516457122616875708e+00,1.134157387604579903e-02,-1.282430281484369772e+00,7.629665174252595050e-02,-3.432474915889821565e-02,6.918357974911311103e-01,-1.200415220861801302e-01,-2.892038270580922443e+00,-2.162953716854404407e-02,2.445725235544067289e+00,-1.455054900436609788e-01,0.000000000000000000e+00,0.000000000000000000e+00,0.000000000000000000e+00,0.000000000000000000e+00,0.000000000000000000e+00,0.000000000000000000e+00,0.000000000000000000e+00
7.710000000000000187e-01,4.886265872568616719e-02,4.790007778855165377e-01,1.004509108264085848e-03,-1.870745430379007868e+00,-1.728797958837256787e-02,2.948776678387298400e+00,-1.433687183564854861e-01,1.796396869963958615e-02,-3.620745064701775817e-01,6.282411957129208080e-02,1.513557600388377722e+00,1.131988836640011875e-02,-1.279978227250718970e+00,7.615076971632936398e-02,-3.450229822886485831e-02,6.954144049223325297e-01,-1.206624519145415020e-01,-2.906997701249228072e+00,-2.174141866228213038e-02,2.458376056062945736e+00,-1.462581354399230538e-01,0.000000000000000000e+00,0.000000000000000000e+00,0.000000000000000000e+00,0.000000000000000000e+00,0.000000000000000000e+00,0.000000000000000000e+00,0.000000000000000000e+00
7.720000000000000195e-01,4.888060541372086371e-02,4.786390516811577234e-01,1.067272793385823371e-03,-1.869233328764331237e+00,-1.727667058931472294e-02,2.947497931451152908e+00,-1.432926408409569141e-01,1.792937787926159043e-02,-3.613773078485273960e-01,6.270314753711456190e-02,1.510643144236613722e+00,1.129809116603042868e-02,-1.277513543767526905e+00,7.600413632807617725e-02,-3.467924120317616987e-02,6.989807961340046560e-01,-1.212812620873551239e-01,-2.921906065212787951e+00,-2.185291822843662968e-02,2.470983690732673210e+00,-1.470082115458766214e-01,0.000000000000000000e+00,0.000000000000000000e+00,0.000000000000000000e+00,0.000000000000000000e+00,0.000000000000000000e+00,0.000000000000000000e+00,0.000000000000000000e+00
7.730000000000000204e-01,4.889851742256520056e-02,4.782780244565709715e-01,1.129915197423170259e-03,-1.867724149051438465e+00,-1.726538344314308346e-02,2.946221655495077307e+00,-1.432167103334245073e-01,1.789461042049701051e-02,-3.606765489748127163e-01,6.258155775797744069e-02,1.507713805383981587e+00,1.127618265802871750e-02,-1.275036274352311594e+00,7.585675415488987716e-02,-3.485557438612685299e-02,7.025348966369984183e-01,-1.218979396798903769e-01,-2.936763051089240406e+00,-2.196403353818074389e-02,2.483547876224893258e+00,-1.477557026951179520e-01,0.000000000000000000e+00,0.000000000000000000e+00,0.000000000000000000e+00,0.000000000000000000e+00,0.000000000000000000e+00,0.000000000000000000e+00,0.000000000000000000e+00
7.740000000000000213e-01,4.891639457588624340e-02,4.779176997658503567e-01,1.192435703699663146e-03,-1.866217906097288770e+00,-1.725411826097275961e-02,2.944947863083234640e+00,-1.431409275813780302e-01,1.785966693498501623e-02,-3.599722421769857572e-01,6.245935237292313258e-02,1.504769635364257674e+00,1.125416322781580547e-02,-1.272546462585912863e+00,7.570862578956033540e-02,-3.503129408201177686e-02,7.060766319421771797e-01,-1.225124717674200836e-01,-2.951568347496259292e+00,-2.207476226268775821e-02,2.496068349211263637e+00,-1.485005932212424273e-01,0.000000000000000000e+00,0.000000000000000000e+00,0.000000000000000000e+00,0.000000000000000000e+00,0.000000000000000000e+00,0.000000000000000000e+00,0.000000000000000000e+00
7.750000000000000222e-01,4.893423669796464343e-02,4.775580811507250112e-01,1.254833697684226701e-03,-1.864714614707153828e+00,-1.724287515353229577e-02,2.943676566736077582e+00,-1.430652933297067719e-01,1.782454803806059196e-02,-3.592643998574902575e-01,6.233653353391913066e-02,1.501810686022604813e+00,1.123203326314137912e-02,-1.270044152312501229e+00,7.555975384054397503e-02,-3.520639659512575514e-02,7.096059275603936456e-01,-1.231248454252145130e-01,-2.966321643051500700e+00,-2.218510207313098559e-02,2.508544846363434999e+00,-1.492428674578456516e-01,0.000000000000000000e+00,0.000000000000000000e+00,0.000000000000000000e+00,0.000000000000000000e+00,0.000000000000000000e+00,0.000000000000000000e+00,0.000000000000000000e+00
7.760000000000000231e-01,4.895204361369818319e-02,4.771991721404845177e-01,1.317108567004319358e-03,-1.863214289634302023e+00,-1.723165423116130093e-02,2.942407778930079765e+00,-1.429898083206836423e-01,1.778925434875427980e-02,-3.585530344932572611e-01,6.221310340585758936e-02,1.498837009515566976e+00,1.120979315408385246e-02,-1.267529387639572569e+00,7.541014093196332646e-02,-3.538087822976337948e-02,7.131227090025031856e-01,-1.237350477285448225e-01,-2.981022626372588746e+00,-2.229505064068357245e-02,2.520977104353050890e+00,-1.499825097385230066e-01,0.000000000000000000e+00,0.000000000000000000e+00,0.000000000000000000e+00,0.000000000000000000e+00,0.000000000000000000e+00,0.000000000000000000e+00,0.000000000000000000e+00
7.770000000000000240e-01,4.896981514860555829e-02,4.768409762519037476e-01,1.379259701458735582e-03,-1.861716945579691584e+00,-1.722045560380814494e-02,2.941141512097477317e+00,-1.429144732939496010e-01,1.775378648979244328e-02,-3.578381586357068933e-01,6.208906416655515792e-02,1.495848658311065726e+00,1.118744329305056129e-02,-1.265002212937957449e+00,7.525978970360758247e-02,-3.555473529021963008e-02,7.166269017793673868e-01,-1.243430657526822802e-01,-2.995670986077200837e+00,-2.240460563651891501e-02,2.533364859851776174e+00,-1.507195043968712067e-01,0.000000000000000000e+00,0.000000000000000000e+00,0.000000000000000000e+00,0.000000000000000000e+00,0.000000000000000000e+00,0.000000000000000000e+00,0.000000000000000000e+00
7.780000000000000249e-01,4.898755112882999252e-02,4.764834969891696970e-01,1.441286493030446286e-03,-1.860222597191656391e+00,-1.720927938102764093e-02,2.939877778626004634e+00,-1.428392889864980586e-01,1.771814508759713552e-02,-3.571197849107499156e-01,6.196441800675350775e-02,1.492845685188412652e+00,1.116498407477765908e-02,-1.262462672841810019e+00,7.510870281093245948e-02,-3.572796408078920960e-02,7.201184314018362898e-01,-1.249488865728973774e-01,-3.010266410782989510e+00,-2.251376473181027071e-02,2.545707849531250844e+00,-1.514538357664847457e-01,0.000000000000000000e+00,0.000000000000000000e+00,0.000000000000000000e+00,0.000000000000000000e+00,0.000000000000000000e+00,0.000000000000000000e+00,0.000000000000000000e+00
7.790000000000000258e-01,4.900525138114300572e-02,4.761267378438054365e-01,1.503188335899817429e-03,-1.858731259065593999e+00,-1.719812567197867223e-02,2.938616590858629252e+00,-1.427642561326590009e-01,1.768233077228605760e-02,-3.563979260187843945e-01,6.183916713011894384e-02,1.489828143238295155e+00,1.114241589633008234e-02,-1.259910812248611123e+00,7.495688292505964245e-02,-3.590056090576704273e-02,7.235972233807723697e-01,-1.255524972644617154e-01,-3.024808589107607304e+00,-2.262252559773086924e-02,2.558005810063136209e+00,-1.521854881809605597e-01,0.000000000000000000e+00,0.000000000000000000e+00,0.000000000000000000e+00,0.000000000000000000e+00,0.000000000000000000e+00,0.000000000000000000e+00,0.000000000000000000e+00
7.800000000000000266e-01,4.902291573294809135e-02,4.757707022945969477e-01,1.564964626457127778e-03,-1.857242945743658336e+00,-1.718699458542192679e-02,2.937357961093288949e+00,-1.426893754640835565e-01,1.764634417767269037e-02,-3.556725947346992545e-01,6.171331375324234925e-02,1.486796085862784444e+00,1.111973915710159910e-02,-1.257346676319174961e+00,7.480433273277778405e-02,-3.607252206944766559e-02,7.270632032270274436e-01,-1.261538849026457854e-01,-3.039297209668706756e+00,-2.273088590545402354e-02,2.570258478119075818e+00,-1.529144459738929207e-01,0.000000000000000000e+00,0.000000000000000000e+00,0.000000000000000000e+00,0.000000000000000000e+00,0.000000000000000000e+00,0.000000000000000000e+00,0.000000000000000000e+00
7.810000000000000275e-01,4.904054401228439414e-02,4.754153938075177388e-01,1.626614763315901990e-03,-1.855757671714442392e+00,-1.717588622971751369e-02,2.936101901582631069e+00,-1.426146477097282317e-01,1.761018594126616960e-02,-3.549438039078713913e-01,6.158686010563957369e-02,1.483749566775339090e+00,1.109695425881484371e-02,-1.254770310477641537e+00,7.465105493654128344e-02,-3.624384387612611391e-02,7.305162964514604340e-01,-1.267530365627211886e-01,-3.053731961083940405e+00,-2.283884332615290780e-02,2.582465590370716768e+00,-1.536406934788785428e-01,0.000000000000000000e+00,0.000000000000000000e+00,0.000000000000000000e+00,0.000000000000000000e+00,0.000000000000000000e+00,0.000000000000000000e+00,0.000000000000000000e+00
7.820000000000000284e-01,4.905813604783038767e-02,4.750608158356550148e-01,1.688138147325518590e-03,-1.854275451412673137e+00,-1.716480071282265943e-02,2.934848424533745170e+00,-1.425400735958392562e-01,1.757385670427132757e-02,-3.542115664621663385e-01,6.145980842975115599e-02,1.480688640000791700e+00,1.107406160552123348e-02,-1.252181760411477107e+00,7.449705225447142420e-02,-3.641452263009686829e-02,7.339564285649267106e-01,-1.273499393199586383e-01,-3.068112531970960788e+00,-2.294639553100089047e-02,2.594626883489723923e+00,-1.543642150295123638e-01,0.000000000000000000e+00,0.000000000000000000e+00,0.000000000000000000e+00,0.000000000000000000e+00,0.000000000000000000e+00,0.000000000000000000e+00,0.000000000000000000e+00
7.830000000000000293e-01,4.907569166890765611e-02,4.747069718191345156e-01,1.749534181584279369e-03,-1.852796299218895326e+00,-1.715373814228937643e-02,2.933597542107902356e+00,-1.424656538459368460e-01,1.753735711158877636e-02,-3.534758953959413752e-01,6.133216098094226854e-02,1.477613359875367571e+00,1.105106160360105200e-02,-1.249581072071483057e+00,7.434232742035576380e-02,-3.658455463565496446e-02,7.373835250782843076e-01,-1.279445802496297357e-01,-3.082438610947420443e+00,-2.305354019117122899e-02,2.606742094147740829e+00,-1.550849949593904320e-01,0.000000000000000000e+00,0.000000000000000000e+00,0.000000000000000000e+00,0.000000000000000000e+00,0.000000000000000000e+00,0.000000000000000000e+00,0.000000000000000000e+00
7.840000000000000302e-01,4.909321070548450239e-02,4.743538651850464638e-01,1.810802271452381651e-03,-1.851320229459160416e+00,-1.714269862526212468e-02,2.932349266420291478e+00,-1.423913891807996046e-01,1.750068781181476213e-02,-3.527368037820395319e-01,6.120392002750274507e-02,1.474523781046662485e+00,1.102795466176339362e-02,-1.246968291671778140e+00,7.418688318364830003e-02,-3.675393619709532711e-02,7.407975115023894830e-01,-1.285369464270047501e-01,-3.096709886630993225e+00,-2.316027497783718081e-02,2.618810959016428797e+00,-1.558030176021090174e-01,0.000000000000000000e+00,0.000000000000000000e+00,0.000000000000000000e+00,0.000000000000000000e+00,0.000000000000000000e+00,0.000000000000000000e+00,0.000000000000000000e+00
7.850000000000000311e-01,4.911069298817964668e-02,4.740014993473712357e-01,1.871941824564682388e-03,-1.849847256404719920e+00,-1.713168226847550102e-02,2.931103609539755350e+00,-1.423172803184488688e-01,1.746384945724118593e-02,-3.519943047677960291e-01,6.107508785064727497e-02,1.471419958473662248e+00,1.100474119104617038e-02,-1.244343465689822459e+00,7.403072230946941557e-02,-3.692266361871232583e-02,7.441983133480984947e-01,-1.291270249273550608e-01,-3.110926047639303249e+00,-2.326659756217197561e-02,2.630833214767424266e+00,-1.565182672912630579e-01,0.000000000000000000e+00,0.000000000000000000e+00,0.000000000000000000e+00,0.000000000000000000e+00,0.000000000000000000e+00,0.000000000000000000e+00,0.000000000000000000e+00
7.860000000000000320e-01,4.912813834826599418e-02,4.736498777069045873e-01,1.932952250843777975e-03,-1.848377394271708107e+00,-1.712068917825189385e-02,2.929860583488528292e+00,-1.422433279741330825e-01,1.742684270385583267e-02,-3.512484115750329483e-01,6.094566674451520893e-02,1.468301947426735587e+00,1.098142160481610508e-02,-1.241706640866393485e+00,7.387384757860579465e-02,-3.709073320480094083e-02,7.475858561262640478e-01,-1.297148028259518249e-01,-3.125086782590020817e+00,-2.337250561534895410e-02,2.642808598072388548e+00,-1.572307283604481576e-01,0.000000000000000000e+00,0.000000000000000000e+00,0.000000000000000000e+00,0.000000000000000000e+00,0.000000000000000000e+00,0.000000000000000000e+00,0.000000000000000000e+00
7.870000000000000329e-01,4.914554661767426419e-02,4.732990036511828258e-01,1.993832962512813445e-03,-1.846910657220834251e+00,-1.710971946049916897e-02,2.928620200241971894e+00,-1.421695328603119202e-01,1.738966821134202423e-02,-3.504991375000623410e-01,6.081565901617086434e-02,1.465169803487629707e+00,1.095799631876880065e-02,-1.239057864205602932e+00,7.371626178751067293e-02,-3.725814125965609680e-02,7.509600653477503940e-01,-1.303002671980664218e-01,-3.139191780100812679e+00,-2.347799680854134596e-02,2.654736845602972295e+00,-1.579403851432610306e-01,0.000000000000000000e+00,0.000000000000000000e+00,0.000000000000000000e+00,0.000000000000000000e+00,0.000000000000000000e+00,0.000000000000000000e+00,0.000000000000000000e+00
7.880000000000000338e-01,4.916291762899671625e-02,4.729488805544092012e-01,2.054583374108548410e-03,-1.845447059357069319e+00,-1.709877322070831387e-02,2.927382471728310342e+00,-1.420958956866409106e-01,1.735232664307882755e-02,-3.497464959136857843e-01,6.068506698560285906e-02,1.462023582549474732e+00,1.093446575092862222e-02,-1.236397182974886988e+00,7.355796774830353213e-02,-3.742488408757232987e-02,7.543208665234084620e-01,-1.308834051189686765e-01,-3.153240728789299396e+00,-2.358306881292243640e-02,2.666617694030819052e+00,-1.586472219732957267e-01,0.000000000000000000e+00,0.000000000000000000e+00,0.000000000000000000e+00,0.000000000000000000e+00,0.000000000000000000e+00,0.000000000000000000e+00,0.000000000000000000e+00
7.890000000000000346e-01,4.918025121549082779e-02,4.725995117773782450e-01,2.115202902494117687e-03,-1.843986614729336226e+00,-1.708785056395114438e-02,2.926147409828370627e+00,-1.420224171599555885e-01,1.731481866614107551e-02,-3.489905002611937146e-01,6.055389298572483314e-02,1.458863340816786369e+00,1.091083032164881506e-02,-1.233724644705018747e+00,7.339896828877040535e-02,-3.759095799284462025e-02,7.576681851640962861e-01,-1.314642036639310785e-01,-3.167233317273161930e+00,-2.368771929966551060e-02,2.678450880027593684e+00,-1.593512231841496263e-01,0.000000000000000000e+00,0.000000000000000000e+00,0.000000000000000000e+00,0.000000000000000000e+00,0.000000000000000000e+00,0.000000000000000000e+00,0.000000000000000000e+00
7.900000000000000355e-01,4.919754721108300644e-02,4.722509006674028842e-01,2.175690966872055598e-03,-1.842529337330198302e+00,-1.707695159487795933e-02,2.924915026375317861e+00,-1.419490979842558398e-01,1.727714495129925587e-02,-3.482311640623656501e-01,6.042213936237519900e-02,1.455689134805457918e+00,1.088709045361144212e-02,-1.231040297190085120e+00,7.323926625236371057e-02,-3.775635927976761508e-02,7.610019467806701243e-01,-1.320426499082236749e-01,-3.181169234170045712e+00,-2.379194593994379825e-02,2.690236140264936182e+00,-1.600523731094170010e-01,0.000000000000000000e+00,0.000000000000000000e+00,0.000000000000000000e+00,0.000000000000000000e+00,0.000000000000000000e+00,0.000000000000000000e+00,0.000000000000000000e+00
7.910000000000000364e-01,4.921480545037223986e-02,4.719030505582384460e-01,2.236046988797153745e-03,-1.841075241095545989e+00,-1.706607641771519870e-02,2.923685333154390165e+00,-1.418759388606902760e-01,1.723930617301955986e-02,-3.474685009114704126e-01,6.028980847431689161e-02,1.452501021342768261e+00,1.086324657182738407e-02,-1.228344188487517030e+00,7.307886449820227837e-02,-3.792108425263623905e-02,7.643220768839844581e-01,-1.326187309271180670e-01,-3.195048168097599728e+00,-2.389574640493052904e-02,2.701973211414493647e+00,-1.607506560826943431e-01,0.000000000000000000e+00,0.000000000000000000e+00,0.000000000000000000e+00,0.000000000000000000e+00,0.000000000000000000e+00,0.000000000000000000e+00,0.000000000000000000e+00
7.920000000000000373e-01,4.923202576863389829e-02,4.715559647700087176e-01,2.296270392189513065e-03,-1.839624339904287753e+00,-1.705522513626313644e-02,2.922458341902635315e+00,-1.418029404875406074e-01,1.720130300946390994e-02,-3.467025244772652393e-01,6.015690269323770156e-02,1.449299057567380089e+00,1.083929910363630456e-02,-1.225636366918062770e+00,7.291776590107124090e-02,-3.808512921574513932e-02,7.676285009849017626e-01,-1.331924337958849680e-01,-3.208869807673487173e+00,-2.399911836579909918e-02,2.713661830147938048e+00,-1.614460564375770346e-01,0.000000000000000000e+00,0.000000000000000000e+00,0.000000000000000000e+00,0.000000000000000000e+00,0.000000000000000000e+00,0.000000000000000000e+00,0.000000000000000000e+00
7.930000000000000382e-01,4.924920800182332886e-02,4.712096466091314495e-01,2.356360603347366911e-03,-1.838176647578035894e+00,-1.704439785389353160e-02,2.921234064308650513e+00,-1.417301035602058223e-01,1.716313614248991121e-02,-3.459332485029977811e-01,6.002342440375016408e-02,1.446083300929333681e+00,1.081524847870675432e-02,-1.222916881065803985e+00,7.275597335142214295e-02,-3.824849047338924057e-02,7.709211445942729668e-01,-1.337637455897957572e-01,-3.222633841515364139e+00,-2.410205949372273837e-02,2.725301733136905824e+00,-1.621385585076604574e-01,0.000000000000000000e+00,0.000000000000000000e+00,0.000000000000000000e+00,0.000000000000000000e+00,0.000000000000000000e+00,0.000000000000000000e+00,0.000000000000000000e+00
7.940000000000000391e-01,4.926635198657955406e-02,4.708640993682442488e-01,2.416317050959911061e-03,-1.836732177880799455e+00,-1.703359467354732815e-02,2.920012512012318151e+00,-1.416574287711867275e-01,1.712480625765084447e-02,-3.451606868064038824e-01,5.988937600339128142e-02,1.442853809190056680e+00,1.079109512903610874e-02,-1.220185779778146795e+00,7.259348975537288640e-02,-3.841116432986318996e-02,7.741999332229561048e-01,-1.343326533841209258e-01,-3.236339958240868953e+00,-2.420456745987464853e-02,2.736892657053054734e+00,-1.628281466265413258e-01,0.000000000000000000e+00,0.000000000000000000e+00,0.000000000000000000e+00,0.000000000000000000e+00,0.000000000000000000e+00,0.000000000000000000e+00,0.000000000000000000e+00
7.950000000000000400e-01,4.928345756022904645e-02,4.705193263261294723e-01,2.476139166120543134e-03,-1.835290944518668699e+00,-1.702281569773229225e-02,2.918793696604538468e+00,-1.415849168100701272e-01,1.708631404419579808e-02,-3.443848532797084694e-01,5.975475990262321679e-02,1.439610640422350762e+00,1.076683948895054005e-02,-1.217443112165828900e+00,7.243031803470817431e-02,-3.857314708946169013e-02,7.774647923818065465e-01,-1.348991442541320751e-01,-3.249987846467657704e+00,-2.430663993542811485e-02,2.748434338568024771e+00,-1.635148051278141335e-01,0.000000000000000000e+00,0.000000000000000000e+00,0.000000000000000000e+00,0.000000000000000000e+00,0.000000000000000000e+00,0.000000000000000000e+00,0.000000000000000000e+00
7.960000000000000409e-01,4.930052456078934386e-02,4.701753307476400634e-01,2.535826382339380347e-03,-1.833852961139505799e+00,-1.701206102852070509e-02,2.917577629626972424e+00,-1.415125683635131970e-01,1.704766019506944591e-02,-3.436057618896259935e-01,5.961957852483262821e-02,1.436353853010412962e+00,1.074248199510505208e-02,-1.214688927602918689e+00,7.226646112687856727e-02,-3.873443505647983232e-02,7.807156475816841024e-01,-1.354632052750996962e-01,-3.263577194813404247e+00,-2.440827459155647805e-02,2.759926514353484350e+00,-1.641985183450751506e-01,0.000000000000000000e+00,0.000000000000000000e+00,0.000000000000000000e+00,0.000000000000000000e+00,0.000000000000000000e+00,0.000000000000000000e+00,0.000000000000000000e+00
7.970000000000000417e-01,4.931755282697279641e-02,4.698321158836251676e-01,2.595378135556485055e-03,-1.832418241332634645e+00,-1.700133076754703487e-02,2.916364322571773915e+00,-1.414403841152278851e-01,1.700884540691224162e-02,-3.428234266773613204e-01,5.948383430633091828e-02,1.433083505649811684e+00,1.071802308648350799e-02,-1.211923275726809024e+00,7.210192198500153804e-02,-3.889502453521209713e-02,7.839524243334432541e-01,-1.360248235222958346e-01,-3.277107691895746910e+00,-2.450946909943296781e-02,2.771368921081073466e+00,-1.648792706119202034e-01,0.000000000000000000e+00,0.000000000000000000e+00,0.000000000000000000e+00,0.000000000000000000e+00,0.000000000000000000e+00,0.000000000000000000e+00,0.000000000000000000e+00
7.980000000000000426e-01,4.933454219819022324e-02,4.694896849708550257e-01,2.654793864154715577e-03,-1.830986798628523982e+00,-1.699062501600558800e-02,2.915153786881326425e+00,-1.413683647459651471e-01,1.696987038006034926e-02,-3.420378617586055103e-01,5.934752969635437303e-02,1.429799657347502695e+00,1.069346320439856779e-02,-1.209146206438220794e+00,7.193670357786052794e-02,-3.905491182995363131e-02,7.871750481479420358e-01,-1.365839860709905373e-01,-3.290579026332345336e+00,-2.461022113023084157e-02,2.782761295422449876e+00,-1.655570462619451177e-01,0.000000000000000000e+00,0.000000000000000000e+00,0.000000000000000000e+00,0.000000000000000000e+00,0.000000000000000000e+00,0.000000000000000000e+00,0.000000000000000000e+00
7.990000000000000435e-01,4.935149251455465957e-02,4.691480412319475879e-01,2.714073008972604784e-03,-1.829558646498483876e+00,-1.697994387464820190e-02,2.913946033947983238e+00,-1.412965109334992642e-01,1.693073581854559473e-02,-3.412490813235409259e-01,5.921066715706352346e-02,1.426502367421825568e+00,1.066880279249170227e-02,-1.206357769901202026e+00,7.177080888990539087e-02,-3.921409324499885996e-02,7.903834445360340411e-01,-1.371406799964556278e-01,-3.303990886740852062e+00,-2.471052835512344004e-02,2.794103374049260680e+00,-1.662318296287448316e-01,0.000000000000000000e+00,0.000000000000000000e+00,0.000000000000000000e+00,0.000000000000000000e+00,0.000000000000000000e+00,0.000000000000000000e+00,0.000000000000000000e+00
8.000000000000000444e-01,4.936840361688496492e-02,4.688071878752927413e-01,2.773215013317294197e-03,-1.828133798354348194e+00,-1.696928744378191356e-02,2.912741075113800981e+00,-1.412248233526123831e-01,1.689144243009547963e-02,-3.404570996368381230e-01,5.907324916354400601e-02,1.423191695502493026e+00,1.064404229673321378e-02,-1.203558016543134102e+00,7.160424092125278195e-02,-3.937256508464270777e-02,7.935775390085781922e-01,-1.376948923739613750e-01,-3.317342961738916074e+00,-2.481038844528393739e-02,2.805394893633149422e+00,-1.669036050459153930e-01,0.000000000000000000e+00,0.000000000000000000e+00,0.000000000000000000e+00,0.000000000000000000e+00,0.000000000000000000e+00,0.000000000000000000e+00,0.000000000000000000e+00
8.010000000000000453e-01,4.938527534670963948e-02,4.684671280949787020e-01,2.832219322977475029e-03,-1.826712267548166180e+00,-1.695865582326661070e-02,2.911538921670276281e+00,-1.411533026750785846e-01,1.685199092613334781e-02,-3.396619310376582934e-01,5.893527820380639604e-02,1.419867701530607818e+00,1.061918216542230564e-02,-1.200746997054726428e+00,7.143700268768565786e-02,-3.953032365317993291e-02,7.967572570764271944e-01,-1.382466102787791584e-01,-3.330634939944189910e+00,-2.490979907188561882e-02,2.816635590845780968e+00,-1.675723568470526281e-01,0.000000000000000000e+00,0.000000000000000000e+00,0.000000000000000000e+00,0.000000000000000000e+00,0.000000000000000000e+00,0.000000000000000000e+00,0.000000000000000000e+00
8.020000000000000462e-01,4.940210754627039069e-02,4.681278650707176858e-01,2.891085386236343091e-03,-1.825294067371890483e+00,-1.694804911251273499e-02,2.910339584858085527e+00,-1.410819495696483405e-01,1.681238202177806618e-02,-3.388635899396499340e-01,5.879675677878565265e-02,1.416530445758660051e+00,1.059422284918689477e-02,-1.197924762390008446e+00,7.126909722065283281e-02,-3.968736525490529354e-02,7.999225242504435229e-01,-1.387958207861799131e-01,-3.343866509974336765e+00,-2.500875790610176952e-02,2.827825202358805967e+00,-1.682380693657521409e-01,0.000000000000000000e+00,0.000000000000000000e+00,0.000000000000000000e+00,0.000000000000000000e+00,0.000000000000000000e+00,0.000000000000000000e+00,0.000000000000000000e+00
8.030000000000000471e-01,4.941890005852596357e-02,4.677894019677705795e-01,2.949812653884428815e-03,-1.823879211057064520e+00,-1.693746741047891941e-02,2.909143075866819306e+00,-1.410107647020329147e-01,1.677261643584435080e-02,-3.380620908309521777e-01,5.865768740234150735e-02,1.413179988750515648e+00,1.056916480098384764e-02,-1.195091363766351833e+00,7.110052756727025525e-02,-3.984368619411365886e-02,8.030732660414789947e-01,-1.393425109714350185e-01,-3.357037360447002072e+00,-2.510726261910567469e-02,2.838963464843875073e+00,-1.689007269356095353e-01,0.000000000000000000e+00,0.000000000000000000e+00,0.000000000000000000e+00,0.000000000000000000e+00,0.000000000000000000e+00,0.000000000000000000e+00,0.000000000000000000e+00
8.040000000000000480e-01,4.943565272715569336e-02,4.674517419368726667e-01,3.008400579232649308e-03,-1.822467711774513166e+00,-1.692691081566968792e-02,2.907949405834715506e+00,-1.409397487348884870e-01,1.673269489084258654e-02,-3.372574482741910185e-01,5.851807260125832522e-02,1.409816391381414569e+00,1.054400847609870961e-02,-1.192246852664441192e+00,7.093129679032006418e-02,-3.999928277509973151e-02,8.062094079603934205e-01,-1.398866679098154098e-01,-3.370147179979849028e+00,-2.520531088207067505e-02,2.850050114972631832e+00,-1.695603138902201934e-01,0.000000000000000000e+00,0.000000000000000000e+00,0.000000000000000000e+00,0.000000000000000000e+00,0.000000000000000000e+00,0.000000000000000000e+00,0.000000000000000000e+00
8.050000000000000488e-01,4.945236539656330810e-02,4.671148881141600206e-01,3.066848618125145309e-03,-1.821059582634030338e+00,-1.691637942613310325e-02,2.906758585848404408e+00,-1.408689023278008046e-01,1.669261811297877152e-02,-3.364496769064844184e-01,5.837791491524563225e-02,1.406439714837992128e+00,1.051875433214598948e-02,-1.189391280828299813e+00,7.076140796825031165e-02,-4.015415130215832518e-02,8.093308755180403935e-01,-1.404282786765918001e-01,-3.383195657190523065e+00,-2.530290036616983373e-02,2.861084889416734001e+00,-1.702168145631803853e-01,0.000000000000000000e+00,0.000000000000000000e+00,0.000000000000000000e+00,0.000000000000000000e+00,0.000000000000000000e+00,0.000000000000000000e+00,0.000000000000000000e+00
8.060000000000000497e-01,4.946903791188062699e-02,4.667788436210936753e-01,3.125156228952249982e-03,-1.819654836684065913e+00,-1.690587333945846316e-02,2.905570626942637347e+00,-1.407982261372691668e-01,1.665238683215478077e-02,-3.356387914394385330e-01,5.823721689693725501e-02,1.403050020618269222e+00,1.049340282906893740e-02,-1.186524700265279009e+00,7.059086419517635047e-02,-4.030828807958430904e-02,8.124375942252779481e-01,-1.409673303470357908e-01,-3.396182480696690931e+00,-2.540002874257665799e-02,2.872067524847835784e+00,-1.708702132880854929e-01,0.000000000000000000e+00,0.000000000000000000e+00,0.000000000000000000e+00,0.000000000000000000e+00,0.000000000000000000e+00,0.000000000000000000e+00,0.000000000000000000e+00
8.070000000000000506e-01,4.948567011897114093e-02,4.664436115643862957e-01,3.183322872663305048e-03,-1.818253486911419081e+00,-1.689539265277394467e-02,2.904385540100029139e+00,-1.407277208166910210e-01,1.661200178196806099e-02,-3.348248066591470451e-01,5.809598111189184788e-02,1.399647370531631019e+00,1.046795442913965590e-02,-1.183647163246051903e+00,7.041966858087900238e-02,-4.046168941167233024e-02,8.155294895929641186e-01,-1.415038099964180951e-01,-3.409107339115983848e+00,-2.549669368246432199e-02,2.882997757937580730e+00,-1.715204943985311203e-01,0.000000000000000000e+00,0.000000000000000000e+00,0.000000000000000000e+00,0.000000000000000000e+00,0.000000000000000000e+00,0.000000000000000000e+00,0.000000000000000000e+00
8.080000000000000515e-01,4.950226186443382193e-02,4.661091950359270708e-01,3.241348012779775301e-03,-1.816855546240921937e+00,-1.688493746274429691e-02,2.903203336250789413e+00,-1.406573870163461970e-01,1.657146369971183864e-02,-3.340077374261956056e-01,5.795421013859305970e-02,1.396231826698858924e+00,1.044240959695912074e-02,-1.180758722304629416e+00,7.024782425080627890e-02,-4.061435160271731348e-02,8.186064871319533864e-01,-1.420377047000098703e-01,-3.421969921066082776e+00,-2.559289285700602767e-02,2.893875325357633699e+00,-1.721676422281137597e-01,0.000000000000000000e+00,0.000000000000000000e+00,0.000000000000000000e+00,0.000000000000000000e+00,0.000000000000000000e+00,0.000000000000000000e+00,0.000000000000000000e+00
8.090000000000000524e-01,4.951881299560682154e-02,4.657755971127072736e-01,3.299231115408078618e-03,-1.815461027535129723e+00,-1.687450786556848881e-02,2.902024026272464141e+00,-1.405872253833811425e-01,1.653077332637488406e-02,-3.331875986756556163e-01,5.781190656844872877e-02,1.392803451552114602e+00,1.041676879945703516e-02,-1.177859430238336280e+00,7.007533434607193801e-02,-4.076627095701396142e-02,8.216685123531002333e-01,-1.425690015330813853e-01,-3.434769915164622489e+00,-2.568862393737508798e-02,2.904699963779616922e+00,-1.728116411104279049e-01,0.000000000000000000e+00,0.000000000000000000e+00,0.000000000000000000e+00,0.000000000000000000e+00,0.000000000000000000e+00,0.000000000000000000e+00,0.000000000000000000e+00
8.100000000000000533e-01,4.953532336057106522e-02,4.654428208567460423e-01,3.356971649252395162e-03,-1.814069943594010859e+00,-1.686410395697742273e-02,2.900847620989670084e+00,-1.405172365617935182e-01,1.648993140664194168e-02,-3.323644054170913353e-01,5.766907300579193763e-02,1.389362307834940857e+00,1.039103250589203109e-02,-1.174949340107843909e+00,6.990220202345664990e-02,-4.091744377885703221e-02,8.247154907672653579e-01,-1.430976875709053520e-01,-3.447507010029262631e+00,-2.578388459474487138e-02,2.915471409875220132e+00,-1.734524753790696039e-01,0.000000000000000000e+00,0.000000000000000000e+00,0.000000000000000000e+00,0.000000000000000000e+00,0.000000000000000000e+00,0.000000000000000000e+00,0.000000000000000000e+00
8.110000000000000542e-01,4.955179280815406179e-02,4.651108693150153295e-01,3.414569085627774947e-03,-1.812682307154635186e+00,-1.685372583223155793e-02,2.899674131173831437e+00,-1.404474211924162108e-01,1.644893868889321653e-02,-3.315381727345529939e-01,5.752571206788023583e-02,1.385908458602260751e+00,1.036520118785149575e-02,-1.172028505237137530e+00,6.972843045540716433e-02,-4.106786637254128403e-02,8.277473478853032418e-01,-1.436237498887513730e-01,-3.460180894277659291e+00,-2.587867250028855204e-02,2.926189400316069111e+00,-1.740901293676351269e-01,0.000000000000000000e+00,0.000000000000000000e+00,0.000000000000000000e+00,0.000000000000000000e+00,0.000000000000000000e+00,0.000000000000000000e+00,0.000000000000000000e+00
8.120000000000000551e-01,4.956822118793349774e-02,4.647797455193661831e-01,3.472022898472940100e-03,-1.811298130890859559e+00,-1.684337358611860333e-02,2.898503567542916493e+00,-1.403777799129019843e-01,1.640779592520480445e-02,-3.307089157865827911e-01,5.738182638489602860e-02,1.382441967220386481e+00,1.033927531925167564e-02,-1.169096979213539278e+00,6.955402283003681019e-02,-4.121753504236158605e-02,8.307640092180683666e-01,-1.441471755618908279e-01,-3.472791256527454351e+00,-2.597298532517933189e-02,2.936853671773825170e+00,-1.747245874097189677e-01,0.000000000000000000e+00,0.000000000000000000e+00,0.000000000000000000e+00,0.000000000000000000e+00,0.000000000000000000e+00,0.000000000000000000e+00,0.000000000000000000e+00
8.130000000000000560e-01,4.958460835024103286e-02,4.644494524864536955e-01,3.529332564363427127e-03,-1.809917427413021418e+00,-1.683304731295118262e-02,2.897335940761174289e+00,-1.403083133577075203e-01,1.636650387134837292e-02,-3.298766498062088992e-01,5.723741859994635472e-02,1.378962897367001617e+00,1.031325537633762807e-02,-1.166154815887694873e+00,6.937898235112532896e-02,-4.136644609261280747e-02,8.337654002764240957e-01,-1.446679516655950959e-01,-3.485337785396325216e+00,-2.606682074059069043e-02,2.947463960920142512e+00,-1.753558338389182847e-01,0.000000000000000000e+00,0.000000000000000000e+00,0.000000000000000000e+00,0.000000000000000000e+00,0.000000000000000000e+00,0.000000000000000000e+00,0.000000000000000000e+00
8.140000000000000568e-01,4.960095414616592924e-02,4.641199932176628407e-01,3.586497562524076921e-03,-1.808540209267623267e+00,-1.682274710656452704e-02,2.896171261438873490e+00,-1.402390221580779583e-01,1.632506328679134144e-02,-3.290413901009514586e-01,5.709249136906280331e-02,1.375471313031180642e+00,1.028714183768325574e-02,-1.163202069373577174e+00,6.920331223811870824e-02,-4.151459582758948441e-02,8.367514465712195815e-01,-1.451860652751348901e-01,-3.497820169501903109e+00,-2.616017641769569080e-02,2.958020004426661131e+00,-1.759838529888277936e-01,0.000000000000000000e+00,0.000000000000000000e+00,0.000000000000000000e+00,0.000000000000000000e+00,0.000000000000000000e+00,0.000000000000000000e+00,0.000000000000000000e+00
8.150000000000000577e-01,4.961725842755872889e-02,4.637913706990336449e-01,3.643517374842392131e-03,-1.807166488937023363e+00,-1.681247306031412314e-02,2.895009540132034154e+00,-1.401699069420311028e-01,1.628347493469685381e-02,-3.282031520528170265e-01,5.694704736120231869e-02,1.371967278513379185e+00,1.026093518419129297e-02,-1.160238794048497724e+00,6.902701572612962577e-02,-4.166198055158659708e-02,8.397220736133128582e-01,-1.457015034657820340e-01,-3.510238097461858331e+00,-2.625305002766772922e-02,2.968521538965045892e+00,-1.766086291930433205e-01,0.000000000000000000e+00,0.000000000000000000e+00,0.000000000000000000e+00,0.000000000000000000e+00,0.000000000000000000e+00,0.000000000000000000e+00,0.000000000000000000e+00
8.160000000000000586e-01,4.963352104703504242e-02,4.634635879011868020e-01,3.700391485881311671e-03,-1.805796278839123747e+00,-1.680222526707337780e-02,2.893850787342169273e+00,-1.401009683343419077e-01,1.624173958192372258e-02,-3.273619511183052389e-01,5.680108925824589594e-02,1.368450858425433125e+00,1.023463589909326399e-02,-1.157265044553078326e+00,6.885009606593661680e-02,-4.180859656889890363e-02,8.426772069135646248e-01,-1.462142533128063526e-01,-3.522591257893832761e+00,-2.634543924167997986e-02,2.978968301206936786e+00,-1.772301467851609136e-01,0.000000000000000000e+00,0.000000000000000000e+00,0.000000000000000000e+00,0.000000000000000000e+00,0.000000000000000000e+00,0.000000000000000000e+00,0.000000000000000000e+00
8.170000000000000595e-01,4.964974185797915718e-02,4.631366477792495107e-01,3.757119382892019910e-03,-1.804429591327058269e+00,-1.679200381923131105e-02,2.892695013516019653e+00,-1.400322069565266558e-01,1.619985799902651236e-02,-3.265178028284003720e-01,5.665461975499949676e-02,1.364922117690562153e+00,1.020824446794951074e-02,-1.154280875791291905e+00,6.867255652398546184e-02,-4.195444018382110674e-02,8.456167719828258100e-01,-1.467243018914798913e-01,-3.534879339415496702e+00,-2.643734173090583894e-02,2.989360027823991572e+00,-1.778483900987757327e-01,0.000000000000000000e+00,0.000000000000000000e+00,0.000000000000000000e+00,0.000000000000000000e+00,0.000000000000000000e+00,0.000000000000000000e+00,0.000000000000000000e+00
8.180000000000000604e-01,4.966592071454777740e-02,4.628105532727807558e-01,3.813700555826970984e-03,-1.803066438688883499e+00,-1.678180880869022118e-02,2.891542229045289236e+00,-1.399636234268273327e-01,1.615783096025545651e-02,-3.256707227885793365e-01,5.650764155919396625e-02,1.361381121543362660e+00,1.018176137864928998e-02,-1.151286342930416318e+00,6.849440038238746586e-02,-4.209950770064790904e-02,8.485406943319580009e-01,-1.472316362770726972e-01,-3.547102030644474269e+00,-2.652875516651845289e-02,2.999696455487850244e+00,-1.784633434674833818e-01,0.000000000000000000e+00,0.000000000000000000e+00,0.000000000000000000e+00,0.000000000000000000e+00,0.000000000000000000e+00,0.000000000000000000e+00,0.000000000000000000e+00
8.190000000000000613e-01,4.968205747167364628e-02,4.624853073056965913e-01,3.870134497352926972e-03,-1.801706833147263875e+00,-1.677164032686335321e-02,2.890392444266384864e+00,-1.398952183601960275e-01,1.611565924355648494e-02,-3.248207266788063485e-01,5.636015739148453330e-02,1.357827935529830832e+00,1.015518712141064150e-02,-1.148281501401076099e+00,6.831563093892090155e-02,-4.224379542367440177e-02,8.514488994718139026e-01,-1.477362435448568156e-01,-3.559259020198449974e+00,-2.661967721969116241e-02,3.009977320870184769e+00,-1.790749912248803533e-01,0.000000000000000000e+00,0.000000000000000000e+00,0.000000000000000000e+00,0.000000000000000000e+00,0.000000000000000000e+00,0.000000000000000000e+00,0.000000000000000000e+00
8.200000000000000622e-01,4.969815198506940396e-02,4.621609127861958655e-01,3.926420702863690770e-03,-1.800350786859163499e+00,-1.676149846467255705e-02,2.889245669460148491e+00,-1.398269923682791405e-01,1.607334363057127957e-02,-3.239678302535353716e-01,5.621216998545178201e-02,1.354262625507320905e+00,1.012852218878035337e-02,-1.145266406897214040e+00,6.813625150703034317e-02,-4.238729965719528758e-02,8.543413129132533257e-01,-1.482381107701029599e-01,-3.571349996695069251e+00,-2.671010556159728044e-02,3.020202360642642248e+00,-1.796833177045620289e-01,0.000000000000000000e+00,0.000000000000000000e+00,0.000000000000000000e+00,0.000000000000000000e+00,0.000000000000000000e+00,0.000000000000000000e+00,0.000000000000000000e+00
8.210000000000000631e-01,4.971420411123110561e-02,4.618373726066858920e-01,3.982558670493088759e-03,-1.798998311915532611e+00,-1.675138331254598725e-02,2.888101914851599172e+00,-1.397589460594018951e-01,1.603088490663716337e-02,-3.231120493417092288e-01,5.606368208760018068e-02,1.350685257644586912e+00,1.010176707563413545e-02,-1.142241115376102734e+00,6.795626541582655555e-02,-4.253001670550510260e-02,8.572178601671271991e-01,-1.487372250280820651e-01,-3.583374648751977531e+00,-2.680003786340992566e-02,3.030371311476859120e+00,-1.802883072401233466e-01,0.000000000000000000e+00,0.000000000000000000e+00,0.000000000000000000e+00,0.000000000000000000e+00,0.000000000000000000e+00,0.000000000000000000e+00,0.000000000000000000e+00
8.220000000000000639e-01,4.973021370744201003e-02,4.615146896437076762e-01,4.038547901127953477e-03,-1.797649420340997395e+00,-1.674129496041575418e-02,2.886961190609664829e+00,-1.396910800385525175e-01,1.598828386078722519e-02,-3.222533998467598249e-01,5.591469645735946958e-02,1.347095898421758697e+00,1.007492227917650834e-02,-1.139205683058347240e+00,6.777567601008688269e-02,-4.267194287289871601e-02,8.600784667442979980e-01,-1.492335733940650666e-01,-3.595332664986823801e+00,-2.688947179630246653e-02,3.040483910044496696e+00,-1.808899441651603546e-01,0.000000000000000000e+00,0.000000000000000000e+00,0.000000000000000000e+00,0.000000000000000000e+00,0.000000000000000000e+00,0.000000000000000000e+00,0.000000000000000000e+00
8.230000000000000648e-01,4.974618063177625726e-02,4.611928667578616414e-01,4.094387898421009142e-03,-1.796304124093548893e+00,-1.673123349771558910e-02,2.885823506846922459e+00,-1.396233949073666103e-01,1.594554128575023655e-02,-3.213918977466085902e-01,5.576521586708413358e-02,1.343494614630347250e+00,1.004798829894076873e-02,-1.136160166427877982e+00,6.759448665025519221e-02,-4.281307446367110803e-02,8.629230581556193158e-01,-1.497271429433231216e-01,-3.607223734017289019e+00,-2.697840503144816049e-02,3.050539893017205628e+00,-1.814882128132693229e-01,0.000000000000000000e+00,0.000000000000000000e+00,0.000000000000000000e+00,0.000000000000000000e+00,0.000000000000000000e+00,0.000000000000000000e+00,0.000000000000000000e+00
8.240000000000000657e-01,4.976210474310254622e-02,4.608719067937327996e-01,4.150078168803729428e-03,-1.794962435064229034e+00,-1.672119901337853348e-02,2.884688873619333904e+00,-1.395558912641114702e-01,1.590265797795065161e-02,-3.205275590936662589e-01,5.561524310205331889e-02,1.339881473373251808e+00,1.002096563678912117e-02,-1.133104622231954295e+00,6.741270071244132023e-02,-4.295340778211692578e-02,8.657515599119500749e-01,-1.502179207511273873e-01,-3.619047544460993748e+00,-2.706683524002040375e-02,3.060538997066640121e+00,-1.820830975180458555e-01,0.000000000000000000e+00,0.000000000000000000e+00,0.000000000000000000e+00,0.000000000000000000e+00,0.000000000000000000e+00,0.000000000000000000e+00,0.000000000000000000e+00
8.250000000000000666e-01,4.977798590108789556e-02,4.605518125798169771e-01,4.205618221499438092e-03,-1.793624365076822880e+00,-1.671119159583461106e-02,2.883557300925980282e+00,-1.394885697036706285e-01,1.585963473750867658e-02,-3.196604000148328684e-01,5.546478096047069428e-02,1.336256542064748309e+00,9.993854796912525484e-03,-1.130039107481162652e+00,6.723032158842240369e-02,-4.309293913253098296e-02,8.685638975241438686e-01,-1.507058938927490210e-01,-3.630803784935622502e+00,-2.715476009319225947e-02,3.070480958864450827e+00,-1.826745826130848904e-01,0.000000000000000000e+00,0.000000000000000000e+00,0.000000000000000000e+00,0.000000000000000000e+00,0.000000000000000000e+00,0.000000000000000000e+00,0.000000000000000000e+00
8.260000000000000675e-01,4.979382396620124496e-02,4.602325869284455417e-01,4.261007568536069601e-03,-1.792289925887544655e+00,-1.670121133300846855e-02,2.882428798708801310e+00,-1.394214308175277528e-01,1.581647236824015867e-02,-3.187904367114962056e-01,5.531383225346486743e-02,1.332619888430498278e+00,9.966656285830814699e-03,-1.126963679449418443e+00,6.704735268564065986e-02,-4.323166481920792670e-02,8.713599965030587313e-01,-1.511910494434585139e-01,-3.642492144058813608e+00,-2.724217726213704061e-02,3.080365515082274186e+00,-1.832626524319822536e-01,0.000000000000000000e+00,0.000000000000000000e+00,0.000000000000000000e+00,0.000000000000000000e+00,0.000000000000000000e+00,0.000000000000000000e+00,0.000000000000000000e+00
8.270000000000000684e-01,4.980961879971723683e-02,4.599142326357110733e-01,4.316245724759089353e-03,-1.790959129184728216e+00,-1.669125831231709281e-02,2.881303376852332399e+00,-1.393544751937514092e-01,1.577317167765675265e-02,-3.179176854595346935e-01,5.516239980508896856e-02,1.328971580507542605e+00,9.939370612392625648e-03,-1.123878395673968633e+00,6.686379742720588437e-02,-4.336958114644273721e-02,8.741397823595518091e-01,-1.516733744785276894e-01,-3.654112310448208945e+00,-2.732908441802814337e-02,3.090192402391789273e+00,-1.838472913083348814e-01,0.000000000000000000e+00,0.000000000000000000e+00,0.000000000000000000e+00,0.000000000000000000e+00,0.000000000000000000e+00,0.000000000000000000e+00,0.000000000000000000e+00
8.280000000000000693e-01,4.982537026371981759e-02,4.595967524813934224e-01,4.371332207844615125e-03,-1.789631986588513524e+00,-1.668133262066744116e-02,2.880181045183437316e+00,-1.392877034169791584e-01,1.572973347696569879e-02,-3.170421626093151701e-01,5.501048645232131662e-02,1.325311686644308651e+00,9.911998287775385108e-03,-1.120783313955381111e+00,6.667965925189367482e-02,-4.350668441853017265e-02,8.769031806044766952e-01,-1.521528560732272606e-01,-3.665663972721496577e+00,-2.741547923203871417e-02,3.099961357464628975e+00,-1.844284835757366015e-01,0.000000000000000000e+00,0.000000000000000000e+00,0.000000000000000000e+00,0.000000000000000000e+00,0.000000000000000000e+00,0.000000000000000000e+00,0.000000000000000000e+00
8.290000000000000702e-01,4.984107822110604713e-02,4.592801492288843823e-01,4.426266538312080556e-03,-1.788308509650536005e+00,-1.667143434445412728e-02,2.879061813471050613e+00,-1.392211160684019289e-01,1.568615858106993388e-02,-3.161638845856922231e-01,5.485809504506417023e-02,1.321640275500597816e+00,9.884539825485441633e-03,-1.117678492357559783e+00,6.649494161414604143e-02,-4.364297093976482467e-02,8.796501167486923123e-01,-1.526294813028277186e-01,-3.677146819496293517e+00,-2.750135937534203823e-02,3.109672116972447498e+00,-1.850062135677841280e-01,0.000000000000000000e+00,0.000000000000000000e+00,0.000000000000000000e+00,0.000000000000000000e+00,0.000000000000000000e+00,0.000000000000000000e+00,0.000000000000000000e+00
8.300000000000000711e-01,4.985674253558971397e-02,4.589644256251140808e-01,4.481048239537398226e-03,-1.786988709853618351e+00,-1.666156356955710710e-02,2.877945691425908947e+00,-1.391547137257484468e-01,1.564244780856832717e-02,-3.152828678880137403e-01,5.470522844614550406e-02,1.317957416047605967e+00,9.856995741357857388e-03,-1.114563989207733918e+00,6.630964798407190663e-02,-4.377843701444167346e-02,8.823805163030540299e-01,-1.531032372426006649e-01,-3.688560539390280724e+00,-2.758672251911145623e-02,3.119324417586899045e+00,-1.855804656180726209e-01,0.000000000000000000e+00,0.000000000000000000e+00,0.000000000000000000e+00,0.000000000000000000e+00,0.000000000000000000e+00,0.000000000000000000e+00,0.000000000000000000e+00
8.310000000000000719e-01,4.987236307170503369e-02,4.586495844004759848e-01,4.535676837765616198e-03,-1.785672598611453443e+00,-1.665172038133932997e-02,2.876832688700291740e+00,-1.390884969632694701e-01,1.559860198175519463e-02,-3.143991290901129165e-01,5.455188953131728802e-02,1.314263177567905672e+00,9.829366553556678765e-03,-1.111439863096462588e+00,6.612378184744610587e-02,-4.391307894685553270e-02,8.850943047784225470e-01,-1.535741109678179228e-01,-3.699904821021103629e+00,-2.767156633452025338e-02,3.128917995979637823e+00,-1.861512240601987944e-01,0.000000000000000000e+00,0.000000000000000000e+00,0.000000000000000000e+00,0.000000000000000000e+00,0.000000000000000000e+00,0.000000000000000000e+00,0.000000000000000000e+00
8.320000000000000728e-01,4.988793969481040286e-02,4.583356282687520711e-01,4.590151862124129678e-03,-1.784360187268297260e+00,-1.664190486464441066e-02,2.875722814887755163e+00,-1.390224663517221071e-01,1.555462192662063203e-02,-3.135126848403131383e-01,5.439808118925637537e-02,1.310557629655447087e+00,9.801652782574568623e-03,-1.108306172877624896e+00,6.593734670570977618e-02,-4.404689304130104954e-02,8.877914076856479042e-01,-1.540420895537488732e-01,-3.711179353006414772e+00,-2.775588849274163161e-02,3.138452588822310929e+00,-1.867184732277578085e-01,0.000000000000000000e+00,0.000000000000000000e+00,0.000000000000000000e+00,0.000000000000000000e+00,0.000000000000000000e+00,0.000000000000000000e+00,0.000000000000000000e+00
8.329999999999999627e-01,4.990347227109202810e-02,4.580225599270391634e-01,4.644472844635441633e-03,-1.783051487098655130e+00,-1.663211710379432565e-02,2.874616079522869239e+00,-1.389566224583542176e-01,1.551050847285047329e-02,-3.126235518614279840e-01,5.424380632156455828e-02,1.306840842215572174e+00,9.773854951233208743e-03,-1.105162977668443069e+00,6.575034607597102232e-02,-4.417987560207309317e-02,8.904717505355925766e-01,-1.545071600756657837e-01,-3.722383823963852478e+00,-2.783968666494876509e-02,3.147927932786561911e+00,-1.872821974543446011e-01,0.000000000000000000e+00,0.000000000000000000e+00,0.000000000000000000e+00,0.000000000000000000e+00,0.000000000000000000e+00,0.000000000000000000e+00,0.000000000000000000e+00
8.339999999999999636e-01,4.991896066756765227e-02,4.577103820556740477e-01,4.698639320230055261e-03,-1.781746509306973758e+00,-1.662235718258704004e-02,2.873512492080957603e+00,-1.388909658468887864e-01,1.546626245382627662e-02,-3.117317469507574490e-01,5.408906784276795721e-02,1.303112885464991599e+00,9.745973584682952884e-03,-1.102010336849454930e+00,6.556278349100352898e-02,-4.431202293346642174e-02,8.931352588391057168e-01,-1.549693096088389233e-01,-3.733517922511094156e+00,-2.792295852231510556e-02,3.157343764544055631e+00,-1.878423810735556643e-01,0.000000000000000000e+00,0.000000000000000000e+00,0.000000000000000000e+00,0.000000000000000000e+00,0.000000000000000000e+00,0.000000000000000000e+00,0.000000000000000000e+00
8.349999999999999645e-01,4.993440475209025287e-02,4.573990973181585318e-01,4.752650826759630132e-03,-1.780445265027323032e+00,-1.661262518429422463e-02,2.872412061977828834e+00,-1.388254970775079644e-01,1.542188470662522737e-02,-3.108372869800946070e-01,5.393386868031802006e-02,1.299373829931809610e+00,9.718009210403118214e-03,-1.098848310064530764e+00,6.537466249924844819e-02,-4.444333133977573791e-02,8.957818581070497999e-01,-1.554285252285401153e-01,-3.744581337265788790e+00,-2.800570173601382717e-02,3.166699820766439188e+00,-1.883990084189863801e-01,0.000000000000000000e+00,0.000000000000000000e+00,0.000000000000000000e+00,0.000000000000000000e+00,0.000000000000000000e+00,0.000000000000000000e+00,0.000000000000000000e+00
8.359999999999999654e-01,4.994980439335172662e-02,4.570887083610858381e-01,4.806506905009472197e-03,-1.779147765323094044e+00,-1.660292119165890368e-02,2.871314798569517990e+00,-1.387602167068380243e-01,1.537737607202030454e-02,-3.099401888957182827e-01,5.377821177459035651e-02,1.295623746455518699e+00,9.689962358201777148e-03,-1.095676957220876879e+00,6.518598666481234538e-02,-4.457379712529591087e-02,8.984114738502819719e-01,-1.558847940100396290e-01,-3.755573756845578259e+00,-2.808791397721832617e-02,3.175995838125366788e+00,-1.889520638242325745e-01,0.000000000000000000e+00,0.000000000000000000e+00,0.000000000000000000e+00,0.000000000000000000e+00,0.000000000000000000e+00,0.000000000000000000e+00,0.000000000000000000e+00
8.369999999999999662e-01,4.996515946088661564e-02,4.567792178140654968e-01,4.860207098712002183e-03,-1.777854021186679567e+00,-1.659324528689311296e-02,2.870220711152019710e+00,-1.386951252879328467e-01,1.533273739448012818e-02,-3.090404697183988247e-01,5.362210007888557062e-02,1.291862706186973853e+00,9.661833560215778161e-03,-1.092496338489013397e+00,6.499675956746880923e-02,-4.470341659432175430e-02,9.010240315796531618e-01,-1.563381030286092876e-01,-3.766494869868139972e+00,-2.816959291710169344e-02,3.185231553292485529e+00,-1.895015316228898516e-01,0.000000000000000000e+00,0.000000000000000000e+00,0.000000000000000000e+00,0.000000000000000000e+00,0.000000000000000000e+00,0.000000000000000000e+00,0.000000000000000000e+00
8.379999999999999671e-01,4.998046982507572261e-02,4.564706282896491274e-01,4.913750954559183148e-03,-1.776564043539166970e+00,-1.658359755167560651e-02,2.869129808961027539e+00,-1.386302233702590425e-01,1.528796952216907035e-02,-3.081381465433927769e-01,5.346553655942892780e-02,1.288090780588426298e+00,9.633623350910953953e-03,-1.089306514302797346e+00,6.480698480265761896e-02,-4.483218605114797084e-02,9.036194568060258447e-01,-1.567884393595198045e-01,-3.777344364951090938e+00,-2.825073622683721419e-02,3.194406702939442511e+00,-1.900473961485535934e-01,0.000000000000000000e+00,0.000000000000000000e+00,0.000000000000000000e+00,0.000000000000000000e+00,0.000000000000000000e+00,0.000000000000000000e+00,0.000000000000000000e+00
8.389999999999999680e-01,4.999573535714992023e-02,4.561629423832556096e-01,4.967138022215801529e-03,-1.775277843230025132e+00,-1.657397806714949046e-02,2.868042101171669689e+00,-1.385655114996798276e-01,1.524307330694714413e-02,-3.072332365404508714e-01,5.330852419537063236e-02,1.284308041433511072e+00,9.605332267081781450e-03,-1.086107545359416449e+00,6.461666598148479990e-02,-4.496010180006942969e-02,9.061976750402518377e-01,-1.572357900780414486e-01,-3.788121930712129881e+00,-2.833134157759828464e-02,3.203521023737899043e+00,-1.905896417348202920e-01,0.000000000000000000e+00,0.000000000000000000e+00,0.000000000000000000e+00,0.000000000000000000e+00,0.000000000000000000e+00,0.000000000000000000e+00,0.000000000000000000e+00
8.399999999999999689e-01,5.001095592919378718e-02,4.558561626730969207e-01,5.020367854332276336e-03,-1.773995431036794024e+00,-1.656438691391993318e-02,2.866957596898243477e+00,-1.385009902184394515e-01,1.519804960437010077e-02,-3.063257569538060388e-01,5.315106597878521688e-02,1.280514560807235469e+00,9.576960847851680170e-03,-1.082899492619379345e+00,6.442580673072306752e-02,-4.508716014538083350e-02,9.087586117931900631e-01,-1.576801422594464874e-01,-3.798827255768877365e+00,-2.841140664055807896e-02,3.212574252359495119e+00,-1.911282527152851074e-01,0.000000000000000000e+00,0.000000000000000000e+00,0.000000000000000000e+00,0.000000000000000000e+00,0.000000000000000000e+00,0.000000000000000000e+00,0.000000000000000000e+00
8.409999999999999698e-01,5.002613141414925801e-02,4.555502917201039170e-01,5.073440006557405901e-03,-1.772716817664772515e+00,-1.655482417205179912e-02,2.865876305193957752e+00,-1.384366600651476265e-01,1.515289927368951295e-02,-3.054157251021873964e-01,5.299316491467237489e-02,1.276710411106004806e+00,9.548509634672866508e-03,-1.079682417306532471e+00,6.423441069281171645e-02,-4.521335739137710696e-02,9.113021925757012198e-01,-1.581214829790056342e-01,-3.809460028738996584e+00,-2.849092908688996562e-02,3.221566125475899156e+00,-1.916632134235436435e-01,0.000000000000000000e+00,0.000000000000000000e+00,0.000000000000000000e+00,0.000000000000000000e+00,0.000000000000000000e+00,0.000000000000000000e+00,0.000000000000000000e+00
8.419999999999999707e-01,5.004126168581941175e-02,4.552453320678507831e-01,5.126354037551607290e-03,-1.771442013746708177e+00,-1.654528992106733820e-02,2.864798235050662445e+00,-1.383725215747637072e-01,1.510762317785240005e-02,-3.045031583788087026e-01,5.283482402095612818e-02,1.272895665037585111e+00,9.519979171326388434e-03,-1.076456380908042298e+00,6.404248152585567677e-02,-4.533868984235289723e-02,9.138283428986344603e-01,-1.585597993119896021e-01,-3.820019938240150736e+00,-2.856990658776711878e-02,3.230496379758751146e+00,-1.921945081931915045e-01,0.000000000000000000e+00,0.000000000000000000e+00,0.000000000000000000e+00,0.000000000000000000e+00,0.000000000000000000e+00,0.000000000000000000e+00,0.000000000000000000e+00
8.429999999999999716e-01,5.005634661887209402e-02,4.549412862424817572e-01,5.179109508999586720e-03,-1.770171029842483312e+00,-1.653578423994385427e-02,2.863723395398589666e+00,-1.383085752785811751e-01,1.506222218350171393e-02,-3.035880742513732411e-01,5.267604632848549295e-02,1.269070395621139546e+00,9.491370003922097731e-03,-1.073221445174403321e+00,6.385002290362701283e-02,-4.546315380260307348e-02,9.163369882728478188e-01,-1.589950783336697704e-01,-3.830506672889988806e+00,-2.864833681436287915e-02,3.239364751879705295e+00,-1.927221213578251824e-01,0.000000000000000000e+00,0.000000000000000000e+00,0.000000000000000000e+00,0.000000000000000000e+00,0.000000000000000000e+00,0.000000000000000000e+00,0.000000000000000000e+00
8.439999999999999725e-01,5.007138608884365710e-02,4.546381567526359135e-01,5.231705985623447130e-03,-1.768903876438807865e+00,-1.652630720711138756e-02,2.862651795106089914e+00,-1.382448217042118455e-01,1.501669716097597806e-02,-3.026704902620744875e-01,5.251683488103403574e-02,1.265234676187214191e+00,9.462682680898691634e-03,-1.069977672119441614e+00,6.365703851556375747e-02,-4.558674557642233838e-02,9.188280542092002179e-01,-1.594273071193168523e-01,-3.840919921306138463e+00,-2.872621743785044868e-02,3.248170978510408702e+00,-1.932460372510387270e-01,0.000000000000000000e+00,0.000000000000000000e+00,0.000000000000000000e+00,0.000000000000000000e+00,0.000000000000000000e+00,0.000000000000000000e+00,0.000000000000000000e+00
8.449999999999999734e-01,5.008637997214261672e-02,4.543359460893733326e-01,5.284143035195441873e-03,-1.767640563948904120e+00,-1.651685890045036936e-02,2.861583442979368286e+00,-1.381812613755704355e-01,1.497104898430955122e-02,-3.017504240275969973e-01,5.235719273530037299e-02,1.261388580377730939e+00,9.433917753023712827e-03,-1.066725124020321935e+00,6.346353206677080028e-02,-4.570946146810539457e-02,9.213014662185470272e-01,-1.598564727442020050e-01,-3.851259372106298429e+00,-2.880354612940316805e-02,3.256914796322519123e+00,-1.937662402064292966e-01,0.000000000000000000e+00,0.000000000000000000e+00,0.000000000000000000e+00,0.000000000000000000e+00,0.000000000000000000e+00,0.000000000000000000e+00,0.000000000000000000e+00
8.459999999999999742e-01,5.010132814605342683e-02,4.540346567260996058e-01,5.336420228551026768e-03,-1.766381102712196283e+00,-1.650743939728928356e-02,2.860518347762220248e+00,-1.381178948128584938e-01,1.492527853123236381e-02,-3.008278932391097449e-01,5.219712296090750492e-02,1.257532182145999045e+00,9.405075773393459238e-03,-1.063463863417514865e+00,6.326950727801883279e-02,-4.583129778194722226e-02,9.237571498117445046e-01,-1.602825622835961639e-01,-3.861524713908099926e+00,-2.888032056019421145e-02,3.265595941987683659e+00,-1.942827145575922732e-01,0.000000000000000000e+00,0.000000000000000000e+00,0.000000000000000000e+00,0.000000000000000000e+00,0.000000000000000000e+00,0.000000000000000000e+00,0.000000000000000000e+00
8.469999999999999751e-01,5.011623048874004616e-02,4.537342911184923389e-01,5.388537139601738690e-03,-1.765125502994001838e+00,-1.649804877440238376e-02,2.859456518135769620e+00,-1.380547225325491068e-01,1.487938668317019542e-02,-2.999029156622754488e-01,5.203662864040325964e-02,1.253665555756712457e+00,9.376157297433192206e-03,-1.060193953114836773e+00,6.307496788574584734e-02,-4.595225082224257962e-02,9.261950304996497962e-01,-1.607055628127713742e-01,-3.871715635329195493e+00,-2.895653840139689184e-02,3.274214152177560067e+00,-1.947954446381234828e-01,0.000000000000000000e+00,0.000000000000000000e+00,0.000000000000000000e+00,0.000000000000000000e+00,0.000000000000000000e+00,0.000000000000000000e+00,0.000000000000000000e+00
8.479999999999999760e-01,5.013108687924976159e-02,4.534348517044253235e-01,5.440493345348136611e-03,-1.763873774985214027e+00,-1.648868710800730289e-02,2.858397962718203900e+00,-1.379917450473709950e-01,1.483337432524434174e-02,-2.989755091372423568e-01,5.187571286926034864e-02,1.249788775785931172e+00,9.347162882896817293e-03,-1.056915456179429391e+00,6.287991764205513867e-02,-4.607231689328616930e-02,9.286150337931236010e-01,-1.611254614069972391e-01,-3.881831824987241220e+00,-2.903219732418463317e-02,3.282769163563795445e+00,-1.953044147816178633e-01,0.000000000000000000e+00,0.000000000000000000e+00,0.000000000000000000e+00,0.000000000000000000e+00,0.000000000000000000e+00,0.000000000000000000e+00,0.000000000000000000e+00
8.489999999999999769e-01,5.014589719751681024e-02,4.531363409038964285e-01,5.492288425892666304e-03,-1.762625928801997643e+00,-1.647935447376278062e-02,2.857342690064514912e+00,-1.379289628662930811e-01,1.478724234627191991e-02,-2.980456915786506844e-01,5.171437875587581168e-02,1.245901917121118530e+00,9.318093089867224288e-03,-1.053628435941753594e+00,6.268436031471713576e-02,-4.619149229937274947e-02,9.310170852030088540e-01,-1.615422451415453597e-01,-3.891872971499900302e+00,-2.910729499973038759e-02,3.291260712818026235e+00,-1.958096093216707967e-01,0.000000000000000000e+00,0.000000000000000000e+00,0.000000000000000000e+00,0.000000000000000000e+00,0.000000000000000000e+00,0.000000000000000000e+00,0.000000000000000000e+00
8.499999999999999778e-01,5.016066132436609176e-02,4.528387611189504391e-01,5.543921964452760975e-03,-1.761381974485473734e+00,-1.647005094676629033e-02,2.856290708666226585e+00,-1.378663764945084746e-01,1.474099163876577134e-02,-2.971134809756270645e-01,5.155262942157201600e-02,1.242005054961106580e+00,9.288948480756044346e-03,-1.050332955995611606e+00,6.248829968716834715e-02,-4.630977334479724483e-02,9.334011102401769122e-01,-1.619559010916866715e-01,-3.901838763484803962e+00,-2.918182909920766233e-02,3.299688536611931511e+00,-1.963110125918796633e-01,0.000000000000000000e+00,0.000000000000000000e+00,0.000000000000000000e+00,0.000000000000000000e+00,0.000000000000000000e+00,0.000000000000000000e+00,0.000000000000000000e+00
8.509999999999999787e-01,5.017537914151686679e-02,4.525421147336061711e-01,5.595393547373490872e-03,-1.760141922001407178e+00,-1.646077660155174233e-02,2.855242026951143153e+00,-1.378039864334192344e-01,1.469462309893447560e-02,-2.961788953917907641e-01,5.139046800059554609e-02,1.238098264816118288e+00,9.259729620303781827e-03,-1.047029080198126572e+00,6.229173955851213806e-02,-4.642715633385435803e-02,9.357670344154831454e-01,-1.623664163326929977e-01,-3.911728889559640265e+00,-2.925579729378977034e-02,3.308052371617151266e+00,-1.968086089258391791e-01,0.000000000000000000e+00,0.000000000000000000e+00,0.000000000000000000e+00,0.000000000000000000e+00,0.000000000000000000e+00,0.000000000000000000e+00,0.000000000000000000e+00
8.519999999999999796e-01,5.019005053158644147e-02,4.522464041137818636e-01,5.646702764140636155e-03,-1.758905781239899158e+00,-1.645153151208713152e-02,2.854196653283076479e+00,-1.377417931806204088e-01,1.464813762668210062e-02,-2.952419529652470231e-01,5.122789764011786984e-02,1.234181622507754206e+00,9.230437075579717154e-03,-1.043716872669751439e+00,6.209468374351762021e-02,-4.654363757083873621e-02,9.381147832397713771e-01,-1.627737779398343854e-01,-3.921543038342036880e+00,-2.932919725464977478e-02,3.316351954505332600e+00,-1.973023826571449479e-01,0.000000000000000000e+00,0.000000000000000000e+00,0.000000000000000000e+00,0.000000000000000000e+00,0.000000000000000000e+00,0.000000000000000000e+00,0.000000000000000000e+00
8.529999999999999805e-01,5.020467537809390063e-02,4.519516316072199613e-01,5.697849207393752835e-03,-1.757673562015072521e+00,-1.644231575177223376e-02,2.853154595961588935e+00,-1.376797972298843820e-01,1.460153612560871617e-02,-2.943026719085914955e-01,5.106492150023533849e-02,1.230255204168991590e+00,9.201071415981976198e-03,-1.040396397794262739e+00,6.189713607262076200e-02,-4.665921336004535958e-02,9.404442822239102995e-01,-1.631779729883819918e-01,-3.931280898449635686e+00,-2.940202665296098861e-02,3.324587021948126164e+00,-1.977923181193923519e-01,0.000000000000000000e+00,0.000000000000000000e+00,0.000000000000000000e+00,0.000000000000000000e+00,0.000000000000000000e+00,0.000000000000000000e+00,0.000000000000000000e+00
8.539999999999999813e-01,5.021925356546377839e-02,4.516577995434131743e-01,5.748832472938829319e-03,-1.756445274064760476e+00,-1.643312939343624310e-02,2.852115863221724723e+00,-1.376179990711452750e-01,1.455481950300985261e-02,-2.933610705089091386e-01,5.090154275396890915e-02,1.226319086244207490e+00,9.171633213237585791e-03,-1.037067720218780131e+00,6.169910039192394446e-02,-4.677388000576898630e-02,9.427554568787535061e-01,-1.635789885536080845e-01,-3.940942158500121195e+00,-2.947428315989689129e-02,3.332757310617196822e+00,-1.982783996461774390e-01,0.000000000000000000e+00,0.000000000000000000e+00,0.000000000000000000e+00,0.000000000000000000e+00,0.000000000000000000e+00,0.000000000000000000e+00,0.000000000000000000e+00
8.549999999999999822e-01,5.023378497902970113e-02,4.513649102335302032e-01,5.799652159761387038e-03,-1.755220927050197721e+00,-1.642397250933548547e-02,2.851080463233751416e+00,-1.375563991904833749e-01,1.450798866987688951e-02,-2.924171671277731033e-01,5.073776458726420024e-02,1.222373345489137897e+00,9.142123041402279437e-03,-1.033730904853729093e+00,6.150058056319579469e-02,-4.688763381230437455e-02,9.450482327151519257e-01,-1.639768117107820444e-01,-3.950526507111142394e+00,-2.954596444663051824e-02,3.340862557184181014e+00,-1.987606115710960353e-01,0.000000000000000000e+00,0.000000000000000000e+00,0.000000000000000000e+00,0.000000000000000000e+00,0.000000000000000000e+00,0.000000000000000000e+00,0.000000000000000000e+00
8.559999999999999831e-01,5.024826950503820389e-02,4.510729659703402450e-01,5.850307870039372915e-03,-1.754000530555706705e+00,-1.641484517115103514e-02,2.850048404102892174e+00,-1.374949980701092589e-01,1.446104454089688907e-02,-2.914709802012478423e-01,5.057359019899160257e-02,1.218418058970923923e+00,9.112541476860670786e-03,-1.030386016872886223e+00,6.130158046387118587e-02,-4.700047108394622697e-02,9.473225352439689217e-01,-1.643714295351759169e-01,-3.960033632900326950e+00,-2.961706818433534893e-02,3.348902498320736498e+00,-1.992389382277439669e-01,0.000000000000000000e+00,0.000000000000000000e+00,0.000000000000000000e+00,0.000000000000000000e+00,0.000000000000000000e+00,0.000000000000000000e+00,0.000000000000000000e+00
8.569999999999999840e-01,5.026270703065229689e-02,4.507819690281399394e-01,5.900799209156003255e-03,-1.752784094088386979e+00,-1.640574744998644918e-02,2.849019693869067726e+00,-1.374337961883482784e-01,1.441398803445251287e-02,-2.905225282398835596e-01,5.040902280094633481e-02,1.214453304068073614e+00,9.082889098326191180e-03,-1.027033121713340158e+00,6.110210398705173684e-02,-4.711238812498952377e-02,9.495782899760589757e-01,-1.647628291020601932e-01,-3.969463224485380692e+00,-2.968759204418447428e-02,3.356876870698517479e+00,-1.997133639497166158e-01,0.000000000000000000e+00,0.000000000000000000e+00,0.000000000000000000e+00,0.000000000000000000e+00,0.000000000000000000e+00,0.000000000000000000e+00,0.000000000000000000e+00
8.579999999999999849e-01,5.027709744395526814e-02,4.504919216626778744e-01,5.951125785712781113e-03,-1.751571627077804783e+00,-1.639667941636539089e-02,2.847994340506627253e+00,-1.373727940196249053e-01,1.436682007262232719e-02,-2.895718298287239811e-01,5.024406561784811043e-02,1.210479158470481487e+00,9.053166486841186800e-03,-1.023672285075518218e+00,6.090215504150542358e-02,-4.722338123972880108e-02,9.518154224222765691e-01,-1.651509974867064745e-01,-3.978814970483902869e+00,-2.975753369735115172e-02,3.364785410989160397e+00,-2.001838730706089198e-01,0.000000000000000000e+00,0.000000000000000000e+00,0.000000000000000000e+00,0.000000000000000000e+00,0.000000000000000000e+00,0.000000000000000000e+00,0.000000000000000000e+00
8.589999999999999858e-01,5.029144063395430547e-02,4.502028261110802010e-01,6.001287211542409572e-03,-1.750363138875680180e+00,-1.638764114022931567e-02,2.846972351924091260e+00,-1.373119920344468836e-01,1.431954158118041442e-02,-2.886189036272983621e-01,5.007872188734191488e-02,1.206495700179429420e+00,9.023374225776682744e-03,-1.020303572923167756e+00,6.070173755166646812e-02,-4.733344673245920564e-02,9.540338580934859536e-01,-1.655359217643856962e-01,-3.988088559513570885e+00,-2.982689081500883299e-02,3.372627855864340773e+00,-2.006504499240180373e-01,0.000000000000000000e+00,0.000000000000000000e+00,0.000000000000000000e+00,0.000000000000000000e+00,0.000000000000000000e+00,0.000000000000000000e+00,0.000000000000000000e+00
8.599999999999999867e-01,5.030573649058421581e-02,4.499146845917761373e-01,6.051283101721684210e-03,-1.749158638755576423e+00,-1.637863269093515345e-02,2.845953735963880238e+00,-1.372513906993898247e-01,1.427215348959662289e-02,-2.876637683696243730e-01,4.991299485999661778e-02,1.202503007507571553e+00,8.993512900832618950e-03,-1.016927051483369482e+00,6.050085545763533856e-02,-4.744258090747505152e-02,9.562335225005327288e-01,-1.659175890103683493e-01,-3.997283680192033728e+00,-2.989566106833052572e-02,3.380403941995691497e+00,-2.011130788435386840e-01,0.000000000000000000e+00,0.000000000000000000e+00,0.000000000000000000e+00,0.000000000000000000e+00,0.000000000000000000e+00,0.000000000000000000e+00,0.000000000000000000e+00
8.609999999999999876e-01,5.031998490471112362e-02,4.496274993044244717e-01,6.101113074584461893e-03,-1.747958135912588640e+00,-1.636965413725297025e-02,2.844938500402059312e+00,-1.371909904770812760e-01,1.422465673103659456e-02,-2.867064428642147611e-01,4.974688779930663829e-02,1.198501159078954714e+00,8.963583100037746110e-03,-1.013542787246536570e+00,6.029951271517935973e-02,-4.755078006907142996e-02,9.584143411542802582e-01,-1.662959862999262572e-01,-4.006400021136968803e+00,-2.996384212848993145e-02,3.388113406054877430e+00,-2.015717441627671302e-01,0.000000000000000000e+00,0.000000000000000000e+00,0.000000000000000000e+00,0.000000000000000000e+00,0.000000000000000000e+00,0.000000000000000000e+00,0.000000000000000000e+00
8.619999999999999885e-01,5.033418576813621093e-02,4.493412724298369021e-01,6.150776751734518544e-03,-1.746761639463029869e+00,-1.636070554736360205e-02,2.843926652948071343e+00,-1.371307918261852887e-01,1.417705224236155692e-02,-2.857469459940644718e-01,4.958040398169050178e-02,1.194490233829002435e+00,8.933585413749653426e-03,-1.010150846966395122e+00,6.009771329573199150e-02,-4.765804052154298809e-02,9.605762395655821351e-01,-1.666711007083299112e-01,-4.015437270965989569e+00,-3.003143166665986352e-02,3.395755984713538567e+00,-2.020264302152983138e-01,0.000000000000000000e+00,0.000000000000000000e+00,0.000000000000000000e+00,0.000000000000000000e+00,0.000000000000000000e+00,0.000000000000000000e+00,0.000000000000000000e+00
8.629999999999999893e-01,5.034833897359929783e-02,4.490560061299060934e-01,6.200273758058524876e-03,-1.745569158444124636e+00,-1.635178698885642740e-02,2.842918201244471366e+00,-1.370707952013866249e-01,1.412934096412847562e-02,-2.847852967166601967e-01,4.941354669649195008e-02,1.190470311004524717e+00,8.903520434654706162e-03,-1.006751297660017030e+00,5.989546118639316186e-02,-4.776435856918476164e-02,9.627191432452937292e-01,-1.670429193108506905e-01,-4.024395118296794749e+00,-3.009842735401380143e-02,3.403331414643332664e+00,-2.024771213347285048e-01,0.000000000000000000e+00,0.000000000000000000e+00,0.000000000000000000e+00,0.000000000000000000e+00,0.000000000000000000e+00,0.000000000000000000e+00,0.000000000000000000e+00
8.639999999999999902e-01,5.036244441478264500e-02,4.487717025475296273e-01,6.249603721738924977e-03,-1.744380701813696533e+00,-1.634289852872692142e-02,2.841913152866669456e+00,-1.370110010533750755e-01,1.408152384059004059e-02,-2.838215140639805956e-01,4.924631924597905330e-02,1.186441470163702050e+00,8.873388757768163604e-03,-1.003344206607792444e+00,5.969276038992921141e-02,-4.786973051629106468e-02,9.648429777042775157e-01,-1.674114291827590861e-01,-4.033273251746997801e+00,-3.016482686172500260e-02,3.410839432515906822e+00,-2.029238018546530853e-01,0.000000000000000000e+00,0.000000000000000000e+00,0.000000000000000000e+00,0.000000000000000000e+00,0.000000000000000000e+00,0.000000000000000000e+00,0.000000000000000000e+00
8.649999999999999911e-01,5.037650198631465903e-02,4.484883638065350620e-01,6.298766274266995313e-03,-1.743196278449849146e+00,-1.633404023337439379e-02,2.840911515322659397e+00,-1.369514098288298065e-01,1.403360181969462439e-02,-2.828556171424885246e-01,4.907872494534476493e-02,1.182403791176115604e+00,8.843190980434061099e-03,-9.999296413534457528e-01,5.948961492477261581e-02,-4.797415266715721049e-02,9.669476684533861999e-01,-1.677766173993271437e-01,-4.042071359934261920e+00,-3.023062786096664123e-02,3.418279775002918797e+00,-2.033664561086681033e-01,0.000000000000000000e+00,0.000000000000000000e+00,0.000000000000000000e+00,0.000000000000000000e+00,0.000000000000000000e+00,0.000000000000000000e+00,0.000000000000000000e+00
8.659999999999999920e-01,5.039051158377342438e-02,4.482059920116080454e-01,6.347761050455473508e-03,-1.742015897150669179e+00,-1.632521216859966762e-02,2.839913296052763769e+00,-1.368920219704038710e-01,1.398557585308635165e-02,-2.818876251331396965e-01,4.891076712270703286e-02,1.178357354222715259e+00,8.812927702325307200e-03,-9.965076697040249343e-01,5.928602882502259641e-02,-4.807762132607756866e-02,9.690331410034698223e-01,-1.681384710358251322e-01,-4.050789131476250304e+00,-3.029582802291219679e-02,3.425652178776008583e+00,-2.038050684303687188e-01,0.000000000000000000e+00,0.000000000000000000e+00,0.000000000000000000e+00,0.000000000000000000e+00,0.000000000000000000e+00,0.000000000000000000e+00,0.000000000000000000e+00
8.669999999999999929e-01,5.040447310369065848e-02,4.479245892482139890e-01,6.396587688451901843e-03,-1.740839566633899604e+00,-1.631641439960269946e-02,2.838918502429362611e+00,-1.368328379167082498e-01,1.393744689610501575e-02,-2.809175572913777952e-01,4.874244911910813327e-02,1.174302239795839142e+00,8.782599525443593458e-03,-9.930783597299077670e-01,5.908200614044473165e-02,-4.818013279734711940e-02,9.710993208653988518e-01,-1.684969771675239869e-01,-4.059426254990633254e+00,-3.036042501873476018e-02,3.432956380506841043e+00,-2.042396231533507578e-01,0.000000000000000000e+00,0.000000000000000000e+00,0.000000000000000000e+00,0.000000000000000000e+00,0.000000000000000000e+00,0.000000000000000000e+00,0.000000000000000000e+00
8.679999999999999938e-01,5.041838644355516041e-02,4.476441575825267916e-01,6.445245829751214406e-03,-1.739667295536637015e+00,-1.630764699098028597e-02,2.837927141756636740e+00,-1.367738581022962530e-01,1.388921590778609272e-02,-2.799454329471344760e-01,4.857377428851517021e-02,1.170238528699204750e+00,8.752207054119477692e-03,-9.896417797648027204e-01,5.887755093647067950e-02,-4.828168338526078740e-02,9.731461335500188881e-01,-1.688521228696950871e-01,-4.067982419095031332e+00,-3.042441651960764437e-02,3.440192116867063277e+00,-2.046701046112104905e-01,0.000000000000000000e+00,0.000000000000000000e+00,0.000000000000000000e+00,0.000000000000000000e+00,0.000000000000000000e+00,0.000000000000000000e+00,0.000000000000000000e+00
8.689999999999999947e-01,5.043225150181666200e-02,4.473646990613530661e-01,6.493735119208768336e-03,-1.738499092415022540e+00,-1.629891000672373941e-02,2.836939221270300848e+00,-1.367150829576482263e-01,1.384088385086086614e-02,-2.789712715048335845e-01,4.840474599782018661e-02,1.166166302047915160e+00,8.721750895012314597e-03,-9.861979984057409609e-01,5.867266729419939875e-02,-4.838226939411305327e-02,9.751735045681897418e-01,-1.692038952176098121e-01,-4.076457312407121947e+00,-3.048780019670421781e-02,3.447359124528329488e+00,-2.050964971375426327e-01,0.000000000000000000e+00,0.000000000000000000e+00,0.000000000000000000e+00,0.000000000000000000e+00,0.000000000000000000e+00,0.000000000000000000e+00,0.000000000000000000e+00
8.699999999999999956e-01,5.044606817788944986e-02,4.470862157120578106e-01,6.542055205053298739e-03,-1.737334965743921211e+00,-1.629020351021655960e-02,2.835954748137339720e+00,-1.366565129091552588e-01,1.379245169175610797e-02,-2.779950924433831627e-01,4.823536762683966472e-02,1.162085641268448377e+00,8.691231657110283504e-03,-9.827470845130878985e-01,5.846735931039492851e-02,-4.848188712819878621e-02,9.771813594307730000e-01,-1.695522812865382090e-01,-4.084850623544546977e+00,-3.055057372119757142e-02,3.454457140162276119e+00,-2.055187850659436766e-01,0.000000000000000000e+00,0.000000000000000000e+00,0.000000000000000000e+00,0.000000000000000000e+00,0.000000000000000000e+00,0.000000000000000000e+00,0.000000000000000000e+00
8.709999999999999964e-01,5.045983637215610551e-02,4.468087095424889132e-01,6.590205738899804211e-03,-1.736174923916618651e+00,-1.628152756423204006e-02,2.834973729455747105e+00,-1.365981483791039452e-01,1.374392040059459197e-02,-2.770169153161867737e-01,4.806564256831497017e-02,1.157996628098675984e+00,8.660649951730402252e-03,-9.792891072105325279e-01,5.826163109748894176e-02,-4.858053289181296641e-02,9.791696236486124860e-01,-1.698972681517527672e-01,-4.093162041124962514e+00,-3.061273476426107365e-02,3.461485900440578689e+00,-2.059369527300087821e-01,0.000000000000000000e+00,0.000000000000000000e+00,0.000000000000000000e+00,0.000000000000000000e+00,0.000000000000000000e+00,0.000000000000000000e+00,0.000000000000000000e+00
8.719999999999999973e-01,5.047355598597117604e-02,4.465321825409056533e-01,6.638186375762460123e-03,-1.735018975244507988e+00,-1.627288223093105446e-02,2.833996172254262369e+00,-1.365399897856607869e-01,1.369529095119459416e-02,-2.760367597511310667e-01,4.789557422791235197e-02,1.153899344587847153e+00,8.630006392518513314e-03,-9.758241358851025282e-01,5.805548678357869141e-02,-4.867820298925007449e-02,9.811382227325768923e-01,-1.702388428885230898e-01,-4.101391253766031753e+00,-3.067428099706792644e-02,3.468445142034866535e+00,-2.063509844633342194e-01,0.000000000000000000e+00,0.000000000000000000e+00,0.000000000000000000e+00,0.000000000000000000e+00,0.000000000000000000e+00,0.000000000000000000e+00,0.000000000000000000e+00
8.729999999999999982e-01,5.048722692166487946e-02,4.462566366758996539e-01,6.685996774067719250e-03,-1.733867127956773890e+00,-1.626426757185965577e-02,2.833022083492104493e+00,-1.364820375428560384e-01,1.364656432107005934e-02,-2.750546454505953253e-01,4.772516602422227638e-02,1.149793873096583319e+00,8.599301595449276858e-03,-9.723522401871367293e-01,5.784893051242806505e-02,-4.877489372480514618e-02,9.830870821935207005e-01,-1.705769925721212221e-01,-4.109537950085396574e+00,-3.073521009079160926e-02,3.475334601616797414e+00,-2.067608645995149264e-01,0.000000000000000000e+00,0.000000000000000000e+00,0.000000000000000000e+00,0.000000000000000000e+00,0.000000000000000000e+00,0.000000000000000000e+00,0.000000000000000000e+00
8.739999999999999991e-01,5.050084908254677540e-02,4.459820738963247155e-01,6.733636595666850355e-03,-1.732719390200087251e+00,-1.625568364794669970e-02,2.832051470058710496e+00,-1.364242920605686915e-01,1.359774149143082311e-02,-2.740705921914483589e-01,4.755442138876075919e-02,1.145680296296907485e+00,8.568536178826240135e-03,-9.688734900303161979e-01,5.764196644346736287e-02,-4.887060140277293963e-02,9.850161275422948393e-01,-1.709117042778178774e-01,-4.117601818700705962e+00,-3.079551971660521303e-02,3.482154015858039742e+00,-2.071665774721469511e-01,0.000000000000000000e+00,0.000000000000000000e+00,0.000000000000000000e+00,0.000000000000000000e+00,0.000000000000000000e+00,0.000000000000000000e+00,0.000000000000000000e+00
8.750000000000000000e-01,5.051442237290949822e-02,4.457084961312199889e-01,6.781105505849309434e-03,-1.731575770038290774e+00,-1.624713051950166937e-02,2.831084338773474318e+00,-1.363667537445101829e-01,1.354882344718226495e-02,-2.730846198250447276e-01,4.738334376596764486e-02,1.141558697172213144e+00,8.537710763281657067e-03,-9.653879555916420330e-01,5.743459875179374174e-02,-4.896532232744815749e-02,9.869252842897573430e-01,-1.712429650808837689e-01,-4.125582548229630220e+00,-3.085520754568199520e-02,3.488903121430219301e+00,-2.075681074148261196e-01,0.000000000000000000e+00,0.000000000000000000e+00,0.000000000000000000e+00,0.000000000000000000e+00,0.000000000000000000e+00,0.000000000000000000e+00,0.000000000000000000e+00
8.760000000000000009e-01,5.052794669803242766e-02,4.454359052897358673e-01,6.828403173355306055e-03,-1.730436275452090111e+00,-1.623860824621216337e-02,2.830120696385478141e+00,-1.363094229962092674e-01,1.349981117692558574e-02,-2.720967482772318480e-01,4.721193661320799428e-02,1.137429159017272262e+00,8.506825971776724171e-03,-9.618957073114540179e-01,5.722683162816999403e-02,-4.905905280312550243e-02,9.888144779467697987e-01,-1.715707620565902758e-01,-4.133479827289825437e+00,-3.091427124919532421e-02,3.495581655005000954e+00,-2.079654387611478139e-01,0.000000000000000000e+00,0.000000000000000000e+00,0.000000000000000000e+00,0.000000000000000000e+00,0.000000000000000000e+00,0.000000000000000000e+00,0.000000000000000000e+00
8.770000000000000018e-01,5.054142196418540123e-02,4.451643032610599349e-01,6.875529270389001135e-03,-1.729300914338735007e+00,-1.623011688714168926e-02,2.829160549573233041e+00,-1.362523002129958916e-01,1.345070567295758579e-02,-2.711069975483446637e-01,4.704020340077175177e-02,1.133291765438249499e+00,8.475882429601407086e-03,-9.583968158934084158e-01,5.701866927902565774e-02,-4.915178913409995465e-02,9.906836340241849115e-01,-1.718950822802087774e-01,-4.141293344498919282e+00,-3.097270849831829098e-02,3.502189353254042459e+00,-2.083585558447080821e-01,0.000000000000000000e+00,0.000000000000000000e+00,0.000000000000000000e+00,0.000000000000000000e+00,0.000000000000000000e+00,0.000000000000000000e+00,0.000000000000000000e+00
8.780000000000000027e-01,5.055484807863240559e-02,4.448936919143421376e-01,6.922483472631253687e-03,-1.728169694511718646e+00,-1.622165650072732862e-02,2.828203904944417424e+00,-1.361953857879858454e-01,1.340150793127085904e-02,-2.701153877132065340e-01,4.686814761187318989e-02,1.129146600352683549e+00,8.444880764374482207e-03,-9.548913523044957330e-01,5.681011592645679453e-02,-4.924352762466621680e-02,9.925326780328571630e-01,-1.722159128270097650e-01,-4.149022788474596268e+00,-3.103051696422448602e-02,3.508725952848987362e+00,-2.087474429991027502e-01,0.000000000000000000e+00,0.000000000000000000e+00,0.000000000000000000e+00,0.000000000000000000e+00,0.000000000000000000e+00,0.000000000000000000e+00,0.000000000000000000e+00
8.790000000000000036e-01,5.056822494963522652e-02,4.446240730986198431e-01,6.969265459252485528e-03,-1.727042623700459689e+00,-1.621322714477733962e-02,2.827250769035607458e+00,-1.361386801100650246e-01,1.335221895155364047e-02,-2.691219389211318980e-01,4.669577274265163114e-02,1.124993747989507575e+00,8.413821606043640766e-03,-9.513793877750371664e-01,5.660117580822598971e-02,-4.933426457911899154e-02,9.943615354836516929e-01,-1.725332407722648398e-01,-4.156667847834505380e+00,-3.108769431808694472e-02,3.515191190461482762e+00,-2.091320845579267562e-01,0.000000000000000000e+00,0.000000000000000000e+00,0.000000000000000000e+00,0.000000000000000000e+00,0.000000000000000000e+00,0.000000000000000000e+00,0.000000000000000000e+00
8.800000000000000044e-01,5.058155248645725133e-02,4.443554486427451766e-01,7.015874912925948448e-03,-1.725919709549988967e+00,-1.620482887646888109e-02,2.826301148312019063e+00,-1.360821835638736654e-01,1.330283973718988932e-02,-2.681266713959218340e-01,4.652308230217083729e-02,1.120833292889018118e+00,8.382705586885287607e-03,-9.478609937986801626e-01,5.639185317776185258e-02,-4.942399630175309255e-02,9.961701318874105482e-01,-1.728470531912438268e-01,-4.164228211196267182e+00,-3.114423823107886902e-02,3.521584802763186417e+00,-2.095124648547759261e-01,0.000000000000000000e+00,0.000000000000000000e+00,0.000000000000000000e+00,0.000000000000000000e+00,0.000000000000000000e+00,0.000000000000000000e+00,0.000000000000000000e+00
8.810000000000000053e-01,5.059483059936704247e-02,4.440878203553071391e-01,7.062311519840276663e-03,-1.724800959620646612e+00,-1.619646175234566721e-02,2.825355049167242782e+00,-1.360258965297907463e-01,1.325337129525928914e-02,-2.671296054358689442e-01,4.635007981241950903e-02,1.116665319902906184e+00,8.351533341504728536e-03,-9.443362421323895362e-01,5.618215230415934958e-02,-4.951271909686338901e-02,9.979583927550041977e-01,-1.731573371592194377e-01,-4.171703567177587502e+00,-3.120014637437368288e-02,3.527906526425745426e+00,-2.098885682232467520e-01,0.000000000000000000e+00,0.000000000000000000e+00,0.000000000000000000e+00,0.000000000000000000e+00,0.000000000000000000e+00,0.000000000000000000e+00,0.000000000000000000e+00
8.820000000000000062e-01,5.060805919964211919e-02,4.438211900245614960e-01,7.108574969712559699e-03,-1.723686381387760758e+00,-1.618812582831565677e-02,2.824412477922980003e+00,-1.359698193839183333e-01,1.320381463653724774e-02,-2.661307614137535804e-01,4.617676880831095287e-02,1.112489914194249252e+00,8.320305506836052356e-03,-9.408052047964821085e-01,5.597207747218019280e-02,-4.960042926874469460e-02,9.997262435972817940e-01,-1.734640797514617194e-01,-4.179093604396094008e+00,-3.125541641914481028e-02,3.534156098120813994e+00,-2.102603789969337278e-01,0.000000000000000000e+00,0.000000000000000000e+00,0.000000000000000000e+00,0.000000000000000000e+00,0.000000000000000000e+00,0.000000000000000000e+00,0.000000000000000000e+00
8.830000000000000071e-01,5.062123819957264209e-02,4.435555594183521744e-01,7.154664955801269544e-03,-1.722575982241344006e+00,-1.617982115964869405e-02,2.823473440828780934e+00,-1.359139524980658709e-01,1.315417077549478619e-02,-2.651301597768458418e-01,4.600315283768335872e-02,1.108307161237496175e+00,8.289022722142200261e-03,-9.372679540745814109e-01,5.576163298225245146e-02,-4.968712312169154544e-02,1.001473609925103148e+00,-1.737672680432418293e-01,-4.186398011469407265e+00,-3.131004603656506458e-02,3.540333254520042772e+00,-2.106278815094335677e-01,0.000000000000000000e+00,0.000000000000000000e+00,0.000000000000000000e+00,0.000000000000000000e+00,0.000000000000000000e+00,0.000000000000000000e+00,0.000000000000000000e+00
8.840000000000000080e-01,5.063436751246502138e-02,4.432909302840396526e-01,7.200581174919194749e-03,-1.721469769485777235e+00,-1.617154780097421196e-02,2.822537944061780379e+00,-1.358582962397346106e-01,1.310444073029876089e-02,-2.641278210469044652e-01,4.582923546129946679e-02,1.104117146818484052e+00,8.257685629014979711e-03,-9.337245625136496585e-01,5.555082315047044084e-02,-4.977279695999903275e-02,1.003200417249322740e+00,-1.740668891098307025e-01,-4.193616477015247312e+00,-3.136403289780809178e-02,3.546437732295089518e+00,-2.109910600943416537e-01,0.000000000000000000e+00,0.000000000000000000e+00,0.000000000000000000e+00,0.000000000000000000e+00,0.000000000000000000e+00,0.000000000000000000e+00,0.000000000000000000e+00
8.850000000000000089e-01,5.064744705264576791e-02,4.430273043484248552e-01,7.246323327446353713e-03,-1.720367750339499402e+00,-1.616330580627886246e-02,2.821605993726433503e+00,-1.358028509721017629e-01,1.305462552281157207e-02,-2.631237658201779350e-01,4.565502025284701171e-02,1.099919957034433793e+00,8.226294871374918716e-03,-9.301751029239762047e-01,5.533965230859511086e-02,-4.985744708796174818e-02,1.004906591080795053e+00,-1.743629300264997184e-01,-4.200748689651220502e+00,-3.141737467404703832e-02,3.552469268117594225e+00,-2.113498990852535897e-01,0.000000000000000000e+00,0.000000000000000000e+00,0.000000000000000000e+00,0.000000000000000000e+00,0.000000000000000000e+00,0.000000000000000000e+00,0.000000000000000000e+00
8.860000000000000098e-01,5.066047673546501817e-02,4.427646833176753782e-01,7.291891117342907958e-03,-1.719269931934696682e+00,-1.615509522890424404e-02,2.820677595854253816e+00,-1.357476170540051486e-01,1.300472617859148305e-02,-2.621180147674038174e-01,4.548051079893811188e-02,1.095715678293946560e+00,8.194851095471487878e-03,-9.266196483791748761e-01,5.512812480405343551e-02,-4.994106980987450539e-02,1.006592056930381673e+00,-1.746553778685195901e-01,-4.207794337994997136e+00,-3.147006903645510612e-02,3.558427598659221758e+00,-2.117043828157640917e-01,0.000000000000000000e+00,0.000000000000000000e+00,0.000000000000000000e+00,0.000000000000000000e+00,0.000000000000000000e+00,0.000000000000000000e+00,0.000000000000000000e+00
8.870000000000000107e-01,5.067345647730041314e-02,4.425030688772511045e-01,7.337284252162103171e-03,-1.718176321316993382e+00,-1.614691612154451131e-02,2.819752756403551608e+00,-1.356925948399270720e-01,1.295474372689241205e-02,-2.611105886338078719e-01,4.530571069910982462e-02,1.091504397317006436e+00,8.163354949882913048e-03,-9.230582722161937426e-01,5.491624499993918995e-02,-5.002366143003217358e-02,1.008256740308937083e+00,-1.749442197111621411e-01,-4.214753110664233304e+00,-3.152211365620577466e-02,3.564312460591612108e+00,-2.120544956194705399e-01,0.000000000000000000e+00,0.000000000000000000e+00,0.000000000000000000e+00,0.000000000000000000e+00,0.000000000000000000e+00,0.000000000000000000e+00,0.000000000000000000e+00
8.880000000000000115e-01,5.068638619556059544e-02,4.422424626918290969e-01,7.382502443063175546e-03,-1.717086925445135526e+00,-1.613876853624408858e-02,2.818831481259163940e+00,-1.356377846799790565e-01,1.290467920066393215e-02,-2.601015082391056055e-01,4.513062356582386858e-02,1.087286201134970653e+00,8.131807085516230826e-03,-9.194910480353062354e-01,5.470401727501222888e-02,-5.010521825272945540e-02,1.009900566727313986e+00,-1.752294426296976404e-01,-4.221624696276577993e+00,-3.157350620447213485e-02,3.570123590586423035e+00,-2.124002218299683165e-01,0.000000000000000000e+00,0.000000000000000000e+00,0.000000000000000000e+00,0.000000000000000000e+00,0.000000000000000000e+00,0.000000000000000000e+00,0.000000000000000000e+00
8.890000000000000124e-01,5.069926580868906740e-02,4.419828664052292688e-01,7.427545404824251185e-03,-1.716001751190681324e+00,-1.613065252439534886e-02,2.817913776232201517e+00,-1.355831869198860229e-01,1.285453363655136849e-02,-2.590907944775027172e-01,4.495525302446662375e-02,1.083061177090595351e+00,8.100208155607399596e-03,-9.159180497001084831e-01,5.449144602369904167e-02,-5.018573658226122003e-02,1.011523461696373971e+00,-1.755110336993970233e-01,-4.228408783449680186e+00,-3.162424435242749965e-02,3.575860725315298083e+00,-2.127415457808519150e-01,0.000000000000000000e+00,0.000000000000000000e+00,0.000000000000000000e+00,0.000000000000000000e+00,0.000000000000000000e+00,0.000000000000000000e+00,0.000000000000000000e+00
8.900000000000000133e-01,5.071209523616780623e-02,4.417242816403408878e-01,7.472412855855384284e-03,-1.714920805337692977e+00,-1.612256813673623029e-02,2.816999647059776013e+00,-1.355288019009705525e-01,1.280430807489568723e-02,-2.580784683176924332e-01,4.477960271334952003e-02,1.078829412838009816e+00,8.068558815721084410e-03,-9.123393513375388508e-01,5.427853565609241926e-02,-5.026521272292205911e-02,1.013125350726971519e+00,-1.757889799955318910e-01,-4.235105060801203081e+00,-3.167432577124518200e-02,3.581523601449902117e+00,-2.130784518057176058e-01,0.000000000000000000e+00,0.000000000000000000e+00,0.000000000000000000e+00,0.000000000000000000e+00,0.000000000000000000e+00,0.000000000000000000e+00,0.000000000000000000e+00
8.910000000000000142e-01,5.072487439852098323e-02,4.414667099990464694e-01,7.517104518211317754e-03,-1.713844094582422928e+00,-1.611451542334796372e-02,2.816089099404741614e+00,-1.354746299601374826e-01,1.275400355973371758e-02,-2.570645508028581716e-01,4.460367628370837112e-02,1.074590996342731586e+00,8.036859723750913731e-03,-9.087550273378530719e-01,5.406529059795178727e-02,-5.034364297900706386e-02,1.014706159329966439e+00,-1.760632685933729569e-01,-4.241713216948795662e+00,-3.172374813209838385e-02,3.587111955661878682e+00,-2.134109242381623250e-01,0.000000000000000000e+00,0.000000000000000000e+00,0.000000000000000000e+00,0.000000000000000000e+00,0.000000000000000000e+00,0.000000000000000000e+00,0.000000000000000000e+00
8.920000000000000151e-01,5.073760321731865530e-02,4.412101530621482803e-01,7.561620117604549163e-03,-1.712771625532999442e+00,-1.610649443365269953e-02,2.815182138855430338e+00,-1.354206714298578640e-01,1.270362113879773547e-02,-2.560490630506710996e-01,4.442747739970370757e-02,1.070346015881638024e+00,8.005111539919146368e-03,-9.051651523546304645e-01,5.385171529070253982e-02,-5.042102365481071491e-02,1.016265813016207886e+00,-1.763338865681913781e-01,-4.248232940510114020e+00,-3.177250910616041812e-02,3.592625524622860667e+00,-2.137389474117787902e-01,0.000000000000000000e+00,0.000000000000000000e+00,0.000000000000000000e+00,0.000000000000000000e+00,0.000000000000000000e+00,0.000000000000000000e+00,0.000000000000000000e+00
8.930000000000000160e-01,5.075028161518041481e-02,4.409546123892942870e-01,7.605959383418139930e-03,-1.711703404709121967e+00,-1.609850521641124910e-02,2.814278770925390916e+00,-1.353669266381536396e-01,1.265316186351608807e-02,-2.550320262532941307e-01,4.425100973842122087e-02,1.066094560043033823e+00,7.973314926777122502e-03,-9.015698013047988013e-01,5.363781419143670570e-02,-5.049735105462810347e-02,1.017804237296560999e+00,-1.766008209952583119e-01,-4.254663920102828456e+00,-3.182060636460459779e-02,3.598064045004544909e+00,-2.140625056601661580e-01,0.000000000000000000e+00,0.000000000000000000e+00,0.000000000000000000e+00,0.000000000000000000e+00,0.000000000000000000e+00,0.000000000000000000e+00,0.000000000000000000e+00
8.940000000000000169e-01,5.076290951577924065e-02,4.407000895189020495e-01,7.650122048718809020e-03,-1.710639438541742718e+00,-1.609054781972064918e-02,2.813379001053119666e+00,-1.353133959085816018e-01,1.260262678901238886e-02,-2.540134616773759291e-01,4.407427698987076425e-02,1.061836717726555079e+00,7.941470549204750207e-03,-8.979690493685907882e-01,5.342359177291261529e-02,-5.057262148275365465e-02,1.019321357681871376e+00,-1.768640589498446936e-01,-4.261005844344552429e+00,-3.186803757860401376e-02,3.603427253478539427e+00,-2.143815833169173679e-01,0.000000000000000000e+00,0.000000000000000000e+00,0.000000000000000000e+00,0.000000000000000000e+00,0.000000000000000000e+00,0.000000000000000000e+00,0.000000000000000000e+00
8.950000000000000178e-01,5.077548684384493305e-02,4.404465859680860573e-01,7.694107850269631121e-03,-1.709579733372761146e+00,-1.608262229101194152e-02,2.812482834601804260e+00,-1.352600795602182382e-01,1.255201697410637807e-02,-2.529933906640584595e-01,4.389728285698735188e-02,1.057572578143252784e+00,7.909579074411005051e-03,-8.943629719895875851e-01,5.320905252355545567e-02,-5.064683124348229315e-02,1.020817099683005935e+00,-1.771235875072212362e-01,-4.267258401852977556e+00,-3.191480041933220102e-02,3.608714886716519743e+00,-2.146961647156302444e-01,0.000000000000000000e+00,0.000000000000000000e+00,0.000000000000000000e+00,0.000000000000000000e+00,0.000000000000000000e+00,0.000000000000000000e+00,0.000000000000000000e+00
8.960000000000000187e-01,5.078801352516811030e-02,4.401941032325822345e-01,7.737916528543158090e-03,-1.708524295454708408e+00,-1.607472867704774766e-02,2.811590276859055493e+00,-1.352069779076435774e-01,1.250133348131314548e-02,-2.519718346289683275e-01,4.372003105563021519e-02,1.053302230815553742e+00,7.877641171933458253e-03,-8.907516448746823912e-01,5.299420094745638243e-02,-5.071997664110899917e-02,1.022291388810817381e+00,-1.773793937426595413e-01,-4.273421281245745718e+00,-3.196089255796230599e-02,3.613926681390136508e+00,-2.150062341898988372e-01,0.000000000000000000e+00,0.000000000000000000e+00,0.000000000000000000e+00,0.000000000000000000e+00,0.000000000000000000e+00,0.000000000000000000e+00,0.000000000000000000e+00
8.970000000000000195e-01,5.080048948660364355e-02,4.399426427866728884e-01,7.781547827734186518e-03,-1.707473130950436957e+00,-1.606686702392003813e-02,2.810701333036646599e+00,-1.351540912609258127e-01,1.245057737684375498e-02,-2.509488150622236624e-01,4.354252531458407960e-02,1.049025765577262348e+00,7.845657513638706893e-03,-8.871351439941026484e-01,5.277904156437279726e-02,-5.079205397992825333e-02,1.023744150576163747e+00,-1.776314647314307660e-01,-4.279494171140498793e+00,-3.200631166566736407e-02,3.619062374171026164e+00,-2.153117760733194164e-01,0.000000000000000000e+00,0.000000000000000000e+00,0.000000000000000000e+00,0.000000000000000000e+00,0.000000000000000000e+00,0.000000000000000000e+00,0.000000000000000000e+00
8.980000000000000204e-01,5.081291465607450097e-02,4.396922060831141565e-01,7.825001495772837545e-03,-1.706426245932811669e+00,-1.605903737704771073e-02,2.809816008270247245e+00,-1.351014199256055093e-01,1.239974973060481434e-02,-2.499243535284327855e-01,4.336476937555783229e-02,1.044743272573567694e+00,7.813628773722075538e-03,-8.835135455814100425e-01,5.256357890972879199e-02,-5.086305956423514685e-02,1.025175310489901292e+00,-1.778797875488049574e-01,-4.285476760154899978e+00,-3.205105541362118782e-02,3.624121701730850020e+00,-2.156127746994878080e-01,0.000000000000000000e+00,0.000000000000000000e+00,0.000000000000000000e+00,0.000000000000000000e+00,0.000000000000000000e+00,0.000000000000000000e+00,0.000000000000000000e+00
8.990000000000000213e-01,5.082528896257540452e-02,4.394427945530595681e-01,7.868277284337379940e-03,-1.705383646384395879e+00,-1.605123978117432154e-02,2.808934307619164628e+00,-1.350489642026800330e-01,1.234885161619868332e-02,-2.488984716666911012e-01,4.318676699318518830e-02,1.040454842261040014e+00,7.781555628707650940e-03,-8.798869261334916203e-01,5.234781753461487108e-02,-5.093298969832421585e-02,1.026584794062880945e+00,-1.781243492700541609e-01,-4.291368736906612469e+00,-3.209512147299653506e-02,3.629104400741265835e+00,-2.159092144019993942e-01,0.000000000000000000e+00,0.000000000000000000e+00,0.000000000000000000e+00,0.000000000000000000e+00,0.000000000000000000e+00,0.000000000000000000e+00,0.000000000000000000e+00
9.000000000000000222e-01,5.083761233617656305e-02,4.391944096059866021e-01,7.911374948867150314e-03,-1.704345338197139847e+00,-1.604347428036573264e-02,2.808056236066073907e+00,-1.349967243885877022e-01,1.229788411092345990e-02,-2.478711911905846499e-01,4.300852193502480159e-02,1.036160565407634238e+00,7.749438757448531834e-03,-8.762553624105553496e-01,5.213176200578817365e-02,-5.100184068649032954e-02,1.027972526805964293e+00,-1.783651369704490897e-01,-4.297169790013285251e+00,-3.213850751496694080e-02,3.634010207873924259e+00,-2.162010795144500008e-01,0.000000000000000000e+00,0.000000000000000000e+00,0.000000000000000000e+00,0.000000000000000000e+00,0.000000000000000000e+00,0.000000000000000000e+00,0.000000000000000000e+00
9.010000000000000231e-01,5.084988470802726673e-02,4.389470526296213593e-01,7.954294248575521920e-03,-1.703311327172071676e+00,-1.603574091800780144e-02,2.807181798516762861e+00,-1.349447007751923555e-01,1.224684829577289691e-02,-2.468425338881852227e-01,4.283003798155948783e-02,1.031860533092686438e+00,7.717278841126454236e-03,-8.726189314361452176e-01,5.191541690567152978e-02,-5.106960883302841259e-02,1.029338434230011146e+00,-1.786021377252604569e-01,-4.302879608092545993e+00,-3.218121121070555146e-02,3.638838859800458181e+00,-2.164883543704354540e-01,0.000000000000000000e+00,0.000000000000000000e+00,0.000000000000000000e+00,0.000000000000000000e+00,0.000000000000000000e+00,0.000000000000000000e+00,0.000000000000000000e+00
9.020000000000000240e-01,5.086210601035966866e-02,4.387007249898654537e-01,7.997034946462810989e-03,-1.702281619018982006e+00,-1.602803973680402838e-02,2.806310999799860539e+00,-1.348928936497676145e-01,1.219574525543648535e-02,-2.458125216220605758e-01,4.265131892619761222e-02,1.027554836706917385e+00,7.685076563252138393e-03,-8.689777104971332378e-01,5.169878683235479278e-02,-5.113629044223294562e-02,1.030682441845870656e+00,-1.788353386097600861e-01,-4.308497879762100524e+00,-3.222323023138567999e-02,3.643590093192528911e+00,-2.167710233035515799e-01,0.000000000000000000e+00,0.000000000000000000e+00,0.000000000000000000e+00,0.000000000000000000e+00,0.000000000000000000e+00,0.000000000000000000e+00,0.000000000000000000e+00
9.030000000000000249e-01,5.087427617649249723e-02,4.384554280307201291e-01,8.039596809329238591e-03,-1.701256219356117816e+00,-1.602037077877323246e-02,2.805443844666576592e+00,-1.348413032949809798e-01,1.214457607829942665e-02,-2.447811763292593312e-01,4.247236857527159071e-02,1.023243567952428990e+00,7.652832609664997343e-03,-8.653317771437132322e-01,5.148187639959406203e-02,-5.120188181839896435e-02,1.032004475164406188e+00,-1.790647266992182463e-01,-4.314024293639562302e+00,-3.226456224818069485e-02,3.648263644721801313e+00,-2.170490706473933162e-01,0.000000000000000000e+00,0.000000000000000000e+00,0.000000000000000000e+00,0.000000000000000000e+00,0.000000000000000000e+00,0.000000000000000000e+00,0.000000000000000000e+00
9.040000000000000258e-01,5.088639514083465043e-02,4.382111630742128727e-01,8.081979607787809217e-03,-1.700235133709865565e+00,-1.601273408524723357e-02,2.804580337790443245e+00,-1.347899299888785651e-01,1.209334185644264648e-02,-2.437485200213269643e-01,4.229319074803916667e-02,1.018926818842700754e+00,7.620547668533345087e-03,-8.616812091894194836e-01,5.126469023681190507e-02,-5.126637926582128246e-02,1.033304459696468669e+00,-1.792902890689067608e-01,-4.319458538342601628e+00,-3.230520493226374246e-02,3.652859251059915380e+00,-2.173224807355575994e-01,0.000000000000000000e+00,0.000000000000000000e+00,0.000000000000000000e+00,0.000000000000000000e+00,0.000000000000000000e+00,0.000000000000000000e+00,0.000000000000000000e+00
9.050000000000000266e-01,5.089846283888900536e-02,4.379679314203215323e-01,8.124183116277147731e-03,-1.699218367514446104e+00,-1.600512969686853498e-02,2.803720483767041749e+00,-1.347387740048691940e-01,1.204204368564261440e-02,-2.427145747842920365e-01,4.211378927668207872e-02,1.014604681702596878e+00,7.588222430354327197e-03,-8.580260847111027545e-01,5.104723298909713547e-02,-5.132977908879443607e-02,1.034582320952914358e+00,-1.795120127940958987e-01,-4.324800302488860382e+00,-3.234515595480813577e-02,3.657376648878511105e+00,-2.175912379016382570e-01,0.000000000000000000e+00,0.000000000000000000e+00,0.000000000000000000e+00,0.000000000000000000e+00,0.000000000000000000e+00,0.000000000000000000e+00,0.000000000000000000e+00
9.060000000000000275e-01,5.091047920725606801e-02,4.377257343469013740e-01,8.166207113074669399e-03,-1.698205926111595820e+00,-1.599755765358796405e-02,2.802864287113751462e+00,-1.346878356117086617e-01,1.199068266537174632e-02,-2.416793627786755216e-01,4.193416800630733743e-02,1.010277249168368030e+00,7.555857587953851429e-03,-8.543664820489444978e-01,5.082950931720475740e-02,-5.139207759161329436e-02,1.035837984444606619e+00,-1.797298849500568174e-01,-4.330049274696001760e+00,-3.238441298698707671e-02,3.661815574849256905e+00,-2.178553264792328914e-01,0.000000000000000000e+00,0.000000000000000000e+00,0.000000000000000000e+00,0.000000000000000000e+00,0.000000000000000000e+00,0.000000000000000000e+00,0.000000000000000000e+00
9.070000000000000284e-01,5.092244418363763014e-02,4.374845731096094759e-01,8.208051380309305811e-03,-1.697197814750261768e+00,-1.599001799466234081e-02,2.802011752269474520e+00,-1.346371150734841926e-01,1.193925989879802974e-02,-2.406429062394872531e-01,4.175433079494655919e-02,1.005944614187642472e+00,7.523453836486740376e-03,-8.507024798064621862e-01,5.061152389755696479e-02,-5.145327107857283755e-02,1.037071375682392826e+00,-1.799438926120611182e-01,-4.335205143581681853e+00,-3.242297369997398926e-02,3.666175765643814088e+00,-2.181147308019355524e-01,0.000000000000000000e+00,0.000000000000000000e+00,0.000000000000000000e+00,0.000000000000000000e+00,0.000000000000000000e+00,0.000000000000000000e+00,0.000000000000000000e+00
9.080000000000000293e-01,5.093435770684048847e-02,4.372444489418312319e-01,8.249715703974411229e-03,-1.696194038586285480e+00,-1.598251075865220194e-02,2.801162883594380038e+00,-1.345866126495989246e-01,1.188777649278512094e-02,-2.396052274762250356e-01,4.157428151355602175e-02,1.001606870019438489e+00,7.491011873436578816e-03,-8.470341568504924368e-01,5.039328142224142049e-02,-5.151335585396760175e-02,1.038282420177138121e+00,-1.801540228553792922e-01,-4.340267597763556751e+00,-3.246083576494196432e-02,3.670456957933801334e+00,-2.183694352033433983e-01,0.000000000000000000e+00,0.000000000000000000e+00,0.000000000000000000e+00,0.000000000000000000e+00,0.000000000000000000e+00,0.000000000000000000e+00,0.000000000000000000e+00
9.090000000000000302e-01,5.094621971678018474e-02,4.370053630546045231e-01,8.291199873940890974e-03,-1.695194602682097651e+00,-1.597503598341942083e-02,2.800317685369636767e+00,-1.345363285947558940e-01,1.183623355789248377e-02,-2.385663488728773096e-01,4.139402404601694174e-02,9.972641102341448516e-01,7.458532398615783099e-03,-8.433615923112034451e-01,5.017478659901286608e-02,-5.157232822209245615e-02,1.039471043439693432e+00,-1.803602627552829407e-01,-4.345236325859268334e+00,-3.249799685306442587e-02,3.674658888390894163e+00,-2.186194240170511449e-01,0.000000000000000000e+00,0.000000000000000000e+00,0.000000000000000000e+00,0.000000000000000000e+00,0.000000000000000000e+00,0.000000000000000000e+00,0.000000000000000000e+00
9.100000000000000311e-01,5.095803015448467643e-02,4.367673166365466653e-01,8.332503683969857966e-03,-1.694199512006400177e+00,-1.596759370612487600e-02,2.799476161797156415e+00,-1.344862631589425761e-01,1.178463220837525083e-02,-2.375262928879195989e-01,4.121356228913491959e-02,9.929164287135421318e-01,7.426016114165670534e-03,-8.396848655820958740e-01,4.995604415129201170e-02,-5.163018448724226994e-02,1.040637170980916792e+00,-1.805625993870427770e-01,-4.350111016486472693e+00,-3.253445463551457584e-02,3.678781293686739673e+00,-2.188646815766550624e-01,0.000000000000000000e+00,0.000000000000000000e+00,0.000000000000000000e+00,0.000000000000000000e+00,0.000000000000000000e+00,0.000000000000000000e+00,0.000000000000000000e+00
9.110000000000000320e-01,5.096978896209800741e-02,4.365303108537790244e-01,8.373626931725788869e-03,-1.693208771433856175e+00,-1.596018396322617522e-02,2.798638316999321418e+00,-1.344364165874152861e-01,1.173297356218425125e-02,-2.364850820543198395e-01,4.103290015264049462e-02,9.885639196507920445e-01,7.393463724556265104e-03,-8.360040563199975239e-01,4.973705881816647967e-02,-5.168692095371185680e-02,1.041780728311664461e+00,-1.807610198259295142e-01,-4.354891358262840129e+00,-3.257020678346572717e-02,3.682823910492984965e+00,-2.191051922157505327e-01,0.000000000000000000e+00,0.000000000000000000e+00,0.000000000000000000e+00,0.000000000000000000e+00,0.000000000000000000e+00,0.000000000000000000e+00,0.000000000000000000e+00
9.120000000000000329e-01,5.098149608288400636e-02,4.362943468498526323e-01,8.414569418789333288e-03,-1.692222385744780677e+00,-1.595280679047524422e-02,2.797804155018723371e+00,-1.343867891206832477e-01,1.168125874096594130e-02,-2.354427389795290537e-01,4.085204155918886748e-02,9.842066775504250131e-01,7.360875936586505630e-03,-8.323192444450482341e-01,4.951783535438941675e-02,-5.174253392579575284e-02,1.042901640942794472e+00,-1.809555111472145317e-01,-4.359577039805998311e+00,-3.260525096809108181e-02,3.686786475481298453e+00,-2.193409402679324938e-01,0.000000000000000000e+00,0.000000000000000000e+00,0.000000000000000000e+00,0.000000000000000000e+00,0.000000000000000000e+00,0.000000000000000000e+00,0.000000000000000000e+00
9.130000000000000338e-01,5.099315146123001297e-02,4.360594257456740230e-01,8.455330950670233991e-03,-1.691240359624831990e+00,-1.594546222291609930e-02,2.796973679817908565e+00,-1.343373809944934383e-01,1.162948887006272358e-02,-2.343992863454964493e-01,4.067099044436028876e-02,9.798447972283845786e-01,7.328253459384148627e-03,-8.286305101407469564e-01,4.929837853038165907e-02,-5.179701970778899378e-02,1.043999834385161307e+00,-1.811460604261689866e-01,-4.364167749733617541e+00,-3.263958486056400821e-02,3.690668725323305921e+00,-2.195719100667981039e-01,0.000000000000000000e+00,0.000000000000000000e+00,0.000000000000000000e+00,0.000000000000000000e+00,0.000000000000000000e+00,0.000000000000000000e+00,0.000000000000000000e+00
9.140000000000000346e-01,5.100475504265054860e-02,4.358255486394300160e-01,8.495911336820302640e-03,-1.690262697664692393e+00,-1.593815029488242219e-02,2.796146895279105316e+00,-1.342881924398140747e-01,1.157766507851233639e-02,-2.333547469086520998e-01,4.048975075665894874e-02,9.754783738119598979e-01,7.295597004405712793e-03,-8.249379338538957995e-01,4.907869313222912311e-02,-5.185037460398622677e-02,1.045075234149624777e+00,-1.813326547380638143e-01,-4.368663176663353909e+00,-3.267320613205759727e-02,3.694470396690668679e+00,-2.197980859459423009e-01,0.000000000000000000e+00,0.000000000000000000e+00,0.000000000000000000e+00,0.000000000000000000e+00,0.000000000000000000e+00,0.000000000000000000e+00,0.000000000000000000e+00
9.150000000000000355e-01,5.101630677379102863e-02,4.355927166065148293e-01,8.536310390646270618e-03,-1.689289404359762603e+00,-1.593087103999530837e-02,2.795323805203961065e+00,-1.342392236828199026e-01,1.152578849904858926e-02,-2.323091434999193794e-01,4.030832645751469823e-02,9.711075027398496928e-01,7.262907285436631666e-03,-8.212415962946328918e-01,4.885878396168519266e-02,-5.190259491868232100e-02,1.046127765747035809e+00,-1.815152811581701719e-01,-4.373063009212863506e+00,-3.270611245374527298e-02,3.698191226255055142e+00,-2.200194522389606888e-01,0.000000000000000000e+00,0.000000000000000000e+00,0.000000000000000000e+00,0.000000000000000000e+00,0.000000000000000000e+00,0.000000000000000000e+00,0.000000000000000000e+00
9.160000000000000364e-01,5.102780660243142613e-02,4.353609306994533079e-01,8.576527929522806404e-03,-1.688320484109851138e+00,-1.592362449116087320e-02,2.794504413313286140e+00,-1.341904749448758760e-01,1.147386026810069681e-02,-2.312624990247100776e-01,4.012672152128154979e-02,9.667322797621213937e-01,7.230185018591087087e-03,-8.175415784364288285e-01,4.863865583616866495e-02,-5.195367695617192361e-02,1.047157354688254216e+00,-1.816939267617587728e-01,-4.377366935999774000e+00,-3.273830149680018176e-02,3.701830950688091093e+00,-2.202359932794482056e-01,0.000000000000000000e+00,0.000000000000000000e+00,0.000000000000000000e+00,0.000000000000000000e+00,0.000000000000000000e+00,0.000000000000000000e+00,0.000000000000000000e+00
9.170000000000000373e-01,5.103925447749005362e-02,4.351301919478284264e-01,8.616563774805408027e-03,-1.687355941218857458e+00,-1.591641068056796546e-02,2.793688723246779304e+00,-1.341419464425217534e-01,1.142188152579386162e-02,-2.302148364629243993e-01,3.994493993523823283e-02,9.623528009402324557e-01,7.197430922312175738e-03,-8.138379615160760139e-01,4.841831358876580449e-02,-5.200361702075001480e-02,1.048163926484138031e+00,-1.818685786241009961e-01,-4.381574645641777010e+00,-3.276977093239580308e-02,3.705389306661430737e+00,-2.204476934010020095e-01,0.000000000000000000e+00,0.000000000000000000e+00,0.000000000000000000e+00,0.000000000000000000e+00,0.000000000000000000e+00,0.000000000000000000e+00,0.000000000000000000e+00
9.180000000000000382e-01,5.105065034902714349e-02,4.349005013582057932e-01,8.656417751843281660e-03,-1.686395779894464209e+00,-1.590922963968582557e-02,2.792876738562777739e+00,-1.340936383874562488e-01,1.136985341594871912e-02,-2.291661788689522972e-01,3.976298569958852669e-02,9.579691626470143717e-01,7.164645717371728728e-03,-8.101308270337010953e-01,4.819776206822834475e-02,-5.205241141671113070e-02,1.049147406645543512e+00,-1.820392238204677771e-01,-4.385685826756500205e+00,-3.280051843170533887e-02,3.708866030846742490e+00,-2.206545369372165943e-01,0.000000000000000000e+00,0.000000000000000000e+00,0.000000000000000000e+00,0.000000000000000000e+00,0.000000000000000000e+00,0.000000000000000000e+00,0.000000000000000000e+00
9.190000000000000391e-01,5.106199416824856729e-02,4.346718599140591555e-01,8.696089689992261840e-03,-1.685440004247829693e+00,-1.590208139926176795e-02,2.792068462737981704e+00,-1.340455509865216555e-01,1.131777708608186495e-02,-2.281165493716748038e-01,3.958086282746098306e-02,9.535814615666868832e-01,7.131830126870478126e-03,-8.064202567527587462e-01,4.797700613897526445e-02,-5.210005644835052907e-02,1.050107720683325141e+00,-1.822058494261304951e-01,-4.389700167961613886e+00,-3.283054166590182454e-02,3.712260859915680555e+00,-2.208565082216895625e-01,0.000000000000000000e+00,0.000000000000000000e+00,0.000000000000000000e+00,0.000000000000000000e+00,0.000000000000000000e+00,0.000000000000000000e+00,0.000000000000000000e+00
9.200000000000000400e-01,5.107328588750965903e-02,4.344442685756965683e-01,8.735579422627912094e-03,-1.684488618293265239e+00,-1.589496598931882179e-02,2.791263899167200080e+00,-1.339976844416879698e-01,1.126565368740541084e-02,-2.270659711744578146e-01,3.939857534490820434e-02,9.491897946948544273e-01,7.098984876237918185e-03,-8.027063327000201198e-01,4.775605068109123330e-02,-5.214654841996235746e-02,1.051044794108335623e+00,-1.823684425163596412e-01,-4.393617357874759932e+00,-3.285983830615885060e-02,3.715573530539863611e+00,-2.210535915880140756e-01,0.000000000000000000e+00,0.000000000000000000e+00,0.000000000000000000e+00,0.000000000000000000e+00,0.000000000000000000e+00,0.000000000000000000e+00,0.000000000000000000e+00
9.210000000000000409e-01,5.108452546031871933e-02,4.342177282801850113e-01,8.774886787158139856e-03,-1.683541625947937659e+00,-1.588788343915344126e-02,2.790463051163078134e+00,-1.339500389500372646e-01,1.121348437482719285e-02,-2.260144675551587490e-01,3.921612729090823146e-02,9.447942593384972554e-01,7.066110693232402484e-03,-7.989891371656012709e-01,4.753490059032738912e-02,-5.219188363584176260e-02,1.051958552431440097e+00,-1.825269901664259287e-01,-4.397437085113587329e+00,-3.288840602364945243e-02,3.718803779390967179e+00,-2.212457713697868478e-01,0.000000000000000000e+00,0.000000000000000000e+00,0.000000000000000000e+00,0.000000000000000000e+00,0.000000000000000000e+00,0.000000000000000000e+00,0.000000000000000000e+00
9.220000000000000417e-01,5.109571284134083180e-02,4.339922399412768916e-01,8.814011625036408115e-03,-1.682599031031547065e+00,-1.588083377733314622e-02,2.789665921955846617e+00,-1.339026147037479797e-01,1.116127030695084066e-02,-2.249620618661252180e-01,3.903352271736365564e-02,9.403949531159820907e-01,7.033208307941130055e-03,-7.952687527029382863e-01,4.731356077810183747e-02,-5.223605840028366920e-02,1.052848921163489493e+00,-1.826814794516018470e-01,-4.401159038295773485e+00,-3.291624248954699850e-02,3.721951343140652568e+00,-2.214330319006045933e-01,0.000000000000000000e+00,0.000000000000000000e+00,0.000000000000000000e+00,0.000000000000000000e+00,0.000000000000000000e+00,0.000000000000000000e+00,0.000000000000000000e+00
9.230000000000000426e-01,5.110684798640158233e-02,4.337678044493344931e-01,8.852953781774489106e-03,-1.681660837266021113e+00,-1.587381703169421163e-02,2.788872514693045979e+00,-1.338554118900793510e-01,1.110901264607569439e-02,-2.239087775341919162e-01,3.885076568910145189e-02,9.359919739570496944e-01,7.000278452780117622e-03,-7.915452621287961676e-01,4.709203617149870791e-02,-5.227906901758250235e-02,1.053715825815341844e+00,-1.828318974471567770e-01,-4.404782906038946066e+00,-3.294334537502485727e-02,3.725015958460559773e+00,-2.216153575140613619e-01,0.000000000000000000e+00,0.000000000000000000e+00,0.000000000000000000e+00,0.000000000000000000e+00,0.000000000000000000e+00,0.000000000000000000e+00,0.000000000000000000e+00
9.240000000000000435e-01,5.111793085249060481e-02,4.335444226712564797e-01,8.891713106955453916e-03,-1.680727048275202140e+00,-1.586683322933932216e-02,2.788082832439269243e+00,-1.338084306913557286e-01,1.105671255819661025e-02,-2.228546380606837296e-01,3.866786028387414476e-02,9.315854201028415105e-01,6.967321862494171847e-03,-7.878187485232697185e-01,4.687033171326832059e-02,-5.232091179203307574e-02,1.054559191897853410e+00,-1.829782312283632084e-01,-4.408308376960775377e+00,-3.296971235125611965e-02,3.727997362022328787e+00,-2.217927325437534236e-01,0.000000000000000000e+00,0.000000000000000000e+00,0.000000000000000000e+00,0.000000000000000000e+00,0.000000000000000000e+00,0.000000000000000000e+00,0.000000000000000000e+00
9.250000000000000444e-01,5.112896139776549470e-02,4.333220954504025668e-01,8.930289454246662095e-03,-1.679797667584533638e+00,-1.585988239663526506e-02,2.787296878175896886e+00,-1.337616712849507561e-01,1.100437121300447407e-02,-2.217996670214157362e-01,3.848481059235775437e-02,9.271753901058659153e-01,6.934339274156972599e-03,-7.840892952297799923e-01,4.664845236182779686e-02,-5.236158302793053609e-02,1.055378944921885775e+00,-1.831204678704914102e-01,-4.411735139678903295e+00,-3.299534108941420962e-02,3.730895290497628025e+00,-2.219651413232766046e-01,0.000000000000000000e+00,0.000000000000000000e+00,0.000000000000000000e+00,0.000000000000000000e+00,0.000000000000000000e+00,0.000000000000000000e+00,0.000000000000000000e+00
9.260000000000000453e-01,5.113993958155527847e-02,4.331008236065197470e-01,8.968682681412487590e-03,-1.678872698620753168e+00,-1.585296455921057779e-02,2.786514654800839708e+00,-1.337151338432719938e-01,1.095198978388550737e-02,-2.207438880666896530e-01,3.830162071815429448e-02,9.227619828300142046e-01,6.901331427170975807e-03,-7.803569858550805094e-01,4.642640309126061515e-02,-5.240107902956947505e-02,1.056175010398286318e+00,-1.832585944488125396e-01,-4.415062882811007228e+00,-3.302022926067216257e-02,3.733709480558097482e+00,-2.221325681862276191e-01,0.000000000000000000e+00,0.000000000000000000e+00,0.000000000000000000e+00,0.000000000000000000e+00,0.000000000000000000e+00,0.000000000000000000e+00,0.000000000000000000e+00
9.270000000000000462e-01,5.115086536436426468e-02,4.328806079356668501e-01,9.006892650327461003e-03,-1.677952144711577276e+00,-1.584607974195325480e-02,2.785736165128261277e+00,-1.336688185337448487e-01,1.089956944792193350e-02,-2.196873249212973889e-01,3.811829477778971853e-02,9.183452974505641464e-01,6.868299063267524485e-03,-7.766219042692448227e-01,4.620418889131638895e-02,-5.243939610124437323e-02,1.056947313837916624e+00,-1.833925980385970878e-01,-4.418291294974721950e+00,-3.304437453620362453e-02,3.736439668875412679e+00,-2.222949974661996286e-01,0.000000000000000000e+00,0.000000000000000000e+00,0.000000000000000000e+00,0.000000000000000000e+00,0.000000000000000000e+00,0.000000000000000000e+00,0.000000000000000000e+00
9.280000000000000471e-01,5.116173870787572159e-02,4.326614492101416021e-01,9.044919226989037164e-03,-1.677036009085394186e+00,-1.583922796900835012e-02,2.784961411888328797e+00,-1.336227255187974472e-01,1.084711138589160295e-02,-2.186300013845223766e-01,3.793483690071480785e-02,9.139254334541799807e-01,6.835242926506751582e-03,-7.728841346056842809e-01,4.598181476741136642e-02,-5.247653054725043287e-02,1.057695780751629400e+00,-1.835224657151173222e-01,-4.421420064787689341e+00,-3.306777458718146434e-02,3.739085592121178081e+00,-2.224524134967911237e-01,0.000000000000000000e+00,0.000000000000000000e+00,0.000000000000000000e+00,0.000000000000000000e+00,0.000000000000000000e+00,0.000000000000000000e+00,0.000000000000000000e+00
9.290000000000000480e-01,5.117255957495548541e-02,4.324433481784044631e-01,9.082762281530612491e-03,-1.676124294870945608e+00,-1.583240926377574992e-02,2.784190397726947097e+00,-1.335768549558445373e-01,1.079461678226789623e-02,-2.175719413301333560e-01,3.775125122930533816e-02,9.095024906389035380e-01,6.802163763277621622e-03,-7.691437612611355945e-01,4.575928574062815279e-02,-5.251247867188241214e-02,1.058420336650289784e+00,-1.836481845536435120e-01,-4.424448880867601019e+00,-3.309042708477916150e-02,3.741646986967083421e+00,-2.226048006115952660e-01,0.000000000000000000e+00,0.000000000000000000e+00,0.000000000000000000e+00,0.000000000000000000e+00,0.000000000000000000e+00,0.000000000000000000e+00,0.000000000000000000e+00
9.300000000000000488e-01,5.118332792965574196e-02,4.322263055650052421e-01,9.120421688234486846e-03,-1.675217005097022538e+00,-1.582562364890774398e-02,2.783423125205484183e+00,-1.335312069972717786e-01,1.074208682522019564e-02,-2.165131687063892585e-01,3.756754191886174654e-02,9.050765691141524627e-01,6.769062322297944578e-03,-7.654008688956590589e-01,4.553660684771565492e-02,-5.254723677943506921e-02,1.059120907044743376e+00,-1.837697416294468145e-01,-4.427377431832077548e+00,-3.311232970017002897e-02,3.744123590084775799e+00,-2.227521431442092137e-01,0.000000000000000000e+00,0.000000000000000000e+00,0.000000000000000000e+00,0.000000000000000000e+00,0.000000000000000000e+00,0.000000000000000000e+00,0.000000000000000000e+00
9.310000000000000497e-01,5.119404373721868351e-02,4.320103220705083236e-01,9.157897325544589462e-03,-1.674314142692150842e+00,-1.581887114630675661e-02,2.782659596800523438e+00,-1.334857817904205046e-01,1.068952270661330251e-02,-2.154537075360418719e-01,3.738371313760918691e-02,9.006477693007379770e-01,6.735939354614306485e-03,-7.616555424326527657e-01,4.531378314108930327e-02,-5.258080117420271815e-02,1.059797417445853540e+00,-1.838871240177979427e-01,-4.430205406298782123e+00,-3.313348010452726866e-02,3.746515138145909418e+00,-2.228944254282283488e-01,0.000000000000000000e+00,0.000000000000000000e+00,0.000000000000000000e+00,0.000000000000000000e+00,0.000000000000000000e+00,0.000000000000000000e+00,0.000000000000000000e+00
9.320000000000000506e-01,5.120470696408025574e-02,4.317953983714171717e-01,9.195189076079648971e-03,-1.673415710484277064e+00,-1.581215177712298400e-02,2.781899814903591839e+00,-1.334405794775716525e-01,1.063692562200795055e-02,-2.143935819163251821e-01,3.719976906669703043e-02,8.962161919308453406e-01,6.702795613602152702e-03,-7.579078670588295097e-01,4.509081968883071889e-02,-5.261316816048072775e-02,1.060449793364474758e+00,-1.840003187939684981e-01,-4.432932492885363729e+00,-3.315387596902408252e-02,3.748821367822117168e+00,-2.230316317972489415e-01,0.000000000000000000e+00,0.000000000000000000e+00,0.000000000000000000e+00,0.000000000000000000e+00,0.000000000000000000e+00,0.000000000000000000e+00,0.000000000000000000e+00
9.330000000000000515e-01,5.121531757787375905e-02,4.315815351201022221e-01,9.232296826646002597e-03,-1.672521711200463113e+00,-1.580546556175211129e-02,2.781143781820895722e+00,-1.333956001959303028e-01,1.058429677066040353e-02,-2.133328160189695843e-01,3.701571390019997576e-02,8.917819380480533908e-01,6.669631854965815676e-03,-7.541579282242452109e-01,4.486772157468837952e-02,-5.264433404256374516e-02,1.061077960311466839e+00,-1.841093130332296379e-01,-4.435558380209506879e+00,-3.317351496483389450e-02,3.751042015785053252e+00,-2.231637465848641533e-01,0.000000000000000000e+00,0.000000000000000000e+00,0.000000000000000000e+00,0.000000000000000000e+00,0.000000000000000000e+00,0.000000000000000000e+00,0.000000000000000000e+00
9.340000000000000524e-01,5.122587554743360250e-02,4.313687329447238317e-01,9.269220468250391476e-03,-1.671632147466570961e+00,-1.579881251983293947e-02,2.780391499773062769e+00,-1.333508440776099424e-01,1.053163735552281599e-02,-2.122714340901894481e-01,3.683155184511777147e-02,8.873451090073096736e-01,6.636448836738334522e-03,-7.504058116422740454e-01,4.464449389807706448e-02,-5.267429512474641751e-02,1.061681843797682490e+00,-1.842140938108518533e-01,-4.438082756888832137e+00,-3.319239476312990655e-02,3.753176818706386086e+00,-2.232907541246738070e-01,0.000000000000000000e+00,0.000000000000000000e+00,0.000000000000000000e+00,0.000000000000000000e+00,0.000000000000000000e+00,0.000000000000000000e+00,0.000000000000000000e+00
9.350000000000000533e-01,5.123638084279905081e-02,4.311569924491595041e-01,9.305959896113158436e-03,-1.670747021806948895e+00,-1.579219267024507475e-02,2.779642970894872001e+00,-1.333063112496167268e-01,1.047894858324281697e-02,-2.112094604506911111e-01,3.664728712137382827e-02,8.829058064749535362e-01,6.603247319281677075e-03,-7.466516032896226562e-01,4.442114177407724407e-02,-5.270304771132361399e-02,1.062261369333979744e+00,-1.843146482021060795e-01,-4.440505311540995592e+00,-3.321051303508532060e-02,3.755225513257755665e+00,-2.234126387502710642e-01,0.000000000000000000e+00,0.000000000000000000e+00,0.000000000000000000e+00,0.000000000000000000e+00,0.000000000000000000e+00,0.000000000000000000e+00,0.000000000000000000e+00
9.360000000000000542e-01,5.124683343521779094e-02,4.309463142129284496e-01,9.342515009681084948e-03,-1.669866336644129090e+00,-1.578560603110659016e-02,2.778898197234994871e+00,-1.332620018338342427e-01,1.042623166416388469e-02,-2.101469194956684383e-01,3.646292396181721740e-02,8.784641324286983632e-01,6.570028065286587227e-03,-7.428953894063266006e-01,4.419767033343680041e-02,-5.273058810659003726e-02,1.062816462431213083e+00,-1.844109632822641398e-01,-4.442825732783667547e+00,-3.322786745187339408e-02,3.757187836110816193e+00,-2.235293847952513069e-01,0.000000000000000000e+00,0.000000000000000000e+00,0.000000000000000000e+00,0.000000000000000000e+00,0.000000000000000000e+00,0.000000000000000000e+00,0.000000000000000000e+00
9.370000000000000551e-01,5.125723329714974852e-02,4.307366987911177003e-01,9.378885712639992156e-03,-1.668990094298503424e+00,-1.577905261977169404e-02,2.778157180755736810e+00,-1.332179159470067986e-01,1.037348781232526329e-02,-2.090838356948041543e-01,3.627846661222128288e-02,8.740201891576475646e-01,6.536791839772557178e-03,-7.391372564957414681e-01,4.397408472256902900e-02,-5.275691261484061201e-02,1.063347048600238764e+00,-1.845030261265965255e-01,-4.445043709234482776e+00,-3.324445568466755097e-02,3.759063523937214768e+00,-2.236409765932099170e-01,0.000000000000000000e+00,0.000000000000000000e+00,0.000000000000000000e+00,0.000000000000000000e+00,0.000000000000000000e+00,0.000000000000000000e+00,0.000000000000000000e+00
9.380000000000000560e-01,5.126758040227070989e-02,4.305281467143068919e-01,9.415071912928271725e-03,-1.668118296988025051e+00,-1.577253245282846106e-02,2.777419923332761442e+00,-1.331740537007252700e-01,1.032071824546182404e-02,-2.080202335922733958e-01,3.609391933128414109e-02,8.695740792622839166e-01,6.503539410088132744e-03,-7.353772913245677501e-01,4.375039010355474822e-02,-5.278201754036992988e-02,1.063853053351920153e+00,-1.845908238103741716e-01,-4.447158929511111580e+00,-3.326027540464099319e-02,3.760852313408598491e+00,-2.237473984777449409e-01,0.000000000000000000e+00,0.000000000000000000e+00,0.000000000000000000e+00,0.000000000000000000e+00,0.000000000000000000e+00,0.000000000000000000e+00,0.000000000000000000e+00
9.390000000000000568e-01,5.127787472547609693e-02,4.303206584884952113e-01,9.451073522749181555e-03,-1.667250946827887104e+00,-1.576604554609637929e-02,2.776686426754834791e+00,-1.331304152014100572e-01,1.026792418500400983e-02,-2.069561378067361623e-01,3.590928639062890282e-02,8.651259056544784443e-01,6.470271545910510902e-03,-7.316155809228206408e-01,4.352659165414030085e-02,-5.280589918747302658e-02,1.064334402197108176e+00,-1.846743434088689018e-01,-4.449171082231195840e+00,-3.327532428296697820e-02,3.762553941196649987e+00,-2.238486347824504286e-01,0.000000000000000000e+00,0.000000000000000000e+00,0.000000000000000000e+00,0.000000000000000000e+00,0.000000000000000000e+00,0.000000000000000000e+00,0.000000000000000000e+00
9.400000000000000577e-01,5.128811624288454052e-02,4.301142345950241808e-01,9.486890458584265606e-03,-1.666388045830215825e+00,-1.575959191462415754e-02,2.775956692723563712e+00,-1.330870005502961528e-01,1.021510685607822377e-02,-2.058915730313448655e-01,3.572457207480317365e-02,8.606757715574691048e-01,6.436989019245734078e-03,-7.278522125838460255e-01,4.330269456773849779e-02,-5.282855386044449375e-02,1.064791020646655539e+00,-1.847535719973512069e-01,-4.451079856012412961e+00,-3.328959999081870791e-02,3.764168143972987934e+00,-2.239446698409222059e-01,0.000000000000000000e+00,0.000000000000000000e+00,0.000000000000000000e+00,0.000000000000000000e+00,0.000000000000000000e+00,0.000000000000000000e+00,0.000000000000000000e+00
9.410000000000000586e-01,5.129830493184166229e-02,4.299088754905072141e-01,9.522522641206079830e-03,-1.665529595903760152e+00,-1.575317157268729673e-02,2.775230722853129883e+00,-1.330438098434173488e-01,1.016226748750641284e-02,-2.048265640337376681e-01,3.553978068127922052e-02,8.562237805058945384e-01,6.403692604428648516e-03,-7.240872738643222561e-01,4.307870405342928422e-02,-5.284997786357914507e-02,1.065222834211425607e+00,-1.848284966510915783e-01,-4.452884939472376402e+00,-3.330310019936960630e-02,3.765694658409273643e+00,-2.240354879867552107e-01,0.000000000000000000e+00,0.000000000000000000e+00,0.000000000000000000e+00,0.000000000000000000e+00,0.000000000000000000e+00,0.000000000000000000e+00,0.000000000000000000e+00
9.420000000000000595e-01,5.130844077092380079e-02,4.297045816067509016e-01,9.557969995690973608e-03,-1.664675598853576188e+00,-1.574678453378582088e-02,2.774508518670023793e+00,-1.330008431715904993e-01,1.010940731180626218e-02,-2.037611356560464770e-01,3.535491652045413824e-02,8.517700363457603174e-01,6.370383078123015297e-03,-7.203208525842530463e-01,4.285462533595796319e-02,-5.287016750117179420e-02,1.065629768402272859e+00,-1.848991044453620614e-01,-4.454586021228799098e+00,-3.331582257979276429e-02,3.767133221177154212e+00,-2.241210735535461573e-01,0.000000000000000000e+00,0.000000000000000000e+00,0.000000000000000000e+00,0.000000000000000000e+00,0.000000000000000000e+00,0.000000000000000000e+00,0.000000000000000000e+00
9.430000000000000604e-01,5.131852373994158500e-02,4.295013533506837344e-01,9.593232451432176511e-03,-1.663826056380723228e+00,-1.574043081064190747e-02,2.773790081612789393e+00,-1.329581006203998661e-01,1.005652756519113955e-02,-2.026953128148871741e-01,3.516998391564984949e-02,8.473146432344638157e-01,6.337061219321371563e-03,-7.165530368269656947e-01,4.263046365573730512e-02,-5.288911907751725483e-02,1.066011748730053554e+00,-1.849653824554329251e-01,-4.456182789899251873e+00,-3.332776480326160584e-02,3.768483568948276741e+00,-2.242014108748904277e-01,0.000000000000000000e+00,0.000000000000000000e+00,0.000000000000000000e+00,0.000000000000000000e+00,0.000000000000000000e+00,0.000000000000000000e+00,0.000000000000000000e+00
9.440000000000000613e-01,5.132855381994380628e-02,4.292991911042795539e-01,9.628309942152898926e-03,-1.662980970081938903e+00,-1.573411041519759412e-02,2.773075413031750536e+00,-1.329155822701814371e-01,1.000362948757019255e-02,-2.016291205013702736e-01,3.498498720311271626e-02,8.428577056407835499e-01,6.303727809345072153e-03,-7.127839149391288487e-01,4.240622426884554930e-02,-5.290682889691034063e-02,1.066368700705622174e+00,-1.850273177565759930e-01,-4.457674934101468978e+00,-3.333892454094922186e-02,3.769745438394323855e+00,-2.242764842843842921e-01,0.000000000000000000e+00,0.000000000000000000e+00,0.000000000000000000e+00,0.000000000000000000e+00,0.000000000000000000e+00,0.000000000000000000e+00,0.000000000000000000e+00
9.450000000000000622e-01,5.133853099322090163e-02,4.290980952244839997e-01,9.663202405918752680e-03,-1.662140341449345193e+00,-1.572782335861241942e-02,2.772364514188754292e+00,-1.328732881960073553e-01,9.950714322548209756e-03,-2.005625837810907086e-01,3.479993073201453901e-02,8.383993283448756273e-01,6.270383631844345107e-03,-7.090135755307294119e-01,4.218191244702795828e-02,-5.292329326364564324e-02,1.066700549839834977e+00,-1.850848974240619782e-01,-4.459062142453063871e+00,-3.334929946402914736e-02,3.770918566186907128e+00,-2.243462781156218000e-01,0.000000000000000000e+00,0.000000000000000000e+00,0.000000000000000000e+00,0.000000000000000000e+00,0.000000000000000000e+00,0.000000000000000000e+00,0.000000000000000000e+00
9.460000000000000631e-01,5.134845524330882566e-02,4.288980660431402914e-01,9.697909785151240247e-03,-1.661304171870122914e+00,-1.572156965126111916e-02,2.771657386256907607e+00,-1.328312184676700425e-01,9.897783317425704053e-03,-1.994957277941340479e-01,3.461481886445094691e-02,8.339396164382879562e-01,6.237029472798180652e-03,-7.052421074750849783e-01,4.195753347769581865e-02,-5.293850848201819836e-02,1.067007221643558879e+00,-1.851381085331609277e-01,-4.460344103571699748e+00,-3.335888724367452873e-02,3.772002688997694975e+00,-2.244107767022009980e-01,0.000000000000000000e+00,0.000000000000000000e+00,0.000000000000000000e+00,0.000000000000000000e+00,0.000000000000000000e+00,0.000000000000000000e+00,0.000000000000000000e+00
9.470000000000000639e-01,5.135832655499266569e-02,4.286991038669141774e-01,9.732432026640314149e-03,-1.660472462626208623e+00,-1.571534930273126365e-02,2.770954030320312178e+00,-1.327893731496669616e-01,9.844837723198829327e-03,-1.984285777550764962e-01,3.442965597544256351e-02,8.294786753239407062e-01,6.203666120514400584e-03,-7.014695999088367273e-01,4.173309266392721817e-02,-5.295247085632281969e-02,1.067288641627634149e+00,-1.851869381591457753e-01,-4.461520506075025594e+00,-3.336768555105845691e-02,3.772997543498348705e+00,-2.244699643777159359e-01,0.000000000000000000e+00,0.000000000000000000e+00,0.000000000000000000e+00,0.000000000000000000e+00,0.000000000000000000e+00,0.000000000000000000e+00,0.000000000000000000e+00
9.480000000000000648e-01,5.136814491431038188e-02,4.285012089772186616e-01,9.766769081557546972e-03,-1.659645214893976206e+00,-1.570916232182097833e-02,2.770254447373797113e+00,-1.327477523011842409e-01,9.791878794559644161e-03,-1.973611589529808974e-01,3.424444645293522882e-02,8.250166107161387430e-01,6.170294365629755418e-03,-6.976961422319618578e-01,4.150859532446637967e-02,-5.296517669085398783e-02,1.067544735302929482e+00,-1.852313733772863458e-01,-4.462591038580697500e+00,-3.337569205735441136e-02,3.773902866360522523e+00,-2.245238254757624397e-01,0.000000000000000000e+00,0.000000000000000000e+00,0.000000000000000000e+00,0.000000000000000000e+00,0.000000000000000000e+00,0.000000000000000000e+00,0.000000000000000000e+00
9.490000000000000657e-01,5.137791030855641539e-02,4.283043816301418949e-01,9.800920905468524236e-03,-1.658822429743935345e+00,-1.570300871653657060e-02,2.769558638322665800e+00,-1.327063559760818801e-01,9.738907789895612233e-03,-1.962934967514025075e-01,3.405919469779888908e-02,8.205535286405716278e-01,6.136915001109674583e-03,-6.939218241077700355e-01,4.128404679372355002e-02,-5.297662228990651645e-02,1.067775428180295805e+00,-1.852714012628537965e-01,-4.463555389706371557e+00,-3.338290443373564953e-02,3.774718394255835108e+00,-2.245723443299358912e-01,0.000000000000000000e+00,0.000000000000000000e+00,0.000000000000000000e+00,0.000000000000000000e+00,0.000000000000000000e+00,0.000000000000000000e+00,0.000000000000000000e+00
9.500000000000000666e-01,5.138762272628548400e-02,4.281086220563705136e-01,9.834887458346680544e-03,-1.658004108140409105e+00,-1.569688849409024006e-02,2.768866603982424568e+00,-1.326651842228774303e-01,9.685925971290226810e-03,-1.952256165883836658e-01,3.387390512382865149e-02,8.160895354343136177e-01,6.103528822248530106e-03,-6.901467354628856299e-01,4.105945242177655441e-02,-5.298680395777533025e-02,1.067980645770591153e+00,-1.853070088911195068e-01,-4.464413248069710960e+00,-3.338932035137548437e-02,3.775443863855969084e+00,-2.246155052738330049e-01,0.000000000000000000e+00,0.000000000000000000e+00,0.000000000000000000e+00,0.000000000000000000e+00,0.000000000000000000e+00,0.000000000000000000e+00,0.000000000000000000e+00
9.510000000000000675e-01,5.139728215731622502e-02,4.279139304611156991e-01,9.868668704585359386e-03,-1.657190250941230403e+00,-1.569080166089767414e-02,2.768178345078519786e+00,-1.326242370847303120e-01,9.632934604522358502e-03,-1.941575439764537947e-01,3.368858215774395148e-02,8.116247377458130075e-01,6.070136626669456192e-03,-6.863709664872672533e-01,4.083481757436824289e-02,-5.299571799875546496e-02,1.068160313584671783e+00,-1.853381833373544119e-01,-4.465164302288350484e+00,-3.339493748144695129e-02,3.776079011832564447e+00,-2.246532926410482744e-01,0.000000000000000000e+00,0.000000000000000000e+00,0.000000000000000000e+00,0.000000000000000000e+00,0.000000000000000000e+00,0.000000000000000000e+00,0.000000000000000000e+00
9.520000000000000684e-01,5.140688859273492145e-02,4.277203070240390148e-01,9.902264613011191319e-03,-1.656380858897428698e+00,-1.568474822257584153e-02,2.767493862246079850e+00,-1.325835145994268549e-01,9.579934959066921385e-03,-1.930893045026360610e-01,3.350323023918966303e-02,8.071592425349134459e-01,6.036739214324446379e-03,-6.825946076342059854e-01,4.061014763290871077e-02,-5.300336071714117914e-02,1.068314357133393955e+00,-1.853649116768292249e-01,-4.465808240979946220e+00,-3.339975349512358527e-02,3.776623574857275401e+00,-2.246856907651788582e-01,0.000000000000000000e+00,0.000000000000000000e+00,0.000000000000000000e+00,0.000000000000000000e+00,0.000000000000000000e+00,0.000000000000000000e+00,0.000000000000000000e+00
9.530000000000000693e-01,5.141644202489913801e-02,4.275277518991781878e-01,9.935675156896986437e-03,-1.655575932652914695e+00,-1.567872818394055318e-02,2.766813156029642506e+00,-1.325430167993637276e-01,9.526928308094206876e-03,-1.920209238284380504e-01,3.331785382073421120e-02,8.026931570728201848e-01,6.003337387494270261e-03,-6.788177496203093853e-01,4.038544799447429945e-02,-5.300972841722761952e-02,1.068442701927612148e+00,-1.853871809848151031e-01,-4.466344752762168469e+00,-3.340376606357836620e-02,3.777077289601741938e+00,-2.247126839798192499e-01,0.000000000000000000e+00,0.000000000000000000e+00,0.000000000000000000e+00,0.000000000000000000e+00,0.000000000000000000e+00,0.000000000000000000e+00,0.000000000000000000e+00
9.540000000000000702e-01,5.142594244744151666e-02,4.273362652148711693e-01,9.968900313974390914e-03,-1.654775472744176135e+00,-1.567274154900416896e-02,2.766136226882902172e+00,-1.325027437115328666e-01,9.473915928470466596e-03,-1.909524276898619810e-01,3.313245736787212570e-02,7.982265889421515936e-01,5.969931950788626152e-03,-6.750404834255387954e-01,4.016072407180781845e-02,-5.301481740330948877e-02,1.068545273478189728e+00,-1.854049783365836479e-01,-4.466773526252666215e+00,-3.340697285798499561e-02,3.777439892737632476e+00,-2.247342566185666080e-01,0.000000000000000000e+00,0.000000000000000000e+00,0.000000000000000000e+00,0.000000000000000000e+00,0.000000000000000000e+00,0.000000000000000000e+00,0.000000000000000000e+00
9.550000000000000711e-01,5.143538985527335017e-02,4.271458470736839708e-01,1.000194006644722355e-02,-1.653979479599958946e+00,-1.566678832097331137e-02,2.765463075168439921e+00,-1.324626953575055721e-01,9.420899100757496036e-03,-1.898838418973931574e-01,3.294704535902137632e-02,7.937596460368769868e-01,5.936523711145919036e-03,-6.712629002931471689e-01,3.993598129331799029e-02,-5.301862397968137852e-02,1.068621997295977621e+00,-1.854182908074049063e-01,-4.467094250069088446e+00,-3.340937154951634236e-02,3.777711120936587008e+00,-2.247503930150136497e-01,0.000000000000000000e+00,0.000000000000000000e+00,0.000000000000000000e+00,0.000000000000000000e+00,0.000000000000000000e+00,0.000000000000000000e+00,0.000000000000000000e+00
9.560000000000000719e-01,5.144478424458838461e-02,4.269564975523335582e-01,1.003479440100404907e-02,-1.653187953540961264e+00,-1.566086850224646110e-02,2.764793701157461037e+00,-1.324228717534169653e-01,9.367879109212912114e-03,-1.888151923360110729e-01,3.276162228552570443e-02,7.892924365623645855e-01,5.903113477833510370e-03,-6.674850917297536768e-01,3.971122510308078279e-02,-5.302114445063854653e-02,1.068672798891832088e+00,-1.854271054725511458e-01,-4.467306612829084145e+00,-3.341095980934583043e-02,3.777890710870288160e+00,-2.247610775027593100e-01,0.000000000000000000e+00,0.000000000000000000e+00,0.000000000000000000e+00,0.000000000000000000e+00,0.000000000000000000e+00,0.000000000000000000e+00,0.000000000000000000e+00
9.570000000000000728e-01,5.145412561286645536e-02,4.267682167016156880e-01,1.006746330883136198e-02,-1.652400894779521678e+00,-1.565498209441169158e-02,2.764128105029536098e+00,-1.323832729099502226e-01,9.314857241789931130e-03,-1.877465049651805273e-01,3.257619265165301314e-02,7.848250690353619774e-01,5.869702062447426649e-03,-6.637071495052726533e-01,3.948646096083752166e-02,-5.302237512047525136e-02,1.068697603776612937e+00,-1.854314094072921915e-01,-4.467410303150316508e+00,-3.341173530864682828e-02,3.777978399210326188e+00,-2.247662944153971942e-01,0.000000000000000000e+00,0.000000000000000000e+00,0.000000000000000000e+00,0.000000000000000000e+00,0.000000000000000000e+00,0.000000000000000000e+00,0.000000000000000000e+00
9.580000000000000737e-01,5.146341395887717163e-02,4.265810045463294120e-01,1.009994678562614601e-02,-1.651618303419303491e+00,-1.564912909824430973e-02,2.763466286872329647e+00,-1.323438988323210053e-01,9.261834790137590812e-03,-1.866778058188569567e-01,3.239076097459619996e-02,7.803576522840032226e-01,5.836290278912650842e-03,-6.599291656529722161e-01,3.926169434199699992e-02,-5.302231229348675079e-02,1.068696337461174650e+00,-1.854311896869000886e-01,-4.467405009650434522e+00,-3.341169571859231580e-02,3.777973922628405035e+00,-2.247660280865235727e-01,0.000000000000000000e+00,0.000000000000000000e+00,0.000000000000000000e+00,0.000000000000000000e+00,0.000000000000000000e+00,0.000000000000000000e+00,0.000000000000000000e+00
9.590000000000000746e-01,5.147264928268370510e-02,4.263948610852013044e-01,1.013224483160939104e-02,-1.650840179454984735e+00,-1.564330951370452444e-02,2.762808246681344393e+00,-1.323047495202615553e-01,9.208813049600500511e-03,-1.856091210054877649e-01,3.220533178447249067e-02,7.758902954477981950e-01,5.802878943482983609e-03,-6.561512324694334097e-01,3.903693073763381260e-02,-5.302095227396719235e-02,1.068668925456371710e+00,-1.854264333866455505e-01,-4.467290420947094276e+00,-3.341083871035588349e-02,3.777877017796157588e+00,-2.247602628497347155e-01,0.000000000000000000e+00,0.000000000000000000e+00,0.000000000000000000e+00,0.000000000000000000e+00,0.000000000000000000e+00,0.000000000000000000e+00,0.000000000000000000e+00
9.599999999999999645e-01,5.148183158564639123e-02,4.262097862908137413e-01,1.016435745153827785e-02,-1.650066522771954869e+00,-1.563752333993513946e-02,2.762153984359652092e+00,-1.322658249680055131e-01,9.155793319219035498e-03,-1.845404767080043307e-01,3.201990962432432752e-02,7.714231079776396882e-01,5.769468874740932285e-03,-6.523734425145715221e-01,3.881217565448891182e-02,-5.301829136621194483e-02,1.068615293273065703e+00,-1.854171275817988462e-01,-4.467066225657944756e+00,-3.340916195511067777e-02,3.777687421385238054e+00,-2.247489830386251164e-01,0.000000000000000000e+00,0.000000000000000000e+00,0.000000000000000000e+00,0.000000000000000000e+00,0.000000000000000000e+00,0.000000000000000000e+00,0.000000000000000000e+00
9.609999999999999654e-01,5.149096087042641379e-02,4.260257801095282959e-01,1.019628465471984768e-02,-1.649297333145990585e+00,-1.563177057525920108e-02,2.761503499717632426e+00,-1.322271251642715695e-01,9.102776901729364711e-03,-1.834718991838304447e-01,3.183449905011864756e-02,7.669561996358016387e-01,5.736060893598002308e-03,-6.485958886116307553e-01,3.858743461497016192e-02,-5.301432587451582190e-02,1.068535366422105781e+00,-1.854032593476324653e-01,-4.466732112400642052e+00,-3.340666312402990057e-02,3.777404870067286424e+00,-2.247321729867914897e-01,0.000000000000000000e+00,0.000000000000000000e+00,0.000000000000000000e+00,0.000000000000000000e+00,0.000000000000000000e+00,0.000000000000000000e+00,0.000000000000000000e+00
9.619999999999999662e-01,5.150003714098958657e-02,4.258428424614119079e-01,1.022802645502329799e-02,-1.648532610242953389e+00,-1.562605121717769441e-02,2.760856792472718535e+00,-1.321886500922485330e-01,9.049765103563228719e-03,-1.824034147648787574e-01,3.164910463074710467e-02,7.624896804959533370e-01,5.702655823294447424e-03,-6.448186638471824494e-01,3.836271315715111818e-02,-5.300905210317297112e-02,1.068429070414355309e+00,-1.853848157594171209e-01,-4.466287769792856466e+00,-3.340333988828697587e-02,3.777029100513971116e+00,-2.247098170278292173e-01,0.000000000000000000e+00,0.000000000000000000e+00,0.000000000000000000e+00,0.000000000000000000e+00,0.000000000000000000e+00,0.000000000000000000e+00,0.000000000000000000e+00
9.629999999999999671e-01,5.150906040260997548e-02,4.256609732401623880e-01,1.025958287089340226e-02,-1.647772353618473407e+00,-1.562036526236717029e-02,2.760213862249112804e+00,-1.321503997295789823e-01,8.996759234848161757e-03,-1.813350498575503345e-01,3.146373094802629167e-02,7.580236609431292294e-01,5.669254489399311314e-03,-6.410418615711250823e-01,3.813801683477247018e-02,-5.300246635647898330e-02,1.068296330760670543e+00,-1.853617838924224159e-01,-4.465732886452215666e+00,-3.339918991905505008e-02,3.776559849396925017e+00,-2.246818994953341253e-01,0.000000000000000000e+00,0.000000000000000000e+00,0.000000000000000000e+00,0.000000000000000000e+00,0.000000000000000000e+00,0.000000000000000000e+00,0.000000000000000000e+00
9.639999999999999680e-01,5.151803066187366636e-02,4.254801723130333668e-01,1.029095392536304165e-02,-1.647016562717642962e+00,-1.561471270667748323e-02,2.759574708577543944e+00,-1.321123740483441389e-01,8.943760609407297446e-03,-1.802668309427355453e-01,3.127838259669674104e-02,7.535582516737537873e-01,5.635857719810427602e-03,-6.372655753966842695e-01,3.791335121724048740e-02,-5.299456493872811702e-02,1.068137072971905965e+00,-1.853341508219203959e-01,-4.465067150996382850e+00,-3.339421088750738065e-02,3.775996853387816543e+00,-2.246484047229015957e-01,0.000000000000000000e+00,0.000000000000000000e+00,0.000000000000000000e+00,0.000000000000000000e+00,0.000000000000000000e+00,0.000000000000000000e+00,0.000000000000000000e+00
9.649999999999999689e-01,5.152694792668234547e-02,4.253004395207615751e-01,1.032213964606636114e-02,-1.646265236874699056e+00,-1.560909354512939745e-02,2.758939330894996544e+00,-1.320745730150480191e-01,8.890770544759618588e-03,-1.791987845758149511e-01,3.109306418442514541e-02,7.490935636956361776e-01,5.602466344754655769e-03,-6.334898992004234231e-01,3.768872188962857361e-02,-5.298534415421518595e-02,1.067951222558916058e+00,-1.853019036231835504e-01,-4.464290252043035423e+00,-3.338840046481733603e-02,3.775339849158307004e+00,-2.246093170441274545e-01,0.000000000000000000e+00,0.000000000000000000e+00,0.000000000000000000e+00,0.000000000000000000e+00,0.000000000000000000e+00,0.000000000000000000e+00,0.000000000000000000e+00
9.659999999999999698e-01,5.153581220625714360e-02,4.251217746774900164e-01,1.035314006525164809e-02,-1.645518375312717829e+00,-1.560350777191229707e-02,2.758307728544441062e+00,-1.320369965906015297e-01,8.837790362119679610e-03,-1.781309373866548640e-01,3.090778033180135997e-02,7.446297083279596052e-01,5.569081196787450949e-03,-6.297149271222206579e-01,3.746413445267648967e-02,-5.297480030723511479e-02,1.067738705032557078e+00,-1.852650293714801499e-01,-4.463401878209772633e+00,-3.338175632215800714e-02,3.774588573380029288e+00,-2.245646207926075277e-01,0.000000000000000000e+00,0.000000000000000000e+00,0.000000000000000000e+00,0.000000000000000000e+00,0.000000000000000000e+00,0.000000000000000000e+00,0.000000000000000000e+00
9.669999999999999707e-01,5.154462351114219576e-02,4.249441775706950253e-01,1.038395521979422476e-02,-1.644775977143299261e+00,-1.559795538038185464e-02,2.757679900774579806e+00,-1.319996447303071196e-01,8.784821386397828613e-03,-1.770633160796171168e-01,3.072253567234128901e-02,7.401667972013044050e-01,5.535703110793252502e-03,-6.259407535652901089e-01,3.723959452278979843e-02,-5.296292970208271722e-02,1.067499445903690614e+00,-1.852235151420833503e-01,-4.462401718114314519e+00,-3.337427613070292898e-02,3.773742762724630495e+00,-2.245143003019367534e-01,0.000000000000000000e+00,0.000000000000000000e+00,0.000000000000000000e+00,0.000000000000000000e+00,0.000000000000000000e+00,0.000000000000000000e+00,0.000000000000000000e+00
9.679999999999999716e-01,5.155338185320839511e-02,4.247676479611112166e-01,1.041458515120938233e-02,-1.644038041366257197e+00,-1.559243636305767539e-02,2.757055846739585370e+00,-1.319625173838430976e-01,8.731864946200124100e-03,-1.759959474335466290e-01,3.053733485248466550e-02,7.357049422576178443e-01,5.502332923985248092e-03,-6.221674731961712723e-01,3.701510773204108595e-02,-5.294972864305269589e-02,1.067233370683171145e+00,-1.851773480102629765e-01,-4.461289460374274540e+00,-3.336595756162513693e-02,3.772802153863771935e+00,-2.244583399057114015e-01,0.000000000000000000e+00,0.000000000000000000e+00,0.000000000000000000e+00,0.000000000000000000e+00,0.000000000000000000e+00,0.000000000000000000e+00,0.000000000000000000e+00
9.689999999999999725e-01,5.156208724565714691e-02,4.245921855826572111e-01,1.044502990566537060e-02,-1.643304566869308481e+00,-1.558695071162099696e-02,2.756435565498819074e+00,-1.319256144952475895e-01,8.678922373828307224e-03,-1.749288583017771792e-01,3.035218253159638335e-02,7.312442557502318863e-01,5.468971475905498592e-03,-6.183951809447378878e-01,3.679067972816896237e-02,-5.293519343443986447e-02,1.066940404881853155e+00,-1.851265150512906299e-01,-4.460064793607301681e+00,-3.335679828609811048e-02,3.771766483469100706e+00,-2.243967239375272982e-01,0.000000000000000000e+00,0.000000000000000000e+00,0.000000000000000000e+00,0.000000000000000000e+00,0.000000000000000000e+00,0.000000000000000000e+00,0.000000000000000000e+00
9.699999999999999734e-01,5.157073970302394894e-02,4.244177901423611399e-01,1.047528953399617935e-02,-1.642575552427759433e+00,-1.558149841691236145e-02,2.755819056016593827e+00,-1.318889360029034674e-01,8.625995005279690764e-03,-1.738620756121385114e-01,3.016708338196599781e-02,7.267848502438702951e-01,5.435619608424813176e-03,-6.146239720041855037e-01,3.656631617457883898e-02,-5.291932038053892562e-02,1.066620474010592901e+00,-1.850710033404374677e-01,-4.458727406431080453e+00,-3.334679597529499606e-02,3.770635488212271014e+00,-2.243294367309798254e-01,0.000000000000000000e+00,0.000000000000000000e+00,0.000000000000000000e+00,0.000000000000000000e+00,0.000000000000000000e+00,0.000000000000000000e+00,0.000000000000000000e+00
9.709999999999999742e-01,5.157933924118218022e-02,4.242444613202857040e-01,1.050536409171462515e-02,-1.641850996704198540e+00,-1.557607946892924922e-02,2.755206317161890794e+00,-1.318524818395221954e-01,8.573084180247492192e-03,-1.727956263669434556e-01,2.998204208880772548e-02,7.223268386146308728e-01,5.402278165742915861e-03,-6.108539418310421354e-01,3.634202275034192908e-02,-5.290210578564480404e-02,1.066273503580250193e+00,-1.850107999529739811e-01,-4.457276987463238527e+00,-3.333594830038899559e-02,3.769408904764915746e+00,-2.242564626196648092e-01,0.000000000000000000e+00,0.000000000000000000e+00,0.000000000000000000e+00,0.000000000000000000e+00,0.000000000000000000e+00,0.000000000000000000e+00,0.000000000000000000e+00
9.719999999999999751e-01,5.158788587734672304e-02,4.240721987694542339e-01,1.053525363902516054e-02,-1.641130898248180259e+00,-1.557069385682378904e-02,2.754597347708106270e+00,-1.318162519321282589e-01,8.520191242120639386e-03,-1.717295376429950338e-01,2.979706335026055530e-02,7.178703340500014463e-01,5.368947994388362233e-03,-6.070851861451629361e-01,3.611780515019646920e-02,-5.288354595405209135e-02,1.065899419101681289e+00,-1.849458919641717713e-01,-4.455713225321439097e+00,-3.332425293255347754e-02,3.768086469798731741e+00,-2.241777859371785198e-01,0.000000000000000000e+00,0.000000000000000000e+00,0.000000000000000000e+00,0.000000000000000000e+00,0.000000000000000000e+00,0.000000000000000000e+00,0.000000000000000000e+00
9.729999999999999760e-01,5.159637963007771000e-02,4.239010021157765262e-01,1.056495824083687751e-02,-1.640415255495914604e+00,-1.556534156890044401e-02,2.753992146332781665e+00,-1.317802462020438437e-01,8.467317537983576337e-03,-1.706638365915851274e-01,2.961215187738819310e-02,7.134154500488421036e-01,5.335629943218414550e-03,-6.033178009297319733e-01,3.589366908454683092e-02,-5.286363719005582329e-02,1.065498146085737119e+00,-1.848762664493019958e-01,-4.454035808623338255e+00,-3.331170754296175485e-02,3.766667919985344781e+00,-2.240933910171154508e-01,0.000000000000000000e+00,0.000000000000000000e+00,0.000000000000000000e+00,0.000000000000000000e+00,0.000000000000000000e+00,0.000000000000000000e+00,0.000000000000000000e+00
9.739999999999999769e-01,5.160482051928423630e-02,4.237308709579725718e-01,1.059447796677635834e-02,-1.639704066769960722e+00,-1.556002259261358642e-02,2.753390711617342834e+00,-1.317444645648724877e-01,8.414464418616512953e-03,-1.695985504384975862e-01,2.942731239417883948e-02,7.089623004214011814e-01,5.302324863419277667e-03,-5.995518824312515704e-01,3.566962027946340985e-02,-5.284237579795070250e-02,1.065069610043281045e+00,-1.848019104836351456e-01,-4.452244425986584986e+00,-3.329830980278697394e-02,3.765152991996387755e+00,-2.240032621930723167e-01,0.000000000000000000e+00,0.000000000000000000e+00,0.000000000000000000e+00,0.000000000000000000e+00,0.000000000000000000e+00,0.000000000000000000e+00,0.000000000000000000e+00
9.749999999999999778e-01,5.161320856622797493e-02,4.235618048675007241e-01,1.062381289120062355e-02,-1.638997330278909370e+00,-1.555473691456532581e-02,2.752793042046846050e+00,-1.317089069304842874e-01,8.361633238495591591e-03,-1.685337064840037868e-01,2.924254963754607806e-02,7.045109992893081596e-01,5.269033608505974131e-03,-5.957875271595689526e-01,3.544566447668406894e-02,-5.281975808203143163e-02,1.064613736485169326e+00,-1.847228111424423780e-01,-4.450338766028842485e+00,-3.328405738320250329e-02,3.763541422503536182e+00,-2.239073837986431670e-01,0.000000000000000000e+00,0.000000000000000000e+00,0.000000000000000000e+00,0.000000000000000000e+00,0.000000000000000000e+00,0.000000000000000000e+00,0.000000000000000000e+00
9.759999999999999787e-01,5.162154379352697914e-02,4.233938033884809826e-01,1.065296309321012158e-02,-1.638295044117076049e+00,-1.554948452050302840e-02,2.752199136009692904e+00,-1.316735732029994110e-01,8.308825355792331946e-03,-1.674693321028626336e-01,2.905786835732754314e-02,7.000616610855772137e-01,5.235757034322288672e-03,-5.920248318878549298e-01,3.522180743361191801e-02,-5.279578034659260233e-02,1.064130450922249338e+00,-1.846389555009952943e-01,-4.448318517367745528e+00,-3.326894795538165583e-02,3.761832948178437164e+00,-2.238057401674260483e-01,0.000000000000000000e+00,0.000000000000000000e+00,0.000000000000000000e+00,0.000000000000000000e+00,0.000000000000000000e+00,0.000000000000000000e+00,0.000000000000000000e+00
9.769999999999999796e-01,5.162982622515928377e-02,4.232268660376214964e-01,1.068192865666153790e-02,-1.637597206264184369e+00,-1.554426539531706883e-02,2.751608991797392711e+00,-1.316384632807729160e-01,8.256042132374130649e-03,-1.664054547443236665e-01,2.887327331628564142e-02,6.956144005546018860e-01,5.202495999040893104e-03,-5.882638936526003448e-01,3.499805492331686807e-02,-5.277043889592947234e-02,1.063619678865389773e+00,-1.845503306345643857e-01,-4.446183368620978626e+00,-3.325297919049746698e-02,3.760027305692752009e+00,-2.236983156330154543e-01,0.000000000000000000e+00,0.000000000000000000e+00,0.000000000000000000e+00,0.000000000000000000e+00,0.000000000000000000e+00,0.000000000000000000e+00,0.000000000000000000e+00
9.779999999999999805e-01,5.163805588646663836e-02,4.230609923041440679e-01,1.071070967018084019e-02,-1.636903814585060513e+00,-1.553907952303850565e-02,2.751022607604278747e+00,-1.316035770563790952e-01,8.203284933804150247e-03,-1.653421019321261731e-01,2.868876929010832910e-02,6.911693327521586383e-01,5.169251363163249180e-03,-5.845048097536338361e-01,3.477441273453585335e-02,-5.274373003433652229e-02,1.063081345825439783e+00,-1.844569236184208094e-01,-4.443933008406176555e+00,-3.323614875972352722e-02,3.758124231718092290e+00,-2.235850945290067671e-01,0.000000000000000000e+00,0.000000000000000000e+00,0.000000000000000000e+00,0.000000000000000000e+00,0.000000000000000000e+00,0.000000000000000000e+00,0.000000000000000000e+00
9.789999999999999813e-01,5.164623280415822637e-02,4.228961816497097681e-01,1.073930622717611527e-02,-1.636214866829318382e+00,-1.553392688683669781e-02,2.750439981527255551e+00,-1.315689144165954616e-01,8.150555129341013894e-03,-1.642793012644974127e-01,2.850436106740711351e-02,6.867265730454086281e-01,5.136023989519705735e-03,-5.807476777541040747e-01,3.455088667167105498e-02,-5.271565006610867687e-02,1.062515377313255627e+00,-1.843587215278361668e-01,-4.441567125340988298e+00,-3.321845433423287197e-02,3.756123462926154843e+00,-2.234660611889967008e-01,0.000000000000000000e+00,0.000000000000000000e+00,0.000000000000000000e+00,0.000000000000000000e+00,0.000000000000000000e+00,0.000000000000000000e+00,0.000000000000000000e+00
9.799999999999999822e-01,5.165435700631430815e-02,4.227324335083436635e-01,1.076771842585048933e-02,-1.635530360631049618e+00,-1.552880746901702871e-02,2.749861111565532035e+00,-1.315344752423872610e-01,8.097854091939304944e-03,-1.632170804141530596e-01,2.832005344971899596e-02,6.822862371128870507e-01,5.102814743269318276e-03,-5.769925954804957513e-01,3.432748255479178834e-02,-5.268619529554052772e-02,1.061921698839695338e+00,-1.842557114380807270e-01,-4.439085408043062841e+00,-3.319989358519875866e-02,3.754024735988565453e+00,-2.233411999465788611e-01,0.000000000000000000e+00,0.000000000000000000e+00,0.000000000000000000e+00,0.000000000000000000e+00,0.000000000000000000e+00,0.000000000000000000e+00,0.000000000000000000e+00
9.809999999999999831e-01,5.166242852238996097e-02,4.225697472863609860e-01,1.079594636921521467e-02,-1.634850293508507857e+00,-1.552372125101855391e-02,2.749285995620359024e+00,-1.315002594088920951e-01,8.045183198249289402e-03,-1.621554671283012006e-01,2.813585125150541710e-02,6.778484409445244552e-01,5.069624491900071028e-03,-5.732396610226171418e-01,3.410420621963416998e-02,-5.265536202692699952e-02,1.061300235915620505e+00,-1.841478804244256473e-01,-4.436487545130070487e+00,-3.318046418379472229e-02,3.751827787576992534e+00,-2.232104951353508504e-01,0.000000000000000000e+00,0.000000000000000000e+00,0.000000000000000000e+00,0.000000000000000000e+00,0.000000000000000000e+00,0.000000000000000000e+00,0.000000000000000000e+00
9.819999999999999840e-01,5.167044738321878439e-02,4.224081223622926373e-01,1.082399016510239564e-02,-1.634174662863808081e+00,-1.551866821341168698e-02,2.748714631494767247e+00,-1.314662667854038236e-01,7.992543828616693879e-03,-1.610944892286352292e-01,2.795175930015292298e-02,6.734133008416254285e-01,5.036454105228779787e-03,-5.694889727336054364e-01,3.388106351759945234e-02,-5.262314656456279494e-02,1.060650914051878502e+00,-1.840352155621411967e-01,-4.433773225219681535e+00,-3.316016380119368723e-02,3.749532354363068976e+00,-2.230739310889080507e-01,0.000000000000000000e+00,0.000000000000000000e+00,0.000000000000000000e+00,0.000000000000000000e+00,0.000000000000000000e+00,0.000000000000000000e+00,0.000000000000000000e+00
9.829999999999999849e-01,5.167841362101652236e-02,4.222475580868104705e-01,1.085184992617772848e-02,-1.633503465982602876e+00,-1.551364833589584033e-02,2.748147016893299988e+00,-1.314324972353569931e-01,7.939937367083288455e-03,-1.600341746113400632e-01,2.776778243597244344e-02,6.689809334168828059e-01,5.003304455401050288e-03,-5.657406292299356210e-01,3.365806031575679924e-02,-5.258954521274283866e-02,1.059973658759336246e+00,-1.839177039265011970e-01,-4.430942136929516550e+00,-3.313899010856924399e-02,3.747138173018456087e+00,-2.229314921408458439e-01,0.000000000000000000e+00,0.000000000000000000e+00,0.000000000000000000e+00,0.000000000000000000e+00,0.000000000000000000e+00,0.000000000000000000e+00,0.000000000000000000e+00
9.839999999999999858e-01,5.168632726938485883e-02,4.220880537826530166e-01,1.087952576995428189e-02,-1.632836700033777344e+00,-1.550866159729713881e-02,2.747583149421754634e+00,-1.313989506163114607e-01,7.887365201386303815e-03,-1.589745512470894795e-01,2.758392551219923661e-02,6.645514555943545787e-01,4.970176416891264326e-03,-5.619947293913902797e-01,3.343520249684051038e-02,-5.255455427576183336e-02,1.059268395548837560e+00,-1.837953325927732529e-01,-4.427993968877224518e+00,-3.311694077709448347e-02,3.744644980214822283e+00,-2.227831626247591679e-01,0.000000000000000000e+00,0.000000000000000000e+00,0.000000000000000000e+00,0.000000000000000000e+00,0.000000000000000000e+00,0.000000000000000000e+00,0.000000000000000000e+00
9.849999999999999867e-01,5.169418836331500511e-02,4.219296087445508769e-01,1.090701781880426546e-02,-1.632174362069137352e+00,-1.550370797556605007e-02,2.747023026586916661e+00,-1.313656267799363508e-01,7.834828722958764313e-03,-1.579156471810447826e-01,2.740019339499444317e-02,6.601249846095029739e-01,4.937070866502732414e-03,-5.582513723611004508e-01,3.321249595925213072e-02,-5.251817005791459270e-02,1.058535049931251137e+00,-1.836680886362307419e-01,-4.424928409680497055e+00,-3.309401347794249659e-02,3.742052512623800453e+00,-2.226289268742456251e-01,0.000000000000000000e+00,0.000000000000000000e+00,0.000000000000000000e+00,0.000000000000000000e+00,0.000000000000000000e+00,0.000000000000000000e+00,0.000000000000000000e+00
9.859999999999999876e-01,5.170199693919153017e-02,4.217722222391523390e-01,1.093432619997265764e-02,-1.631516449023100002e+00,-1.549878744777507394e-02,2.746466645796298511e+00,-1.313325255719946794e-01,7.782329326929349200e-03,-1.568574905328592450e-01,2.721659096344286599e-02,6.557016380091713614e-01,4.903988683367582757e-03,-5.545106575455172049e-01,3.298994661705911824e-02,-5.248038886349559728e-02,1.057773547417426130e+00,-1.835359591321448214e-01,-4.421745147956968935e+00,-3.307020588228704039e-02,3.739360506917016380e+00,-2.224687692228992653e-01,0.000000000000000000e+00,0.000000000000000000e+00,0.000000000000000000e+00,0.000000000000000000e+00,0.000000000000000000e+00,0.000000000000000000e+00,0.000000000000000000e+00
9.869999999999999885e-01,5.170975303479589946e-02,4.216158935049486578e-01,1.096145104559015371e-02,-1.630862957712376549e+00,-1.549389999011642829e-02,2.745914004357868254e+00,-1.312996468323274213e-01,7.729868412122531396e-03,-1.558001094966718902e-01,2.703312310955419129e-02,6.512815336515629383e-01,4.870930748946608602e-03,-5.507726846144151978e-01,3.276756039999551007e-02,-5.244120699680010489e-02,1.056983813518222348e+00,-1.833989311557839841e-01,-4.418443872324282040e+00,-3.304551566130098372e-02,3.736568699766159796e+00,-2.223026740043154703e-01,0.000000000000000000e+00,0.000000000000000000e+00,0.000000000000000000e+00,0.000000000000000000e+00,0.000000000000000000e+00,0.000000000000000000e+00,0.000000000000000000e+00
9.879999999999999893e-01,5.171745668931030521e-02,4.214606217521997822e-01,1.098839249268586393e-02,-1.630213884835662430e+00,-1.548904557789970368e-02,2.745365099479799564e+00,-1.312669903948380512e-01,7.677447381058383202e-03,-1.547435323411145980e-01,2.684979473826343277e-02,6.468647897062851371e-01,4.837897947029656809e-03,-5.470375535009104340e-01,3.254534325346170043e-02,-5.240062076212270714e-02,1.056165773744492498e+00,-1.832569917824224959e-01,-4.415024271400106670e+00,-3.301994048615775057e-02,3.733676827842884904e+00,-2.221306255520918427e-01,0.000000000000000000e+00,0.000000000000000000e+00,0.000000000000000000e+00,0.000000000000000000e+00,0.000000000000000000e+00,0.000000000000000000e+00,0.000000000000000000e+00
9.889999999999999902e-01,5.172510794332130235e-02,4.213064061628595258e-01,1.101515068320008117e-02,-1.629569226973334395e+00,-1.548422418554952149e-02,2.744819928270198162e+00,-1.312345560874767780e-01,7.625067639952798348e-03,-1.536877874093041108e-01,2.666661076742993242e-02,6.424515246543176517e-01,4.804891163735294790e-03,-5.433053644014282924e-01,3.232330113852466269e-02,-5.235862646375799567e-02,1.055319353607099941e+00,-1.831101280873288495e-01,-4.411486033802084705e+00,-3.299347802803059837e-02,3.730684627818831700e+00,-2.219526081998224321e-01,0.000000000000000000e+00,0.000000000000000000e+00,0.000000000000000000e+00,0.000000000000000000e+00,0.000000000000000000e+00,0.000000000000000000e+00,0.000000000000000000e+00
9.899999999999999911e-01,5.173270683882347232e-02,4.211532458905016263e-01,1.104172576399760353e-02,-1.628928980587129427e+00,-1.547943578660323713e-02,2.744278487736841576e+00,-1.312023437322250574e-01,7.572730598717380968e-03,-1.526329031188513596e-01,2.648357612783769355e-02,6.380418572880319772e-01,4.771911287510907651e-03,-5.395762177757479350e-01,3.210144003191750528e-02,-5.231522040600122825e-02,1.054444478616893832e+00,-1.829583271457755345e-01,-4.407828848147886447e+00,-3.296612595809278456e-02,3.727591836365640177e+00,-2.217686062811039527e-01,0.000000000000000000e+00,0.000000000000000000e+00,0.000000000000000000e+00,0.000000000000000000e+00,0.000000000000000000e+00,0.000000000000000000e+00,0.000000000000000000e+00
9.909999999999999920e-01,5.174025341922318388e-02,4.210011400602448051e-01,1.106811788688055742e-02,-1.628293142019833439e+00,-1.547468035370857739e-02,2.743740774786916692e+00,-1.311703531450795490e-01,7.520437670959195797e-03,-1.515789079618512503e-01,2.630069576319549185e-02,6.336359067111700938e-01,4.738959209132670436e-03,-5.358502143469490164e-01,3.187976592604002679e-02,-5.227039889314666343e-02,1.053541074284732204e+00,-1.828015760330328199e-01,-4.404052403055153775e+00,-3.293788194751745557e-02,3.724398190154971644e+00,-2.215786041295304543e-01,0.000000000000000000e+00,0.000000000000000000e+00,0.000000000000000000e+00,0.000000000000000000e+00,0.000000000000000000e+00,0.000000000000000000e+00,0.000000000000000000e+00
9.919999999999999929e-01,5.174774772934227773e-02,4.208500877686784936e-01,1.109432720860108190e-02,-1.627661707494975296e+00,-1.546995785862135056e-02,2.743206786226755955e+00,-1.311385841360368787e-01,7.468190273981295535e-03,-1.505258305048919887e-01,2.611797463013687537e-02,6.292337923388657828e-01,4.706035821705686906e-03,-5.321274551014667509e-01,3.165828482895816087e-02,-5.222415822948944797e-02,1.052609066121476644e+00,-1.826398618243731953e-01,-4.400156387141535674e+00,-3.290874366747814639e-02,3.721103425858473202e+00,-2.213825860786999833e-01,0.000000000000000000e+00,0.000000000000000000e+00,0.000000000000000000e+00,0.000000000000000000e+00,0.000000000000000000e+00,0.000000000000000000e+00,0.000000000000000000e+00
9.929999999999999938e-01,5.175518981542169550e-02,4.207000880837888923e-01,1.112035389087438764e-02,-1.627034673116514618e+00,-1.546526827220306294e-02,2.742676518761572257e+00,-1.311070365090775958e-01,7.415989828782360016e-03,-1.494736993890493082e-01,2.593541769822038656e-02,6.248356338976250868e-01,4.673142020663781371e-03,-5.284080412890403977e-01,3.143700276440430930e-02,-5.217649471932417349e-02,1.051648379637976305e+00,-1.824731715950660416e-01,-4.396140489024695341e+00,-3.287870878914794792e-02,3.717707280147791948e+00,-2.211805364622057013e-01,0.000000000000000000e+00,0.000000000000000000e+00,0.000000000000000000e+00,0.000000000000000000e+00,0.000000000000000000e+00,0.000000000000000000e+00,0.000000000000000000e+00
9.939999999999999947e-01,5.176257972512529615e-02,4.205511400448824766e-01,1.114619810039191306e-02,-1.626412034868526479e+00,-1.546061156441866716e-02,2.742149968995196918e+00,-1.310757100621509630e-01,7.363837760056751724e-03,-1.484225433298860253e-01,2.575302994992856309e-02,6.204415514253422970e-01,4.640278703769748492e-03,-5.246920744227523414e-01,3.121592577177778605e-02,-5.212740466694576469e-02,1.050658940345096326e+00,-1.823014924203834042e-01,-4.392004397322281761e+00,-3.284777498370006210e-02,3.714209489694610511e+00,-2.209724396136452107e-01,0.000000000000000000e+00,0.000000000000000000e+00,0.000000000000000000e+00,0.000000000000000000e+00,0.000000000000000000e+00,0.000000000000000000e+00,0.000000000000000000e+00
9.949999999999999956e-01,5.176991750754338789e-02,4.204032426625142760e-01,1.117186000883381436e-02,-1.625793788614894542e+00,-1.545598770433414051e-02,2.741627133429822560e+00,-1.310446045871585807e-01,7.311735496194515793e-03,-1.473723911174587009e-01,2.557081638066960316e-02,6.160516652712999530e-01,4.607446771115020212e-03,-5.209796562790085517e-01,3.099505990614337403e-02,-5.207688437664903525e-02,1.049640673753685860e+00,-1.821248113755951081e-01,-4.387747800651965235e+00,-3.281593992230802392e-02,3.710609791170547567e+00,-2.207582798666134494e-01,0.000000000000000000e+00,0.000000000000000000e+00,0.000000000000000000e+00,0.000000000000000000e+00,0.000000000000000000e+00,0.000000000000000000e+00,0.000000000000000000e+00
9.959999999999999964e-01,5.177720321319662089e-02,4.202563949184113801e-01,1.119733979288223269e-02,-1.625179930098995751e+00,-1.545139666011424370e-02,2.741108008465723334e+00,-1.310137198699395933e-01,7.259684469281324493e-03,-1.463232716163083147e-01,2.538878199877558917e-02,6.116660960961564086e-01,4.574647125120054336e-03,-5.172708888975439123e-01,3.077441123823287938e-02,-5.202493015272835475e-02,1.048593505374606494e+00,-1.819431155359731989e-01,-4.383370387631380538e+00,-3.278320127614481327e-02,3.706907921247257320e+00,-2.205380415547062434e-01,0.000000000000000000e+00,0.000000000000000000e+00,0.000000000000000000e+00,0.000000000000000000e+00,0.000000000000000000e+00,0.000000000000000000e+00,0.000000000000000000e+00
9.969999999999999973e-01,5.178443689403948447e-02,4.201105957653992196e-01,1.122263763423404781e-02,-1.624570454943389475e+00,-1.544683839902012690e-02,2.740592590401008000e+00,-1.309830556902542853e-01,7.207686115098838053e-03,-1.452752137654673703e-01,2.520693182550415301e-02,6.072849648719511606e-01,4.541880670533959830e-03,-5.135658745814239978e-01,3.055398585444435433e-02,-5.197153829947898096e-02,1.047517360718709156e+00,-1.817563919767892777e-01,-4.378871846878183760e+00,-3.274955671638390964e-02,3.703103616596415293e+00,-2.203117090115189747e-01,0.000000000000000000e+00,0.000000000000000000e+00,0.000000000000000000e+00,0.000000000000000000e+00,0.000000000000000000e+00,0.000000000000000000e+00,0.000000000000000000e+00
9.979999999999999982e-01,5.179161860346417207e-02,4.199658441273268483e-01,1.124775371961403425e-02,-1.623965358649510193e+00,-1.544231288740703645e-02,2.740080875431351259e+00,-1.309526118217687884e-01,7.155741873124010777e-03,-1.442282465784590073e-01,2.502527089503692181e-02,6.029083928821030725e-01,4.509148314434760496e-03,-5.098647158970361914e-01,3.033378985684231921e-02,-5.191670512119550551e-02,1.046412165296853658e+00,-1.815646277733127256e-01,-4.374251867010038097e+00,-3.271500391419840392e-02,3.699196613889647267e+00,-2.200792665706483575e-01,0.000000000000000000e+00,0.000000000000000000e+00,0.000000000000000000e+00,0.000000000000000000e+00,0.000000000000000000e+00,0.000000000000000000e+00,0.000000000000000000e+00
9.989999999999999991e-01,5.179874839630416172e-02,4.198221388989923364e-01,1.127268824078732357e-02,-1.623364636597352195e+00,-1.543782009072198341e-02,2.739572859649730852e+00,-1.309223880320394551e-01,7.103853186529979213e-03,-1.431823991432921162e-01,2.484380425448040608e-02,5.985365017214263617e-01,4.476450966229311712e-03,-5.061675156741038961e-01,3.011382936315776249e-02,-5.186042692217274208e-02,1.045277844619898033e+00,-1.813678100008164762e-01,-4.369510136644585430e+00,-3.267954054076183112e-02,3.695186649798607448e+00,-2.198406985656879975e-01,0.000000000000000000e+00,0.000000000000000000e+00,0.000000000000000000e+00,0.000000000000000000e+00,0.000000000000000000e+00,0.000000000000000000e+00,0.000000000000000000e+00
1.000000000000000000e+00,5.180582632883794225e-02,4.196794789460694952e-01,1.129744139457282415e-02,-1.622768284045158715e+00,-1.543335997350139127e-02,2.739068539046154882e+00,-1.308923840824968987e-01,7.052021502185173985e-03,-1.421377006224671113e-01,2.466253696386644378e-02,5.941694132961075070e-01,4.443789537653258792e-03,-5.024743770056758763e-01,2.989411050678780768e-02,-5.180270000670539332e-02,1.044114324198694987e+00,-1.811659257345699103e-01,-4.364646344399481848e+00,-3.264316426724717113e-02,3.691073460994957145e+00,-2.195959893302354971e-01,0.000000000000000000e+00,0.000000000000000000e+00,0.000000000000000000e+00,0.000000000000000000e+00,0.000000000000000000e+00,0.000000000000000000e+00,0.000000000000000000e+00
1.001000000000000112e+00,5.181285245879274637e-02,4.195378631050313833e-01,1.132201338285585002e-02,-1.622176296129112849e+00,-1.542893249936880609e-02,2.738567909507418907e+00,-1.308625997284306175e-01,7.000248270653958160e-03,-1.410941802529728228e-01,2.448147409615097914e-02,5.898072498237194594e-01,4.411164942771134134e-03,-4.987854032481333633e-01,2.967463943679626848e-02,-5.174352067908838393e-02,1.042921529544104331e+00,-1.809589620498446294e-01,-4.359660178892397653e+00,-3.260587276482784791e-02,3.686856784150343458e+00,-2.193451231978853500e-01,0.000000000000000000e+00,0.000000000000000000e+00,0.000000000000000000e+00,0.000000000000000000e+00,0.000000000000000000e+00,0.000000000000000000e+00,0.000000000000000000e+00
1.002000000000000002e+00,5.181982684534823524e-02,4.193972901830765876e-01,1.134640441260126309e-02,-1.621588667863020916e+00,-1.542453763103251302e-02,2.738070966816819052e+00,-1.308330347189731180e-01,6.948534946196294193e-03,-1.400518673462869401e-01,2.430062073721461768e-02,5.854501338332021021e-01,4.378578097976190686e-03,-4.951006980211651864e-01,2.945542231791309362e-02,-5.168288524361641656e-02,1.041699386166978769e+00,-1.807469060219126789e-01,-4.354551328740953409e+00,-3.256766370467706340e-02,3.682536355936420591e+00,-2.190880845022347145e-01,0.000000000000000000e+00,0.000000000000000000e+00,0.000000000000000000e+00,0.000000000000000000e+00,0.000000000000000000e+00,0.000000000000000000e+00,0.000000000000000000e+00
1.003000000000000114e+00,5.182674954914012061e-02,4.192577589580563924e-01,1.137061469586604645e-02,-1.621005394138007372e+00,-1.542017533028327073e-02,2.737577706653905540e+00,-1.308036887970844553e-01,6.896882986767882695e-03,-1.390107912883751240e-01,2.411998198586284836e-02,5.810981881649066594e-01,4.346029921990596234e-03,-4.914203652078192874e-01,2.923646533053492202e-02,-5.162079000458419387e-02,1.040447819578183442e+00,-1.805297447260438837e-01,-4.349319482562847838e+00,-3.252853475796813054e-02,3.678111913024835644e+00,-2.188248575768771964e-01,0.000000000000000000e+00,0.000000000000000000e+00,0.000000000000000000e+00,0.000000000000000000e+00,0.000000000000000000e+00,0.000000000000000000e+00,0.000000000000000000e+00
1.004000000000000004e+00,5.183362063226395339e-02,4.191192681783976193e-01,1.139464444981259927e-02,-1.620426469722203056e+00,-1.541584555799194525e-02,2.737088124594219352e+00,-1.307745616995363569e-01,6.845293854020217950e-03,-1.379709815396981121e-01,2.393956295382670962e-02,5.767515359705477351e-01,4.313521335865377893e-03,-4.877445089544565349e-01,2.901777467072474970e-02,-5.155723126628708464e-02,1.039166755288565724e+00,-1.803074652375098452e-01,-4.343964328975715716e+00,-3.248848359587452883e-02,3.673583192087257032e+00,-2.185554267554108421e-01,0.000000000000000000e+00,0.000000000000000000e+00,0.000000000000000000e+00,0.000000000000000000e+00,0.000000000000000000e+00,0.000000000000000000e+00,0.000000000000000000e+00
1.005000000000000115e+00,5.184044015827879437e-02,4.189818165630296853e-01,1.141849389672147663e-02,-1.619851889260425892e+00,-1.541154827410715425e-02,2.736602216109012442e+00,-1.307456531568967351e-01,6.793769013300310355e-03,-1.369324676351952874e-01,2.375936876576045798e-02,5.724103007132193000e-01,4.281053262980269447e-03,-4.840732336707649353e-01,2.879935655021170771e-02,-5.149220533301879232e-02,1.037856118808985428e+00,-1.800800546315812767e-01,-4.338485556597191817e+00,-3.244750788956918264e-02,3.668949929795303433e+00,-2.182797763714292572e-01,0.000000000000000000e+00,0.000000000000000000e+00,0.000000000000000000e+00,0.000000000000000000e+00,0.000000000000000000e+00,0.000000000000000000e+00,0.000000000000000000e+00
1.006000000000000005e+00,5.184720819221087101e-02,4.188454028013103292e-01,1.144216326400444850e-02,-1.619281647273877134e+00,-1.540728343765302225e-02,2.736119976565000833e+00,-1.307169628935139216e-01,6.742309933651102760e-03,-1.358952791843055508e-01,2.357940455924412149e-02,5.680746061674106784e-01,4.248626629043933400e-03,-4.804066440297631857e-01,2.858121719639161729e-02,-5.142570850907501878e-02,1.036515835650298811e+00,-1.798474999835293353e-01,-4.332882854044946441e+00,-3.240560531022546042e-02,3.664211862820664578e+00,-2.179978907585296000e-01,0.000000000000000000e+00,0.000000000000000000e+00,0.000000000000000000e+00,0.000000000000000000e+00,0.000000000000000000e+00,0.000000000000000000e+00,0.000000000000000000e+00
1.007000000000000117e+00,5.185392480055733139e-02,4.187100255529494497e-01,1.146565278421725342e-02,-1.618715738159826500e+00,-1.540305100672676245e-02,2.735641401224095937e+00,-1.306884906275008751e-01,6.690918087810970860e-03,-1.348594458709504451e-01,2.339967548478216752e-02,5.637445764189781272e-01,4.216242362093752805e-03,-4.767448449677900157e-01,2.836336285232621268e-02,-5.135773709875013360e-02,1.035145831323362131e+00,-1.796097883686251784e-01,-4.327155909936628575e+00,-3.236277352901661963e-02,3.659368727834952040e+00,-2.177097542503068084e-01,0.000000000000000000e+00,0.000000000000000000e+00,0.000000000000000000e+00,0.000000000000000000e+00,0.000000000000000000e+00,0.000000000000000000e+00,0.000000000000000000e+00
1.008000000000000007e+00,5.186059005128986626e-02,4.185756834479371635e-01,1.148896269507244938e-02,-1.618154156191309312e+00,-1.539885093849641118e-02,2.735166485243140766e+00,-1.306602360707199428e-01,6.639594952214195045e-03,-1.338249974535439257e-01,2.322018670580394684e-02,5.594203358651821389e-01,4.183901392496122695e-03,-4.730879416845379382e-01,2.814579977674480649e-02,-5.128828740633917249e-02,1.033746031339033422e+00,-1.793669068621399632e-01,-4.321304412889901414e+00,-3.231901021711613975e-02,3.654420261509848444e+00,-2.174153511803558203e-01,0.000000000000000000e+00,0.000000000000000000e+00,0.000000000000000000e+00,0.000000000000000000e+00,0.000000000000000000e+00,0.000000000000000000e+00,0.000000000000000000e+00
1.009000000000000119e+00,5.186720401385851165e-02,4.184423750864669778e-01,1.151209323945263929e-02,-1.617596895516800526e+00,-1.539468318919844092e-02,2.734695223673647924e+00,-1.306321989287665686e-01,6.588342006990904887e-03,-1.327919637649879192e-01,2.304094339866358254e-02,5.551020092146448093e-01,4.151604652946047636e-03,-4.694360396429981819e-01,2.792853424404173612e-02,-5.121735573613672710e-02,1.032316361208168942e+00,-1.791188425393452910e-01,-4.315328051522421049e+00,-3.227431304569711168e-02,3.649366200516993786e+00,-2.171146658822742381e-01,0.000000000000000000e+00,0.000000000000000000e+00,0.000000000000000000e+00,0.000000000000000000e+00,0.000000000000000000e+00,0.000000000000000000e+00,0.000000000000000000e+00
1.010000000000000009e+00,5.187376675919520147e-02,4.183100990388629592e-01,1.153504466542325246e-02,-1.617043950159910537e+00,-1.539054771413552597e-02,2.734227611461535812e+00,-1.306043789009544154e-01,6.537160735966524028e-03,-1.317603747126736558e-01,2.286195075263919296e-02,5.507897214873747060e-01,4.119353078467516416e-03,-4.657892445695068773e-01,2.771157254427858430e-02,-5.114493839243750006e-02,1.030856746441623173e+00,-1.788655824755100987e-01,-4.309226514451843570e+00,-3.222867968593273735e-02,3.644206281528035163e+00,-2.168076826896565557e-01,0.000000000000000000e+00,0.000000000000000000e+00,0.000000000000000000e+00,0.000000000000000000e+00,0.000000000000000000e+00,0.000000000000000000e+00,0.000000000000000000e+00
1.011000000000000121e+00,5.188027835971763257e-02,4.181788538455034621e-01,1.155781722624550645e-02,-1.616495314019077867e+00,-1.538644446767406873e-02,2.733763643446859515e+00,-1.305767756802986845e-01,6.486052626662408560e-03,-1.307302602784798928e-01,2.268321396993433492e-02,5.464835980147633165e-01,4.087147606413224499e-03,-4.621476624537166344e-01,2.749492098318262467e-02,-5.107103167953641609e-02,1.029367112550252372e+00,-1.786071137459077640e-01,-4.302999490295782437e+00,-3.218210780899638523e-02,3.638940241214633886e+00,-2.164943859360981548e-01,0.000000000000000000e+00,0.000000000000000000e+00,0.000000000000000000e+00,0.000000000000000000e+00,0.000000000000000000e+00,0.000000000000000000e+00,0.000000000000000000e+00
1.012000000000000011e+00,5.188673888933281048e-02,4.180486380167485194e-01,1.158041118038916073e-02,-1.615950980867251197e+00,-1.538237340324201743e-02,2.733303314363559888e+00,-1.305493889535014329e-01,6.435019170295680491e-03,-1.297016505187769120e-01,2.250473826567722657e-02,5.421837644396028111e-01,4.054989176464823819e-03,-4.585113995486231886e-01,2.727858588214848723e-02,-5.099563190172806681e-02,1.027847385044916351e+00,-1.783434234258076678e-01,-4.296646667671936370e+00,-3.213459508606131276e-02,3.633567816248422844e+00,-2.161747599551957499e-01,0.000000000000000000e+00,0.000000000000000000e+00,0.000000000000000000e+00,0.000000000000000000e+00,0.000000000000000000e+00,0.000000000000000000e+00,0.000000000000000000e+00
1.013000000000000123e+00,5.189314842344081025e-02,4.179194500328645701e-01,1.160282679154557572e-02,-1.615410944351583833e+00,-1.537833447332645834e-02,2.732846618839189112e+00,-1.305222184009355024e-01,6.384061861779116720e-03,-1.286745755644247424e-01,2.232652886792108049e-02,5.378903467160398577e-01,4.022878730632686861e-03,-4.548805623705423073e-01,2.706257357823671494e-02,-5.091873536330793204e-02,1.026297489436469590e+00,-1.780744985904822997e-01,-4.290167735197947252e+00,-3.208613918830088840e-02,3.628088743301077557e+00,-2.158487890805438347e-01,0.000000000000000000e+00,0.000000000000000000e+00,0.000000000000000000e+00,0.000000000000000000e+00,0.000000000000000000e+00,0.000000000000000000e+00,0.000000000000000000e+00
1.014000000000000012e+00,5.189950703893847495e-02,4.177912883439500735e-01,1.162506432864071626e-02,-1.614875197993116185e+00,-1.537432762947129467e-02,2.732393551394653120e+00,-1.304952636966285606e-01,6.333182199721204553e-03,-1.276490656207687202e-01,2.214859101764310445e-02,5.336034711096164784e-01,3.990817213256100948e-03,-4.512552576991275544e-01,2.684689042417420790e-02,-5.084033836856971522e-02,1.024717351235770124e+00,-1.778003263152014846e-01,-4.283562381491464066e+00,-3.203673778688820306e-02,3.622502759044245124e+00,-2.155164576457382353e-01,0.000000000000000000e+00,0.000000000000000000e+00,0.000000000000000000e+00,0.000000000000000000e+00,0.000000000000000000e+00,0.000000000000000000e+00,0.000000000000000000e+00
1.015000000000000124e+00,5.190581481422312793e-02,4.176641513698603481e-01,1.164712406584784976e-02,-1.614343735186469342e+00,-1.537035282227491514e-02,2.731944106443945586e+00,-1.304685245082478906e-01,6.282381686426002920e-03,-1.266251509676465936e-01,2.197092996874572268e-02,5.293232641972629438e-01,3.958805571003101709e-03,-4.476355925773383149e-01,2.663154278835422328e-02,-5.076043722180911821e-02,1.023106895953668882e+00,-1.775208936752368238e-01,-4.276830295170135798e+00,-3.198638855299668071e-02,3.616809600149565540e+00,-2.151777499843761099e-01,0.000000000000000000e+00,0.000000000000000000e+00,0.000000000000000000e+00,0.000000000000000000e+00,0.000000000000000000e+00,0.000000000000000000e+00,0.000000000000000000e+00
1.016000000000000014e+00,5.191207182919620883e-02,4.175380375001339628e-01,1.166900628260078565e-02,-1.613816549199532879e+00,-1.536641000138794580e-02,2.731498278293881921e+00,-1.304420004970845981e-01,6.231661827893503203e-03,-1.256028619593849704e-01,2.179355098805590973e-02,5.250498528672800091e-01,3.926844752870584099e-03,-4.440216743114806519e-01,2.641653705483670844e-02,-5.067902822732039958e-02,1.021466049101032780e+00,-1.772361877458603630e-01,-4.269971164851654066e+00,-3.193508915779952329e-02,3.611009003288707220e+00,-2.148326504300515083e-01,0.000000000000000000e+00,0.000000000000000000e+00,0.000000000000000000e+00,0.000000000000000000e+00,0.000000000000000000e+00,0.000000000000000000e+00,0.000000000000000000e+00
1.017000000000000126e+00,5.191827816526702055e-02,4.174129450939179087e-01,1.169071126360642088e-02,-1.613293633173145558e+00,-1.536249911551073113e-02,2.731056061143849245e+00,-1.304156913180377630e-01,6.181024133819212896e-03,-1.245822290247988740e-01,2.161645935532552354e-02,5.207833643193549022e-01,3.894935710184219135e-03,-4.404136104711913191e-01,2.620187962334741272e-02,-5.059610768939870606e-02,1.019794736188709194e+00,-1.769461956023410387e-01,-4.262984679153625223e+00,-3.188283727246993271e-02,3.605100705133295946e+00,-2.144811433163607006e-01,0.000000000000000000e+00,0.000000000000000000e+00,0.000000000000000000e+00,0.000000000000000000e+00,0.000000000000000000e+00,0.000000000000000000e+00,0.000000000000000000e+00
1.018000000000000016e+00,5.192443390535642772e-02,4.172888724798928806e-01,1.171223929885814585e-02,-1.612774980120797785e+00,-1.535862011239122818e-02,2.730617449085523951e+00,-1.303895966195988965e-01,6.130470117594377655e-03,-1.235632826671904105e-01,2.143966036323063928e-02,5.165239260645559938e-01,3.863079396598606552e-03,-4.368115088894235498e-01,2.598757690927910868e-02,-5.051167191233829623e-02,1.018092882727552606e+00,-1.766509043199508966e-01,-4.255870526693712463e+00,-3.182963056818133296e-02,3.599084442355000135e+00,-2.141232129768995129e-01,0.000000000000000000e+00,0.000000000000000000e+00,0.000000000000000000e+00,0.000000000000000000e+00,0.000000000000000000e+00,0.000000000000000000e+00,0.000000000000000000e+00
1.019000000000000128e+00,5.193053913390048570e-02,4.171658179561994473e-01,1.173359068364818181e-02,-1.612260582928314978e+00,-1.535477293882251890e-02,2.730182436102620791e+00,-1.303637160438364806e-01,6.080001296306120073e-03,-1.225460534643554311e-01,2.126315931737321474e-02,5.122716659253470084e-01,3.831276768097080510e-03,-4.332154776624648207e-01,2.577363534369092601e-02,-5.042571720043453887e-02,1.016360414228429931e+00,-1.763503009739619820e-01,-4.248628396089578985e+00,-3.177546671610687046e-02,3.592959951625466886e+00,-2.137588437452637713e-01,0.000000000000000000e+00,0.000000000000000000e+00,0.000000000000000000e+00,0.000000000000000000e+00,0.000000000000000000e+00,0.000000000000000000e+00,0.000000000000000000e+00
1.020000000000000018e+00,5.193659393685422232e-02,4.170437797903628896e-01,1.175476571858101449e-02,-1.611750434353536043e+00,-1.535095754064059667e-02,2.729751016070631309e+00,-1.303380492263800094e-01,6.029619190737078860e-03,-1.215305720685759816e-01,2.108696153627898084e-02,5.080267120355568267e-01,3.799528782991917764e-03,-4.296256251499332990e-01,2.556006137330812944e-02,-5.033823985798191458e-02,1.014597256202192099e+00,-1.760443726396432318e-01,-4.241257975958887982e+00,-3.172034338741985815e-02,3.586726969616364613e+00,-2.133880199550484136e-01,0.000000000000000000e+00,0.000000000000000000e+00,0.000000000000000000e+00,0.000000000000000000e+00,0.000000000000000000e+00,0.000000000000000000e+00,0.000000000000000000e+00
1.021000000000000130e+00,5.194259840169532239e-02,4.169227562192185932e-01,1.177576470958600907e-02,-1.611244527026015838e+00,-1.534717386272189607e-02,2.729323182756545396e+00,-1.303125957964042514e-01,5.979325325365547616e-03,-1.205168692066234115e-01,2.091107235139821885e-02,5.037891928404025776e-01,3.767836401924087864e-03,-4.260420599747671844e-01,2.534686146052245181e-02,-5.024923618927512603e-02,1.012803334159695368e+00,-1.757331063922680237e-01,-4.233758954919281337e+00,-3.166425825329360899e-02,3.580385232999304890e+00,-2.130107259398492658e-01,0.000000000000000000e+00,0.000000000000000000e+00,0.000000000000000000e+00,0.000000000000000000e+00,0.000000000000000000e+00,0.000000000000000000e+00,0.000000000000000000e+00
1.022000000000000020e+00,5.194855261742771513e-02,4.168027454488388850e-01,1.179658796793051079e-02,-1.610742853446707645e+00,-1.534342184898110015e-02,2.728898929818608821e+00,-1.302873553766139281e-01,5.929121228365835661e-03,-1.195049756797592622e-01,2.073549710710709260e-02,4.995592370964825335e-01,3.736200587863461320e-03,-4.224648910232442489e-01,2.513404208339209411e-02,-5.015870249860920893e-02,1.010978573611794218e+00,-1.754164893071061826e-01,-4.226131021588415138e+00,-3.160720898490132491e-02,3.573934478445970342e+00,-2.126269460332621541e-01,0.000000000000000000e+00,0.000000000000000000e+00,0.000000000000000000e+00,0.000000000000000000e+00,0.000000000000000000e+00,0.000000000000000000e+00,0.000000000000000000e+00
1.023000000000000131e+00,5.195445667458543221e-02,4.166837456544559837e-01,1.181723581023270964e-02,-1.610245405987652312e+00,-1.533970144236875000e-02,2.728478250806044336e+00,-1.302623275832278105e-01,5.879008431607601892e-03,-1.184949223637308258e-01,2.056024116070498398e-02,4.953369738717796622e-01,3.704622306108615315e-03,-4.188942274449640735e-01,2.492160973564194748e-02,-5.006663509027886594e-02,1.009122900069353790e+00,-1.750945084594284218e-01,-4.218373864583952582e+00,-3.154919325341626335e-02,3.567374442628029385e+00,-2.122366645688846809e-01,0.000000000000000000e+00,0.000000000000000000e+00,0.000000000000000000e+00,0.000000000000000000e+00,0.000000000000000000e+00,0.000000000000000000e+00,0.000000000000000000e+00
1.024000000000000021e+00,5.196031066523615349e-02,4.165657549803913895e-01,1.183770855847447734e-02,-1.609752176891668274e+00,-1.533601258486893409e-02,2.728061139158793669e+00,-1.302375120259631758e-01,5.828988470656382148e-03,-1.174867402087813595e-01,2.038530988241715747e-02,4.911225325456634039e-01,3.673102524287208404e-03,-4.153301786528516004e-01,2.470957092666248300e-02,-4.997303026857868868e-02,1.007236239043217907e+00,-1.747671509245050103e-01,-4.210487172523507127e+00,-3.149020873001168175e-02,3.560704862217079381e+00,-2.118398658803095636e-01,0.000000000000000000e+00,0.000000000000000000e+00,0.000000000000000000e+00,0.000000000000000000e+00,0.000000000000000000e+00,0.000000000000000000e+00,0.000000000000000000e+00
1.024999999999999911e+00,5.196611468298505815e-02,4.164487715399772805e-01,1.185800654001446797e-02,-1.609263158272035366e+00,-1.533235521749691868e-02,2.727647588207254614e+00,-1.302129083080200700e-01,5.779062884773478181e-03,-1.164804602396363187e-01,2.021070865539309480e-02,4.869160428088807890e-01,3.641642212355564179e-03,-4.117728543231695681e-01,2.449793218151141705e-02,-4.987788433780393493e-02,1.005318516044255261e+00,-1.744344037776102141e-01,-4.202470634024805918e+00,-3.143025308586105959e-02,3.553925473884824271e+00,-2.114365343011339604e-01,0.000000000000000000e+00,0.000000000000000000e+00,0.000000000000000000e+00,0.000000000000000000e+00,0.000000000000000000e+00,0.000000000000000000e+00,0.000000000000000000e+00
1.026000000000000023e+00,5.197186882297832877e-02,4.163327934154849030e-01,1.187813008760095490e-02,-1.608778342112189286e+00,-1.532872928029685791e-02,2.727237591172015474e+00,-1.301885160260655427e-01,5.729233216915680105e-03,-1.154761135555135709e-01,2.003644287570771620e-02,4.827176346635564386e-01,3.610242342598671272e-03,-4.082223643954971948e-01,2.428670004091237900e-02,-4.978119360224853018e-02,1.003369656583311453e+00,-1.740962540940116376e-01,-4.194323937705426886e+00,-3.136932399213737677e-02,3.547036014302882734e+00,-2.110266541649528094e-01,0.000000000000000000e+00,0.000000000000000000e+00,0.000000000000000000e+00,0.000000000000000000e+00,0.000000000000000000e+00,0.000000000000000000e+00,0.000000000000000000e+00
1.026999999999999913e+00,5.197757318190707188e-02,4.162178186580478556e-01,1.189807953938459839e-02,-1.608297720265408515e+00,-1.532513471233947627e-02,2.726831141163597039e+00,-1.301643347702180209e-01,5.679501013735738235e-03,-1.144737313301185111e-01,1.986251795235893791e-02,4.785274384231996692e-01,3.578903889630738466e-03,-4.046788190727550472e-01,2.407588106125568839e-02,-4.968295436620839833e-02,1.001389586171253399e+00,-1.737526889489826587e-01,-4.186046772183082965e+00,-3.130741912001422378e-02,3.540036220142930290e+00,-2.106102098053623806e-01,0.000000000000000000e+00,0.000000000000000000e+00,0.000000000000000000e+00,0.000000000000000000e+00,0.000000000000000000e+00,0.000000000000000000e+00,0.000000000000000000e+00
1.028000000000000025e+00,5.198322785801077345e-02,4.161038452875897020e-01,1.191785523893156007e-02,-1.607821284454503896e+00,-1.532157145171970589e-02,2.726428231182183470e+00,-1.301403641240321818e-01,5.629867825582002272e-03,-1.134733448116507226e-01,1.968893930727166897e-02,4.743455847127187042e-01,3.547627830394459170e-03,-4.011423288211801719e-01,2.386548181459835494e-02,-4.958316293397735386e-02,9.993782303189302496e-01,-1.734036954177926582e-01,-4.177638826075394718e+00,-3.124453614066446949e-02,3.532925828076592722e+00,-2.101871855559585001e-01,0.000000000000000000e+00,0.000000000000000000e+00,0.000000000000000000e+00,0.000000000000000000e+00,0.000000000000000000e+00,0.000000000000000000e+00,0.000000000000000000e+00
1.028999999999999915e+00,5.198883295108119862e-02,4.159908712927489205e-01,1.193745753523665909e-02,-1.607349026271499337e+00,-1.531803943555438627e-02,2.726028854117358069e+00,-1.301166036644821888e-01,5.580335206498476808e-03,-1.124749853227919871e-01,1.951571237529381442e-02,4.701722044683762647e-01,3.516415144161413875e-03,-3.976130043703491879e-01,2.365550888866285728e-02,-4.948181560985065452e-02,9.973355145372018171e-01,-1.730492605757141256e-01,-4.169099788000032447e+00,-3.118067272526170441e-02,3.525704574775552658e+00,-2.097575657503378821e-01,0.000000000000000000e+00,0.000000000000000000e+00,0.000000000000000000e+00,0.000000000000000000e+00,0.000000000000000000e+00,0.000000000000000000e+00,0.000000000000000000e+00
1.030000000000000027e+00,5.199438856246599294e-02,4.158788946308030754e-01,1.195688678273559846e-02,-1.606880937177332491e+00,-1.531453859997988776e-02,2.725633002747847033e+00,-1.300930529619470088e-01,5.530904714224849084e-03,-1.114786842607151662e-01,1.934284260419882884e-02,4.660074289378375312e-01,3.485266812532153424e-03,-3.940909567131534175e-01,2.344596888683869729e-02,-4.937890869812300298e-02,9.952613643369208063e-01,-1.726893714980173300e-01,-4.160429346574623821e+00,-3.111582654497901945e-02,3.518372196911421668e+00,-2.093213347220919118e-01,0.000000000000000000e+00,0.000000000000000000e+00,0.000000000000000000e+00,0.000000000000000000e+00,0.000000000000000000e+00,0.000000000000000000e+00,0.000000000000000000e+00
1.030999999999999917e+00,5.199989479507236001e-02,4.157679132275954315e-01,1.197614334131874569e-02,-1.606417008501536792e+00,-1.531106888014983902e-02,2.725240669741251232e+00,-1.300697115801942583e-01,5.481577910196655523e-03,-1.104844730970873101e-01,1.917033545468460609e-02,4.618513896801381691e-01,3.454183819436018599e-03,-3.905762971058237554e-01,2.323686842818162290e-02,-4.927443850308921292e-02,9.931557052289488041e-01,-1.723240152599729846e-01,-4.151627190416853352e+00,-3.104999527098989409e-02,3.510928431155889484e+00,-2.088784768048217444e-01,0.000000000000000000e+00,0.000000000000000000e+00,0.000000000000000000e+00,0.000000000000000000e+00,0.000000000000000000e+00,0.000000000000000000e+00,0.000000000000000000e+00
1.032000000000000028e+00,5.200535175337080845e-02,4.156579249774612350e-01,1.199522757634330361e-02,-1.605957231441927036e+00,-1.530763021023276785e-02,2.724851847653781522e+00,-1.300465790763647711e-01,5.432356359545004176e-03,-1.094923833780572231e-01,1.899819640037392343e-02,4.577042185657091977e-01,3.423167151131070729e-03,-3.870691370679146814e-01,2.302821414741429429e-02,-4.916840132904387595e-02,9.910184627241402922e-01,-1.719531789368531349e-01,-4.142693008144370026e+00,-3.098317657446753026e-02,3.503373014180581890e+00,-2.084289763321196531e-01,0.000000000000000000e+00,0.000000000000000000e+00,0.000000000000000000e+00,0.000000000000000000e+00,0.000000000000000000e+00,0.000000000000000000e+00,0.000000000000000000e+00
1.032999999999999918e+00,5.201075954339883650e-02,4.155489277431517747e-01,1.201413985864666079e-02,-1.605501597064298291e+00,-1.530422252340980435e-02,2.724466528929999853e+00,-1.300236550009567782e-01,5.383241631096769009e-03,-1.085024467242670099e-01,1.882643092781399741e-02,4.535660477763450160e-01,3.392217796204230473e-03,-3.835695883823095897e-01,2.282001269492472950e-02,-4.906079348028191678e-02,9.888495623333497520e-01,-1.715768496039267177e-01,-4.133626488374808616e+00,-3.091536812658485234e-02,3.495705682657138880e+00,-2.079728176375814641e-01,0.000000000000000000e+00,0.000000000000000000e+00,0.000000000000000000e+00,0.000000000000000000e+00,0.000000000000000000e+00,0.000000000000000000e+00,0.000000000000000000e+00
1.034000000000000030e+00,5.201611827276454714e-02,4.154409193557599966e-01,1.203288056455911748e-02,-1.605050096302105711e+00,-1.530084575187229054e-02,2.724084705902554138e+00,-1.300009388978103919e-01,5.334235297374562146e-03,-1.075146948308480788e-01,1.865504453647737204e-02,4.494370098052442586e-01,3.361336745571291695e-03,-3.800777630952243413e-01,2.261227073676830290e-02,-4.895161126109826011e-02,9.866489295674352178e-01,-1.711950143364675547e-01,-4.124427319725839425e+00,-3.084656759851556185e-02,3.487926173257271500e+00,-2.075099850548047797e-01,0.000000000000000000e+00,0.000000000000000000e+00,0.000000000000000000e+00,0.000000000000000000e+00,0.000000000000000000e+00,0.000000000000000000e+00,0.000000000000000000e+00
1.034999999999999920e+00,5.202142805065050613e-02,4.153338976146475625e-01,1.205145007591729156e-02,-1.604602719956153223e+00,-1.529749982681950435e-02,2.723706370791911358e+00,-1.299784303040914524e-01,5.285338934596650606e-03,-1.065291594674202535e-01,1.848404273876091963e-02,4.453172374569813741e-01,3.330524992476879831e-03,-3.765937735161966060e-01,2.240499495466674595e-02,-4.884085097578760859e-02,9.844164899372600530e-01,-1.708076602097459151e-01,-4.115095190815111437e+00,-3.077677266143280521e-02,3.480034222652570008e+00,-2.070404629173854261e-01,0.000000000000000000e+00,0.000000000000000000e+00,0.000000000000000000e+00,0.000000000000000000e+00,0.000000000000000000e+00,0.000000000000000000e+00,0.000000000000000000e+00
1.036000000000000032e+00,5.202668898781732248e-02,4.152278602873681335e-01,1.206984878007624773e-02,-1.604159458694281337e+00,-1.529418467845632471e-02,2.723331515706097328e+00,-1.299561287502767337e-01,5.236554122676928547e-03,-1.055458724780917734e-01,1.831343105998595178e-02,4.412068638475012960e-01,3.299783532494368621e-03,-3.731177322180965206e-01,2.219819204600737006e-02,-4.872850892864455385e-02,9.821521689536645283e-01,-1.704147742990316239e-01,-4.105629790260273637e+00,-3.070598098650978436e-02,3.472029567514709925e+00,-2.065642355589152324e-01,0.000000000000000000e+00,0.000000000000000000e+00,0.000000000000000000e+00,0.000000000000000000e+00,0.000000000000000000e+00,0.000000000000000000e+00,0.000000000000000000e+00
1.036999999999999922e+00,5.203190119660731916e-02,4.151228051095942062e-01,1.208807706992287567e-02,-1.603720303051070939e+00,-1.529090023599086537e-02,2.722960132640437791e+00,-1.299340337601374573e-01,5.187882445225194816e-03,-1.045648657814597371e-01,1.814321503839899652e-02,4.371060224041372066e-01,3.269113363526032767e-03,-3.696497520371178069e-01,2.199186872384450986e-02,-4.861458142396390958e-02,9.798558921275208888e-01,-1.700163436795967264e-01,-4.096030806678996328e+00,-3.063419024491975673e-02,3.463911944515345454e+00,-2.060812873129935774e-01,0.000000000000000000e+00,0.000000000000000000e+00,0.000000000000000000e+00,0.000000000000000000e+00,0.000000000000000000e+00,0.000000000000000000e+00,0.000000000000000000e+00
1.038000000000000034e+00,5.203706479094830778e-02,4.150187297850439494e-01,1.210613534388896295e-02,-1.603285243427509332e+00,-1.528764642763221285e-02,2.722592213477286638e+00,-1.299121448507241372e-01,5.139325489546819892e-03,-1.035861713706145437e-01,1.797340022517135427e-02,4.330148468656123129e-01,3.238515485803047933e-03,-3.661899460727990885e-01,2.178603171689930118e-02,-4.849906476604082251e-02,9.775275849696800634e-01,-1.696123554267123801e-01,-4.086297928688928494e+00,-3.056139810783620181e-02,3.455681090326123694e+00,-2.055916025132158431e-01,0.000000000000000000e+00,0.000000000000000000e+00,0.000000000000000000e+00,0.000000000000000000e+00,0.000000000000000000e+00,0.000000000000000000e+00,0.000000000000000000e+00
1.038999999999999924e+00,5.204217988635728015e-02,4.149156319854032660e-01,1.212402400596390706e-02,-1.602854270090692701e+00,-1.528442318058801860e-02,2.722227749985769218e+00,-1.298904615323506206e-01,5.090884846642773631e-03,-1.026098213131287906e-01,1.780399218439832065e-02,4.289334712820256357e-01,3.207990901885143797e-03,-3.627384276879777047e-01,2.158068776955845980e-02,-4.838195525916977324e-02,9.751671729909947572e-01,-1.692027966156492980e-01,-4.076430844907719120e+00,-3.048760224643215500e-02,3.447336741618698852e+00,-2.050951654931751911e-01,0.000000000000000000e+00,0.000000000000000000e+00,0.000000000000000000e+00,0.000000000000000000e+00,0.000000000000000000e+00,0.000000000000000000e+00,0.000000000000000000e+00
1.040000000000000036e+00,5.204724659994404423e-02,4.148135093502530735e-01,1.214174346570745522e-02,-1.602427373173510361e+00,-1.528123042106224391e-02,2.721866733821512341e+00,-1.298689833085786283e-01,5.042562111210041609e-03,-1.016358477510697078e-01,1.763499649310118489e-02,4.248620300148555629e-01,3.177540616661200801e-03,-3.592953105088412258e-01,2.137584364187528063e-02,-4.826324920764557547e-02,9.727745817023283337e-01,-1.687876543216777492e-01,-4.066429243953017192e+00,-3.041280033188098475e-02,3.438878635064725131e+00,-2.045919605864710000e-01,0.000000000000000000e+00,0.000000000000000000e+00,0.000000000000000000e+00,0.000000000000000000e+00,0.000000000000000000e+00,0.000000000000000000e+00,0.000000000000000000e+00
1.040999999999999925e+00,5.205226505041496421e-02,4.147123594869978058e-01,1.215929413826308259e-02,-1.602004542674335674e+00,-1.527806807425275901e-02,2.721509156526389361e+00,-1.298477096762019611e-01,4.994358881640875714e-03,-1.006642829009889439e-01,1.746641874122412119e-02,4.208006577369687307e-01,3.147165637348695033e-03,-3.558607084249043595e-01,2.117150610956974877e-02,-4.814294291576282081e-02,9.703497366145334979e-01,-1.683669156200697792e-01,-4.056292814442464589e+00,-3.033699003535589300e-02,3.430306507335835420e+00,-2.040819721266955433e-01,0.000000000000000000e+00,0.000000000000000000e+00,0.000000000000000000e+00,0.000000000000000000e+00,0.000000000000000000e+00,0.000000000000000000e+00,0.000000000000000000e+00
1.042000000000000037e+00,5.205723535807660340e-02,4.146121799707848110e-01,1.217667644437051000e-02,-1.601585768456714742e+00,-1.527493606434908446e-02,2.721155009528249291e+00,-1.298266401252307911e-01,4.946276760023821106e-03,-9.969515905393633304e-02,1.729826453163829658e-02,4.167494894326164712e-01,3.116866973494072934e-03,-3.524347355890053990e-01,2.096768196402831741e-02,-4.802103268781687806e-02,9.678925632384665079e-01,-1.679405675860961011e-01,-4.046021244993745825e+00,-3.026016902803030373e-02,3.421620095103698134e+00,-2.035651844474464234e-01,0.000000000000000000e+00,0.000000000000000000e+00,0.000000000000000000e+00,0.000000000000000000e+00,0.000000000000000000e+00,0.000000000000000000e+00,0.000000000000000000e+00
1.042999999999999927e+00,5.206215764483954067e-02,4.145129683444342961e-01,1.219389081037888789e-02,-1.601171040249051547e+00,-1.527183431453001117e-02,2.720804284140659224e+00,-1.298057741388761732e-01,4.898317352142550485e-03,-9.872850857543991054e-02,1.713053948013798511e-02,4.127086603974277068e-01,3.086645636972557005e-03,-3.490175064173097752e-01,2.076437801230379687e-02,-4.789751482810189476e-02,9.654029870849818451e-01,-1.675085972950283164e-01,-4.035614224224495672e+00,-3.018233498107730783e-02,3.412819135039974583e+00,-2.030415818823190222e-01,0.000000000000000000e+00,0.000000000000000000e+00,0.000000000000000000e+00,0.000000000000000000e+00,0.000000000000000000e+00,0.000000000000000000e+00,0.000000000000000000e+00
1.044000000000000039e+00,5.206703203422191617e-02,4.144147221183649421e-01,1.221093766825956384e-02,-1.600760347644297532e+00,-1.526876274696131394e-02,2.720456971562636550e+00,-1.297851111935341140e-01,4.850482267476752263e-03,-9.776436390552190048e-02,1.696324921544201114e-02,4.086783062384018450e-01,3.056502641988076419e-03,-3.456091355893118333e-01,2.056160107711424434e-02,-4.777238564091279560e-02,9.628809336649393202e-01,-1.670709918221366941e-01,-4.025071440752363117e+00,-3.010348556567016276e-02,3.403903363816276340e+00,-2.025111487649073894e-01,0.000000000000000000e+00,0.000000000000000000e+00,0.000000000000000000e+00,0.000000000000000000e+00,0.000000000000000000e+00,0.000000000000000000e+00,0.000000000000000000e+00
1.044999999999999929e+00,5.207185865135326164e-02,4.143174387705166328e-01,1.222781745561909994e-02,-1.600353680099645626e+00,-1.526572128279336457e-02,2.720113062878389165e+00,-1.297646507587704168e-01,4.802773119201741991e-03,-9.680275755869383048e-02,1.679639937919563675e-02,4.046585628739407525e-01,3.026439005073600086e-03,-3.422097380478348327e-01,2.035935799684651659e-02,-4.764564143054483836e-02,9.603263284891969676e-01,-1.666277382426923914e-01,-4.014392583195039776e+00,-3.002361845298234799e-02,3.394872518104307346e+00,-2.019738694288100156e-01,0.000000000000000000e+00,0.000000000000000000e+00,0.000000000000000000e+00,0.000000000000000000e+00,0.000000000000000000e+00,0.000000000000000000e+00,0.000000000000000000e+00
1.046000000000000041e+00,5.207663762297804616e-02,4.142211157462775128e-01,1.224453061571217916e-02,-1.599951026936210940e+00,-1.526270984215887666e-02,2.719772549057046795e+00,-1.297443922973042785e-01,4.755191524188628893e-03,-9.584372212395697588e-02,1.662999562596712000e-02,4.006495665338292156e-01,2.996455745090789713e-03,-3.388194289990398289e-01,2.015765562555160706e-02,-4.751727850129217057e-02,9.577390970686074922e-01,-1.661788236319665657e-01,-4.003577340170146215e+00,-2.994273131418706546e-02,3.385726334575679175e+00,-2.014297282076209505e-01,0.000000000000000000e+00,0.000000000000000000e+00,0.000000000000000000e+00,0.000000000000000000e+00,0.000000000000000000e+00,0.000000000000000000e+00,0.000000000000000000e+00
1.046999999999999931e+00,5.208136907745953420e-02,4.141257504584107130e-01,1.226107759745440062e-02,-1.599552377338727460e+00,-1.525972834417051172e-02,2.719435420952405646e+00,-1.297243352649932180e-01,4.707739103004093817e-03,-9.488729026480191564e-02,1.646404362325049053e-02,3.966514537592260581e-01,2.966553883230207966e-03,-3.354383239124025806e-01,1.995650083294853161e-02,-4.738729315745016102e-02,9.551191649140324813e-01,-1.657242350652312624e-01,-3.992625400295338522e+00,-2.986082182045746158e-02,3.376464549902053136e+00,-2.008787094349369085e-01,0.000000000000000000e+00,0.000000000000000000e+00,0.000000000000000000e+00,0.000000000000000000e+00,0.000000000000000000e+00,0.000000000000000000e+00,0.000000000000000000e+00
1.048000000000000043e+00,5.208605314478334525e-02,4.140313402869778558e-01,1.227745885543549131e-02,-1.599157720355224299e+00,-1.525677670691856502e-02,2.719101669302658397e+00,-1.297044791108172279e-01,4.660417479910555771e-03,-9.393349471920497962e-02,1.629854905146355115e-02,3.926643614026499307e-01,2.936734443011179696e-03,-3.320665385207313136e-01,1.975590050442121992e-02,-4.725568170331306828e-02,9.524664575363210872e-01,-1.652639596177567505e-01,-3.981536452188279895e+00,-2.977788764296696034e-02,3.367086900755111856e+00,-2.003207974443523831e-01,0.000000000000000000e+00,0.000000000000000000e+00,0.000000000000000000e+00,0.000000000000000000e+00,0.000000000000000000e+00,0.000000000000000000e+00,0.000000000000000000e+00
1.048999999999999932e+00,5.209068995656133266e-02,4.139378825792646710e-01,1.229367484993193482e-02,-1.598767044896731271e+00,-1.525385484746868969e-02,2.718771284730136184e+00,-1.296848232768628983e-01,4.613228282866088659e-03,-9.298236829963224537e-02,1.613351760395020928e-02,3.886884266280521416e-01,2.906998450281833568e-03,-3.287041888201578388e-01,1.955586154102118002e-02,-4.712244044317592806e-02,9.497809004463331206e-01,-1.647979843648128551e-01,-3.970310184466590897e+00,-2.969392645288865262e-02,3.357593123806445590e+00,-1.997559765694627565e-01,0.000000000000000000e+00,0.000000000000000000e+00,0.000000000000000000e+00,0.000000000000000000e+00,0.000000000000000000e+00,0.000000000000000000e+00,0.000000000000000000e+00
1.050000000000000044e+00,5.209527964603496292e-02,4.138453746497083863e-01,1.230972604692007200e-02,-1.598380339736951594e+00,-1.525096268185947845e-02,2.718444257741038594e+00,-1.296653671983080958e-01,4.566173143524698830e-03,-9.203394389304486722e-02,1.596895498697736837e-02,3.847237869107207331e-01,2.877346933219199210e-03,-3.253513910701588685e-01,1.935639085946594395e-02,-4.698756568133344302e-02,9.470624191549283921e-01,-1.643262963816720656e-01,-3.958946285747977356e+00,-2.960893592139590691e-02,3.347982955727744070e+00,-1.991842311438647428e-01,0.000000000000000000e+00,0.000000000000000000e+00,0.000000000000000000e+00,0.000000000000000000e+00,0.000000000000000000e+00,0.000000000000000000e+00,0.000000000000000000e+00
1.050999999999999934e+00,5.209982234807934709e-02,4.137538137798211224e-01,1.232561291808903503e-02,-1.597997593511966574e+00,-1.524810012510021892e-02,2.718120578725174763e+00,-1.296461103034060869e-01,4.519253697235908751e-03,-9.108825446088619771e-02,1.580486691973836955e-02,3.807705800373479832e-01,2.847780922329151698e-03,-3.220082617935222657e-01,1.915749539213917885e-02,-4.685105372208075991e-02,9.443109391729613833e-01,-1.638488827436050954e-01,-3.947444444650074047e+00,-2.952291371966209166e-02,3.338256133190675712e+00,-1.986055455011532800e-01,0.000000000000000000e+00,0.000000000000000000e+00,0.000000000000000000e+00,0.000000000000000000e+00,0.000000000000000000e+00,0.000000000000000000e+00,0.000000000000000000e+00
1.052000000000000046e+00,5.210431819920673807e-02,4.136631972181175065e-01,1.234133594085337626e-02,-1.597618794719900759e+00,-1.524526709116850662e-02,2.717800237955703579e+00,-1.296270520134699400e-01,4.472471583044951293e-03,-9.014533303909244566e-02,1.564125913435021609e-02,3.768289441060037603e-01,2.818301450446217271e-03,-3.186749177763719132e-01,1.895918208709146402e-02,-4.671290086971213729e-02,9.415263860112865757e-01,-1.633657305258826575e-01,-3.935804349790515744e+00,-2.943585751886035329e-02,3.328412392866859193e+00,-1.980199039749255263e-01,0.000000000000000000e+00,0.000000000000000000e+00,0.000000000000000000e+00,0.000000000000000000e+00,0.000000000000000000e+00,0.000000000000000000e+00,0.000000000000000000e+00
1.052999999999999936e+00,5.210876733757036083e-02,4.135735221800369565e-01,1.235689559836650186e-02,-1.597243931720639054e+00,-1.524246349300795861e-02,2.717483225588856133e+00,-1.296081917428567598e-01,4.425828443692797487e-03,-8.920521273808734719e-02,1.547813737585479466e-02,3.728990175261479578e-01,2.788909552734086805e-03,-3.153514760681641604e-01,1.876145790803951385e-02,-4.657310342852272189e-02,9.387086851807602272e-01,-1.628768268037776856e-01,-3.924025689786994064e+00,-2.934776499016406026e-02,3.318451471427970034e+00,-1.974272908987755315e-01,0.000000000000000000e+00,0.000000000000000000e+00,0.000000000000000000e+00,0.000000000000000000e+00,0.000000000000000000e+00,0.000000000000000000e+00,0.000000000000000000e+00
1.054000000000000048e+00,5.211316990296786800e-02,4.134847858478730709e-01,1.237229237953330063e-02,-1.596872992735494101e+00,-1.523968924252583693e-02,2.717169531663694571e+00,-1.295895288989521443e-01,4.379325925616045501e-03,-8.826792674278305384e-02,1.531550740221887530e-02,3.689809390186056248e-01,2.759606266684824782e-03,-3.120380539816629550e-01,1.856432983436595574e-02,-4.643165770280699434e-02,9.358577621922403722e-01,-1.623821586525573402e-01,-3.912108153257108256e+00,-2.925863380474619246e-02,3.308373105545626913e+00,-1.968276906062986775e-01,0.000000000000000000e+00,0.000000000000000000e+00,0.000000000000000000e+00,0.000000000000000000e+00,0.000000000000000000e+00,0.000000000000000000e+00,0.000000000000000000e+00
1.054999999999999938e+00,5.211752603684532276e-02,4.133969853706971342e-01,1.238752677902274502e-02,-1.596505965846903852e+00,-1.523694425059078650e-02,2.716859146101828326e+00,-1.295710628821547528e-01,4.332965678947253707e-03,-8.733350831258634983e-02,1.515337498433433350e-02,3.650748476156060462e-01,2.730392632119715834e-03,-3.087347690929949096e-01,1.836780486112110644e-02,-4.628855999685987932e-02,9.329735425565903739e-01,-1.618817131474972193e-01,-3.900051428818564148e+00,-2.916846163378045143e-02,3.298177031891519562e+00,-1.962210874310925668e-01,0.000000000000000000e+00,0.000000000000000000e+00,0.000000000000000000e+00,0.000000000000000000e+00,0.000000000000000000e+00,0.000000000000000000e+00,0.000000000000000000e+00
1.056000000000000050e+00,5.212183588230078629e-02,4.133101178642826223e-01,1.240259929728163013e-02,-1.596142838998118041e+00,-1.523422842703041694e-02,2.716552058707164985e+00,-1.295527930858597077e-01,4.286749357514302305e-03,-8.640199078138310895e-02,1.499174590601670687e-02,3.611808826607330047e-01,2.701269691188709632e-03,-3.054417392415818000e-01,1.817188999902019653e-02,-4.614380661497619052e-02,9.300559517846540558e-01,-1.613754773638644835e-01,-3.887855205088989408e+00,-2.907724614843981703e-02,3.287862987137273763e+00,-1.956074657067521372e-01,0.000000000000000000e+00,0.000000000000000000e+00,0.000000000000000000e+00,0.000000000000000000e+00,0.000000000000000000e+00,0.000000000000000000e+00,0.000000000000000000e+00
1.056999999999999940e+00,5.212609958408791905e-02,4.132241804110323713e-01,1.241751044054673070e-02,-1.595783599992885549e+00,-1.523154168062906128e-02,2.716248259165636725e+00,-1.295347188964442731e-01,4.240678618841114966e-03,-8.547340755755739039e-02,1.483062596400752664e-02,3.572991838089798478e-01,2.672238488370587417e-03,-3.021590825301938565e-01,1.797659227444570185e-02,-4.599739386145085263e-02,9.271049153872930049e-01,-1.608634383769329546e-01,-3.875519170686040127e+00,-2.898498501989760223e-02,3.277430707954550826e+00,-1.949868097668723266e-01,0.000000000000000000e+00,0.000000000000000000e+00,0.000000000000000000e+00,0.000000000000000000e+00,0.000000000000000000e+00,0.000000000000000000e+00,0.000000000000000000e+00
1.058000000000000052e+00,5.213031728861976244e-02,4.131391700599049699e-01,1.243226072085815148e-02,-1.595428236495145757e+00,-1.522888391912538900e-02,2.715947737044938304e+00,-1.295168396932511179e-01,4.194755124147159231e-03,-8.454779212397944832e-02,1.467002096797231925e-02,3.534298910267139604e-01,2.643300070472892616e-03,-2.988869173249231181e-01,1.778191872944689944e-02,-4.584931804057845728e-02,9.241203588753670317e-01,-1.603455832619711252e-01,-3.863043014227379501e+00,-2.889167591932717549e-02,3.266879931014997851e+00,-1.943591039450494051e-01,0.000000000000000000e+00,0.000000000000000000e+00,0.000000000000000000e+00,0.000000000000000000e+00,0.000000000000000000e+00,0.000000000000000000e+00,0.000000000000000000e+00
1.058999999999999941e+00,5.213448914397245809e-02,4.130550838263363778e-01,1.244685065607212260e-02,-1.595076736028717690e+00,-1.522625504921011272e-02,2.715650481794276150e+00,-1.294991548485731336e-01,4.148980538347696312e-03,-8.362517803800795235e-02,1.450993674050116145e-02,3.495731445916732127e-01,2.614455486632166759e-03,-2.956253622551940907e-01,1.758787642173842425e-02,-4.569957545665381815e-02,9.211022077597341706e-01,-1.598218990942528173e-01,-3.850426424330663622e+00,-2.879731651790173874e-02,3.256210392990276148e+00,-1.937243325748783107e-01,0.000000000000000000e+00,0.000000000000000000e+00,0.000000000000000000e+00,0.000000000000000000e+00,0.000000000000000000e+00,0.000000000000000000e+00,0.000000000000000000e+00
1.060000000000000053e+00,5.213861529988890464e-02,4.129719186921694263e-01,1.246128076987373934e-02,-1.594729085976986926e+00,-1.522365497652364633e-02,2.715356482744087696e+00,-1.294816637276376137e-01,4.103356530053392515e-03,-8.270559893148998754e-02,1.435037911710956848e-02,3.457290850929872761e-01,2.585705788313630293e-03,-2.923745362137459836e-01,1.739447242470215649e-02,-4.554816241397163790e-02,9.180503875512417977e-01,-1.592923729490474116e-01,-3.837669089613534368e+00,-2.870190448679460493e-02,3.245421830552018605e+00,-1.930824799899553135e-01,0.000000000000000000e+00,0.000000000000000000e+00,0.000000000000000000e+00,0.000000000000000000e+00,0.000000000000000000e+00,0.000000000000000000e+00,0.000000000000000000e+00
1.060999999999999943e+00,5.214269590778247698e-02,4.128896716055793226e-01,1.247555159179031259e-02,-1.594385273582592077e+00,-1.522108360565375962e-02,2.715065729105792247e+00,-1.294643656885906546e-01,4.057884771571235172e-03,-8.178908851076771569e-02,1.419135394623727287e-02,3.418978534311811757e-01,2.557052029311460140e-03,-2.891345583566735655e-01,1.720171382738577837e-02,-4.539507521682706326e-02,9.149648237607532764e-01,-1.587569919016265096e-01,-3.824770698693647830e+00,-2.860543749717908701e-02,3.234513980371907849e+00,-1.924335305238771276e-01,0.000000000000000000e+00,0.000000000000000000e+00,0.000000000000000000e+00,0.000000000000000000e+00,0.000000000000000000e+00,0.000000000000000000e+00,0.000000000000000000e+00
1.062000000000000055e+00,5.214673112074062061e-02,4.128083394809938245e-01,1.248966365720396987e-02,-1.594045285947113477e+00,-1.521854084013324337e-02,2.714778209971511647e+00,-1.294472600824815578e-01,4.012566938903255886e-03,-8.087568055665927957e-02,1.403286708924866844e-02,3.380795908181326581e-01,2.528495265748456622e-03,-2.859055481033632162e-01,1.700960773450366226e-02,-4.524031016951424178e-02,9.118454418991195354e-01,-1.582157430272599363e-01,-3.811730940188645889e+00,-2.850791322022816487e-02,3.223486579121555451e+00,-1.917774685102373589e-01,0.000000000000000000e+00,0.000000000000000000e+00,0.000000000000000000e+00,0.000000000000000000e+00,0.000000000000000000e+00,0.000000000000000000e+00,0.000000000000000000e+00
1.062999999999999945e+00,5.215072109352873742e-02,4.127279191990260721e-01,1.250361750736475597e-02,-1.593709110030768095e+00,-1.521602658243764380e-02,2.714493914313824252e+00,-1.294303462532468696e-01,3.967404711747501977e-03,-7.996540892448722460e-02,1.387492442043314345e-02,3.342744387771290349e-01,2.500036556076404293e-03,-2.826876251365586512e-01,1.681816126643642662e-02,-4.508386357632843122e-02,9.086921674772057145e-01,-1.576686134012210694e-01,-3.798549502716213055e+00,-2.840932932711537351e-02,3.212339363472629827e+00,-1.911142782826331654e-01,0.000000000000000000e+00,0.000000000000000000e+00,0.000000000000000000e+00,0.000000000000000000e+00,0.000000000000000000e+00,0.000000000000000000e+00,0.000000000000000000e+00
1.064000000000000057e+00,5.215466598259372449e-02,4.126484076063949846e-01,1.251741368940323396e-02,-1.593376732652093342e+00,-1.521354073398289292e-02,2.714212830985495817e+00,-1.294136235376952271e-01,3.922399773497703412e-03,-7.905830754405496208e-02,1.371753182700496954e-02,3.304825391428174441e-01,2.471676961075877643e-03,-2.794809094023236185e-01,1.662738155923182415e-02,-4.492573174156466731e-02,9.055049260058645189e-01,-1.571155900987784015e-01,-3.785226074893991211e+00,-2.830968348901402587e-02,3.201072070096806499e+00,-1.904439441746603734e-01,0.000000000000000000e+00,0.000000000000000000e+00,0.000000000000000000e+00,0.000000000000000000e+00,0.000000000000000000e+00,0.000000000000000000e+00,0.000000000000000000e+00
1.064999999999999947e+00,5.215856594606769342e-02,4.125698015158529852e-01,1.253105275634375237e-02,-1.593048140487634434e+00,-1.521108319512293194e-02,2.713934948719207707e+00,-1.293970912654911209e-01,3.877553811243411586e-03,-7.815441041965609514e-02,1.356069520910263559e-02,3.267040340612474836e-01,2.443417543856296614e-03,-2.762855211100543329e-01,1.643727576460307649e-02,-4.476591096951709758e-02,9.022836429959486537e-01,-1.565566601952053105e-01,-3.771760345339615128e+00,-2.820897337709732389e-02,3.189684435665704143e+00,-1.897664505199130325e-01,0.000000000000000000e+00,0.000000000000000000e+00,0.000000000000000000e+00,0.000000000000000000e+00,0.000000000000000000e+00,0.000000000000000000e+00,0.000000000000000000e+00
1.066000000000000059e+00,5.216242114377177275e-02,4.124920977061112826e-01,1.254453526711746258e-02,-1.592723320071636195e+00,-1.520865386514745968e-02,2.713660256127306436e+00,-1.293807487591395189e-01,3.832868515769694007e-03,-7.725375163007175416e-02,1.340442047978984696e-02,3.229390659898427884e-01,2.415259369855871086e-03,-2.731015807324563838e-01,1.624785104992965135e-02,-4.460439756448097981e-02,8.990282439583197061e-01,-1.559918107657707331e-01,-3.758152002670762215e+00,-2.810719666253846949e-02,3.178176196850984070e+00,-1.890817816519887451e-01,0.000000000000000000e+00,0.000000000000000000e+00,0.000000000000000000e+00,0.000000000000000000e+00,0.000000000000000000e+00,0.000000000000000000e+00,0.000000000000000000e+00
1.066999999999999948e+00,5.216623173721961909e-02,4.124152929217645980e-01,1.255786178657472552e-02,-1.592402257795732634e+00,-1.520625264227958712e-02,2.713388741701531437e+00,-1.293645953339704335e-01,3.788345581557439612e-03,-7.635636532857859038e-02,1.324871356505463726e-02,3.191877776974081371e-01,2.387203506841711897e-03,-2.699292090055873672e-01,1.605911459825892784e-02,-4.444118783075079460e-02,8.957386544038321574e-01,-1.554210288857471589e-01,-3.744400735505088562e+00,-2.800435101651077563e-02,3.166547090324307590e+00,-1.883899219044820050e-01,0.000000000000000000e+00,0.000000000000000000e+00,0.000000000000000000e+00,0.000000000000000000e+00,0.000000000000000000e+00,0.000000000000000000e+00,0.000000000000000000e+00
1.068000000000000060e+00,5.216999788962128903e-02,4.123393838732167804e-01,1.257103288549860087e-02,-1.592084939908624985e+00,-1.520387942367345049e-02,2.713120393812747722e+00,-1.293486302981226577e-01,3.743986706782997942e-03,-7.546228574293323277e-02,1.309358040381003452e-02,3.154503122641258983e-01,2.359251024909581052e-03,-2.667685269288160299e-01,1.587107360830286584e-02,-4.427627807262113357e-02,8.924147998433404894e-01,-1.548443016304048570e-01,-3.730506232460214733e+00,-2.790043411018755526e-02,3.154796852757307590e+00,-1.876908556109886383e-01,0.000000000000000000e+00,0.000000000000000000e+00,0.000000000000000000e+00,0.000000000000000000e+00,0.000000000000000000e+00,0.000000000000000000e+00,0.000000000000000000e+00
1.068999999999999950e+00,5.217371976588690979e-02,4.122643672366064216e-01,1.258404914061736490e-02,-1.591771352515789051e+00,-1.520153410541194572e-02,2.712855200710703851e+00,-1.293328529525285819e-01,3.699793593318789764e-03,-7.457154717538827526e-02,1.293902694789383911e-02,3.117268130815737948e-01,2.331402996484321921e-03,-2.636196557648560201e-01,1.568373529444078152e-02,-4.410966459438747655e-02,8.890566057877027362e-01,-1.542616160750158727e-01,-3.716468182153853661e+00,-2.779544361474189929e-02,3.142925220821666699e+00,-1.869845671051049152e-01,0.000000000000000000e+00,0.000000000000000000e+00,0.000000000000000000e+00,0.000000000000000000e+00,0.000000000000000000e+00,0.000000000000000000e+00,0.000000000000000000e+00
1.070000000000000062e+00,5.217739753263019031e-02,4.121902396537348023e-01,1.259691113461758327e-02,-1.591461481579148352e+00,-1.519921658250441079e-02,2.712593150523742835e+00,-1.293172625908985129e-01,3.655767946732862983e-03,-7.368418400268694768e-02,1.278505916206840176e-02,3.080174238526964814e-01,2.303660496319442919e-03,-2.604827170397427949e-01,1.549710688671890324e-02,-4.394134370034419312e-02,8.856639977477787085e-01,-1.536729592948495871e-01,-3.702286273203590383e+00,-2.768937720134734271e-02,3.130931931189003592e+00,-1.862710407204253293e-01,0.000000000000000000e+00,0.000000000000000000e+00,0.000000000000000000e+00,0.000000000000000000e+00,0.000000000000000000e+00,0.000000000000000000e+00,0.000000000000000000e+00
1.070999999999999952e+00,5.218103135817237642e-02,4.121169977319868449e-01,1.260961945615721169e-02,-1.591155312916766373e+00,-1.519692674888423536e-02,2.712334231258551664e+00,-1.293018584997046860e-01,3.611911476288642842e-03,-7.280023067605245757e-02,1.263168302402073451e-02,3.043222885918410725e-01,2.276024601497284028e-03,-2.573578325428247382e-01,1.531119563084859525e-02,-4.377131169478609696e-02,8.822369012344211114e-01,-1.530783183651798218e-01,-3.687960194227130728e+00,-2.758223254117708745e-02,3.118816720530993791e+00,-1.855502607905479273e-01,0.000000000000000000e+00,0.000000000000000000e+00,0.000000000000000000e+00,0.000000000000000000e+00,0.000000000000000000e+00,0.000000000000000000e+00,0.000000000000000000e+00
1.072000000000000064e+00,5.218462141254577580e-02,4.120446380442596146e-01,1.262217469987830798e-02,-1.590852832202537481e+00,-1.519466449740652578e-02,2.712078430799900630e+00,-1.292866399581659165e-01,3.568225894945709076e-03,-7.191972172120486562e-02,1.247890452436273279e-02,3.006415516247180619e-01,2.248496391429016805e-03,-2.542451243268022409e-01,1.512600878820835604e-02,-4.359956488200800173e-02,8.787752417584879794e-01,-1.524776803612741816e-01,-3.673489633842102364e+00,-2.747400730540427993e-02,3.106579325519263080e+00,-1.848222116490658706e-01,0.000000000000000000e+00,0.000000000000000000e+00,0.000000000000000000e+00,0.000000000000000000e+00,0.000000000000000000e+00,0.000000000000000000e+00,0.000000000000000000e+00
1.072999999999999954e+00,5.218816786749749109e-02,4.119731571288880456e-01,1.263457746641979962e-02,-1.590554024965876057e+00,-1.519242971984589852e-02,2.711825736910368878e+00,-1.292716062382316677e-01,3.524712919358991003e-03,-7.104269173835309203e-02,1.232672966663128644e-02,2.969753575884261920e-01,2.221076947854644379e-03,-2.511447147076815156e-01,1.494155363584315221e-02,-4.342609956630449908e-02,8.752789448308355702e-01,-1.518710323584064881e-01,-3.658874280666168488e+00,-2.736469916520223311e-02,3.094219482825486978e+00,-1.840868776295754294e-01,0.000000000000000000e+00,0.000000000000000000e+00,0.000000000000000000e+00,0.000000000000000000e+00,0.000000000000000000e+00,0.000000000000000000e+00,0.000000000000000000e+00
1.074000000000000066e+00,5.219167089649312530e-02,4.119025514895680029e-01,1.264682836243091746e-02,-1.590258876591402526e+00,-1.519022230689399261e-02,2.711576137230095718e+00,-1.292567566045667860e-01,3.481374269879322636e-03,-7.016917540219047567e-02,1.217516446728716950e-02,2.933238514314417955e-01,2.193767354843001449e-03,-2.480567262648207816e-01,1.475783746646397443e-02,-4.325091205197062472e-02,8.717479359623201418e-01,-1.512583614318461223e-01,-3.644113823316985190e+00,-2.725430579174425993e-02,3.081736929121298374e+00,-1.833442430656733180e-01,0.000000000000000000e+00,0.000000000000000000e+00,0.000000000000000000e+00,0.000000000000000000e+00,0.000000000000000000e+00,0.000000000000000000e+00,0.000000000000000000e+00
1.074999999999999956e+00,5.219513067472057732e-02,4.118328175952860049e-01,1.265892800058351919e-02,-1.589967372318638272e+00,-1.518804214815725612e-02,2.711329619276501735e+00,-1.292420903145351796e-01,3.438211670553137367e-03,-6.929920746190454395e-02,1.202421495571692756e-02,2.896871784136401118e-01,2.166568698791809799e-03,-2.449812818408840798e-01,1.457486758844872554e-02,-4.307399864330097028e-02,8.681821406637961758e-01,-1.506396546568646855e-01,-3.629207950412194350e+00,-2.714282485620372887e-02,3.069131401078351473e+00,-1.825942922909535859e-01,0.000000000000000000e+00,0.000000000000000000e+00,0.000000000000000000e+00,0.000000000000000000e+00,0.000000000000000000e+00,0.000000000000000000e+00,0.000000000000000000e+00
1.076000000000000068e+00,5.219854737909349757e-02,4.117639518802386212e-01,1.267087699958549529e-02,-1.589679497241676120e+00,-1.518588913215453140e-02,2.711086170444041432e+00,-1.292276066181849148e-01,3.395226849122634505e-03,-6.843282274116990749e-02,1.187388717423121243e-02,2.860654841062633125e-01,2.139482068427539518e-03,-2.419185045418856816e-01,1.439265132584099938e-02,-4.289535564459057149e-02,8.645814844461199300e-01,-1.500148991087328909e-01,-3.614156350569459164e+00,-2.703025402975356428e-02,3.056402635368321796e+00,-1.818370096390129476e-01,0.000000000000000000e+00,0.000000000000000000e+00,0.000000000000000000e+00,0.000000000000000000e+00,0.000000000000000000e+00,0.000000000000000000e+00,0.000000000000000000e+00
1.076999999999999957e+00,5.220192118825524308e-02,4.116959507437650823e-01,1.268267598419356434e-02,-1.589395236308896564e+00,-1.518376314631483467e-02,2.710845778003923012e+00,-1.292133047582319227e-01,3.352421537025834786e-03,-6.757005613814737188e-02,1.172418717806544830e-02,2.824589143919347123e-01,2.112508554805520022e-03,-2.388685177371456803e-01,1.421119601835196811e-02,-4.271497936013401997e-02,8.609458928201583205e-01,-1.493840818627227840e-01,-3.598958712406428617e+00,-2.691659098356735669e-02,3.043550368662835126e+00,-1.810723794434485612e-01,0.000000000000000000e+00,0.000000000000000000e+00,0.000000000000000000e+00,0.000000000000000000e+00,0.000000000000000000e+00,0.000000000000000000e+00,0.000000000000000000e+00
1.078000000000000069e+00,5.220525228258232620e-02,4.116288105502664552e-01,1.269432558522598509e-02,-1.589114574322634255e+00,-1.518166407697490658e-02,2.710608429103861461e+00,-1.291991839700448730e-01,3.309797469396247305e-03,-6.671094262549459586e-02,1.157512103537994275e-02,2.788676154646836380e-01,2.085649251309912300e-03,-2.358314450593308464e-01,1.403050902135771771e-02,-4.253286609422624043e-02,8.572752912967551708e-01,-1.487471899941041897e-01,-3.583614724540765906e+00,-2.680183338881825250e-02,3.030574337633552773e+00,-1.803003860378531442e-01,0.000000000000000000e+00,0.000000000000000000e+00,0.000000000000000000e+00,0.000000000000000000e+00,0.000000000000000000e+00,0.000000000000000000e+00,0.000000000000000000e+00
1.078999999999999959e+00,5.220854084418843216e-02,4.115625276291360324e-01,1.270582643957568481e-02,-1.588837495938873801e+00,-1.517959180937696745e-02,2.710374110767801437e+00,-1.291852434816289918e-01,3.267356385063091562e-03,-6.585551725035010406e-02,1.142669482725955366e-02,2.752917338298850325e-01,2.058905253653681156e-03,-2.328074104044297599e-01,1.385059770590146844e-02,-4.234901215116182449e-02,8.535696053867667388e-01,-1.481042105781491536e-01,-3.568124075590120015e+00,-2.668597891667967570e-02,3.017474278952121836e+00,-1.795210137558238550e-01,0.000000000000000000e+00,0.000000000000000000e+00,0.000000000000000000e+00,0.000000000000000000e+00,0.000000000000000000e+00,0.000000000000000000e+00,0.000000000000000000e+00
1.080000000000000071e+00,5.221178705692769428e-02,4.114970982746803951e-01,1.271717919022322119e-02,-1.588563985666942457e+00,-1.517754622766634073e-02,2.710142809895662364e+00,-1.291714825136104638e-01,3.225100026551575016e-03,-6.500381513434749792e-02,1.127891464771446639e-02,2.717314163043269559e-01,2.032277659878650722e-03,-2.297965379317545853e-01,1.367146945869368579e-02,-4.216341383523558584e-02,8.498287606010617168e-01,-1.474551306901283887e-01,-3.552486454172139929e+00,-2.656902523832482821e-02,3.004249929290203625e+00,-1.787342469309560755e-01,0.000000000000000000e+00,0.000000000000000000e+00,0.000000000000000000e+00,0.000000000000000000e+00,0.000000000000000000e+00,0.000000000000000000e+00,0.000000000000000000e+00
1.080999999999999961e+00,5.221499110639882257e-02,4.114325187460493582e-01,1.272838448624946661e-02,-1.588294027869189051e+00,-1.517552721488915971e-02,2.709914513263071978e+00,-1.291579002792215547e-01,3.183030140082143689e-03,-6.415587147360390929e-02,1.113178660367841744e-02,2.681868100161572954e-01,2.005767570355393437e-03,-2.267989520639517309e-01,1.349313168210952707e-02,-4.197606745074244916e-02,8.460526824504910337e-01,-1.467999374053126083e-01,-3.536701548904503056e+00,-2.645097002492685645e-02,2.990901025319445239e+00,-1.779400698968465200e-01,0.000000000000000000e+00,0.000000000000000000e+00,0.000000000000000000e+00,0.000000000000000000e+00,0.000000000000000000e+00,0.000000000000000000e+00,0.000000000000000000e+00
1.082000000000000073e+00,5.221815317994846911e-02,4.113687852671589207e-01,1.273944298284893084e-02,-1.588027606760686439e+00,-1.517353465298999782e-02,2.709689207521106091e+00,-1.291444959842835416e-01,3.141148475571425847e-03,-6.331172153872977049e-02,1.098531681501091484e-02,2.646580624049263974e-01,1.979376087783424332e-03,-2.238147774869982953e-01,1.331559179419150585e-02,-4.178696930197711712e-02,8.422412964459038420e-01,-1.461386177989729696e-01,-3.520769048404829960e+00,-2.633181094765901786e-02,2.977427303711472462e+00,-1.771384669870892381e-01,0.000000000000000000e+00,0.000000000000000000e+00,0.000000000000000000e+00,0.000000000000000000e+00,0.000000000000000000e+00,0.000000000000000000e+00,0.000000000000000000e+00
1.082999999999999963e+00,5.222127346667512077e-02,4.113058940266158814e-01,1.275035534134208448e-02,-1.587764706408905990e+00,-1.517156842280961010e-02,2.709466879196020805e+00,-1.291312688271924469e-01,3.099456786631565874e-03,-6.247140067482614967e-02,1.083951141449579492e-02,2.611453212215550934e-01,1.953104317190978989e-03,-2.208441391501860807e-01,1.313885722864938099e-02,-4.159611569323462543e-02,8.383945280981617287e-01,-1.454711589463806298e-01,-3.504688641290798046e+00,-2.621154567769473642e-02,2.963828501137989235e+00,-1.763294225352818323e-01,0.000000000000000000e+00,0.000000000000000000e+00,0.000000000000000000e+00,0.000000000000000000e+00,0.000000000000000000e+00,0.000000000000000000e+00,0.000000000000000000e+00
1.084000000000000075e+00,5.222435215743263803e-02,4.112438411776465630e-01,1.276112222918909800e-02,-1.587505310733416497e+00,-1.516962840408253230e-02,2.709247514688990055e+00,-1.291182179989025514e-01,3.057956830570196516e-03,-6.163494430147764547e-02,1.069437654784155534e-02,2.576487345283453578e-01,1.926953365935152318e-03,-2.178871622661464613e-01,1.296293543485704802e-02,-4.140350292880912164e-02,8.345123029181262808e-01,-1.447975479228067464e-01,-3.488460016180027878e+00,-2.609017188620721406e-02,2.950104354270592921e+00,-1.755129208750179082e-01,0.000000000000000000e+00,0.000000000000000000e+00,0.000000000000000000e+00,0.000000000000000000e+00,0.000000000000000000e+00,0.000000000000000000e+00,0.000000000000000000e+00
1.084999999999999964e+00,5.222738944483417550e-02,4.111826228380190962e-01,1.277174432000180437e-02,-1.587249403505565315e+00,-1.516771447543477022e-02,2.709031100275848036e+00,-1.291053426829106843e-01,3.016650368390993986e-03,-6.080238791276304511e-02,1.054991837368202123e-02,2.541684506989874137e-01,1.900924343702037334e-03,-2.149439723108521605e-01,1.278783387785764614e-02,-4.120912731299608556e-02,8.305945464166484271e-01,-1.441177718035229205e-01,-3.472082861690225286e+00,-2.596768724436976372e-02,2.936254599780980357e+00,-1.746889463398950681e-01,0.000000000000000000e+00,0.000000000000000000e+00,0.000000000000000000e+00,0.000000000000000000e+00,0.000000000000000000e+00,0.000000000000000000e+00,0.000000000000000000e+00
1.086000000000000076e+00,5.223038552325560968e-02,4.111222350899707001e-01,1.278222229355763240e-02,-1.586996968348173276e+00,-1.516582651438146828e-02,2.708817622106814316e+00,-1.290926420552411247e-01,2.975539164793261637e-03,-5.997376707724733080e-02,1.040614306357479091e-02,2.507046184185490745e-01,1.875018362506170044e-03,-2.120146950235710648e-01,1.261356003835789608e-02,-4.101298515008988677e-02,8.266411841045844255e-01,-1.434318176637989772e-01,-3.455556866439010832e+00,-2.584408942335558734e-02,2.922278974340777324e+00,-1.738574832635078060e-01,0.000000000000000000e+00,0.000000000000000000e+00,0.000000000000000000e+00,0.000000000000000000e+00,0.000000000000000000e+00,0.000000000000000000e+00,0.000000000000000000e+00
1.086999999999999966e+00,5.223334058883939007e-02,4.110626739801329643e-01,1.279255683581165259e-02,-1.586747988735217163e+00,-1.516396439732465434e-02,2.708607066206246916e+00,-1.290801152844295030e-01,2.934624988171818938e-03,-5.914911743798789701e-02,1.026305680200290116e-02,2.472573866834899547e-01,1.849236536691334365e-03,-2.090994564069248440e-01,1.244012141273309613e-02,-4.081507274438567201e-02,8.226521414927940867e-01,-1.427396725789065179e-01,-3.438881719044047713e+00,-2.571937609433805338e-02,2.908177214621623818e+00,-1.730185159794519478e-01,0.000000000000000000e+00,0.000000000000000000e+00,0.000000000000000000e+00,0.000000000000000000e+00,0.000000000000000000e+00,0.000000000000000000e+00,0.000000000000000000e+00
1.088000000000000078e+00,5.223625483949823067e-02,4.110039355194572419e-01,1.280274863891012194e-02,-1.586502447991522846e+00,-1.516212799955076601e-02,2.708399418472359432e+00,-1.290677615315071747e-01,2.893909610617334538e-03,-5.832847471252566862e-02,1.012066578637360603e-02,2.438269048016330487e-01,1.823579982929757204e-03,-2.061983827268640823e-01,1.226752551302390248e-02,-4.061538640017758883e-02,8.186273440921247868e-01,-1.420413236241162558e-01,-3.422057108122984914e+00,-2.559354492849025275e-02,2.893949057295209570e+00,-1.721720288213233196e-01,0.000000000000000000e+00,0.000000000000000000e+00,0.000000000000000000e+00,0.000000000000000000e+00,0.000000000000000000e+00,0.000000000000000000e+00,0.000000000000000000e+00
1.088999999999999968e+00,5.223912847491887085e-02,4.109460156831401534e-01,1.281279840120308489e-02,-1.586260329292459748e+00,-1.516031719522845794e-02,2.708194664676974561e+00,-1.290555799499857326e-01,2.853394807916187492e-03,-5.751187469289575915e-02,9.978976227019487055e-03,2.404133223922144680e-01,1.798049820222857864e-03,-2.033116005126522907e-01,1.209577986693721741e-02,-4.041392242176122807e-02,8.145667174134523236e-01,-1.413367578746997921e-01,-3.405082722293471420e+00,-2.546659359698566494e-02,2.879594239033153258e+00,-1.713180061227173034e-01,0.000000000000000000e+00,0.000000000000000000e+00,0.000000000000000000e+00,0.000000000000000000e+00,0.000000000000000000e+00,0.000000000000000000e+00,0.000000000000000000e+00
1.090000000000000080e+00,5.224196169656548927e-02,4.108889104105484247e-01,1.282270682725722422e-02,-1.586021615663608664e+00,-1.515853185740621833e-02,2.707992790465250543e+00,-1.290435696858411030e-01,2.813082359550411748e-03,-5.669935324562125345e-02,9.837994347197454026e-03,2.370167893858159402e-01,1.772647169900665176e-03,-2.004392365568836709e-01,1.192489201784741049e-02,-4.021067711343062623e-02,8.104701869676134152e-01,-1.406259624059287283e-01,-3.387958250173156216e+00,-2.533851977099732533e-02,2.865112496507123296e+00,-1.704564322172297253e-01,0.000000000000000000e+00,0.000000000000000000e+00,0.000000000000000000e+00,0.000000000000000000e+00,0.000000000000000000e+00,0.000000000000000000e+00,0.000000000000000000e+00
1.090999999999999970e+00,5.224475470768374930e-02,4.108326156051457234e-01,1.283247462786921145e-02,-1.585786289980475772e+00,-1.515677185801000970e-02,2.707793781355424034e+00,-1.290317298774982524e-01,2.772974048697862681e-03,-5.589094631171231953e-02,9.697726383088967061e-03,2.336374560244287579e-01,1.747373155622011787e-03,-1.975814179155008787e-01,1.175486952479398717e-02,-4.000564677948104109e-02,8.063376782654749775e-01,-1.399089242930720012e-01,-3.370683380379730920e+00,-2.520932112169882444e-02,2.850503566388759680e+00,-1.695872914384564112e-01,0.000000000000000000e+00,0.000000000000000000e+00,0.000000000000000000e+00,0.000000000000000000e+00,0.000000000000000000e+00,0.000000000000000000e+00,0.000000000000000000e+00
1.092000000000000082e+00,5.224750771330429616e-02,4.107771271344164976e-01,1.284210252007819686e-02,-1.585554334968165335e+00,-1.515503706784097904e-02,2.707597622738544096e+00,-1.290200596558148671e-01,2.733071662231856269e-03,-5.508668990667242582e-02,9.558178583800924777e-03,2.302754728614075930e-01,1.722228903374589670e-03,-1.947382719077470625e-01,1.158571996248336511e-02,-3.979882772420684223e-02,8.021691168178861631e-01,-1.391856306114025443e-01,-3.353257801530816096e+00,-2.507899532026314215e-02,2.835767185349709507e+00,-1.687105681199931873e-01,0.000000000000000000e+00,0.000000000000000000e+00,0.000000000000000000e+00,0.000000000000000000e+00,0.000000000000000000e+00,0.000000000000000000e+00,0.000000000000000000e+00
1.092999999999999972e+00,5.225022092024646930e-02,4.107224408297933671e-01,1.285159122717888236e-02,-1.585325733201070619e+00,-1.515332735657317145e-02,2.707404299878206633e+00,-1.290085581440663653e-01,2.693376990721807474e-03,-5.428662012048768304e-02,9.419357211363998950e-03,2.269309907615060240e-01,1.697215541475116662e-03,-1.919099261162173775e-01,1.141745092128898520e-02,-3.959021625190339844e-02,7.979644281357103353e-01,-1.384560684361910710e-01,-3.335681202244060728e+00,-2.494754003786370244e-02,2.820903090061648300e+00,-1.678262465954354354e-01,0.000000000000000000e+00,0.000000000000000000e+00,0.000000000000000000e+00,0.000000000000000000e+00,0.000000000000000000e+00,0.000000000000000000e+00,0.000000000000000000e+00
1.094000000000000083e+00,5.225289453712211873e-02,4.106685524865818504e-01,1.286094147873467763e-02,-1.585100467102564359e+00,-1.515164259275106687e-02,2.707213797910293263e+00,-1.289972244579301042e-01,2.653891828432453082e-03,-5.349077311764283138e-02,9.281268540734743944e-03,2.236041609008623254e-01,1.672334200568836859e-03,-1.890965083868216823e-01,1.125007000725031236e-02,-3.937980866686507930e-02,7.937235377298037520e-01,-1.377202248427096265e-01,-3.317953271137156435e+00,-2.481495294567359622e-02,2.805911017196216051e+00,-1.669343111983798700e-01,0.000000000000000000e+00,0.000000000000000000e+00,0.000000000000000000e+00,0.000000000000000000e+00,0.000000000000000000e+00,0.000000000000000000e+00,0.000000000000000000e+00
1.094999999999999973e+00,5.225552877433904675e-02,4.106154578638849806e-01,1.287015401059013464e-02,-1.584878518944694115e+00,-1.514998264378740814e-02,2.707026101842713306e+00,-1.289860577054691149e-01,2.614617973324240285e-03,-5.269918513709992425e-02,9.143918859793043197e-03,2.202951347669710458e-01,1.647586013630020219e-03,-1.862981468287934206e-01,1.108358484207216943e-02,-3.916760127338703157e-02,7.894463711110226711e-01,-1.369780869062262596e-01,-3.300073696827723779e+00,-2.468123171486646950e-02,2.790790703425066965e+00,-1.660347462624200965e-01,0.000000000000000000e+00,0.000000000000000000e+00,0.000000000000000000e+00,0.000000000000000000e+00,0.000000000000000000e+00,0.000000000000000000e+00,0.000000000000000000e+00
1.096000000000000085e+00,5.225812384410499084e-02,4.105631526845296975e-01,1.287922956488427029e-02,-1.584659870847859864e+00,-1.514834737596074468e-02,2.706841196555125784e+00,-1.289750569871173924e-01,2.575557227053687503e-03,-5.191189249231964453e-02,9.007314469344662733e-03,2.170040641587327457e-01,1.622972115961601736e-03,-1.835149698147109376e-01,1.091800306312695756e-02,-3.895359037576362482e-02,7.851328537902162452e-01,-1.362296417020156802e-01,-3.282042167933397536e+00,-2.454637401661530216e-02,2.775541885419833932e+00,-1.651275361211541615e-01,0.000000000000000000e+00,0.000000000000000000e+00,0.000000000000000000e+00,0.000000000000000000e+00,0.000000000000000000e+00,0.000000000000000000e+00,0.000000000000000000e+00
1.096999999999999975e+00,5.226067996043117642e-02,4.105116326349927958e-01,1.288816889006344502e-02,-1.584444504780502250e+00,-1.514673665441319123e-02,2.706659066798692947e+00,-1.289642213956633254e-01,2.536711394972634981e-03,-5.112893157124887011e-02,8.871461683119696850e-03,2.137311011864255761e-01,1.598493645195514512e-03,-1.807471059804761637e-01,1.075333232345354606e-02,-3.873777227828945069e-02,7.807829112782478376e-01,-1.354748763053450489e-01,-3.263858373071883534e+00,-2.441037752209318512e-02,2.760164299852185366e+00,-1.642126651081756705e-01,0.000000000000000000e+00,0.000000000000000000e+00,0.000000000000000000e+00,0.000000000000000000e+00,0.000000000000000000e+00,0.000000000000000000e+00,0.000000000000000000e+00
1.098000000000000087e+00,5.226319733913596666e-02,4.104608933653258740e-01,1.289697274089399159e-02,-1.584232402558805042e+00,-1.514515034314809286e-02,2.706479697195808942e+00,-1.289535500162346804e-01,2.498082286128883167e-03,-5.035033883632422658e-02,8.736366827773123234e-03,2.104763982717052784e-01,1.574151741292412199e-03,-1.779946842253057326e-01,1.058958029175693927e-02,-3.852014328525998899e-02,7.763964690859808115e-01,-1.347137777914881873e-01,-3.245522000860802336e+00,-2.427323990247376440e-02,2.744657683393761261e+00,-1.632901175570804497e-01,0.000000000000000000e+00,0.000000000000000000e+00,0.000000000000000000e+00,0.000000000000000000e+00,0.000000000000000000e+00,0.000000000000000000e+00,0.000000000000000000e+00
1.098999999999999977e+00,5.226567619784873442e-02,4.104109304890800614e-01,1.290564187847562105e-02,-1.584023545846364733e+00,-1.514358830502757908e-02,2.706303072239830687e+00,-1.289430419262825311e-01,2.459671713265859649e-03,-4.957615082446853449e-02,8.602036242884136819e-03,2.072401081476087370e-01,1.549947546541835530e-03,-1.752578337117576268e-01,1.042675465240749944e-02,-3.830069970096983134e-02,7.719734527242536615e-01,-1.339463332357153647e-01,-3.227032739917831350e+00,-2.413495882893024191e-02,2.729021772716244243e+00,-1.623598778014665456e-01,0.000000000000000000e+00,0.000000000000000000e+00,0.000000000000000000e+00,0.000000000000000000e+00,0.000000000000000000e+00,0.000000000000000000e+00,0.000000000000000000e+00
1.100000000000000089e+00,5.226811675601327617e-02,4.103617395832331871e-01,1.291417707025396822e-02,-1.583817916153900995e+00,-1.514205040177044048e-02,2.706129176294832295e+00,-1.289326961955658823e-01,2.421481492822591397e-03,-4.880640414709525032e-02,8.468476280957148994e-03,2.040223838585717431e-01,1.525882205562101301e-03,-1.725366838657222956e-01,1.026486310544383329e-02,-3.807943782971312530e-02,7.675137877039368561e-01,-1.331725297132972941e-01,-3.208390278860591138e+00,-2.399553197263570858e-02,2.713256304491238780e+00,-1.614219301749262314e-01,0.000000000000000000e+00,0.000000000000000000e+00,0.000000000000000000e+00,0.000000000000000000e+00,0.000000000000000000e+00,0.000000000000000000e+00,0.000000000000000000e+00
1.100999999999999979e+00,5.227051923489185736e-02,4.103133161881136193e-01,1.292257909003358129e-02,-1.583615494838921833e+00,-1.514053649394958567e-02,2.705957993595317745e+00,-1.289225118861357378e-01,2.383513444934037828e-03,-4.804113549010935458e-02,8.335693307421343512e-03,2.008233787603934672e-01,1.501956865300441146e-03,-1.698313643763995628e-01,1.010391336657023853e-02,-3.785635397578546169e-02,7.630173995358866534e-01,-1.323923542995060210e-01,-3.189594306306759108e+00,-2.385495700476347736e-02,2.697361015390427497e+00,-1.604762590110584419e-01,0.000000000000000000e+00,0.000000000000000000e+00,0.000000000000000000e+00,0.000000000000000000e+00,0.000000000000000000e+00,0.000000000000000000e+00,0.000000000000000000e+00
1.102000000000000091e+00,5.227288385756855699e-02,4.102656558073267679e-01,1.293084871799091151e-02,-1.583416263105429600e+00,-1.513904644098987284e-02,2.705789508245978414e+00,-1.289124880523197514e-01,2.345769393430452432e-03,-4.728038161390202276e-02,8.203693700630121377e-03,1.976432465202542232e-01,1.478172675032751737e-03,-1.671420051963430353e-01,9.943913167156814836e-03,-3.763144444348132112e-02,7.584842137309522059e-01,-1.316057940696118145e-01,-3.170644510874012667e+00,-2.371323159648697221e-02,2.681335642085464599e+00,-1.595228486434567827e-01,0.000000000000000000e+00,0.000000000000000000e+00,0.000000000000000000e+00,0.000000000000000000e+00,0.000000000000000000e+00,0.000000000000000000e+00,0.000000000000000000e+00
1.102999999999999980e+00,5.227521084895326436e-02,4.102187539076811440e-01,1.293898674068730270e-02,-1.583220202003605692e+00,-1.513758010116569158e-02,2.705623704221419956e+00,-1.289026237407061293e-01,2.308251165838354213e-03,-4.652417935335595445e-02,8.072483851862433113e-03,1.944821411167367842e-01,1.454530786363927852e-03,-1.644687365414085889e-01,9.784870254240130016e-03,-3.740470553709518420e-02,7.539141557999933241e-01,-1.308128360988853878e-01,-3.151540581179943956e+00,-2.357035341897961711e-02,2.665179921247975869e+00,-1.585616834057179680e-01,0.000000000000000000e+00,0.000000000000000000e+00,0.000000000000000000e+00,0.000000000000000000e+00,0.000000000000000000e+00,0.000000000000000000e+00,0.000000000000000000e+00
1.104000000000000092e+00,5.227750043578523187e-02,4.101726059191124207e-01,1.294699395108186990e-02,-1.583027292429492583e+00,-1.513613733159865915e-02,2.705460565365898074e+00,-1.288929179901284194e-01,2.270960593379667269e-03,-4.577256561784182054e-02,7.942070165321002406e-03,1.913402168397801972e-01,1.431032353227473797e-03,-1.618116888908005535e-01,9.626792390524108178e-03,-3.717613356092241972e-02,7.493071512538698187e-01,-1.300134674625987863e-01,-3.132282205842244593e+00,-2.342632014341405888e-02,2.648893589549636829e+00,-1.575927476314369358e-01,0.000000000000000000e+00,0.000000000000000000e+00,0.000000000000000000e+00,0.000000000000000000e+00,0.000000000000000000e+00,0.000000000000000000e+00,0.000000000000000000e+00
1.104999999999999982e+00,5.227975284663670397e-02,4.101272072346100472e-01,1.295487114854432242e-02,-1.582837515124686512e+00,-1.513471798825531678e-02,2.705300075393058279e+00,-1.288833698316494136e-01,2.233899510971748548e-03,-4.502557739121559877e-02,7.812459058133991441e-03,1.882176282907224163e-01,1.407678531886030759e-03,-1.591709929870397389e-01,9.469687354378253374e-03,-3.694572481925773033e-02,7.446631256034308421e-01,-1.292076752360222791e-01,-3.112869073478591986e+00,-2.328112944096405457e-02,2.632476383662094577e+00,-1.566160256542099560e-01,0.000000000000000000e+00,0.000000000000000000e+00,0.000000000000000000e+00,0.000000000000000000e+00,0.000000000000000000e+00,0.000000000000000000e+00,0.000000000000000000e+00
1.106000000000000094e+00,5.228196831191669891e-02,4.100825532101415316e-01,1.296261913886784245e-02,-1.582650850676034615e+00,-1.513332192594478431e-02,2.705142217885674327e+00,-1.288739782885459650e-01,2.197069757228192755e-03,-4.428325173183100816e-02,7.683656960354001697e-03,1.851145303822860910e-01,1.384470480930821701e-03,-1.565467798359811979e-01,9.313562939838870847e-03,-3.671347561639515256e-02,7.399820043595433106e-01,-1.283954464944274676e-01,-3.093300872706592486e+00,-2.313477898280269507e-02,2.615928040256989107e+00,-1.556315018076324108e-01,0.000000000000000000e+00,0.000000000000000000e+00,0.000000000000000000e+00,0.000000000000000000e+00,0.000000000000000000e+00,0.000000000000000000e+00,0.000000000000000000e+00
1.106999999999999984e+00,5.228414706387478350e-02,4.100386391645802764e-01,1.297023873428232443e-02,-1.582467279515303638e+00,-1.513194899831638018e-02,2.704986976295382206e+00,-1.288647423762928068e-01,2.160473174457888668e-03,-4.354562577252529820e-02,7.555670314958407019e-03,1.820310783385714615e-01,1.361409361281956665e-03,-1.539391807068106743e-01,9.158426956608289871e-03,-3.647938225663038825e-02,7.352637130330528237e-01,-1.275767683130846208e-01,-3.073577292143923501e+00,-2.298726644010340436e-02,2.599248296005995940e+00,-1.546391604252996821e-01,0.000000000000000000e+00,0.000000000000000000e+00,0.000000000000000000e+00,0.000000000000000000e+00,0.000000000000000000e+00,0.000000000000000000e+00,0.000000000000000000e+00
1.108000000000000096e+00,5.228628933660454947e-02,4.099954603796283070e-01,1.297773075346703164e-02,-1.582286781918894825e+00,-1.513059905785740095e-02,2.704834333942412794e+00,-1.288556611025473420e-01,2.124111608665824047e-03,-4.281273672062280156e-02,7.428505577849242592e-03,1.789674276950599108e-01,1.338496336188377267e-03,-1.513483271320268386e-01,9.004287230055529889e-03,-3.624344104425769597e-02,7.305081771348227448e-01,-1.267516277672662284e-01,-3.053698020408234015e+00,-2.283858948403949540e-02,2.582436887580733753e+00,-1.536389858408080400e-01,0.000000000000000000e+00,0.000000000000000000e+00,0.000000000000000000e+00,0.000000000000000000e+00,0.000000000000000000e+00,0.000000000000000000e+00,0.000000000000000000e+00
1.108999999999999986e+00,5.228839536604761723e-02,4.099530120997432192e-01,1.298509602156358578e-02,-1.582109338007501975e+00,-1.512927195589064411e-02,2.704684274015336065e+00,-1.288467334671336284e-01,2.087986909552169701e-03,-4.208462185794115129e-02,7.302169217853426986e-03,1.759237342986033070e-01,1.315732571227884451e-03,-1.487743509074768156e-01,8.851151601215856424e-03,-3.600564828357188940e-02,7.257153221757022266e-01,-1.259200119322403388e-01,-3.033662746117173015e+00,-2.268874578578394807e-02,2.565493551652870963e+00,-1.526309623877533106e-01,0.000000000000000000e+00,0.000000000000000000e+00,0.000000000000000000e+00,0.000000000000000000e+00,0.000000000000000000e+00,0.000000000000000000e+00,0.000000000000000000e+00
1.110000000000000098e+00,5.229046538999700816e-02,4.099112895320646821e-01,1.299233537018890106e-02,-1.581934927745831665e+00,-1.512796754257227788e-02,2.704536779570797300e+00,-1.288379584620270024e-01,2.052100930513306443e-03,-4.136131854078861636e-02,7.176667716722651136e-03,1.729001543074737413e-01,1.293119234307166243e-03,-1.462173840923277623e-01,8.699027926791669252e-03,-3.576600027886800426e-02,7.208850736665652903e-01,-1.250819078832821063e-01,-3.013471157888417906e+00,-2.253773301651029737e-02,2.548418024894061773e+00,-1.516150743997290995e-01,0.000000000000000000e+00,0.000000000000000000e+00,0.000000000000000000e+00,0.000000000000000000e+00,0.000000000000000000e+00,0.000000000000000000e+00,0.000000000000000000e+00
1.110999999999999988e+00,5.229249964810102347e-02,4.098702878463369448e-01,1.299944963744809057e-02,-1.581763530942264850e+00,-1.512668566688930155e-02,2.704391833533243972e+00,-1.288293350713379248e-01,2.016455528641020178e-03,-4.064286419995433164e-02,7.052007569133156295e-03,1.698968441912676042e-01,1.270657495661520198e-03,-1.436775590090775268e-01,8.547924079150281962e-03,-3.552449333444074320e-02,7.160173571182504304e-01,-1.242373026956600235e-01,-2.993122944339589253e+00,-2.238554884739152318e-02,2.531210043975960389e+00,-1.505913062103347855e-01,0.000000000000000000e+00,0.000000000000000000e+00,0.000000000000000000e+00,0.000000000000000000e+00,0.000000000000000000e+00,0.000000000000000000e+00,0.000000000000000000e+00
1.112000000000000099e+00,5.229449838186688015e-02,4.098300021748386701e-01,1.300643966794737261e-02,-1.581595127248567323e+00,-1.512542617665736666e-02,2.704249418694677498e+00,-1.288208622712971874e-01,1.981052564722862730e-03,-3.992929634072783784e-02,6.928195282685845058e-03,1.669139607310228257e-01,1.248348527855214218e-03,-1.411550082435439890e-01,8.397847946326697510e-03,-3.528112375458447580e-02,7.111120980416174575e-01,-1.233861834446452477e-01,-2.972617794088364462e+00,-2.223219094960116049e-02,2.513869345570199698e+00,-1.495596421531621978e-01,0.000000000000000000e+00,0.000000000000000000e+00,0.000000000000000000e+00,0.000000000000000000e+00,0.000000000000000000e+00,0.000000000000000000e+00,0.000000000000000000e+00
1.112999999999999989e+00,5.229646183466452047e-02,4.097904276123032208e-01,1.301330631280719907e-02,-1.581429696159556642e+00,-1.512418891851837616e-02,2.704109517714371247e+00,-1.288125390302392870e-01,1.945893903242207346e-03,-3.922065254287687708e-02,6.805237377906503404e-03,1.639516610191229518e-01,1.226193505781486559e-03,-1.386498646448757199e-01,8.248807432021942887e-03,-3.503588784359468189e-02,7.061692219475261822e-01,-1.225285372055093802e-01,-2.951955395752406730e+00,-2.207765699431241124e-02,2.496395666348462328e+00,-1.485200665618107152e-01,0.000000000000000000e+00,0.000000000000000000e+00,0.000000000000000000e+00,0.000000000000000000e+00,0.000000000000000000e+00,0.000000000000000000e+00,0.000000000000000000e+00
1.114000000000000101e+00,5.229839025173021322e-02,4.097515592158484932e-01,1.302005042967471771e-02,-1.581267217012816140e+00,-1.512297373793819455e-02,2.703972113118630283e+00,-1.288043643085872991e-01,1.910981412377943389e-03,-3.851697046066870911e-02,6.683140388245800700e-03,1.610101024593433294e-01,1.204193606662046223e-03,-1.361622613255590863e-01,8.100810455603513205e-03,-3.478878190576562002e-02,7.011886543468364152e-01,-1.216643510535226902e-01,-2.931135437949308198e+00,-2.192194465269858838e-02,2.478788742982366955e+00,-1.474725637698730552e-01,0.000000000000000000e+00,0.000000000000000000e+00,0.000000000000000000e+00,0.000000000000000000e+00,0.000000000000000000e+00,0.000000000000000000e+00,0.000000000000000000e+00
1.114999999999999991e+00,5.230028388017012031e-02,4.097133920049009781e-01,1.302667288273734458e-02,-1.581107668988353865e+00,-1.512178047920425400e-02,2.703837187300505818e+00,-1.287963370588373346e-01,1.876316964004837162e-03,-3.781828782284879509e-02,6.561910860078623564e-03,1.580894427668333435e-01,1.182350010047766853e-03,-1.336923316614040402e-01,7.953864952104705566e-03,-3.453980224539254795e-02,6.961703207503973090e-01,-1.207936120639572231e-01,-2.910157609296817327e+00,-2.176505159593300487e-02,2.461048312143589101e+00,-1.464171181109454878e-01,0.000000000000000000e+00,0.000000000000000000e+00,0.000000000000000000e+00,0.000000000000000000e+00,0.000000000000000000e+00,0.000000000000000000e+00,0.000000000000000000e+00
1.116000000000000103e+00,5.230214296896419646e-02,4.096759209611211539e-01,1.303317454273503206e-02,-1.580951031108320137e+00,-1.512060898542331999e-02,2.703704722519545189e+00,-1.287884562255421639e-01,1.841902433693198837e-03,-3.712464243266211383e-02,6.441555352705297111e-03,1.551898399681554963e-01,1.160663897818187129e-03,-1.312402092915405660e-01,7.807978872226284395e-03,-3.428894516676972426e-02,6.911141466690722268e-01,-1.199163073120841361e-01,-2.889021598412526259e+00,-2.160697549518875160e-02,2.443174110503761653e+00,-1.453537139186260596e-01,0.000000000000000000e+00,0.000000000000000000e+00,0.000000000000000000e+00,0.000000000000000000e+00,0.000000000000000000e+00,0.000000000000000000e+00,0.000000000000000000e+00
1.116999999999999993e+00,5.230396776896988759e-02,4.096391410283275469e-01,1.303955628697361924e-02,-1.580797282236675372e+00,-1.511945909851910436e-02,2.703574700901526295e+00,-1.287807207452963676e-01,1.807739700709354302e-03,-3.643607216783539826e-02,6.322080438350141662e-03,1.523114524012179061e-01,1.139136454181649549e-03,-1.288060281184364442e-01,7.663160182334038950e-03,-3.403620697419229568e-02,6.860200576137103212e-01,-1.190324238731741424e-01,-2.867727093914098191e+00,-2.144771402163936358e-02,2.425165874734545923e+00,-1.442823355265074881e-01,0.000000000000000000e+00,0.000000000000000000e+00,0.000000000000000000e+00,0.000000000000000000e+00,0.000000000000000000e+00,0.000000000000000000e+00,0.000000000000000000e+00
1.118000000000000105e+00,5.230575853292567662e-02,4.096030471124270100e-01,1.304581899933765499e-02,-1.580646401078894314e+00,-1.511833065922992686e-02,2.703447104438188919e+00,-1.287731295467203219e-01,1.773830648014756983e-03,-3.575261498058779353e-02,6.203492702162916039e-03,1.494544387153275977e-01,1.117768865675411449e-03,-1.263899223078901457e-01,7.519416864461447858e-03,-3.378158397195463181e-02,6.808879790951749555e-01,-1.181419488224961789e-01,-2.846273784419182107e+00,-2.128726484645759864e-02,2.407023341507596115e+00,-1.432029672681855992e-01,0.000000000000000000e+00,0.000000000000000000e+00,0.000000000000000000e+00,0.000000000000000000e+00,0.000000000000000000e+00,0.000000000000000000e+00,0.000000000000000000e+00
1.118999999999999995e+00,5.230751551545487210e-02,4.095676340813330096e-01,1.305196357030319332e-02,-1.580498366181635639e+00,-1.511722350710646007e-02,2.703321914986982044e+00,-1.287656815504443497e-01,1.740177162267209088e-03,-3.507430889762996884e-02,6.085798742217374269e-03,1.466189578711762920e-01,1.096562321165561738e-03,-1.239920262890201741e-01,7.376756916308790935e-03,-3.352507246435243449e-02,6.757178366243223877e-01,-1.172448692353253996e-01,-2.824661358545455414e+00,-2.112562564081721384e-02,2.388746247494559327e+00,-1.421155934772588836e-01,0.000000000000000000e+00,0.000000000000000000e+00,0.000000000000000000e+00,0.000000000000000000e+00,0.000000000000000000e+00,0.000000000000000000e+00,0.000000000000000000e+00
1.120000000000000107e+00,5.230923897306925807e-02,4.095328967648974583e-01,1.305799089695097726e-02,-1.580353155932449738e+00,-1.511613748050923134e-02,2.703199114270785852e+00,-1.287583756690934833e-01,1.706781133819723628e-03,-3.440119202015345934e-02,5.969005169512597853e-03,1.438051691408261945e-01,1.075518011846937627e-03,-1.216124747542686180e-01,7.235188351240040561e-03,-3.326666875567929615e-02,6.705095557119982175e-01,-1.163411721869289650e-01,-2.802889504910552887e+00,-2.096279407589130006e-02,2.370334329367075554e+00,-1.410201984873191705e-01,0.000000000000000000e+00,0.000000000000000000e+00,0.000000000000000000e+00,0.000000000000000000e+00,0.000000000000000000e+00,0.000000000000000000e+00,0.000000000000000000e+00
1.120999999999999996e+00,5.231092916417289657e-02,4.094988299548327770e-01,1.306390188297920640e-02,-1.580210748559458978e+00,-1.511507241660654116e-02,2.703078683877665256e+00,-1.287512108072713657e-01,1.673644456721412599e-03,-3.373330252384931782e-02,5.853118607972107590e-03,1.410132321077384177e-01,1.054637131243180148e-03,-1.192514026594366783e-01,7.094719198289300977e-03,-3.300636915023080764e-02,6.652630618690764663e-01,-1.154308447525802528e-01,-2.780957912132151932e+00,-2.079876782285328130e-02,2.351787323796827422e+00,-1.399167666319653947e-01,0.000000000000000000e+00,0.000000000000000000e+00,0.000000000000000000e+00,0.000000000000000000e+00,0.000000000000000000e+00,0.000000000000000000e+00,0.000000000000000000e+00
1.122000000000000108e+00,5.231258634906570809e-02,4.094654284046399528e-01,1.306969743871616574e-02,-1.580071122131041506e+00,-1.511402815137192351e-02,2.702960605260585236e+00,-1.287441858615447632e-01,1.640769028716709821e-03,-3.307067865888946301e-02,5.738145694444307665e-03,1.382433066667303478e-01,1.033920875206872925e-03,-1.169089452235994031e-01,6.955357502153702853e-03,-3.274416995230144956e-02,6.599782806063991814e-01,-1.145138740075499761e-01,-2.758866268827858903e+00,-2.063354455287613742e-02,2.333104967455447820e+00,-1.388052822447920498e-01,0.000000000000000000e+00,0.000000000000000000e+00,0.000000000000000000e+00,0.000000000000000000e+00,0.000000000000000000e+00,0.000000000000000000e+00,0.000000000000000000e+00
1.122999999999999998e+00,5.231421078994713536e-02,4.094326868295306010e-01,1.307537848113388135e-02,-1.579934254555527495e+00,-1.511300451958190461e-02,2.702844859737171923e+00,-1.287372997204281333e-01,1.608156751246259120e-03,-3.241335874994000221e-02,5.624093078702485649e-03,1.354955530240466999e-01,1.013370441919320131e-03,-1.145852379292193746e-01,6.817111323198954409e-03,-3.248006746618603557e-02,6.546551374348332786e-01,-1.135902470271092923e-01,-2.736614263615379627e+00,-2.046712193713351446e-02,2.314286997014590952e+00,-1.376857296593949620e-01,0.000000000000000000e+00,0.000000000000000000e+00,0.000000000000000000e+00,0.000000000000000000e+00,0.000000000000000000e+00,0.000000000000000000e+00,0.000000000000000000e+00
1.124000000000000110e+00,5.231580275092000826e-02,4.094005999063561330e-01,1.308094593386019411e-02,-1.579800123580890059e+00,-1.511200135481369916e-02,2.702731428489435039e+00,-1.287305512643675542e-01,1.575809529445748591e-03,-3.176138119615234956e-02,5.510967423443813296e-03,1.327701316972671464e-01,9.929870318907962901e-04,-1.122804165220472328e-01,6.679988737456454828e-03,-3.221405799617949040e-02,6.492935578652243578e-01,-1.126599508865280264e-01,-2.714201585112334669e+00,-2.029949764679828128e-02,2.295333149145882601e+00,-1.365580932093695132e-01,0.000000000000000000e+00,0.000000000000000000e+00,0.000000000000000000e+00,0.000000000000000000e+00,0.000000000000000000e+00,0.000000000000000000e+00,0.000000000000000000e+00
1.125000000000000000e+00,5.231736249799414512e-02,4.093691622735298186e-01,1.308640072719260972e-02,-1.579668706794423727e+00,-1.511101848944278875e-02,2.702620292563499227e+00,-1.287239393657251263e-01,1.543729272146993070e-03,-3.111478447117033141e-02,5.398775404290789837e-03,1.300672035153809247e-01,9.727718479602132096e-04,-1.099946170111785193e-01,6.543997836623738351e-03,-3.194613784657640565e-02,6.438934674084357823e-01,-1.117229726610786678e-01,-2.691627921936373014e+00,-2.013066935304408389e-02,2.276243160521012499e+00,-1.354223572283097532e-01,0.000000000000000000e+00,0.000000000000000000e+00,0.000000000000000000e+00,0.000000000000000000e+00,0.000000000000000000e+00,0.000000000000000000e+00,0.000000000000000000e+00
1.126000000000000112e+00,5.231889029908996097e-02,4.093383685309552877e-01,1.309174379811023359e-02,-1.579539981622435363e+00,-1.511005575464070133e-02,2.702511432869358909e+00,-1.287174628887636785e-01,1.511917891877628817e-03,-3.047360712312841002e-02,5.287523709791241977e-03,1.273869296187477573e-01,9.527260952954252904e-04,-1.077279756690359136e-01,6.409146728065362453e-03,-3.167630332167170604e-02,6.384547915753273628e-01,-1.107792994260310415e-01,-2.668892962705200489e+00,-1.996063472704390218e-02,2.257016767811620639e+00,-1.342785060498146166e-01,0.000000000000000000e+00,0.000000000000000000e+00,0.000000000000000000e+00,0.000000000000000000e+00,0.000000000000000000e+00,0.000000000000000000e+00,0.000000000000000000e+00
1.127000000000000002e+00,5.232038642404229778e-02,4.093082132399505912e-01,1.309697609028748211e-02,-1.579413925329943069e+00,-1.510911298037262429e-02,2.702404830180595852e+00,-1.287111206896307258e-01,1.480377304860669430e-03,-2.983788777464191355e-02,5.177219041416769585e-03,1.247294714591156151e-01,9.328509813931185057e-04,-1.054806290313621275e-01,6.275443534812019664e-03,-3.140455072575998319e-02,6.329774558767482517e-01,-1.098289182566571931e-01,-2.645996396036395026e+00,-1.978939143997104910e-02,2.237653707689354121e+00,-1.331265240074785972e-01,0.000000000000000000e+00,0.000000000000000000e+00,0.000000000000000000e+00,0.000000000000000000e+00,0.000000000000000000e+00,0.000000000000000000e+00,0.000000000000000000e+00
1.128000000000000114e+00,5.232185114460403963e-02,4.092786909231749259e-01,1.310209855410635060e-02,-1.579290515020354668e+00,-1.510818999539508684e-02,2.702300465134130469e+00,-1.287049116163429541e-01,1.449109431015033200e-03,-2.920766512282657601e-02,5.067868113564411026e-03,1.220949907996136119e-01,9.131477160788104008e-04,-1.032527138972412217e-01,6.142896395560537570e-03,-3.113087636313627282e-02,6.274613858235547070e-01,-1.088718162282273916e-01,-2.622937910547662455e+00,-1.961693716299872658e-02,2.218153716825845834e+00,-1.319663954348957446e-01,0.000000000000000000e+00,0.000000000000000000e+00,0.000000000000000000e+00,0.000000000000000000e+00,0.000000000000000000e+00,0.000000000000000000e+00,0.000000000000000000e+00
1.129000000000000004e+00,5.232328473444987360e-02,4.092497960645504751e-01,1.310711214667031888e-02,-1.579169727635155951e+00,-1.510728662725358690e-02,2.702198318229948271e+00,-1.286988345087703156e-01,1.418116193955265558e-03,-2.858297793927633279e-02,4.959477653554755783e-03,1.194836497147555576e-01,8.936175115067390706e-04,-1.010443673290666311e-01,6.011513464674766993e-03,-3.085527653809538862e-02,6.219065069266136447e-01,-1.079079804160141265e-01,-2.599717194856665969e+00,-1.944326956730069167e-02,2.198516531892778403e+00,-1.307981046656649937e-01,0.000000000000000000e+00,0.000000000000000000e+00,0.000000000000000000e+00,0.000000000000000000e+00,0.000000000000000000e+00,0.000000000000000000e+00,0.000000000000000000e+00
1.130000000000000115e+00,5.232468746917992575e-02,4.092215231091920202e-01,1.311201783181611957e-02,-1.579051539953607808e+00,-1.510640270228034293e-02,2.702098369830844504e+00,-1.286928881986209305e-01,1.387399520991539070e-03,-2.796386507008286060e-02,4.852054401634942060e-03,1.168956105904257470e-01,8.742615821600852044e-04,-9.885572665258379743e-02,5.881302912183805631e-03,-3.057774755493170016e-02,6.163127446967706646e-01,-1.069373978952867787e-01,-2.576333937581026134e+00,-1.926838632404992424e-02,2.178741889561798928e+00,-1.296216360333790618e-01,0.000000000000000000e+00,0.000000000000000000e+00,0.000000000000000000e+00,0.000000000000000000e+00,0.000000000000000000e+00,0.000000000000000000e+00,0.000000000000000000e+00
1.131000000000000005e+00,5.232605962632354279e-02,4.091938664633323341e-01,1.311681658012725515e-02,-1.578935928592426485e+00,-1.510553804559194857e-02,2.702000600162153710e+00,-1.286870715094246831e-01,1.356961343129958752e-03,-2.735036543582314295e-02,4.745605110975437135e-03,1.143310361239144868e-01,8.550811448507222856e-04,-9.668692945685108953e-02,5.752272923784440550e-03,-3.029828571794035419e-02,6.106800246448855773e-01,-1.059600557413169497e-01,-2.552787827338420357e+00,-1.909228510441929316e-02,2.158829526504547403e+00,-1.284369738716342191e-01,0.000000000000000000e+00,0.000000000000000000e+00,0.000000000000000000e+00,0.000000000000000000e+00,0.000000000000000000e+00,0.000000000000000000e+00,0.000000000000000000e+00
1.132000000000000117e+00,5.232740148534275465e-02,4.091668204942444653e-01,1.312150936894704301e-02,-1.578822870005474499e+00,-1.510469248108693707e-02,2.701904989311490368e+00,-1.286813832565183446e-01,1.326803595072201247e-03,-2.674251803156479923e-02,4.640136547672035761e-03,1.117900893238683580e-01,8.360774187196329255e-04,-9.453811359425756677e-02,5.624431700839149784e-03,-3.001688733141616439e-02,6.050082722818181935e-01,-1.049759410293753525e-01,-2.529078552746454989e+00,-1.891496357958255548e-02,2.138779179392685137e+00,-1.272441025140262916e-01,0.000000000000000000e+00,0.000000000000000000e+00,0.000000000000000000e+00,0.000000000000000000e+00,0.000000000000000000e+00,0.000000000000000000e+00,0.000000000000000000e+00
1.133000000000000007e+00,5.232871332763634753e-02,4.091403795301706836e-01,1.312609718239121648e-02,-1.578712340483451548e+00,-1.510386583144363720e-02,2.701811517228485116e+00,-1.286758222470290591e-01,1.296928215215542579e-03,-2.614036192686075566e-02,4.535655490744305851e-03,1.092729335103292954e-01,8.172516252362704847e-04,-9.240941718052297915e-02,5.497787460376990509e-03,-2.973354869965372238e-02,5.992974131184212183e-01,-1.039850408347335886e-01,-2.505205802422835859e+00,-1.873641942071269106e-02,2.118590584897837914e+00,-1.260430062941524376e-01,0.000000000000000000e+00,0.000000000000000000e+00,0.000000000000000000e+00,0.000000000000000000e+00,0.000000000000000000e+00,0.000000000000000000e+00,0.000000000000000000e+00
1.134000000000000119e+00,5.232999543654324320e-02,4.091145378602443206e-01,1.313058101136113653e-02,-1.578604316153586318e+00,-1.510305791811768911e-02,2.701720163724522727e+00,-1.286703872798594661e-01,1.267337145653246733e-03,-2.554393626575812704e-02,4.432168732138364042e-03,1.067797323147274824e-01,7.986049881991696964e-04,-9.030097859470487265e-02,5.372348435093599051e-03,-2.944826612694784185e-02,5.935473726655544624e-01,-1.029873422326628152e-01,-2.481169264985226164e+00,-1.855665029898323493e-02,2.098263479691695466e+00,-1.248336695456062628e-01,0.000000000000000000e+00,0.000000000000000000e+00,0.000000000000000000e+00,0.000000000000000000e+00,0.000000000000000000e+00,0.000000000000000000e+00,0.000000000000000000e+00
1.135000000000000009e+00,5.233124809734630151e-02,4.090892897344189372e-01,1.313496185355639279e-02,-1.578498772979306075e+00,-1.510226856133975448e-02,2.701630908472476555e+00,-1.286650771456712972e-01,1.238032332173899519e-03,-2.495328026678755862e-02,4.329683076723211954e-03,1.043106496798635874e-01,7.801387337355580875e-04,-8.821293647916306213e-02,5.248122873350968831e-03,-2.916103591759344749e-02,5.877580764340670783e-01,-1.019828322984333013e-01,-2.456968629051232256e+00,-1.837565388556750001e-02,2.077797600445876469e+00,-1.236160766019844814e-01,0.000000000000000000e+00,0.000000000000000000e+00,0.000000000000000000e+00,0.000000000000000000e+00,0.000000000000000000e+00,0.000000000000000000e+00,0.000000000000000000e+00
1.136000000000000121e+00,5.233247159727606040e-02,4.090646293633930508e-01,1.313924071348812617e-02,-1.578395686759957783e+00,-1.510149758011324062e-02,2.701543731006440296e+00,-1.286598906268703879e-01,1.209015724262130220e-03,-2.436843322297832515e-02,4.228205342293511748e-03,1.018658498599158690e-01,7.618540903015225130e-04,-8.614542973959515848e-02,5.125119039176784241e-03,-2.887185437588513093e-02,5.819294499348224292e-01,-1.009714981073166484e-01,-2.432603583238531542e+00,-1.819342785163835519e-02,2.057192683832056446e+00,-1.223902117968815872e-01,0.000000000000000000e+00,0.000000000000000000e+00,0.000000000000000000e+00,0.000000000000000000e+00,0.000000000000000000e+00,0.000000000000000000e+00,0.000000000000000000e+00
1.137000000000000011e+00,5.233366622551437891e-02,4.090405509185328636e-01,1.314341860249143568e-02,-1.578295033130462599e+00,-1.510074479221189259e-02,2.701458610721484632e+00,-1.286548264975906353e-01,1.180289275098167501e-03,-2.378943450183790276e-02,4.127742359568808972e-03,9.944549742047215091e-02,7.437522886820091550e-04,-8.409859754505433216e-02,5.003345212266196995e-03,-2.858071780611803892e-02,5.760614186786767732e-01,-9.995332673458401374e-02,-2.408073816164801428e+00,-1.800996986836944647e-02,2.036448466521875389e+00,-1.211560594638960708e-01,0.000000000000000000e+00,0.000000000000000000e+00,0.000000000000000000e+00,0.000000000000000000e+00,0.000000000000000000e+00,0.000000000000000000e+00,0.000000000000000000e+00
1.138000000000000123e+00,5.233483227319812164e-02,4.090170485318018745e-01,1.314749653873889534e-02,-1.578196787561032544e+00,-1.510001001417757283e-02,2.701375526873362354e+00,-1.286498835236783989e-01,1.151854941557839407e-03,-2.321632354536973253e-02,4.028300972193088469e-03,9.704975723846942515e-02,7.258345619908235236e-04,-8.207257932789957522e-02,4.882809687980493862e-03,-2.828762251258631899e-02,5.701539081764828154e-01,-9.892830525550699861e-02,-2.383379016447634058e+00,-1.782527760693386476e-02,2.015564685186987504e+00,-1.199136039366215378e-01,0.000000000000000000e+00,0.000000000000000000e+00,0.000000000000000000e+00,0.000000000000000000e+00,0.000000000000000000e+00,0.000000000000000000e+00,0.000000000000000000e+00
1.139000000000000012e+00,5.233597003342285725e-02,4.089941162956824972e-01,1.315147554725301648e-02,-1.578100925356840989e+00,-1.509929306131781862e-02,2.701294458578272994e+00,-1.286450604626769856e-01,1.123714684212739900e-03,-2.264913987006345053e-02,3.929888036735107448e-03,9.467879450225069604e-02,7.081021456705194339e-04,-8.006751478379570131e-02,4.763520777346874624e-03,-2.799256479958545096e-02,5.642068439391003665e-01,-9.789642074535498395e-02,-2.358518872704735259e+00,-1.763934873850492302e-02,1.994541076499061205e+00,-1.186628295486529261e-01,0.000000000000000000e+00,0.000000000000000000e+00,0.000000000000000000e+00,0.000000000000000000e+00,0.000000000000000000e+00,0.000000000000000000e+00,0.000000000000000000e+00
1.140000000000000124e+00,5.233707980124662623e-02,4.089717482631047840e-01,1.315535665991929282e-02,-1.578007421657716236e+00,-1.509859374770354534e-02,2.701215384812586606e+00,-1.286403560638104682e-01,1.095870467330395392e-03,-2.208792306689932872e-02,3.832510422687840368e-03,9.233277471153300553e-02,6.905562774924545177e-04,-7.808354387179150535e-02,4.645486807059118206e-03,-2.769554097140980442e-02,5.582201514773856843e-01,-9.685766027940045930e-02,-2.333493073553754016e+00,-1.745218093425593420e-02,1.973377377129708066e+00,-1.174037206335887262e-01,0.000000000000000000e+00,0.000000000000000000e+00,0.000000000000000000e+00,0.000000000000000000e+00,0.000000000000000000e+00,0.000000000000000000e+00,0.000000000000000000e+00
1.141000000000000014e+00,5.233816187369360468e-02,4.089499384473707089e-01,1.315914091549949538e-02,-1.577916251437835982e+00,-1.509791188616677049e-02,2.701138284412580859e+00,-1.286357690679687527e-01,1.068324258873654120e-03,-2.153271280134561039e-02,3.736175012469589163e-03,9.001186367740743322e-02,6.731981975568734899e-04,-7.612080681420962947e-02,4.528716119477360635e-03,-2.739654733235408202e-02,5.521937563021985795e-01,-9.581201093291324966e-02,-2.308301307612325104e+00,-1.726377186536010022e-02,1.952073323750596501e+00,-1.161362615250207675e-01,0.000000000000000000e+00,0.000000000000000000e+00,0.000000000000000000e+00,0.000000000000000000e+00,0.000000000000000000e+00,0.000000000000000000e+00,0.000000000000000000e+00
1.142000000000000126e+00,5.233921654975774718e-02,4.089286808220771174e-01,1.316282935964388501e-02,-1.577827389505406686e+00,-1.509724728829824059e-02,2.701063136074181692e+00,-1.286312982076914246e-01,1.041078030501185747e-03,-2.098354881336206290e-02,3.640888701423872220e-03,8.771622752236041265e-02,6.560291482928803930e-04,-7.417944409673893347e-02,4.413217072628761173e-03,-2.709558018671320845e-02,5.461275839243846519e-01,-9.475945978116628865e-02,-2.282943263498111719e+00,-1.707411920299062302e-02,1.930628653033409137e+00,-1.148604365565470964e-01,0.000000000000000000e+00,0.000000000000000000e+00,0.000000000000000000e+00,0.000000000000000000e+00,0.000000000000000000e+00,0.000000000000000000e+00,0.000000000000000000e+00
1.143000000000000016e+00,5.234024413040638812e-02,4.089079693210471156e-01,1.316642304490467374e-02,-1.577740810502357149e+00,-1.509659976444508583e-02,2.700989918352693309e+00,-1.286269422071522062e-01,1.014133757567536875e-03,-2.044047091739553679e-02,3.546658397817314956e-03,8.544603268026307319e-02,6.390503744582998191e-04,-7.225959646836699335e-02,4.298998040206170046e-03,-2.679263583878233046e-02,5.400215598548143703e-01,-9.369999389942806900e-02,-2.257418629828777057e+00,-1.688322061832092658e-02,1.909043101649743335e+00,-1.135762300617644271e-01,0.000000000000000000e+00,0.000000000000000000e+00,0.000000000000000000e+00,0.000000000000000000e+00,0.000000000000000000e+00,0.000000000000000000e+00,0.000000000000000000e+00
1.144000000000000128e+00,5.234124491858431483e-02,4.088877978382496892e-01,1.316992303074895898e-02,-1.577656488904029430e+00,-1.509596912370850946e-02,2.700918609662547709e+00,-1.286226997821433016e-01,9.874934191229089997e-04,-1.990351900237907756e-02,3.453491022842980485e-03,8.320144589635347643e-02,6.222631231399267104e-04,-7.036140494143339197e-02,4.186067411569682761e-03,-2.648771059285548457e-02,5.338756096043333343e-01,-9.263360036297196842e-02,-2.231727095221970103e+00,-1.669107378252432383e-02,1.887316406271281721e+00,-1.122836263742668095e-01,0.000000000000000000e+00,0.000000000000000000e+00,0.000000000000000000e+00,0.000000000000000000e+00,0.000000000000000000e+00,0.000000000000000000e+00,0.000000000000000000e+00
1.145000000000000018e+00,5.234221921921700799e-02,4.088681602277284277e-01,1.317333038357113018e-02,-1.577574399018862650e+00,-1.509535517394150483e-02,2.700849188277021362e+00,-1.286185696400596323e-01,9.611589979130474859e-04,-1.937273303174258388e-02,3.361393510617816105e-03,8.098263422725437977e-02,6.056686437532488032e-04,-6.848501079160129734e-02,4.074433591744419658e-03,-2.618080075322837263e-02,5.276896586838013548e-01,-9.156026624706781192e-02,-2.205868348295325632e+00,-1.649767636677390570e-02,1.865448303569678501e+00,-1.109826098276491813e-01,0.000000000000000000e+00,0.000000000000000000e+00,0.000000000000000000e+00,0.000000000000000000e+00,0.000000000000000000e+00,0.000000000000000000e+00,0.000000000000000000e+00
1.146000000000000130e+00,5.234316733921467318e-02,4.088490503035262513e-01,1.317664617670669114e-02,-1.577494514988083019e+00,-1.509475772174646152e-02,2.700781632327995396e+00,-1.286145504798834049e-01,9.351324803796301488e-04,-1.884815304339948483e-02,3.270372808183541480e-03,7.878976504099099998e-02,5.892681880426686725e-04,-6.663055555784325179e-02,3.964105001422524310e-03,-2.587190262419492015e-02,5.214636326040782421e-01,-9.047997862698675675e-02,-2.179842077666506839e+00,-1.630302604224298513e-02,1.843438530216573668e+00,-1.096731647555087008e-01,0.000000000000000000e+00,0.000000000000000000e+00,0.000000000000000000e+00,0.000000000000000000e+00,0.000000000000000000e+00,0.000000000000000000e+00,0.000000000000000000e+00
1.147000000000000020e+00,5.234408958747564095e-02,4.088304618396108037e-01,1.317987149044400064e-02,-1.577416810785397416e+00,-1.509417657247286854e-02,2.700715919805669607e+00,-1.286106409921683458e-01,9.094158566598231630e-04,-1.832981914975118087e-02,3.180435875506981702e-03,7.662300601695193336e-02,5.730630100813094430e-04,-6.479818104249090993e-02,3.855090076963607615e-03,-2.556101251005027386e-02,5.151974568760202544e-01,-8.939272457800040428e-02,-2.153647971953219553e+00,-1.610712048010498609e-02,1.821286822883635637e+00,-1.083552754914425265e-01,0.000000000000000000e+00,0.000000000000000000e+00,0.000000000000000000e+00,0.000000000000000000e+00,0.000000000000000000e+00,0.000000000000000000e+00,0.000000000000000000e+00
1.148000000000000131e+00,5.234498627489046763e-02,4.088123885697998450e-01,1.318300741203834447e-02,-1.577341260216668317e+00,-1.509361153021494817e-02,2.700652028558317319e+00,-1.286068398590237138e-01,8.840111205864475963e-04,-1.781777153769148470e-02,3.091589685478735028e-03,7.448252514591047202e-02,5.570543662712090782e-04,-6.298802931118174797e-02,3.747397270392305302e-03,-2.524812671508946949e-02,5.088910570104765441e-01,-8.829849117537991177e-02,-2.127285719773027495e+00,-1.590995735153299950e-02,1.798992918242504402e+00,-1.070289263690420434e-01,0.000000000000000000e+00,0.000000000000000000e+00,0.000000000000000000e+00,0.000000000000000000e+00,0.000000000000000000e+00,0.000000000000000000e+00,0.000000000000000000e+00
1.149000000000000021e+00,5.234585771434520363e-02,4.087948241876884214e-01,1.318605503572431448e-02,-1.577267836919622468e+00,-1.509306239780939390e-02,2.700589936292011828e+00,-1.286031457540992018e-01,8.589202696883679877e-04,-1.731205046860484487e-02,3.003841223915726388e-03,7.236849073002460386e-02,5.412435153433203805e-04,-6.120024269289103813e-02,3.641035049400720425e-03,-2.493324154360687661e-02,5.025443585183069217e-01,-8.719726549439466012e-02,-2.100755009743650703e+00,-1.571153432770022729e-02,1.776556552964848379e+00,-1.056941017219066303e-01,0.000000000000000000e+00,0.000000000000000000e+00,0.000000000000000000e+00,0.000000000000000000e+00,0.000000000000000000e+00,0.000000000000000000e+00,0.000000000000000000e+00
1.150000000000000133e+00,5.234670422072527918e-02,4.087777623465711496e-01,1.318901546272843728e-02,-1.577196514363522262e+00,-1.509252897683298345e-02,2.700529620570367939e+00,-1.285995573425688376e-01,8.341453051899927473e-04,-1.681269627836012859e-02,2.917197489557765699e-03,7.028107138283701261e-02,5.256317183572334351e-04,-5.943496377990697965e-02,3.536011897346202915e-03,-2.461635329989741994e-02,4.961572869103747507e-01,-8.608903461031758297e-02,-2.074055530482709742e+00,-1.551184907978020444e-02,1.753977463722279140e+00,-1.043507858836294488e-01,0.000000000000000000e+00,0.000000000000000000e+00,0.000000000000000000e+00,0.000000000000000000e+00,0.000000000000000000e+00,0.000000000000000000e+00,0.000000000000000000e+00
1.151000000000000023e+00,5.234752611091930685e-02,4.087611966593698298e-01,1.319188980128288557e-02,-1.577127265848864646e+00,-1.509201106760026806e-02,2.700471058814268410e+00,-1.285960732811154417e-01,8.096882320112741560e-04,-1.631974937732039166e-02,2.831665494070989553e-03,6.822043602926797234e-02,5.102202387014254104e-04,-5.769233542787333135e-02,3.432336313252459803e-03,-2.429745828825591314e-02,4.897297676975327363e-01,-8.497378559841894941e-02,-2.047186970607882017e+00,-1.531089927894613290e-02,1.731255387186493522e+00,-1.029989631878089895e-01,0.000000000000000000e+00,0.000000000000000000e+00,0.000000000000000000e+00,0.000000000000000000e+00,0.000000000000000000e+00,0.000000000000000000e+00,0.000000000000000000e+00
1.152000000000000135e+00,5.234832370382257183e-02,4.087451206985592833e-01,1.319467916663757956e-02,-1.577060064507059600e+00,-1.509150846916126887e-02,2.700414228301620589e+00,-1.285926922179149168e-01,7.855510587679859213e-04,-1.583325025033044398e-02,2.747252262045085658e-03,6.618675390561534755e-02,4.950103420932605580e-04,-5.597250075574677908e-02,3.330016811811553623e-03,-2.397655281297728092e-02,4.832617263906264782e-01,-8.385150553396991668e-02,-2.020149018736788094e+00,-1.510868259637121458e-02,1.708390060029088886e+00,-1.016386179680375257e-01,0.000000000000000000e+00,0.000000000000000000e+00,0.000000000000000000e+00,0.000000000000000000e+00,0.000000000000000000e+00,0.000000000000000000e+00,0.000000000000000000e+00
1.153000000000000025e+00,5.234909732034084828e-02,4.087295279960920791e-01,1.319738468107373164e-02,-1.576994883300129935e+00,-1.509102097929906905e-02,2.700359106167072198e+00,-1.285894127926209829e-01,7.617357977717231776e-04,-1.535323945673372492e-02,2.663964830995180222e-03,6.418019455958301478e-02,4.800032965788514350e-04,-5.427560314580048839e-02,3.229061923379683563e-03,-2.365363317835600387e-02,4.767530885005264452e-01,-8.272218149224075390e-02,-1.992941363487133799e+00,-1.490519670322865142e-02,1.685381218921762070e+00,-1.002697345579131039e-01,0.000000000000000000e+00,0.000000000000000000e+00,0.000000000000000000e+00,0.000000000000000000e+00,0.000000000000000000e+00,0.000000000000000000e+00,0.000000000000000000e+00
1.153999999999999915e+00,5.234984728339414639e-02,4.087144120433241490e-01,1.320000747391666951e-02,-1.576931695020396873e+00,-1.509054839452762808e-02,2.700305669401762643e+00,-1.285862336363486347e-01,7.382444650295694188e-04,-1.487975763035276344e-02,2.581810251361171815e-03,6.220092785022757198e-02,4.652003725332531925e-04,-5.260178624365963174e-02,3.129480193981182268e-03,-2.332869568868700672e-02,4.702037795380924479e-01,-8.158580054850483876e-02,-1.965563693476525486e+00,-1.470043927069175638e-02,1.662228600536153067e+00,-9.889229729103199418e-02,0.000000000000000000e+00,0.000000000000000000e+00,0.000000000000000000e+00,0.000000000000000000e+00,0.000000000000000000e+00,0.000000000000000000e+00,0.000000000000000000e+00
1.155000000000000027e+00,5.235057391792019565e-02,4.086997662909404028e-01,1.320254868154799310e-02,-1.576870472290163860e+00,-1.509009051008929764e-02,2.700253894853049452e+00,-1.285831533716594866e-01,7.150790802446516103e-04,-1.441284547951049433e-02,2.500795586507287283e-03,6.024912394801162918e-02,4.506028426601860204e-04,-5.095119395826230857e-02,3.031280185305851305e-03,-2.300173664826510311e-02,4.636137250141629806e-01,-8.044234977803021991e-02,-1.938015697322626352e+00,-1.449440796993384239e-02,1.638931941543901871e+00,-9.750629050098780226e-02,0.000000000000000000e+00,0.000000000000000000e+00,0.000000000000000000e+00,0.000000000000000000e+00,0.000000000000000000e+00,0.000000000000000000e+00,0.000000000000000000e+00
1.155999999999999917e+00,5.235127755087838619e-02,4.086855841488801211e-01,1.320500944741975768e-02,-1.576811187561408367e+00,-1.508964711995260111e-02,2.700203759224252487e+00,-1.285801706125455635e-01,6.922416668152520103e-04,-1.395254378700894193e-02,2.420927912722192765e-03,5.832495333476117594e-02,4.362119819923959696e-04,-4.932397046188086165e-02,2.934470474709183208e-03,-2.267275236138521777e-02,4.569828504396085123e-01,-7.929181625608938688e-02,-1.910297063643128013e+00,-1.428710047212822243e-02,1.615490978616705320e+00,-9.611169852137724234e-02,0.000000000000000000e+00,0.000000000000000000e+00,0.000000000000000000e+00,0.000000000000000000e+00,0.000000000000000000e+00,0.000000000000000000e+00,0.000000000000000000e+00
1.157000000000000028e+00,5.235195851125330757e-02,4.086718589862619044e-01,1.320739092206674181e-02,-1.576753813115470138e+00,-1.508921801680983277e-02,2.700155239074387481e+00,-1.285772839644132581e-01,6.697342518359183927e-04,-1.349889341014520738e-02,2.342214319220548013e-03,5.642858680369400304e-02,4.220290678912663740e-04,-4.772026019011832432e-02,2.839059655215026012e-03,-2.234173913234183129e-02,4.503110813252817479e-01,-7.813418705795438512e-02,-1.882407481055636822e+00,-1.407851444844798738e-02,1.591905448426146563e+00,-9.470850568579702866e-02,0.000000000000000000e+00,0.000000000000000000e+00,0.000000000000000000e+00,0.000000000000000000e+00,0.000000000000000000e+00,0.000000000000000000e+00,0.000000000000000000e+00
1.157999999999999918e+00,5.235261713005845419e-02,4.086585841313112866e-01,1.320969426311896511e-02,-1.576698321062742103e+00,-1.508880299207475406e-02,2.700108310817899593e+00,-1.285744920240686762e-01,6.475588660965758692e-04,-1.305193528070081044e-02,2.264661908140008784e-03,5.456019545940904436e-02,4.080553800470676507e-04,-4.614020784189776236e-02,2.745056335511364409e-03,-2.200869326542986837e-02,4.435983431820460510e-01,-7.696944925889370737e-02,-1.854346638177830187e+00,-1.386864757006667226e-02,1.568175087643922438e+00,-9.329669632784032274e-02,0.000000000000000000e+00,0.000000000000000000e+00,0.000000000000000000e+00,0.000000000000000000e+00,0.000000000000000000e+00,0.000000000000000000e+00,0.000000000000000000e+00
1.159000000000000030e+00,5.235325374034001389e-02,4.086457528712832410e-01,1.321192063531531624e-02,-1.576644683342353304e+00,-1.508840183588032458e-02,2.700062950724410271e+00,-1.285717933797009827e-01,6.257175440829154667e-04,-1.261171040495323581e-02,2.188277794544446486e-03,5.271995071789348231e-02,3.942922004789295443e-04,-4.458395837946937945e-02,2.652469139955204724e-03,-2.167361106494425371e-02,4.368445615207434685e-01,-7.579758993418117541e-02,-1.826114223627371302e+00,-1.365749750815747898e-02,1.544299632941672940e+00,-9.187625478110561517e-02,0.000000000000000000e+00,0.000000000000000000e+00,0.000000000000000000e+00,0.000000000000000000e+00,0.000000000000000000e+00,0.000000000000000000e+00,0.000000000000000000e+00
1.159999999999999920e+00,5.235386867718053172e-02,4.086333584523909046e-01,1.321407121051629274e-02,-1.576592871721865130e+00,-1.508801433707628731e-02,2.700019134918441921e+00,-1.285691866108675807e-01,6.042123239764496390e-04,-1.217825986366172231e-02,2.113069106421727739e-03,5.090802430650853694e-02,3.807408135348411271e-04,-4.305165702842828068e-02,2.561306708568134027e-03,-2.133648883517957895e-02,4.300496618522409165e-01,-7.461859615908572607e-02,-1.797709926021880733e+00,-1.344506193389349846e-02,1.520278820991052271e+00,-9.044716537918517929e-02,0.000000000000000000e+00,0.000000000000000000e+00,0.000000000000000000e+00,0.000000000000000000e+00,0.000000000000000000e+00,0.000000000000000000e+00,0.000000000000000000e+00
1.161000000000000032e+00,5.235446227770249039e-02,4.086213940797271960e-01,1.321614716771682407e-02,-1.576542857796955133e+00,-1.508764028322685802e-02,2.699976839379156779e+00,-1.285666702884774582e-01,5.830452476542902218e-04,-1.175162481207969734e-02,2.039042984684602544e-03,4.912458826400012413e-02,3.674025058915675324e-04,-4.154344927767894546e-02,2.471577697037208310e-03,-2.099732288043065775e-02,4.232135696873946529e-01,-7.343245500887984889e-02,-1.769133433979035885e+00,-1.323133851844793263e-02,1.496112388463686216e+00,-8.900941245567661753e-02,0.000000000000000000e+00,0.000000000000000000e+00,0.000000000000000000e+00,0.000000000000000000e+00,0.000000000000000000e+00,0.000000000000000000e+00,0.000000000000000000e+00
1.161999999999999922e+00,5.235503488107225156e-02,4.086098529171944271e-01,1.321814969305903920e-02,-1.576494612991101718e+00,-1.508727946060842845e-02,2.699936039940103782e+00,-1.285642429747765325e-01,5.622183606890929219e-04,-1.133184647994767147e-02,1.966206583170704292e-03,4.736981494048819741e-02,3.542785665545944429e-04,-4.005948087946364922e-02,2.383290776719171333e-03,-2.065610950499219278e-02,4.163362105370502775e-01,-7.223915355883292477e-02,-1.740384436116471534e+00,-1.301632493299442750e-02,1.471800072031257400e+00,-8.756298034417753229e-02,0.000000000000000000e+00,0.000000000000000000e+00,0.000000000000000000e+00,0.000000000000000000e+00,0.000000000000000000e+00,0.000000000000000000e+00,0.000000000000000000e+00
1.163000000000000034e+00,5.235558682850341428e-02,4.085987280874270322e-01,1.322007997984533945e-02,-1.576448108555285721e+00,-1.508693165420722099e-02,2.699896712288945011e+00,-1.285619032233315528e-01,5.417337123496679396e-04,-1.091896617149856752e-02,1.894567068642105667e-03,4.564387699750227512e-02,3.413702868585166694e-04,-3.859989784935891066e-02,2.296454634634459424e-03,-2.031284501315921975e-02,4.094175099120818118e-01,-7.103867888421966370e-02,-1.711462621051879296e+00,-1.280001884870607398e-02,1.447341608365434240e+00,-8.610785337828197328e-02,0.000000000000000000e+00,0.000000000000000000e+00,0.000000000000000000e+00,0.000000000000000000e+00,0.000000000000000000e+00,0.000000000000000000e+00,0.000000000000000000e+00
1.163999999999999924e+00,5.235611846326075625e-02,4.085880126717178484e-01,1.322193922855172121e-02,-1.576403315567660002e+00,-1.508659664771697106e-02,2.699858831967191897e+00,-1.285596495790138905e-01,5.215933556002028126e-04,-1.051302526544617422e-02,1.824131620785096608e-03,4.394694740791038612e-02,3.286789604663997721e-04,-3.716484646625772825e-02,2.211077973469643965e-03,-1.996752570922644132e-02,4.024573933233313028e-01,-6.983101806030544978e-02,-1.682367677402865525e+00,-1.258241793675618503e-02,1.422736734137814096e+00,-8.464401589158487837e-02,0.000000000000000000e+00,0.000000000000000000e+00,0.000000000000000000e+00,0.000000000000000000e+00,0.000000000000000000e+00,0.000000000000000000e+00,0.000000000000000000e+00
1.165000000000000036e+00,5.235663013066396698e-02,4.085776997099450636e-01,1.322372864683982185e-02,-1.576360204933258125e+00,-1.508627422353655406e-02,2.699822374369952094e+00,-1.285574805779849950e-01,5.017993471005399719e-04,-1.011406521500202160e-02,1.754907432212959861e-03,4.227919945601144036e-02,3.162058833704739502e-04,-3.575447327238734374e-02,2.127169511580095929e-03,-1.962014789748867116e-02,3.954557862816656666e-01,-6.861615816236676935e-02,-1.653099293787136048e+00,-1.236351986831785155e-02,1.397985186020079595e+00,-8.317145221768207364e-02,0.000000000000000000e+00,0.000000000000000000e+00,0.000000000000000000e+00,0.000000000000000000e+00,0.000000000000000000e+00,0.000000000000000000e+00,0.000000000000000000e+00
1.165999999999999925e+00,5.235712217809113111e-02,4.085677822004942783e-01,1.322544944957093627e-02,-1.576318747383671948e+00,-1.508596416276770241e-02,2.699787314745652367e+00,-1.285553947476797965e-01,4.823537472062877640e-04,-9.722127547862946528e-03,1.686901708460086802e-03,4.064080673745351646e-02,3.039523538915789302e-04,-3.436892507329147861e-02,2.044737982985544988e-03,-1.927070788224027886e-02,3.884126142979305030e-01,-6.739408626567078286e-02,-1.623657158822311430e+00,-1.214332231456438649e-02,1.373086700683870731e+00,-8.169014669016938512e-02,0.000000000000000000e+00,0.000000000000000000e+00,0.000000000000000000e+00,0.000000000000000000e+00,0.000000000000000000e+00,0.000000000000000000e+00,0.000000000000000000e+00
1.167000000000000037e+00,5.235759495498255867e-02,4.085582531001883400e-01,1.322710285881784076e-02,-1.576278913476740762e+00,-1.508566624521270189e-02,2.699753628195787236e+00,-1.285533906067914955e-01,4.632586199690980067e-04,-9.337253866215533549e-03,1.620121667989193881e-03,3.903194315928004698e-02,2.919196726793860108e-04,-3.300834893786230850e-02,1.963792137372966096e-03,-1.891920196777674423e-02,3.813278028829962807e-01,-6.616478944548997987e-02,-1.594040961126026446e+00,-1.192182294666910281e-02,1.348041014800855919e+00,-8.020008364264263889e-02,0.000000000000000000e+00,0.000000000000000000e+00,0.000000000000000000e+00,0.000000000000000000e+00,0.000000000000000000e+00,0.000000000000000000e+00,0.000000000000000000e+00
1.167999999999999927e+00,5.235804881284449042e-02,4.085491053242085169e-01,1.322869010387836552e-02,-1.576240673596236874e+00,-1.508538024937196992e-02,2.699721289674648972e+00,-1.285514666652556870e-01,4.445160331357778105e-04,-8.959485846737891279e-03,1.554574542185438446e-03,3.745278293990494944e-02,2.801091427125645961e-04,-3.167289219831204150e-02,1.884340740095469258e-03,-1.856562645839210379e-02,3.742012775477085995e-01,-6.492825477709684989e-02,-1.564250389316001133e+00,-1.169901943580553549e-02,1.322847865042689364e+00,-7.870124740869854918e-02,0.000000000000000000e+00,0.000000000000000000e+00,0.000000000000000000e+00,0.000000000000000000e+00,0.000000000000000000e+00,0.000000000000000000e+00,0.000000000000000000e+00
1.169000000000000039e+00,5.235848410525276164e-02,4.085403317460245542e-01,1.323021242128832875e-02,-1.576203997951567182e+00,-1.508510595244178659e-02,2.699690273989062028e+00,-1.285496214242350388e-01,4.261280581492887798e-04,-8.588865240590770611e-03,1.490267575359194296e-03,3.590350060914460073e-02,2.685220692983658619e-04,-3.036270245017647085e-02,1.806392572172965671e-03,-1.820997765838194837e-02,3.670329638029237174e-01,-6.368446933575988567e-02,-1.534285132009841846e+00,-1.147490945314666444e-02,1.297506988081011059e+00,-7.719362232193027751e-02,0.000000000000000000e+00,0.000000000000000000e+00,0.000000000000000000e+00,0.000000000000000000e+00,0.000000000000000000e+00,0.000000000000000000e+00,0.000000000000000000e+00
1.169999999999999929e+00,5.235890118785641034e-02,4.085319251973151822e-01,1.323167105483433192e-02,-1.576168856577446320e+00,-1.508484313031199786e-02,2.699660555798132577e+00,-1.285478533761028608e-01,4.080967701478033227e-04,-8.225433873430887388e-03,1.427208024746606796e-03,3.438427100818230997e-02,2.571597600730946009e-04,-2.907792755232918580e-02,1.729956430291279545e-03,-1.785225187204031450e-02,3.598227871595049976e-01,-6.243342019675157673e-02,-1.504144877825183357e+00,-1.124949066986580259e-02,1.272018120587475210e+00,-7.567719271593631447e-02,0.000000000000000000e+00,0.000000000000000000e+00,0.000000000000000000e+00,0.000000000000000000e+00,0.000000000000000000e+00,0.000000000000000000e+00,0.000000000000000000e+00
1.171000000000000041e+00,5.235930041838160465e-02,4.085238784678988377e-01,1.323306725556647190e-02,-1.576135219333593795e+00,-1.508459155756361469e-02,2.699632109612971398e+00,-1.285461610044284497e-01,3.904242479658148746e-04,-7.869233645402928801e-03,1.365403160506817315e-03,3.289526928958963481e-02,2.460235250018316666e-04,-2.781871562696025535e-02,1.655041126803036278e-03,-1.749244540366245992e-02,3.525706731283051454e-01,-6.117509443534352442e-02,-1.473829315379717286e+00,-1.102276075713626291e-02,1.246380999233707598e+00,-7.415194292431070977e-02,0.000000000000000000e+00,0.000000000000000000e+00,0.000000000000000000e+00,0.000000000000000000e+00,0.000000000000000000e+00,0.000000000000000000e+00,0.000000000000000000e+00
1.171999999999999931e+00,5.235968215663507064e-02,4.085161843056541731e-01,1.323440228181163580e-02,-1.576103055904423123e+00,-1.508435100746654406e-02,2.699604909796431862e+00,-1.285445427839607135e-01,3.731125741330831858e-04,-7.520306531135112493e-03,1.304860265724849810e-03,3.143667091730861785e-02,2.351146763783229510e-04,-2.658521505959399178e-02,1.581655489726996322e-03,-1.713055455754308731e-02,3.452765472201839714e-01,-5.990947912680555376e-02,-1.443338133291106828e+00,-1.079471738613113629e-02,1.220595360691419273e+00,-7.261785728065106582e-02,0.000000000000000000e+00,0.000000000000000000e+00,0.000000000000000000e+00,0.000000000000000000e+00,0.000000000000000000e+00,0.000000000000000000e+00,0.000000000000000000e+00
1.173000000000000043e+00,5.236004676450803363e-02,4.085088354164494451e-01,1.323567739918626862e-02,-1.576072335798722968e+00,-1.508412125197720194e-02,2.699578930562852364e+00,-1.285429971806124616e-01,3.561638348752449446e-04,-7.178694579750732885e-03,1.245586636410056514e-03,3.000865166667310291e-02,2.244345288252291848e-04,-2.537757449907829255e-02,1.509808362747833144e-03,-1.676657563797667727e-02,3.379403349459906281e-01,-5.863656134640837791e-02,-1.412671020176972547e+00,-1.056535822802395774e-02,1.194660941632193385e+00,-7.107492011854965597e-02,0.000000000000000000e+00,0.000000000000000000e+00,0.000000000000000000e+00,0.000000000000000000e+00,0.000000000000000000e+00,0.000000000000000000e+00,0.000000000000000000e+00
1.173999999999999932e+00,5.236039460597963213e-02,4.085018244640665763e-01,1.323689388060908523e-02,-1.576043028349356057e+00,-1.508390206173624432e-02,2.699554145977795194e+00,-1.285415226514455278e-01,3.395801201134807101e-04,-6.844439914858391205e-03,1.187589581497450197e-03,2.861138762441584049e-02,2.139843992942369599e-04,-2.419594285760595653e-02,1.439508605217909576e-03,-1.640050494925837654e-02,3.305619618165884788e-01,-5.735632816942448642e-02,-1.381827664654949217e+00,-1.033468095398792919e-02,1.168577478727726771e+00,-6.952311577160408262e-02,0.000000000000000000e+00,0.000000000000000000e+00,0.000000000000000000e+00,0.000000000000000000e+00,0.000000000000000000e+00,0.000000000000000000e+00,0.000000000000000000e+00
1.175000000000000044e+00,5.236072604712092848e-02,4.084951440701258818e-01,1.323805300631450410e-02,-1.576015102712940319e+00,-1.508369320606620101e-02,2.699530529957772984e+00,-1.285401176446540616e-01,3.233635234650145129e-04,-6.517584734565318172e-03,1.130876422845261686e-03,2.724505518863296061e-02,2.037656070655591289e-04,-2.304046931067915693e-02,1.370765092155279419e-03,-1.603233879568288778e-02,3.231413533428231233e-01,-5.606876667112370427e-02,-1.350807755342771088e+00,-1.010268323519625255e-02,1.142344708649645213e+00,-6.796242857341106003e-02,0.000000000000000000e+00,0.000000000000000000e+00,0.000000000000000000e+00,0.000000000000000000e+00,0.000000000000000000e+00,0.000000000000000000e+00,0.000000000000000000e+00
1.175999999999999934e+00,5.236104145609830895e-02,4.084887868140123501e-01,1.323915606386499855e-02,-1.575988527869545130e+00,-1.508349445296917196e-02,2.699508056270000900e+00,-1.285387805995497623e-01,3.075161422423366986e-04,-6.198171311453393173e-03,1.075454495237160302e-03,2.590983106878752551e-02,1.937794737483511387e-04,-2.191130329713786296e-02,1.303586714243909483e-03,-1.566207348154491363e-02,3.156784350355685831e-01,-5.477386392677807692e-02,-1.319610980858001881e+00,-9.869362742822018753e-03,1.115962368069617128e+00,-6.639284285756463788e-02,0.000000000000000000e+00,0.000000000000000000e+00,0.000000000000000000e+00,0.000000000000000000e+00,0.000000000000000000e+00,0.000000000000000000e+00,0.000000000000000000e+00
1.177000000000000046e+00,5.236134120317750829e-02,4.084827452328021469e-01,1.324020434816444713e-02,-1.575963272622362688e+00,-1.508330556912443332e-02,2.699486698532104434e+00,-1.285375099465452808e-01,2.920400774540365951e-04,-5.886241992600460549e-03,1.021331146381809774e-03,2.460589228576282039e-02,1.840273232807110304e-04,-2.080859451915273439e-02,1.237982377834567771e-03,-1.528970531113937881e-02,3.081731324056669052e-01,-5.347160701165831753e-02,-1.288237029818390056e+00,-9.634717148038984824e-03,1.089430193659310930e+00,-6.481434295766153042e-02,0.000000000000000000e+00,0.000000000000000000e+00,0.000000000000000000e+00,0.000000000000000000e+00,0.000000000000000000e+00,0.000000000000000000e+00,0.000000000000000000e+00
1.177999999999999936e+00,5.236162566072689872e-02,4.084770118211862311e-01,1.324119916147079024e-02,-1.575939305597420237e+00,-1.508312631988624475e-02,2.699466430211896473e+00,-1.285363041071396761e-01,2.769374338041363792e-04,-5.581839199579441413e-03,9.685137369122021056e-04,2.333341617180195726e-02,1.745104819293741283e-04,-1.973249294221091077e-02,1.173961004945267561e-03,-1.491523058876076391e-02,3.006253709639885585e-01,-5.216198300103469521e-02,-1.256685590841513545e+00,-9.398744122020130654e-03,1.062747922090352404e+00,-6.322691320729667552e-02,0.000000000000000000e+00,0.000000000000000000e+00,0.000000000000000000e+00,0.000000000000000000e+00,0.000000000000000000e+00,0.000000000000000000e+00,0.000000000000000000e+00
1.179000000000000048e+00,5.236189520322155622e-02,4.084715790313968586e-01,1.324214181340907515e-02,-1.575916595243250562e+00,-1.508295646928138611e-02,2.699447224627081532e+00,-1.285351614939018172e-01,2.622103196924241431e-04,-5.285005428439681907e-03,9.170096403865457546e-04,2.209258037052563850e-02,1.652302782900183509e-04,-1.868314879513377491e-02,1.111531533259046967e-03,-1.453864561870421568e-02,2.930350762213755900e-01,-5.084497897017925538e-02,-1.224956352545007121e+00,-9.161441335938658170e-03,1.035915290034353120e+00,-6.163053794006501107e-02,0.000000000000000000e+00,0.000000000000000000e+00,0.000000000000000000e+00,0.000000000000000000e+00,0.000000000000000000e+00,0.000000000000000000e+00,0.000000000000000000e+00
1.179999999999999938e+00,5.236215020724677149e-02,4.084664392731329752e-01,1.324303362098455672e-02,-1.575895109830593555e+00,-1.508279578000682603e-02,2.699429054945003514e+00,-1.285340805104551176e-01,2.478608472144538943e-04,-4.995783249731822195e-03,8.668262432871554068e-04,2.088356283694636772e-02,1.561880432871254332e-04,-1.766071257008050566e-02,1.050702916125967334e-03,-1.415994670526421473e-02,2.854021736886913629e-01,-4.952058199436182306e-02,-1.193049003546633458e+00,-8.922806460967880327e-03,1.008932034163066760e+00,-6.002520148956502766e-02,0.000000000000000000e+00,0.000000000000000000e+00,0.000000000000000000e+00,0.000000000000000000e+00,0.000000000000000000e+00,0.000000000000000000e+00,0.000000000000000000e+00
1.181000000000000050e+00,5.236239105150178319e-02,4.084615849134858312e-01,1.324387590859510411e-02,-1.575874817452070253e+00,-1.508264401342752914e-02,2.699411894182382810e+00,-1.285330595514619367e-01,2.338911321615455563e-04,-4.714215308490032896e-03,8.179709450211181121e-04,1.970654183745423893e-02,1.473851101740086822e-04,-1.666533502252320886e-02,9.914841225633352906e-04,-1.377913015273590780e-02,2.777265888767921354e-01,-4.818877914885622005e-02,-1.160963232463942063e+00,-8.682837168281332119e-03,9.817978911480622628e-01,-5.841088818938988680e-02,0.000000000000000000e+00,0.000000000000000000e+00,0.000000000000000000e+00,0.000000000000000000e+00,0.000000000000000000e+00,0.000000000000000000e+00,0.000000000000000000e+00
1.181999999999999940e+00,5.236261811680335831e-02,4.084570082768643751e-01,1.324467000804480099e-02,-1.575855686021884416e+00,-1.508250092957399979e-02,2.699395715205061386e+00,-1.285320970026074261e-01,2.203032940205629231e-04,-4.440344324235567797e-03,7.704511579209594174e-04,1.856169594983470006e-02,1.388228145327019547e-04,-1.569716717127533911e-02,9.338841372528161600e-04,-1.339619226541377550e-02,2.700082472965306124e-01,-4.684955750892960680e-02,-1.128698727914624556e+00,-8.441531129051660365e-03,9.545125976610222551e-01,-5.678758237313630275e-02,0.000000000000000000e+00,0.000000000000000000e+00,0.000000000000000000e+00,0.000000000000000000e+00,0.000000000000000000e+00,0.000000000000000000e+00,0.000000000000000000e+00
1.183000000000000052e+00,5.236283178608980293e-02,4.084527016449204240e-01,1.324541725855632457e-02,-1.575837683275505441e+00,-1.508236628714002686e-02,2.699380490727717685e+00,-1.285311912405846524e-01,2.070994559741357044e-04,-4.174213090982092922e-03,7.242743072428670104e-04,1.744920406324723672e-02,1.305024942743482352e-04,-1.475636029847038344e-02,8.779119605444307695e-04,-1.301112934759252049e-02,2.622470744587701574e-01,-4.550290414985669329e-02,-1.096255178516358342e+00,-8.198886014452844151e-03,9.270758903735725198e-01,-5.515526837439921337e-02,0.000000000000000000e+00,0.000000000000000000e+00,0.000000000000000000e+00,0.000000000000000000e+00,0.000000000000000000e+00,0.000000000000000000e+00,0.000000000000000000e+00
1.183999999999999941e+00,5.236303244442426508e-02,4.084486572564769435e-01,1.324611900678407395e-02,-1.575820776769360165e+00,-1.508223984348028984e-02,2.699366193313625040e+00,-1.285303406330782772e-01,1.942817449007150366e-04,-3.915864477233022001e-03,6.794478311691332095e-04,1.636924537821116132e-02,1.224254896385612579e-04,-1.384306594956896674e-02,8.235766084536688680e-04,-1.262393770356706746e-02,2.544429958743599229e-01,-4.414880614690508409e-02,-1.063632272886749774e+00,-7.954899495657641317e-03,8.994875059574098941e-01,-5.351393052677355655e-02,0.000000000000000000e+00,0.000000000000000000e+00,0.000000000000000000e+00,0.000000000000000000e+00,0.000000000000000000e+00,0.000000000000000000e+00,0.000000000000000000e+00
1.185000000000000053e+00,5.236322047899875931e-02,4.084448673074463354e-01,1.324677660682704872e-02,-1.575804933880514902e+00,-1.508212135460805514e-02,2.699352795374377223e+00,-1.285295435387491803e-01,1.818522913743514380e-04,-3.665341425978851930e-03,6.359791808054904294e-04,1.532199940668022009e-02,1.145931431940361289e-04,-1.295743593337306265e-02,7.708871126625993497e-04,-1.223461363763278520e-02,2.465959370541597195e-01,-4.278725057534860099e-02,-1.030829699643490471e+00,-7.709569243839475838e-03,8.717471810841459501e-01,-5.186355316385959924e-02,0.000000000000000000e+00,0.000000000000000000e+00,0.000000000000000000e+00,0.000000000000000000e+00,0.000000000000000000e+00,0.000000000000000000e+00,0.000000000000000000e+00
1.185999999999999943e+00,5.236339627913760841e-02,4.084413239507656002e-01,1.324739142024211613e-02,-1.575790121806370792e+00,-1.508201057519288624e-02,2.699340269169626438e+00,-1.285287983072185281e-01,1.698132296646948092e-04,-3.422686954700715489e-03,5.938758201828875372e-04,1.430764597192890619e-02,1.070067998381885044e-04,-1.209962232199401910e-02,7.198525205196482091e-04,-1.184315345408326614e-02,2.387058235090329106e-01,-4.141822451045795717e-02,-9.978471474042294176e-01,-7.462892930172104755e-03,8.438546524254633141e-01,-5.020412061924695024e-02,0.000000000000000000e+00,0.000000000000000000e+00,0.000000000000000000e+00,0.000000000000000000e+00,0.000000000000000000e+00,0.000000000000000000e+00,0.000000000000000000e+00
1.187000000000000055e+00,5.236356023630127365e-02,4.084380192963139589e-01,1.324796481605611254e-02,-1.575776307564351164e+00,-1.508190725855829833e-02,2.699328586806823971e+00,-1.285281032790527855e-01,1.581666977372719884e-04,-3.187944155365052268e-03,5.531452262570457634e-04,1.332636520866259389e-02,9.966780679723785674e-05,-1.126977745089519090e-02,6.704818950402646749e-04,-1.144955345721432316e-02,2.307725807498250958e-01,-4.004171502750297762e-02,-9.646843047866013876e-01,-7.214868225828063864e-03,8.158096566529735583e-01,-4.853561722653410015e-02,0.000000000000000000e+00,0.000000000000000000e+00,0.000000000000000000e+00,0.000000000000000000e+00,0.000000000000000000e+00,0.000000000000000000e+00,0.000000000000000000e+00
1.187999999999999945e+00,5.236371274409017118e-02,4.084349454108426869e-01,1.324849817077999869e-02,-1.575763457991584460e+00,-1.508181115667935751e-02,2.699317720240947516e+00,-1.285274567857468409e-01,1.469148372532091962e-04,-2.961156194434266808e-03,5.137948889086807469e-04,1.237833756293937881e-02,9.257751362631849723e-05,-1.046805391883154357e-02,6.227843149047007643e-04,-1.105380995132021482e-02,2.227961342873925332e-01,-3.865770920175526371e-02,-9.313408604082695774e-01,-6.965492801980666115e-03,7.876119304383450981e-01,-4.685802731931687504e-02,0.000000000000000000e+00,0.000000000000000000e+00,0.000000000000000000e+00,0.000000000000000000e+00,0.000000000000000000e+00,0.000000000000000000e+00,0.000000000000000000e+00
1.189000000000000057e+00,5.236385419824803045e-02,4.084320943178993968e-01,1.324899286842029511e-02,-1.575751539744603136e+00,-1.508172202018048108e-02,2.699307641274254266e+00,-1.285268571497098500e-01,1.360597935696206129e-04,-2.742366312854294108e-03,4.758323109428364006e-04,1.146374379222692141e-02,8.573727220942406468e-05,-9.694604587938471241e-03,5.767688744617860408e-04,-1.065591924069564378e-02,2.147764096326092442e-01,-3.726619410848508451e-02,-8.978165028868971831e-01,-6.714764329803890597e-03,7.592612104532605599e-01,-4.517133523119198912e-02,0.000000000000000000e+00,0.000000000000000000e+00,0.000000000000000000e+00,0.000000000000000000e+00,0.000000000000000000e+00,0.000000000000000000e+00,0.000000000000000000e+00
1.189999999999999947e+00,5.236398499666586326e-02,4.084294579977529871e-01,1.324945030049340389e-02,-1.575740519299023035e+00,-1.508163959833297429e-02,2.699298321555999358e+00,-1.285263026842483058e-01,1.256037157387757119e-04,-2.531617826062593224e-03,4.392650080891069564e-04,1.058276496534560351e-02,7.914843675910221421e-05,-8.949582583632320620e-03,5.324446837249308118e-04,-1.025587762963597882e-02,2.067133322963101705e-01,-3.586715682296448549e-02,-8.641109208401474007e-01,-6.462680480470273103e-03,7.307572333693173050e-01,-4.347552529575260394e-02,0.000000000000000000e+00,0.000000000000000000e+00,0.000000000000000000e+00,0.000000000000000000e+00,0.000000000000000000e+00,0.000000000000000000e+00,0.000000000000000000e+00
1.191000000000000059e+00,5.236410553938566914e-02,4.084270283873201457e-01,1.324987186603759914e-02,-1.575730362949235186e+00,-1.508156363905281683e-02,2.699289732582185408e+00,-1.285257916935508282e-01,1.155487565089319268e-04,-2.328954123984594560e-03,4.041005090023030988e-04,9.735582462511160884e-03,7.281236381706523986e-05,-8.233141294674339861e-03,4.898208683750127079e-04,-9.853681422435256465e-03,1.986068277893586753e-01,-3.446058442046417980e-02,-8.302238028856265828e-01,-6.209238925153459654e-03,7.020997358582263814e-01,-4.177058184659543372e-02,0.000000000000000000e+00,0.000000000000000000e+00,0.000000000000000000e+00,0.000000000000000000e+00,0.000000000000000000e+00,0.000000000000000000e+00,0.000000000000000000e+00
1.191999999999999948e+00,5.236421622860387703e-02,4.084247973800891884e-01,1.325025897162640520e-02,-1.575721036808095832e+00,-1.508149388889825498e-02,2.699281845695288951e+00,-1.285253224726727317e-01,1.058970723244456735e-04,-2.134418671036364401e-03,3.703463552617858312e-04,8.922377975331130529e-03,6.673041225374598540e-05,-7.545434373163573127e-03,4.489065697583782821e-04,-9.449326923388845501e-03,1.904568216226181221e-01,-3.304646397625665699e-02,-7.961548376410547689e-01,-5.954437335026652178e-03,6.732884545915993613e-01,-4.005648921731630452e-02,0.000000000000000000e+00,0.000000000000000000e+00,0.000000000000000000e+00,0.000000000000000000e+00,0.000000000000000000e+00,0.000000000000000000e+00,0.000000000000000000e+00
1.193000000000000060e+00,5.236431746867534209e-02,4.084227568260492269e-01,1.325061303138130864e-02,-1.575712506806613789e+00,-1.508143009306747023e-02,2.699274632084013525e+00,-1.285248933075200939e-01,9.665082332466212733e-05,-1.948055006122828559e-03,3.380101013721326098e-04,8.143333506787087117e-03,6.090394326824233318e-05,-6.886615734519097032e-03,4.097109448888414107e-04,-9.042810436791226536e-03,1.822632393069447687e-01,-3.162478256560996570e-02,-7.619037137240098900e-01,-5.698273381263163628e-03,6.443231262410762383e-01,-3.833323174151104240e-02,0.000000000000000000e+00,0.000000000000000000e+00,0.000000000000000000e+00,0.000000000000000000e+00,0.000000000000000000e+00,0.000000000000000000e+00,0.000000000000000000e+00
1.193999999999999950e+00,5.236440966611681513e-02,4.084208985316113427e-01,1.325093546698469238e-02,-1.575704738693644025e+00,-1.508137199539637263e-02,2.699268062783007238e+00,-1.285245024748344900e-01,8.781217334535851293e-05,-1.769906742637772368e-03,3.070993147615830310e-04,7.398631371238195698e-03,5.533432038876129333e-05,-6.256839557490678772e-03,3.722431664467951151e-04,-8.634128266937768359e-03,1.740260063531771095e-01,-3.019552726379792773e-02,-7.274701197522119855e-01,-5.440744735035862867e-03,6.152034874783538498e-01,-3.660079375277636160e-02,0.000000000000000000e+00,0.000000000000000000e+00,0.000000000000000000e+00,0.000000000000000000e+00,0.000000000000000000e+00,0.000000000000000000e+00,0.000000000000000000e+00
1.195000000000000062e+00,5.236449322961085617e-02,4.084192142595353126e-01,1.325122770769321390e-02,-1.575697698035558147e+00,-1.508131933835606120e-02,2.699262108672600746e+00,-1.285241482421758952e-01,7.938328991718979211e-05,-1.600017568458511619e-03,2.776215757831490549e-04,6.688454194424764410e-03,5.002290947195286996e-05,-5.656260284141012562e-03,3.365124227767690712e-04,-8.223276718122285445e-03,1.657450482721927187e-01,-2.875868514608903581e-02,-6.928537443432958298e-01,-5.181849067518728980e-03,5.859292749750437679e-01,-3.485915958470631182e-02,0.000000000000000000e+00,0.000000000000000000e+00,0.000000000000000000e+00,0.000000000000000000e+00,0.000000000000000000e+00,0.000000000000000000e+00,0.000000000000000000e+00
1.195999999999999952e+00,5.236456857000920673e-02,4.084176957288576659e-01,1.325149119034979561e-02,-1.575691350215958408e+00,-1.508127186305073530e-02,2.699256740478568339e+00,-1.285238288679093621e-01,7.136634426724297597e-05,-1.438431245962767946e-03,2.495844777161693173e-04,6.012984913489560768e-03,4.497107870371497285e-05,-5.085032619891904915e-03,3.025279178920925460e-04,-7.810252094640146581e-03,1.574202905748371961e-01,-2.731424328775711174e-02,-6.580542761149246189e-01,-4.921584049884408785e-03,5.565002254028286188e-01,-3.310831357089583094e-02,0.000000000000000000e+00,0.000000000000000000e+00,0.000000000000000000e+00,0.000000000000000000e+00,0.000000000000000000e+00,0.000000000000000000e+00,0.000000000000000000e+00
1.197000000000000064e+00,5.236463610033689764e-02,4.084163346148144136e-01,1.325172735939755819e-02,-1.575685660435352631e+00,-1.508122930921512728e-02,2.699251928771837505e+00,-1.285235426011874793e-01,6.376351131798241312e-05,-1.285191612010905260e-03,2.229956267627564159e-04,5.372406776931626382e-03,4.018019859849952802e-05,-4.543311533467431218e-03,2.702988714720078178e-04,-7.395050700786054421e-03,1.490516587719703523e-01,-2.586218876407153644e-02,-6.230714036846904946e-01,-4.659947353306326256e-03,5.269160754333199748e-01,-3.134824004494340954e-02,0.000000000000000000e+00,0.000000000000000000e+00,0.000000000000000000e+00,0.000000000000000000e+00,0.000000000000000000e+00,0.000000000000000000e+00,0.000000000000000000e+00
1.197999999999999954e+00,5.236469623579559363e-02,4.084151225487677728e-01,1.325193766689197750e-02,-1.575680593710838906e+00,-1.508119141521238604e-02,2.699247643968234023e+00,-1.285232876819353276e-01,5.657696968774938995e-05,-1.140342577951258818e-03,1.978626420511275796e-04,4.766903344652462238e-03,3.565164199970105585e-05,-4.031252256936568301e-03,2.398345188616701762e-04,-6.977668840854711618e-03,1.406390783744555506e-01,-2.440250865030391125e-02,-5.879048156703277073e-01,-4.396936648958127414e-03,4.971765617382288838e-01,-2.957892334044220917e-02,0.000000000000000000e+00,0.000000000000000000e+00,0.000000000000000000e+00,0.000000000000000000e+00,0.000000000000000000e+00,0.000000000000000000e+00,0.000000000000000000e+00
1.199000000000000066e+00,5.236474939376745130e-02,4.084140511181311162e-01,1.325212357251415174e-02,-1.575676114875808054e+00,-1.508115791803160688e-02,2.699243856328225277e+00,-1.285230623408350481e-01,4.980890169020701919e-05,-1.003928129623687937e-03,1.741931556340503562e-04,4.196658487916948843e-03,3.138678407940687087e-05,-3.549010285674114584e-03,2.111441110732581450e-04,-6.558102819140820827e-03,1.321824748931419435e-01,-2.293519002172361709e-02,-5.525542006894426095e-01,-4.132549608012792142e-03,4.672814209891384962e-01,-2.780034779098805586e-02,0.000000000000000000e+00,0.000000000000000000e+00,0.000000000000000000e+00,0.000000000000000000e+00,0.000000000000000000e+00,0.000000000000000000e+00,0.000000000000000000e+00
1.199999999999999956e+00,5.236479599381881067e-02,4.084131118662939208e-01,1.325228654358412417e-02,-1.575672188579613220e+00,-1.508112855328553464e-02,2.699240535956644038e+00,-1.285228647993095219e-01,4.346149333528392944e-05,-8.759923273551351031e-04,1.519948124877323892e-04,3.661856389385320654e-03,2.738700233878565982e-05,-3.096741378417533497e-03,1.842369147835309917e-04,-6.136348939939528790e-03,1.236817738388822363e-01,-2.146021995360536394e-02,-5.170192473597126082e-01,-3.866783901643522370e-03,4.372303898577598602e-01,-2.601249773017944023e-02,0.000000000000000000e+00,0.000000000000000000e+00,0.000000000000000000e+00,0.000000000000000000e+00,0.000000000000000000e+00,0.000000000000000000e+00,0.000000000000000000e+00
1.201000000000000068e+00,5.236483645770385886e-02,4.084122962925498257e-01,1.325242805507281796e-02,-1.575668779287279442e+00,-1.508110305520827393e-02,2.699237652802441545e+00,-1.285226932695075486e-01,3.753693432806404218e-05,-7.565793059667313969e-04,1.312752705147079979e-04,3.162681543106060644e-03,2.365367660756012569e-05,-2.674601557195899204e-03,1.591222123382696196e-04,-5.712403507545538162e-03,1.151369007225326868e-01,-1.997758552121631226e-02,-4.812996442987866885e-01,-3.599637201023520028e-03,4.070232050156903369e-01,-2.421535749160952378e-02,0.000000000000000000e+00,0.000000000000000000e+00,0.000000000000000000e+00,0.000000000000000000e+00,0.000000000000000000e+00,0.000000000000000000e+00,0.000000000000000000e+00
1.201999999999999957e+00,5.236487120936834938e-02,4.084115958520189160e-01,1.325254958961569196e-02,-1.575665851279177687e+00,-1.508108115665293680e-02,2.699235176658409507e+00,-1.285225459542876925e-01,3.203741806973026129e-05,-6.457332747622501756e-04,1.120422005411736421e-04,2.699318754494584027e-03,2.018818904442332141e-05,-2.282747107397398167e-03,1.358093017485018095e-04,-5.286262826253329550e-03,1.065477810549602111e-01,-1.848727379983028385e-02,-4.453950801243138358e-01,-3.331107177326431135e-03,3.766596031346125528e-01,-2.240891140887502075e-02,0.000000000000000000e+00,0.000000000000000000e+00,0.000000000000000000e+00,0.000000000000000000e+00,0.000000000000000000e+00,0.000000000000000000e+00,0.000000000000000000e+00
1.203000000000000069e+00,5.236490067495322420e-02,4.084110019555768911e-01,1.325265263752561928e-02,-1.575663368650719320e+00,-1.508106258908933212e-02,2.699233077160924310e+00,-1.285224210472024620e-01,2.696514165712038391e-05,-5.434985175378770350e-04,9.430328631943041273e-05,2.271953140361659962e-03,1.699192413692762749e-05,-1.921334577719591152e-03,1.143074966911683532e-04,-4.857923200357605609e-03,9.791434034701396172e-02,-1.698927186471577144e-02,-4.093052434539288242e-01,-3.061191501725346598e-03,3.461393208861807125e-01,-2.059314381556909268e-02,0.000000000000000000e+00,0.000000000000000000e+00,0.000000000000000000e+00,0.000000000000000000e+00,0.000000000000000000e+00,0.000000000000000000e+00,0.000000000000000000e+00
1.203999999999999959e+00,5.236492528279845793e-02,4.084105059697744622e-01,1.325273869680565486e-02,-1.575661295312034582e+00,-1.508104708260153692e-02,2.699231323789682335e+00,-1.285223167324829330e-01,2.232230588256056691e-05,-4.499193925777689174e-04,7.806622452499745179e-05,1.880770128881437131e-03,1.406626870126270745e-05,-1.590520780197834938e-03,9.462612650978918793e-05,-4.427380934153513081e-03,8.923650410955019652e-02,-1.548356679114659684e-02,-3.730298229053090608e-01,-2.789887845393135279e-03,3.154620949420490206e-01,-1.876803904529023015e-02,0.000000000000000000e+00,0.000000000000000000e+00,0.000000000000000000e+00,0.000000000000000000e+00,0.000000000000000000e+00,0.000000000000000000e+00,0.000000000000000000e+00
1.205000000000000071e+00,5.236494546344666601e-02,4.084100992167707389e-01,1.325280927316185853e-02,-1.575659594987681267e+00,-1.508103436588573154e-02,2.699229885867430845e+00,-1.285222311850230392e-01,1.811111523414288271e-05,-3.650403326567186468e-04,6.333872475861035412e-05,1.525955459630523592e-03,1.141261188261633031e-05,-1.290462790183966035e-03,7.677453621512952964e-05,-3.994632331935976666e-03,8.051419785343227886e-02,-1.397014565439125278e-02,-3.365685070961177416e-01,-2.517193879503554221e-03,2.846276619738432601e-01,-1.693358143163337104e-02,0.000000000000000000e+00,0.000000000000000000e+00,0.000000000000000000e+00,0.000000000000000000e+00,0.000000000000000000e+00,0.000000000000000000e+00,0.000000000000000000e+00
1.205999999999999961e+00,5.236496164964668520e-02,4.084097729742526273e-01,1.325286588001650667e-02,-1.575658231216319649e+00,-1.508102416624777786e-02,2.699228732559721067e+00,-1.285221625703638071e-01,1.433377789583634154e-05,-2.889058450401549294e-04,5.012850954533298875e-05,1.207695183563117780e-03,9.032345155007837079e-06,-1.021317946364064255e-03,6.076208648320147176e-05,-3.559673697999254927e-03,7.174734708951291395e-02,-1.244899552972356105e-02,-2.999209846439896410e-01,-2.243107275229916375e-03,2.536357586532460573e-01,-1.508975530819611777e-02,0.000000000000000000e+00,0.000000000000000000e+00,0.000000000000000000e+00,0.000000000000000000e+00,0.000000000000000000e+00,0.000000000000000000e+00,0.000000000000000000e+00
1.207000000000000073e+00,5.236497427635747326e-02,4.084095184753633312e-01,1.325291003852085980e-02,-1.575657167350400734e+00,-1.508101620960083933e-02,2.699227832874625754e+00,-1.285221090446779235e-01,1.099250574726484686e-05,-2.215605114779251039e-04,3.844331433677794507e-05,9.261756630145612235e-04,6.926862321232629682e-06,-7.832438507655581361e-04,4.659815365726238667e-05,-3.122501336638938696e-03,6.293587732863414885e-02,-1.092010349241201439e-02,-2.630869441666021658e-01,-1.967625703745201626e-03,2.224861216518831952e-01,-1.323654500856896732e-02,0.000000000000000000e+00,0.000000000000000000e+00,0.000000000000000000e+00,0.000000000000000000e+00,0.000000000000000000e+00,0.000000000000000000e+00,0.000000000000000000e+00
1.207999999999999963e+00,5.236498378075171711e-02,4.084093269086270794e-01,1.325294327756781909e-02,-1.575656366555857169e+00,-1.508101022046316048e-02,2.699227155662485167e+00,-1.285220687547537488e-01,8.089514363707195344e-06,-1.630489882114005695e-04,2.829088750644359607e-05,6.815835717048912556e-04,5.097559512917682056e-06,-5.763983687288032343e-04,3.429212974670470260e-05,-2.683111552148620405e-03,5.407971408168421590e-02,-9.383456617729102334e-03,-2.260660742815758795e-01,-1.690746836222833949e-03,1.911784876414515111e-01,-1.137393486635307482e-02,0.000000000000000000e+00,0.000000000000000000e+00,0.000000000000000000e+00,0.000000000000000000e+00,0.000000000000000000e+00,0.000000000000000000e+00,0.000000000000000000e+00
1.209000000000000075e+00,5.236499060221953827e-02,4.084091894178740745e-01,1.325296713380569313e-02,-1.575655791811785278e+00,-1.508100592195565914e-02,2.699226669615642393e+00,-1.285220398379796625e-01,5.627023015930543437e-06,-1.134160059708122503e-04,1.967899035526521345e-05,4.741058947175247340e-04,3.545835190382762292e-06,-4.009396289248456924e-04,2.385342242749999286e-05,-2.241500648824112929e-03,4.517878285948739858e-02,-7.839041980944649879e-03,-1.888580636065881890e-01,-1.412468343835904250e-03,1.597125932935199444e-01,-9.501909215141601805e-03,0.000000000000000000e+00,0.000000000000000000e+00,0.000000000000000000e+00,0.000000000000000000e+00,0.000000000000000000e+00,0.000000000000000000e+00,0.000000000000000000e+00
1.209999999999999964e+00,5.236499518237207329e-02,4.084090971021674399e-01,1.325298315164974428e-02,-1.575655405910165285e+00,-1.508100303579970602e-02,2.699226343268184003e+00,-1.285220204223290197e-01,3.607254670856541168e-06,-7.270636998057966593e-05,1.261539710672998638e-05,3.039299285454433175e-04,2.273090143084521841e-06,-2.570260233625276669e-04,1.529145504175488668e-05,-1.797664930959452789e-03,3.623300917291771839e-02,-6.286846657331146559e-03,-1.514626007593022905e-01,-1.132787897757947526e-03,1.280881752798137541e-01,-7.620452388530374321e-03,0.000000000000000000e+00,0.000000000000000000e+00,0.000000000000000000e+00,0.000000000000000000e+00,0.000000000000000000e+00,0.000000000000000000e+00,0.000000000000000000e+00
1.211000000000000076e+00,5.236499796504534565e-02,4.084090410157268369e-01,1.325299288329662151e-02,-1.575655171455495385e+00,-1.508100128231460585e-02,2.699226144995669152e+00,-1.285220086263434980e-01,2.032435990839687179e-06,-4.096495994421189835e-05,7.107894911095868906e-06,1.712432810521136162e-04,1.280727489061384006e-06,-1.448162073671710459e-04,8.615666597933113735e-06,-1.351600702850008773e-03,2.724231853283143323e-02,-4.726857722157973285e-03,-1.138793743573103256e-01,-8.517031691621657075e-04,9.630497027194451221e-02,-5.729548720114330251e-03,0.000000000000000000e+00,0.000000000000000000e+00,0.000000000000000000e+00,0.000000000000000000e+00,0.000000000000000000e+00,0.000000000000000000e+00,0.000000000000000000e+00
1.211999999999999966e+00,5.236499939630401279e-02,4.084090121678545238e-01,1.325299788873651741e-02,-1.575655050864527063e+00,-1.508100038041548102e-02,2.699226043014870235e+00,-1.285220025591181092e-01,9.047973337783510317e-07,-1.823673006207116032e-05,3.164283841394777141e-06,7.623387148214533227e-05,5.701526752388552666e-07,-6.446909959834101755e-05,3.835511770855504210e-06,-9.033042687907055779e-04,1.820663645008124831e-02,-3.159062250699395946e-03,-7.610807301836075567e-02,-5.692118292216497011e-04,6.436271494162326690e-02,-3.829182543491072011e-03,0.000000000000000000e+00,0.000000000000000000e+00,0.000000000000000000e+00,0.000000000000000000e+00,0.000000000000000000e+00,0.000000000000000000e+00,0.000000000000000000e+00
1.213000000000000078e+00,5.236499992444468288e-02,4.084090015228640791e-01,1.325299973576565815e-02,-1.575655006365932920e+00,-1.508100004761073892e-02,2.699226005383509097e+00,-1.285220003202854344e-01,2.265727537809070213e-07,-4.566709020714654343e-06,7.923768965412136822e-07,1.908993045418583279e-05,1.427734773185029837e-07,-1.614388203208250161e-05,9.604609019220333721e-07,-4.527719330753576799e-04,9.125888435512763408e-03,-1.583447318222575007e-03,-3.814838536001730063e-02,-2.853115491099345036e-04,3.226114596039053595e-02,-1.919338192254649300e-03,0.000000000000000000e+00,0.000000000000000000e+00,0.000000000000000000e+00,0.000000000000000000e+00,0.000000000000000000e+00,0.000000000000000000e+00,0.000000000000000000e+00
1.213999999999999968e+00,5.236500000000005040e-02,4.084090000000004661e-01,1.325300000000012579e-02,-1.575654999999999362e+00,-1.508099999999999719e-02,2.699225999999997683e+00,-1.285219999999999141e-01,5.551115123125782702e-17,8.881784197001252323e-16,2.220446049250313081e-16,-7.105427357601001859e-15,5.551115123125782702e-17,-7.105427357601001859e-15,0.000000000000000000e+00,0.000000000000000000e+00,7.105427357601001859e-15,0.000000000000000000e+00,-2.842170943040400743e-14,0.000000000000000000e+00,0.000000000000000000e+00,0.000000000000000000e+00,0.000000000000000000e+00,0.000000000000000000e+00,0.000000000000000000e+00,0.000000000000000000e+00,0.000000000000000000e+00,0.000000000000000000e+00,0.000000000000000000e+00
