t,x,y,z,vx,vy,vz,wx,wy,wz,tvx,tvy,tvz
0.000000000000000000e+00,6.229218148397244192e-01,5.060755878367800831e-02,8.861560124567414987e-02,0.000000000000000000e+00,0.000000000000000000e+00,0.000000000000000000e+00,0.000000000000000000e+00,0.000000000000000000e+00,0.000000000000000000e+00,0.000000000000000000e+00,0.000000000000000000e+00,0.000000000000000000e+00
9.991258046111646009e-04,6.229218606169952821e-01,5.060757404146229432e-02,8.861564458133995570e-02,2.220296933180475026e-04,9.483331414915973441e-05,-4.899059318904131497e-04,1.041351384012847276e-04,3.706217896040251911e-04,1.778443794036802666e-04,2.220296933180475026e-04,9.483331414915973441e-05,-4.899059318904131497e-04
1.998251609222329202e-03,6.229221808174221220e-01,5.060768076618242517e-02,8.861594770389771836e-02,8.877338256712490700e-04,3.791654739773676550e-04,-1.958766404716962874e-03,4.163577184626862746e-04,1.481840786870448467e-03,7.110662038931260141e-04,8.877338256712490700e-04,3.791654739773676550e-04,-1.958766404716962874e-03
2.997377413833493803e-03,6.229230496225725000e-01,5.060797034748668738e-02,8.861677017613606155e-02,1.997131599495383537e-03,8.529866722671477879e-04,-4.406581277123045558e-03,9.366644908330328846e-04,3.333668701187193079e-03,1.599664937092437058e-03,1.997131599495383537e-03,8.529866722671477879e-04,-4.406581277123045558e-03
3.996503218444658403e-03,6.229247412098718462e-01,5.060853418419709177e-02,8.861837157193007408e-02,3.550272927218287543e-03,1.516271417937786400e-03,-7.833350181060304979e-03,1.665047009344534272e-03,5.926135968285166367e-03,2.843639184832059616e-03,3.550272927218287543e-03,1.516271417937786400e-03,-7.833350181060304979e-03
4.995629023055822571e-03,6.229275297478299445e-01,5.060946369488980578e-02,8.862101148902763736e-02,5.547253781164320982e-03,2.368970698664255546e-03,-1.223907240639435928e-02,2.601489032771206987e-03,9.259301109640955332e-03,4.442986266459046998e-03,5.547253781164320982e-03,2.368970698664255546e-03,-1.223907240639435928e-02
5.994754827666987605e-03,6.229316893893512841e-01,5.061085033270704137e-02,8.862494956694738635e-02,7.988231543982149407e-03,3.411004146765157785e-03,-1.762374678172424353e-02,3.745963925238658850e-03,1.333326009099455520e-02,6.397701786250311815e-03,7.988231543982149407e-03,3.411004146765157785e-03,-1.762374678172424353e-02
6.993880632278152640e-03,6.229374942631379364e-01,5.061278560439974594e-02,8.863044550998955273e-02,1.087344035998130155e-02,4.642252210768038796e-03,-2.398737154862649879e-02,5.098432054291767226e-03,1.814815567933018500e-02,8.707779205004966688e-03,1.087344035998130155e-02,4.642252210768038796e-03,-2.398737154862649879e-02
7.993006436889316807e-03,6.229452184631736333e-01,5.061536109360324776e-02,8.863775911535380636e-02,1.420320648787154992e-02,6.062548335748955616e-03,-3.132994422573858601e-02,6.658838185342892332e-03,2.370418679748140939e-02,1.137320941191369110e-02,1.420320648787154992e-02,6.062548335748955616e-03,-3.132994422573858601e-02
8.992132241500480974e-03,6.229551360362926005e-01,5.061866848834536969e-02,8.864715030636795279e-02,1.797796365550868164e-02,7.671671156231902114e-03,-3.965146145829988311e-02,8.427108870939494997e-03,3.000161787533511121e-02,1.439398029682536009e-02,1.797796365550868164e-02,7.671671156231902114e-03,-3.965146145829988311e-02
9.991258046111645141e-03,6.229675209678220416e-01,5.062279961278993989e-02,8.865887917081785585e-02,2.219826841735620879e-02,9.469336706123546860e-03,-4.895191884797318871e-02,1.040314983300608814e-02,3.704078819642105114e-02,1.777007632305364904e-02,2.219826841735620879e-02,9.469336706123546860e-03,-4.895191884797318871e-02
1.099038385072281104e-02,6.229826471652972764e-01,5.062784646321615706e-02,8.867320600438188816e-02,2.686481551548007204e-02,1.145519065084926041e-02,-5.923131075697420089e-02,1.258684333593138027e-02,4.482212123848609148e-02,2.150147810088972461e-02,2.686481551548007204e-02,1.145519065084926041e-02,-5.923131075697420089e-02
1.198950965533397521e-02,6.230007586225585481e-01,5.063426812436666591e-02,8.869039135915658678e-02,3.197844521918638550e-02,1.362881937919393528e-02,-7.057392031421837186e-02,1.497801413331959278e-02,5.334614282680723296e-02,2.558816196201054230e-02,3.197844521918638550e-02,1.362881937919393528e-02,-7.057392031421837186e-02
1.298863545994513938e-02,6.230222127558837641e-01,5.064112695340108189e-02,8.871069609727522121e-02,3.754019701510948048e-02,1.598965238907151115e-02,-8.383191758759628298e-02,1.757657680184297397e-02,6.261344834554964656e-02,3.003009953499728019e-02,3.754019701510948048e-02,1.598965238907151115e-02,-8.383191758759628298e-02
1.398776126455630528e-02,6.230473187734298923e-01,5.064807737726403220e-02,8.873438144960621443e-02,4.355129326953972174e-02,1.853702890802391007e-02,-9.956619995236623555e-02,2.038240908798192100e-02,7.262474688105932663e-02,3.482725732220445097e-02,4.355129326953972174e-02,1.853702890802391007e-02,-9.956619995236623555e-02
1.498688706916746945e-02,6.230764258980748815e-01,5.065428020302923523e-02,8.876170907952415923e-02,5.001318177446751473e-02,2.127012637348230095e-02,-1.177767540869310847e-01,2.339545574021054467e-02,8.338084063744950758e-02,3.997959627824660550e-02,5.001318177446751473e-02,2.127012637348230095e-02,-1.177767540869310847e-01
1.598601287377863361e-02,6.231098832091083173e-01,5.065889640932147442e-02,8.879294115174131419e-02,5.692754482611507572e-02,2.418796739878575214e-02,-1.384635638009474590e-01,2.661570142698065772e-02,9.488264110107752503e-02,4.548707139039963321e-02,5.692754482611507572e-02,2.418796739878575214e-02,-1.384635638009474590e-01
1.698513867838979952e-02,6.231480396004024369e-01,5.066108713436347222e-02,8.882834040618875493e-02,6.429631736198003489e-02,2.728940545541055224e-02,-1.616266095154904880e-01,3.004317918714142013e-02,1.071311752139939427e-01,5.134963126124317268e-02,6.429631736198003489e-02,2.728940545541055224e-02,-1.616266095154904880e-01
1.798426448300096195e-02,6.231912437254162329e-01,5.066001365900004577e-02,8.886817023692986095e-02,7.212170506994840247e-02,3.057311056186204704e-02,-1.872658676535564615e-01,3.367797888818768737e-02,1.201275915299741398e-01,5.756721769390446553e-02,7.212170506994840247e-02,3.057311056186204704e-02,-1.872658676535564615e-01
1.898339028761212785e-02,6.232397926805964827e-01,5.065489890288354252e-02,8.891265202693830749e-02,8.018674700857057747e-02,3.394470905014694562e-02,-2.145303560102100604e-01,3.741786479744695776e-02,1.335078411454469482e-01,6.396474720527661750e-02,8.018674700857057747e-02,3.394470905014694562e-02,-2.145303560102100604e-01
1.998251609222329028e-02,6.232937776844039712e-01,5.064521257172602264e-02,8.896183640607595311e-02,8.827083592741050144e-02,3.730878545958374315e-02,-2.425569911849177474e-01,4.115921008041029117e-02,1.469023687262814848e-01,7.036466150092106353e-02,8.827083592741050144e-02,3.730878545958374315e-02,-2.425569911849177474e-01
2.098164189683445618e-02,6.233532353900866907e-01,5.063048945690199615e-02,8.901572927205882169e-02,9.637209067982092925e-02,4.066278407179683280e-02,-2.713321313558892389e-01,4.490064179362610042e-02,1.603060928900644222e-01,7.676411862434986966e-02,9.637209067982092925e-02,4.066278407179683280e-02,-2.713321313558892389e-01
2.198076770144562209e-02,6.234182048448607683e-01,5.061010686691534699e-02,8.907431920308674089e-02,1.044600282796313145e-01,4.399263959287760817e-02,-3.007435950937876745e-01,4.864900077635113396e-02,1.736614679272899253e-01,8.315820523249414786e-02,1.044600282796313145e-01,4.399263959287760817e-02,-3.007435950937876745e-01
2.297989350605678452e-02,6.234887131723344522e-01,5.058396074956832134e-02,8.913765156184610960e-02,1.124322091280144237e-01,4.725663114155381761e-02,-3.304220405927783544e-01,5.242521798854318099e-02,1.867834250964560405e-01,8.953174522851729822e-02,1.124322091280144237e-01,4.725663114155381761e-02,-3.304220405927783544e-01
2.397901931066795042e-02,6.235647947364169053e-01,5.055153166247342011e-02,8.920572408995339209e-02,1.202188466593243077e-01,5.042560604734003249e-02,-3.600564156120135695e-01,5.624388285146397770e-02,1.995447331160088711e-01,9.587423207717396534e-02,1.202188466593243077e-01,5.042560604734003249e-02,-3.600564156120135695e-01
2.497814511527911632e-02,6.236464676171398214e-01,5.051262226471146810e-02,8.927855390656000423e-02,1.278207109854341827e-01,5.349879179819272412e-02,-3.891687939056241996e-01,6.010526600364722583e-02,2.119458948443833091e-01,1.021857963165423155e-01,1.278207109854341827e-01,5.349879179819272412e-02,-3.891687939056241996e-01
2.597727091989027876e-02,6.237337285757493799e-01,5.046729379100104579e-02,8.935615859290660379e-02,1.352384227308782161e-01,5.647551786349381403e-02,-4.175666023362562540e-01,6.400954008279186036e-02,2.239874023317658114e-01,1.084665941780958709e-01,1.352384227308782161e-01,5.647551786349381403e-02,-4.175666023362562540e-01
2.697639672450144466e-02,6.238265714456411315e-01,5.041563977702787080e-02,8.943855618717862221e-02,1.424724681630139822e-01,5.935517982856374636e-02,-4.452500746684625588e-01,6.795683935038579482e-02,2.356697201715162449e-01,1.147168075653878239e-01,1.424724681630139822e-01,5.935517982856374636e-02,-4.452500746684625588e-01
2.797552252911261056e-02,6.239249897721778071e-01,5.035775367817191261e-02,8.952576517917409937e-02,1.495232016674747921e-01,6.213723353919690939e-02,-4.722194730997497647e-01,7.194726938299719765e-02,2.469932828180558537e-01,1.209366440283322908e-01,1.495232016674747921e-01,6.213723353919690939e-02,-4.722194730997497647e-01
2.897464833372377299e-02,6.240289891609005490e-01,5.029344394131857188e-02,8.961777725587846688e-02,1.564242001254780579e-01,6.481995037265508852e-02,-4.984501026939148205e-01,7.598138492721037696e-02,2.579696230829670034e-01,1.271262533557654395e-01,1.564242001254780579e-01,6.481995037265508852e-02,-4.984501026939148205e-01
2.997377413833493889e-02,6.241385336867399936e-01,5.022347196210403403e-02,8.971467572802492574e-02,1.633745618359892238e-01,6.739789392836365023e-02,-5.237921360570709783e-01,8.006075647180872779e-02,2.686653351580985949e-01,1.332860875888172147e-01,1.633745618359892238e-01,6.739789392836365023e-02,-5.237921360570709783e-01
3.097289994294610133e-02,6.242536183770962532e-01,5.014787906655597538e-02,8.981647523534448674e-02,1.705403458049018217e-01,6.986603419396461567e-02,-5.481206614310939473e-01,8.418695950494310687e-02,2.791360751120860462e-01,1.394164281691766538e-01,1.705403458049018217e-01,6.986603419396461567e-02,-5.481206614310939473e-01
3.197202574755726723e-02,6.243742235058531431e-01,5.006704250143976381e-02,8.992322279694274501e-02,1.779211730866525620e-01,7.222456066557640664e-02,-5.714357638763993830e-01,8.835974158382475796e-02,2.893820613153104682e-01,1.455176886557443261e-01,1.779211730866525620e-01,7.222456066557640664e-02,-5.714357638763993830e-01
3.297115155216843313e-02,6.245003291687080127e-01,4.998133949112681940e-02,9.003496559009696587e-02,1.855165110813427054e-01,7.447376566797517250e-02,-5.937375272650250446e-01,9.257879860135670436e-02,2.994034714731744762e-01,1.515903193057642484e-01,1.855165110813427054e-01,7.447376566797517250e-02,-5.937375272650250446e-01
3.397027735677959903e-02,6.246319153047183992e-01,4.989114723923338685e-02,9.015175092400810886e-02,1.933256737910415968e-01,7.661404090778392573e-02,-6.150260349596400333e-01,9.684377677574163013e-02,3.092004429433101720e-01,1.576348058250241491e-01,1.933256737910415968e-01,7.661404090778392573e-02,-6.150260349596400333e-01
3.496940316139075799e-02,6.247689617157567987e-01,4.979684292993528244e-02,9.027362621526383024e-02,2.013478220857772005e-01,7.864587402122230619e-02,-6.353013705217238627e-01,1.011542746350347494e-01,3.187730730594028894e-01,1.636516681143113106e-01,2.013478220857772005e-01,7.864587402122230619e-02,-6.353013705217238627e-01
3.596852896600192390e-02,6.249114480838698915e-01,4.969880372895514598e-02,9.040063896501980556e-02,2.095819639782924571e-01,8.056984511474792054e-02,-6.545636184479897146e-01,1.055098449970792718e-01,3.281214194608594314e-01,1.696414590120444987e-01,2.095819639782924571e-01,8.056984511474792054e-02,-6.545636184479897146e-01
3.696765477061308980e-02,6.250593539865479942e-01,4.959740678421775684e-02,9.053283673789017105e-02,2.180269549066621015e-01,8.238662329691870401e-02,-6.728128649341794665e-01,1.099099969452655007e-01,3.372455004275873858e-01,1.756047630330026255e-01,2.180269549066621015e-01,8.238662329691870401e-02,-6.728128649341794665e-01
3.796678057522425570e-02,6.252126589099017417e-01,4.949302922617136724e-02,9.067026714255543851e-02,2.266814980239097721e-01,8.409696319982098989e-02,-6.900491986653777277e-01,1.143541978005451071e-01,3.461452952191758081e-01,1.815421951030696812e-01,2.266814980239097721e-01,8.409696319982098989e-02,-6.900491986653777277e-01
3.896590637983542160e-02,6.253713422597523275e-01,4.938604816777253381e-02,9.081297781407923764e-02,2.355441444937904083e-01,8.570170148840983160e-02,-7.062727116320408616e-01,1.188418750901362730e-01,3.548207444178109737e-01,1.874543992899151412e-01,2.355441444937904083e-01,8.570170148840983160e-02,-7.062727116320408616e-01
3.996503218444658057e-02,6.255353833706319699e-01,4.927684070413258094e-02,9.096101639793503779e-02,2.446132937919431871e-01,8.720175335612220802e-02,-7.214834999709652807e-01,1.233724185133480838e-01,3.632717502742810467e-01,1.933420475295289931e-01,2.446132937919431871e-01,8.720175335612220802e-02,-7.214834999709652807e-01
4.096415798905774647e-02,6.257047615127009355e-01,4.916578391182484242e-02,9.111443053574089235e-02,2.538871940116482206e-01,8.859810900513029330e-02,-7.356816648304577155e-01,1.279451819049505779e-01,3.714981770564684815e-01,1.992058383485285078e-01,2.538871940116482206e-01,8.859810900513029330e-02,-7.356816648304577155e-01
4.196328379366891237e-02,6.258794558965774524e-01,4.905325484785150181e-02,9.127326785269651577e-02,2.633639421734599861e-01,8.989183010961149245e-02,-7.488673132590059067e-01,1.325594851965141152e-01,3.794998513997484002e-01,2.050464955821534874e-01,2.633639421734599861e-01,8.989183010961149245e-02,-7.488673132590059067e-01
4.296240959828007827e-02,6.260594456760872895e-01,4.893963054826971915e-02,9.143757594671977906e-02,2.730414845380231270e-01,9.108404626042873597e-02,-7.610405591167919148e-01,1.372146163761381321e-01,3.872765626587567067e-01,2.108647670878674441e-01,2.730414845380231270e-01,9.108404626042873597e-02,-7.610405591167919148e-01
4.396153540289124417e-02,6.262447099489285574e-01,4.882528802647680133e-02,9.160740237927865459e-02,2.829176169214136505e-01,9.217595138961430512e-02,-7.722015240094172173e-01,1.419098334469849343e-01,3.948280632600144613e-01,2.166614234544776973e-01,2.829176169214136505e-01,9.217595138961430512e-02,-7.722015240094172173e-01
4.496066120750241007e-02,6.264352277552585058e-01,4.871060427115405517e-02,9.178279466791247621e-02,2.929899850123843796e-01,9.316880017307557771e-02,-7.823503382432587250e-01,1.466443663850312551e-01,4.021540690549335606e-01,2.224372567066907891e-01,2.929899850123843796e-01,9.316880017307557771e-02,-7.823503382432587250e-01
4.595978701211356904e-02,6.266309780742006508e-01,4.859595624387007262e-02,9.196380028043706079e-02,3.032560846909340135e-01,9.406390440994480406e-02,-7.914871418019044924e-01,1.514174190964452382e-01,4.092542596727608561e-01,2.281930790050141211e-01,3.032560846909340135e-01,9.406390440994480406e-02,-7.914871418019044924e-01
4.695891281672473494e-02,6.268319401221118525e-01,4.848171369578055390e-02,9.215046597618335722e-02,3.136831840941600169e-01,9.486342441509776346e-02,-7.996348969273301410e-01,1.562279090596608300e-01,4.161182637323117550e-01,2.339297181654239888e-01,3.136831840941600169e-01,9.486342441509776346e-02,-7.996348969273301410e-01
4.795803862133590084e-02,6.270380959463154324e-01,4.836817754073415021e-02,9.234283221172255585e-02,3.240699200597188523e-01,9.557394591960773067e-02,-8.069444964164095291e-01,1.610732981721363088e-01,4.226795788177868940e-01,2.396479886724881825e-01,3.240699200597188523e-01,9.557394591960773067e-02,-8.069444964164095291e-01
4.895716442594706674e-02,6.272494345912880132e-01,4.825548037015035818e-02,9.254092421656663625e-02,3.342447222687264796e-01,9.620094034254300652e-02,-8.135445900979008105e-01,1.659514736691589110e-01,4.288816609881405673e-01,2.453486442154931835e-01,3.342447222687264796e-01,9.620094034254300652e-02,-8.135445900979008105e-01
4.995629023055823265e-02,6.274659466521234075e-01,4.814371428749168735e-02,9.274476376989072846e-02,3.442048486232399673e-01,9.674528902757183191e-02,-8.194358594589065126e-01,1.708618639610119117e-01,4.347242085047164917e-01,2.510324317503669356e-01,3.442048486232399673e-01,9.674528902757183191e-02,-8.194358594589065126e-01
5.095541603516939161e-02,6.276876225582214142e-01,4.803297121541365983e-02,9.295437288425267841e-02,3.539474299366762722e-01,9.720789409403889081e-02,-8.246190281906916608e-01,1.758038895672386914e-01,4.402068947962347045e-01,2.567001089675021164e-01,3.539474299366762722e-01,9.720789409403889081e-02,-8.246190281906916608e-01
5.195454183978055751e-02,6.279144525648439057e-01,4.792334288666882242e-02,9.316977380260102470e-02,3.634694701406815942e-01,9.758967813086832921e-02,-8.290948629016856586e-01,1.807769630616052892e-01,4.453293686681216168e-01,2.623524441114140071e-01,3.634694701406815942e-01,9.758967813086832921e-02,-8.290948629016856586e-01
5.295366764439172341e-02,6.281464267439990090e-01,4.781492083494513767e-02,9.339098899505748896e-02,3.727678464971688754e-01,9.789158386737882578e-02,-8.328641738574283915e-01,1.857804890182164215e-01,4.500912545192449765e-01,2.679902157887151248e-01,3.727678464971688754e-01,9.789158386737882578e-02,-8.328641738574283915e-01
5.395279344900288931e-02,6.283835349746585974e-01,4.770779638563620029e-02,9.361804115546823457e-02,3.818393098154834742e-01,9.811457382026866902e-02,-8.359278157475434901e-01,1.908138639589525010e-01,4.544921525660925443e-01,2.736142127639599742e-01,3.818393098154834742e-01,9.811457382026866902e-02,-8.359278157475434901e-01
5.495191925361405522e-02,6.286257669323158659e-01,4.760206064654126656e-02,9.385095319772192302e-02,3.906804846746661508e-01,9.825962991600757646e-02,-8.382866884798139129e-01,1.958764763023954913e-01,4.585316390744317849e-01,2.792252337428993147e-01,3.906804846746661508e-01,9.825962991600757646e-02,-8.382866884798139129e-01
5.595104505822522112e-02,6.288731120778862094e-01,4.749780449849252267e-02,9.408974825182354895e-02,3.992878696507849989e-01,9.832775308788883895e-02,-8.399417380014506662e-01,2.009677063144222064e-01,4.622092665984949278e-01,2.848240871426771514e-01,3.992878696507849989e-01,9.832775308788883895e-02,-8.399417380014506662e-01
5.695017086283638008e-02,6.291255596459595090e-01,4.739511858590680915e-02,9.433444965972019591e-02,4.076578375493515871e-01,9.831996284697938626e-02,-8.408939571476247155e-01,2.060869260606475739e-01,4.655245642277315854e-01,2.904115908485008779e-01,4.076578375493515871e-01,9.831996284697938626e-02,-8.408939571476247155e-01
5.794929666744754598e-02,6.293830986901334246e-01,4.729408901167563711e-02,9.458508052288022716e-02,4.158178341114613374e-01,9.824816196686785019e-02,-8.412446638878704475e-01,2.112279052046477090e-01,4.685302166480597164e-01,2.959925934620674104e-01,4.158178341114613374e-01,9.824816196686785019e-02,-8.412446638878704475e-01
5.894842247205871189e-02,6.296457183813761738e-01,4.719477359279065920e-02,9.484166122927985276e-02,4.238752130605540347e-01,9.815169785114377654e-02,-8.413499825602221982e-01,2.163702544868213729e-01,4.714143053742427814e-01,3.015820862225654930e-01,4.238752130605540347e-01,9.815169785114377654e-02,-8.413499825602221982e-01
5.994754827666987779e-02,6.299134082342993102e-01,4.709718197524655203e-02,9.510420740424001262e-02,4.319077163156336829e-01,9.805870163397020778e-02,-8.414660037925978386e-01,2.214992946551780362e-01,4.743124436154282919e-01,3.071908668829295141e-01,4.319077163156336829e-01,9.805870163397020778e-02,-8.414660037925978386e-01
6.094667408128104369e-02,6.301861575826135375e-01,4.700131274945631987e-02,9.537273379952794505e-02,4.399139447302019001e-01,9.796948906022262538e-02,-8.415931408735746189e-01,2.266146464026760898e-01,4.772247875535457484e-01,3.128194224535216228e-01,4.399139447302019001e-01,9.796948906022262538e-02,-8.415931408735746189e-01
6.194579988589220265e-02,6.304639554287164716e-01,4.690716440277225424e-02,9.564725543630347993e-02,4.478925009733608076e-01,9.788437274975411717e-02,-8.417318133031370664e-01,2.317159288150161534e-01,4.801514955364198367e-01,3.184682370958625830e-01,4.478925009733608076e-01,9.788437274975411717e-02,-8.417318133031370664e-01
6.294492569050337549e-02,6.307467904424342020e-01,4.681473531888404732e-02,9.592778760405806793e-02,4.558419895815588596e-01,9.780366203256779523e-02,-8.418824469962528090e-01,2.368027593472732950e-01,4.830927281361740988e-01,3.241377920167627935e-01,4.558419895815588596e-01,9.780366203256779523e-02,-8.418824469962528090e-01
6.394405149511453446e-02,6.310346509597495324e-01,4.672402377718985061e-02,9.621434585951488261e-02,4.637610170118328101e-01,9.772766278354011460e-02,-8.420454744859328100e-01,2.418747538013254761e-01,4.860486482078035242e-01,3.298285653614248525e-01,4.637610170118328101e-01,9.772766278354011460e-02,-8.420454744859328100e-01
6.494317729972569342e-02,6.313275249815203383e-01,4.663502795214018171e-02,9.650694602548712253e-02,4.714516813150191332e-01,9.763029215407884043e-02,-8.419894189829439934e-01,2.469448880655822076e-01,4.888540412866861917e-01,3.355335387311048079e-01,4.714516813150191332e-01,9.763029215407884043e-02,-8.419894189829439934e-01
6.594230310433686626e-02,6.316254001721881561e-01,4.654774591255481792e-02,9.680560418969837155e-02,4.785914169921148265e-01,9.746898033189825561e-02,-8.413356506433794513e-01,2.520345325184190077e-01,4.912381658531541073e-01,3.412409821120695463e-01,4.785914169921148265e-01,9.746898033189825561e-02,-8.413356506433794513e-01
6.694142890894802522e-02,6.319282656956611843e-01,4.646202777353642538e-02,9.711032150979098665e-02,4.850548252189294529e-01,9.722718872832303294e-02,-8.399364353081411050e-01,2.571518429525285754e-01,4.930945434133077176e-01,3.469464007453952892e-01,4.850548252189294529e-01,9.722718872832303294e-02,-8.399364353081411050e-01
6.794055471355919806e-02,6.322361045683931868e-01,4.637819053552692111e-02,9.742114742046047160e-02,4.909442577376016970e-01,9.694203066824702564e-02,-8.381237141249789913e-01,2.622776366953490368e-01,4.945991221918156766e-01,3.526639078976284702e-01,4.909442577376016970e-01,9.694203066824702564e-02,-8.381237141249789913e-01
6.893968051817035703e-02,6.325489070859154905e-01,4.629593833440908551e-02,9.773806863782834309e-02,4.963760734623176574e-01,9.665069196454216527e-02,-8.362510528423221512e-01,2.673923097605377386e-01,4.959407915684551083e-01,3.584072775884783457e-01,4.963760734623176574e-01,9.665069196454216527e-02,-8.362510528423221512e-01
6.993880632278151599e-02,6.328666601999370922e-01,4.621521581744188201e-02,9.806109695282909378e-02,5.013594501865074049e-01,9.635577030829704792e-02,-8.343420841726774118e-01,2.724942596629479352e-01,4.971319772212134391e-01,3.641776342569866265e-01,5.013594501865074049e-01,9.635577030829704792e-02,-8.343420841726774118e-01
7.093793212739268883e-02,6.331893509882765558e-01,4.613593012190539411e-02,9.839024064505648426e-02,5.058962962451153400e-01,9.605711908263434018e-02,-8.323962549742953687e-01,2.775832748378118664e-01,4.981722134882289321e-01,3.699750593133027121e-01,5.058962962451153400e-01,9.605711908263434018e-02,-8.323962549742953687e-01
7.193705793200384779e-02,6.335169661966768562e-01,4.605798849913048804e-02,9.872550835081236875e-02,5.099886477454297351e-01,9.575454772030993211e-02,-8.304129727324616184e-01,2.826591583626837378e-01,4.990610159144228675e-01,3.757996086735962971e-01,5.099886477454297351e-01,9.575454772030993211e-02,-8.304129727324616184e-01
7.293618373661502063e-02,6.338494922472900361e-01,4.598129832360758895e-02,9.906690906538470620e-02,5.136386683243739926e-01,9.544782513706170923e-02,-8.283916044673459433e-01,2.877217269781726094e-01,4.997978808613021684e-01,3.816513142747801623e-01,5.136386683243739926e-01,9.544782513706170923e-02,-8.283916044673459433e-01
7.393530954122617960e-02,6.341869152464386650e-01,4.590576710219518297e-02,9.941445214512821538e-02,5.168486488976494764e-01,9.513668314576781415e-02,-8.263314756239961145e-01,2.927708101088148940e-01,5.003822851123659321e-01,3.875301855814765606e-01,5.168486488976494764e-01,9.513668314576781415e-02,-8.263314756239961145e-01
7.493443534583733856e-02,6.345292209916543191e-01,4.583130248343236790e-02,9.976814730934920050e-02,5.196210073997370449e-01,9.482081984813585385e-02,-8.242318689450691682e-01,2.978062488841849431e-01,5.008136854740684596e-01,3.934362110837040238e-01,5.196210073997370449e-01,9.482081984813585385e-02,-8.242318689450691682e-01
7.593356115044851140e-02,6.348763949779933080e-01,4.575781226695899845e-02,1.001280046419898845e-01,5.219582885138391859e-01,9.449990300065889970e-02,-8.220920233268768085e-01,3.028278951603510238e-01,5.010915183722962629e-01,3.993693597837487674e-01,5.219582885138391859e-01,9.449990300065889970e-02,-8.220920233268768085e-01
7.693268695505967036e-02,6.352284224036335303e-01,4.568520441304702029e-02,1.004940345931081142e-01,5.238631633909214269e-01,9.417357335153986320e-02,-8.199111326593070403e-01,3.078356105418072475e-01,5.012151994443375669e-01,4.053295826706608262e-01,5.238631633909214269e-01,9.417357335153986320e-02,-8.199111326593070403e-01
7.793181275967084320e-02,6.355852881747546812e-01,4.561338705224636525e-02,1.008662479801563094e-01,5.253384293570766417e-01,9.384144794529332423e-02,-8.176883446501497232e-01,3.128292654040138454e-01,5.011841231263249874e-01,4.113168141807950207e-01,5.253384293570766417e-01,9.384144794529332423e-02,-8.176883446501497232e-01
7.893093856428200217e-02,6.359469769097005898e-01,4.554226849514900199e-02,1.012446559890498171e-01,5.263870096084871664e-01,9.350312339171798492e-02,-8.154227596343569529e-01,3.178087379167095494e-01,5.009976622361531629e-01,4.173309736427918692e-01,5.263870096084871664e-01,9.350312339171798492e-02,-8.154227596343569529e-01
7.993006436889316113e-02,6.363134729424335667e-01,4.547175724227373733e-02,1.016292701750264871e-01,5.270119528933651099e-01,9.315817909591188328e-02,-8.131134293687336534e-01,3.227739130681625546e-01,5.006551675518808864e-01,4.233719667053784108e-01,5.270119528933651099e-01,9.315817909591188328e-02,-8.131134293687336534e-01
8.092919017350433397e-02,6.366847603252763221e-01,4.540176199407527924e-02,1.020201024632932801e-01,5.272164331802786652e-01,9.280618044601089689e-02,-8.107593558125312239e-01,3.277246816905529658e-01,5.001559673856319499e-01,4.294396867463324829e-01,5.272164331802786652e-01,9.280618044601089689e-02,-8.107593558125312239e-01
8.192831597811549293e-02,6.370608228309492249e-01,4.533219166108019837e-02,1.024171651494530516e-01,5.270037493123536088e-01,9.244668195530446331e-02,-8.083594898944278517e-01,3.326609394866965053e-01,4.994993671530417734e-01,4.355340162609412369e-01,5.270037493123536088e-01,9.244668195530446331e-02,-8.083594898944278517e-01
8.292744178272666578e-02,6.374416439539073442e-01,4.526295537415270243e-02,1.028204708997138561e-01,5.263773246469205525e-01,9.207923035537345091e-02,-8.059127302663117165e-01,3.375825860583334115e-01,4.986846489382806835e-01,4.416548282282589111e-01,5.263773246469205525e-01,9.207923035537345091e-02,-8.059127302663117165e-01
8.392656758733782474e-02,6.378272069109756082e-01,4.519396249489303352e-02,1.032300327508700044e-01,5.253407066802036063e-01,9.170336763689211634e-02,-8.034179220443102842e-01,3.424895239362336086e-01,4.977110710547199002e-01,4.478019874534283629e-01,5.253407066802036063e-01,9.170336763689211634e-02,-8.034179220443102842e-01
8.492569339194899758e-02,6.382174946412941807e-01,4.512512262617098674e-02,1.036458641100561212e-01,5.238975666567524669e-01,9.131863403471085494e-02,-8.008738555374574908e-01,3.473816576123862632e-01,4.965778676013059001e-01,4.539753518843318014e-01,5.238975666567524669e-01,9.131863403471085494e-02,-8.008738555374574908e-01
8.592481919656015654e-02,6.386125995765871144e-01,4.504794050763259727e-02,1.040671484648848510e-01,5.220320574613780407e-01,9.086039658342770498e-02,-7.979276325449475848e-01,3.522882280575201364e-01,4.951049178516197524e-01,4.601456402528316114e-01,5.220320574613780407e-01,9.086039658342770498e-02,-7.979276325449475848e-01
8.692394500117131551e-02,6.390124038047226840e-01,4.497006106162591832e-02,1.044946676826831178e-01,5.195424142386065869e-01,9.032082650521706946e-02,-7.942518772530834381e-01,3.572171644401396784e-01,4.931005414201580783e-01,4.663151759040675137e-01,5.195424142386065869e-01,9.032082650521706946e-02,-7.942518772530834381e-01
8.792307080578248835e-02,6.394168782489619840e-01,4.489225114972540676e-02,1.049285209349912762e-01,5.164102004618584818e-01,8.970012040933902919e-02,-7.898196264029828662e-01,3.621685698594191982e-01,4.905469997338229304e-01,4.724846635660061023e-01,5.164102004618584818e-01,8.970012040933902919e-02,-7.898196264029828662e-01
8.892219661039364731e-02,6.398260035053205952e-01,4.481451095836488235e-02,1.053687317580982302e-01,5.126354047417329696e-01,8.899869684376449097e-02,-7.846308088220359522e-01,3.671420331388623448e-01,4.874423635875225758e-01,4.786543724074167061e-01,5.126354047417329696e-01,8.899869684376449097e-02,-7.846308088220359522e-01
8.992132241500482015e-02,6.402397598592086680e-01,4.473684067130864750e-02,1.058153239464005579e-01,5.082180157364324380e-01,8.821697088828094058e-02,-7.786853538813108822e-01,3.721371439802523273e-01,4.837846583729543126e-01,4.848245664274857258e-01,5.082180157364324380e-01,8.821697088828094058e-02,-7.786853538813108822e-01
9.092044821961597911e-02,6.406581272832708729e-01,4.465924046972383904e-02,1.062683215507239237e-01,5.031580221471398939e-01,8.735535415720391272e-02,-7.719831914958885655e-01,3.771534929442037498e-01,4.795718640715120884e-01,4.909955044587580586e-01,5.031580221471398939e-01,8.735535415720391272e-02,-7.719831914958885655e-01
9.191957402422713808e-02,6.410810854352028132e-01,4.458171053225204461e-02,1.067277488766103927e-01,4.974554127134442894e-01,8.641425480207144683e-02,-7.645242521252105794e-01,3.821906714313394460e-01,4.748019152484001526e-01,4.971674401697572243e-01,4.974554127134442894e-01,8.641425480207144683e-02,-7.645242521252105794e-01
9.291869982883831092e-02,6.415086136555481211e-01,4.450425103507947566e-02,1.071936304825798353e-01,4.911101762088362910e-01,8.539407751432685767e-02,-7.563084667734218947e-01,3.872482716640903710e-01,4.694727010480076457e-01,5.033406220672864695e-01,4.911101762088362910e-01,8.539407751432685767e-02,-7.563084667734218947e-01
9.391782563344946988e-02,6.419406909654725712e-01,4.442686215200645355e-02,1.076659911783607176e-01,4.841223014362555643e-01,8.429522352798561602e-02,-7.473357669897207067e-01,3.923258866691177182e-01,4.635820651906065737e-01,5.095152934984095161e-01,4.841223014362555643e-01,8.429522352798561602e-02,-7.473357669897207067e-01
9.491695143806064272e-02,6.423772960645151020e-01,4.434954405451561193e-02,1.081448560230899164e-01,4.764917772236996751e-01,8.311809062229372214e-02,-7.376060848687090443e-01,3.974231102603638655e-01,4.571278059704318442e-01,5.156916926521124545e-01,4.764917772236996751e-01,8.311809062229372214e-02,-7.376060848687090443e-01
9.591607724267180168e-02,6.428184073283229605e-01,4.427229691183900973e-02,1.086302503234830574e-01,4.682185924198913884e-01,8.186307312437193784e-02,-7.271193530507513714e-01,4.025395370227277114e-01,4.501076762552160826e-01,5.218700525606541074e-01,4.682185924198913884e-01,8.186307312437193784e-02,-7.271193530507513714e-01
9.691520304728296065e-02,6.432640028063596471e-01,4.419512089102427266e-02,1.091221996319744758e-01,4.593027358900061419e-01,8.053056191185636870e-02,-7.158755047223326340e-01,4.076747622963676210e-01,4.425193834872284682e-01,5.280506011005966505e-01,4.593027358900061419e-01,8.053056191185636870e-02,-7.158755047223326340e-01
9.791432885189413349e-02,6.437140602195974282e-01,4.411801615699942336e-02,1.096207297448255069e-01,4.497441965114572504e-01,7.912094441552780522e-02,-7.038744736164228577e-01,4.128283821616337557e-01,4.343605896858939719e-01,5.342335609935289220e-01,4.497441965114572504e-01,7.912094441552780522e-02,-7.038744736164228577e-01
9.891345465650529245e-02,6.441685569581868664e-01,4.404098287263677469e-02,1.101258667002023989e-01,4.395429631697382877e-01,7.763460462194116118e-02,-6.911161940128476289e-01,4.179999934246287907e-01,4.256289114520544481e-01,5.404191498064775390e-01,4.395429631697382877e-01,7.763460462194116118e-02,-6.911161940128476289e-01
9.991258046111646529e-02,6.446274700791075896e-01,4.396402119881532428e-02,1.106376367762235552e-01,4.286990247543299715e-01,7.607192307604733472e-02,-6.776006007386579100e-01,4.231891936033987944e-01,4.163219199739351950e-01,5.466075799520121459e-01,4.286990247543299715e-01,7.607192307604733472e-02,-6.776006007386579100e-01
1.009117062657276243e-01,6.450907763037961873e-01,4.388713129448235106e-02,1.111560664889719302e-01,4.173987242070825721e-01,7.445683863788407630e-02,-6.635477650541377059e-01,4.283833007503418111e-01,4.065998630476835296e-01,5.528060796134967037e-01,4.173987242070825721e-01,7.445683863788407630e-02,-6.635477650541377059e-01
1.019108320703387832e-01,6.455584520157605644e-01,4.381031331671356166e-02,1.116811825904797939e-01,4.059631874798992346e-01,7.283014366087414704e-02,-6.493370010085268706e-01,4.335607927007087969e-01,3.967415992140286285e-01,5.590269504049345528e-01,4.059631874798992346e-01,7.283014366087414704e-02,-6.493370010085268706e-01
1.029099578749499561e-01,6.460304732581687581e-01,4.373356742077202930e-02,1.122130120666779002e-01,3.945277461591512047e-01,7.120894678623650165e-02,-6.351281752834656569e-01,4.387124318748562013e-01,3.868647357492210337e-01,5.652754914843651779e-01,3.945277461591512047e-01,7.120894678623650165e-02,-6.351281752834656569e-01
1.039090836795611150e-01,6.465068157314212138e-01,4.365689376016591156e-02,1.127515821353123754e-01,3.830923822067438533e-01,6.959321522836427187e-02,-6.209212732547850777e-01,4.438379037778426572e-01,3.769688413273597494e-01,5.715519008035991888e-01,3.830923822067438533e-01,6.959321522836427187e-02,-6.209212732547850777e-01
1.049082094841722879e-01,6.469874547907059625e-01,4.358029248670502315e-02,1.132969202438318251e-01,3.716570775148989036e-01,6.798291623355556812e-02,-6.067162803830945528e-01,4.489368914639735864e-01,3.670534847169288351e-01,5.778563744194379348e-01,3.716570775148989036e-01,6.798291623355556812e-02,-6.067162803830945528e-01
1.059073352887834468e-01,6.474723654435328157e-01,4.350376375055589606e-02,1.138490540672363327e-01,3.602218139046923229e-01,6.637801707994175904e-02,-5.925131822156265438e-01,4.540090755208692763e-01,3.571182347874466978e-01,5.841891064601471006e-01,3.602218139046923229e-01,6.637801707994175904e-02,-5.925131822156265438e-01
1.069064610933946058e-01,6.479615223472494634e-01,4.342730770029572945e-02,1.144080115058970920e-01,3.487865731246059808e-01,6.477848507743304285e-02,-5.783119643880921812e-01,4.590541340537885318e-01,3.471626605164327417e-01,5.905502890916490832e-01,3.487865731246059808e-01,6.477848507743304285e-02,-5.783119643880921812e-01
1.079055868980057786e-01,6.484548998065412517e-01,4.335092448296497258e-02,1.149738206833406245e-01,3.373513368490997921e-01,6.318428756765982757e-02,-5.641126126265577634e-01,4.640717426702293258e-01,3.371863309966962041e-01,5.969401124834302630e-01,3.373513368490997921e-01,6.318428756765982757e-02,-5.641126126265577634e-01
1.089047127026169376e-01,6.489524717709123092e-01,4.327461424411846447e-02,1.155465099439986626e-01,3.259160866772010667e-01,6.159539192393301277e-02,-5.499151127493450142e-01,4.690615744647960161e-01,3.271888154439560603e-01,6.033587647741632809e-01,3.259160866772010667e-01,6.159539192393301277e-02,-5.499151127493450142e-01
1.099038385072281104e-01,6.494542118321489088e-01,4.319837712787535228e-02,1.161261078509231714e-01,3.144808041311043523e-01,6.001176555120622813e-02,-5.357194506689467728e-01,4.740233000043505007e-01,3.171696832047872228e-01,6.098064320370408797e-01,3.144808041311043523e-01,6.001176555120622813e-02,-5.357194506689467728e-01
1.109029643118392694e-01,6.499600932217672877e-01,4.312221327696766360e-02,1.167126431834692862e-01,3.030454706547998089e-01,5.843337588605007626e-02,-5.215256123939625565e-01,4.789565873134395968e-01,3.071285037649094107e-01,6.162832982448225305e-01,3.030454706547998089e-01,5.843337588605007626e-02,-5.215256123939625565e-01
1.119020901164504422e-01,6.504700888084424815e-01,4.304612283278724805e-02,1.173061449349395297e-01,2.916100676127099667e-01,5.686019039663355729e-02,-5.073335840310564393e-01,4.838611018600166847e-01,2.970648467578113627e-01,6.227895452345900695e-01,2.916100676127099667e-01,5.686019039663355729e-02,-5.073335840310564393e-01
1.129012159210616012e-01,6.509841710954225036e-01,4.297010593543158785e-02,1.179066423101959304e-01,2.801745762883509072e-01,5.529217658271784464e-02,-4.931433517869323602e-01,4.887365065414492893e-01,2.869782819737261015e-01,6.293253526722147884e-01,2.801745762883509072e-01,5.529217658271784464e-02,-4.931433517869323602e-01
1.139003417256727602e-01,6.515023122179253168e-01,4.289416272374795003e-02,1.185141647232333395e-01,2.687389778830075460e-01,5.372930197565694427e-02,-4.789549019703334687e-01,4.935824616708303081e-01,2.768683793689526995e-01,6.358908980165317582e-01,2.687389778830075460e-01,5.372930197565694427e-02,-4.789549019703334687e-01
1.148994675302839330e-01,6.520244839405217041e-01,4.281829333537634508e-02,1.191287417947208271e-01,2.573032535144339494e-01,5.217153413841166959e-02,-4.647682209940556253e-01,4.983986249635837251e-01,2.667347090755364802e-01,6.424863564832208329e-01,2.573032535144339494e-01,5.217153413841166959e-02,-4.647682209940556253e-01
1.158985933348950920e-01,6.525506576544992665e-01,4.274249790679075789e-02,1.197504033495025016e-01,2.458673842155658096e-01,5.061884066557421208e-02,-4.505832953769887128e-01,5.031846515243842966e-01,2.565768414113061557e-01,6.491119010083943319e-01,2.458673842155658096e-01,5.061884066557421208e-02,-4.505832953769887128e-01
1.168977191395062648e-01,6.530808043752162062e-01,4.266677657333900475e-02,1.203791794140642857e-01,2.344313509332587864e-01,4.907118918340123981e-02,-4.364001117461722146e-01,5.079401938343851564e-01,2.463943468902772271e-01,6.557677022118920673e-01,2.344313509332587864e-01,4.907118918340123981e-02,-4.364001117461722146e-01
1.178968449441174238e-01,6.536148947394342379e-01,4.259112946928109156e-02,1.210151002139639165e-01,2.229951345270428376e-01,4.752854734986400320e-02,-4.222186568388757721e-01,5.126649017387622242e-01,2.361867962334235349e-01,6.624539283602768336e-01,2.229951345270428376e-01,4.752854734986400320e-02,-4.222186568388757721e-01
1.188959707487285827e-01,6.541528990026426182e-01,4.251555672782615647e-02,1.216581961712215054e-01,2.115587157678975871e-01,4.599088285470333964e-02,-4.080389175046976735e-01,5.173584224345834093e-01,2.259537603798217886e-01,6.691707453295380192e-01,2.115587157678975871e-01,4.599088285470333964e-02,-4.080389175046976735e-01
1.198950965533397556e-01,6.546947870363647448e-01,4.244005848116761542e-02,1.223084979016749729e-01,2.001220753370512029e-01,4.445816341950660500e-02,-3.938608807076856566e-01,5.220204004590015545e-01,2.156948104981758485e-01,6.759183165674973459e-01,2.001220753370512029e-01,4.445816341950660500e-02,-3.938608807076856566e-01
1.208942223579509145e-01,6.552405283254509882e-01,4.236463486051698923e-02,1.229660362122969169e-01,1.886851938247971205e-01,4.293035679778745006e-02,-3.796845335284799172e-01,5.266504776777802821e-01,2.054095179987231734e-01,6.826968030559130707e-01,1.886851938247971205e-01,4.293035679778745006e-02,-3.796845335284799172e-01
1.218933481625620874e-01,6.557900919653603111e-01,4.228928599613609313e-02,1.236308420984717771e-01,1.772480517293325009e-01,4.140743077508521330e-02,-3.655098631664744357e-01,5.312482932741590114e-01,1.950974545455272657e-01,6.895063632722917557e-01,1.772480517293325009e-01,4.140743077508521330e-02,-3.655098631664744357e-01
1.228924739671732463e-01,6.563434466594262329e-01,4.221401201736754705e-02,1.243029467412360284e-01,1.658106294556206117e-01,3.988935316907906564e-02,-3.513368569420020071e-01,5.358134837380591486e-01,1.847581920691649393e-01,6.963471531513962809e-01,1.658106294556206117e-01,3.988935316907906564e-02,-3.513368569420020071e-01
1.238915997717844053e-01,6.569005607161120253e-01,4.213881305266380106e-02,1.249823815044800585e-01,1.543729073142734998e-01,3.837609182971113420e-02,-3.371655022985385886e-01,5.403456828556356673e-01,1.743913027798070781e-01,7.032193260464606466e-01,1.543729073142734998e-01,3.837609182971113420e-02,-3.371655022985385886e-01
1.248907255763955781e-01,6.574614020462513642e-01,4.206368922961441215e-02,1.256691779321079394e-01,1.429348655204562279e-01,3.686761463932851368e-02,-3.229957868049315173e-01,5.448445216991859574e-01,1.639963591807027110e-01,7.101230326900976886e-01,1.429348655204562279e-01,3.686761463932851368e-02,-3.229957868049315173e-01
1.258898513810067510e-01,6.580259381602798774e-01,4.198864067497183605e-02,1.263633677451617976e-01,1.314964841928183414e-01,3.536388951283672699e-02,-3.088276981576467128e-01,5.493096286174137255e-01,1.535729340820685962e-01,7.170584211549114739e-01,1.314964841928183414e-01,3.536388951283672699e-02,-3.088276981576467128e-01
1.268889771856178961e-01,6.585941361654523707e-01,4.191366751467543589e-02,1.270649828389018299e-01,1.200577433524433191e-01,3.386488439787391919e-02,-2.946612241830399159e-01,5.537406292260584895e-01,1.431206006153885324e-01,7.240256368138100473e-01,1.200577433524433191e-01,3.386488439787391919e-02,-2.946612241830399159e-01
1.278881029902290689e-01,6.591659627630500617e-01,4.183876987387383228e-02,1.277740552798505846e-01,1.086186229218239485e-01,3.237056727499385694e-02,-2.804963528396459682e-01,5.581371463988910042e-01,1.326389322481267008e-01,7.310248223000123113e-01,1.086186229218239485e-01,3.237056727499385694e-02,-2.804963528396459682e-01
1.288872287948402418e-01,6.597413842455780442e-01,4.176394787694555355e-02,1.284906173027928755e-01,9.717910272386276471e-02,3.088090615787347087e-02,-2.663330722204958478e-01,5.624988002590876057e-01,1.221275027988638073e-01,7.380561174667639168e-01,9.717910272386276471e-02,3.088090615787347087e-02,-2.663330722204958478e-01
1.298863545994513868e-01,6.603203664939495399e-01,4.168920164751806212e-02,1.292147013077375450e-01,8.573916248089633041e-02,2.939586909352714938e-02,-2.521713705554488039e-01,5.668252081709796997e-01,1.115858864528534444e-01,7.451196593467398488e-01,8.573916248089633041e-02,2.939586909352714938e-02,-2.521713705554488039e-01
1.308854804040625597e-01,6.609028458774559578e-01,4.161454505085478150e-02,1.299461831027252379e-01,7.430104847485746733e-02,2.772350668504422466e-02,-2.380288882674170825e-01,5.711450451322563904e-01,1.010232706147164844e-01,7.521148005643041312e-01,7.430104847485746733e-02,2.772350668504422466e-02,-2.380288882674170825e-01
1.318846062086737325e-01,6.614888597210351051e-01,4.153994405862793116e-02,1.306854847763954663e-01,6.287264606576019321e-02,2.536708562720264848e-02,-2.239494058695850054e-01,5.755340059025900734e-01,9.046349929844965665e-02,7.587801358338371882e-01,6.287264606576019321e-02,2.536708562720264848e-02,-2.239494058695850054e-01
1.328837320132849054e-01,6.620783642897064558e-01,4.146540285741318749e-02,1.314325941482105131e-01,5.145808239273717138e-02,2.202099078830946355e-02,-2.099601461201001662e-01,5.800400252007397173e-01,7.992124953682372412e-02,7.649537260821039908e-01,5.145808239273717138e-02,2.202099078830946355e-02,-2.099601461201001662e-01
1.338828578178960504e-01,6.626713489151514480e-01,4.139090988342988137e-02,1.321876796164425105e-01,4.005767863598950346e-02,1.768512871236685088e-02,-1.960603543393150405e-01,5.846650392397336748e-01,6.939595075110811806e-02,7.706338769122756949e-01,4.005767863598950346e-02,1.768512871236685088e-02,-1.960603543393150405e-01
1.348819836225072233e-01,6.632678025005985800e-01,4.131645367327926865e-02,1.329509097380114357e-01,2.867170421435757260e-02,1.235940992004009448e-02,-1.822493238077759203e-01,5.894110249312330962e-01,5.888705157810864704e-02,7.758188747881248348e-01,2.867170421435757260e-02,1.235940992004009448e-02,-1.822493238077759203e-01
1.358811094271183961e-01,6.638677135140390595e-01,4.124202286357105812e-02,1.337224532258399212e-01,1.734039679039434470e-02,6.048536391157034037e-03,-1.685737070798324910e-01,5.942774088122000364e-01,4.843077983089047467e-02,7.805085151042071567e-01,1.734039679039434470e-02,6.048536391157034037e-03,-1.685737070798324910e-01
1.368802352317295412e-01,6.644710699800778775e-01,4.116760619050552350e-02,1.345024789464133175e-01,6.385037627830041085e-03,-1.209239335639374774e-03,-1.554125060715336182e-01,5.992454657839293430e-01,3.832223414271199169e-02,7.847133169412670028e-01,6.385037627830041085e-03,-1.209239335639374774e-03,-1.554125060715336182e-01
1.378793610363407141e-01,6.650778594704250812e-01,4.109319248941062375e-02,1.352911559175449807e-01,-3.912569400138711517e-03,-9.380597518514173505e-03,-1.430981199757074274e-01,6.042990891959451050e-01,2.882210933661442931e-02,7.884423067316942424e-01,-3.912569400138711517e-03,-9.380597518514173505e-03,-1.430981199757074274e-01
1.388784868409518869e-01,6.656880690930206956e-01,4.101877069423463112e-02,1.360886533063420667e-01,-1.355228757133124240e-02,-1.846595749289477173e-02,-1.316300056952865449e-01,6.094404556647933235e-01,1.993286606432875807e-02,7.916937485369305305e-01,-1.355228757133124240e-02,-1.846595749289477173e-02,-1.316300056952865449e-01
1.398776126455630320e-01,6.663016854798010646e-01,4.094432983699438505e-02,1.368951404273769934e-01,-2.253399180286828896e-02,-2.846573384105069091e-02,-1.210076338985576205e-01,6.146717825492657994e-01,1.165701716234215923e-02,7.944658886497701911e-01,-2.253399180286828896e-02,-2.846573384105069091e-02,-1.210076338985576205e-01
1.408767384501742048e-01,6.669186947731013948e-01,4.086985904717884560e-02,1.377107867410582998e-01,-3.085756104933147503e-02,-3.938033686786342885e-02,-1.112304826243798728e-01,6.199953285904998834e-01,3.997125398372575189e-03,7.967569553845770258e-01,-3.085756104933147503e-02,-3.938033686786342885e-02,-1.112304826243798728e-01
1.418758642547853777e-01,6.675390826106982756e-01,4.079534755110846705e-02,1.385357618522038703e-01,-3.852287070111339723e-02,-5.121017306823757304e-02,-1.022980308858187776e-01,6.254133945520152782e-01,-3.044198773680235892e-03,7.985651588800317668e-01,-3.852287070111339723e-02,-5.121017306823757304e-02,-1.022980308858187776e-01
1.428749900593965505e-01,6.681628341094896228e-01,4.072078467125017642e-02,1.393702355088094202e-01,-4.552978498351509945e-02,-6.395564558618113682e-02,-9.420975227154426701e-02,6.309283238596877785e-01,-9.464299450021772253e-03,7.998886909144746760e-01,-4.552978498351509945e-02,-6.395564558618113682e-02,-9.420975227154426701e-02
1.438741158640076956e-01,6.687899338478144884e-01,4.064615982548817896e-02,1.402143776010145171e-01,-5.187814935731981797e-02,-7.761715466559976351e-02,-8.696510854413259939e-02,6.365425032416482942e-01,-1.526047750431643035e-02,8.007257247339064632e-01,-5.187814935731981797e-02,-7.761715466559976351e-02,-8.696510854413259939e-02
1.448732416686188684e-01,6.694203658464127349e-01,4.057146252635057682e-02,1.410683581602633074e-01,-5.756778292176192857e-02,-9.219509809286059732e-02,-8.056354323419627483e-02,6.422583633681148152e-01,-2.042999280606872664e-02,8.010744148927189112e-01,-5.756778292176192857e-02,-9.219509809286059732e-02,-8.056354323419627483e-02
1.458723674732300413e-01,6.700541135480210242e-01,4.049668238019223793e-02,1.419323473586528439e-01,-6.259847082098043969e-02,-1.076898716312200410e-01,-7.500447522906238118e-02,6.480783794911736395e-01,-2.497006643011109861e-02,8.009328971072082748e-01,-6.259847082098043969e-02,-1.076898716312200410e-01,-7.500447522906238118e-02
1.468714932778411864e-01,6.706911597956113358e-01,4.042180908633338787e-02,1.428065155084713156e-01,-6.696995665523297614e-02,-1.241018694472178219e-01,-7.028729235449693302e-02,6.540050720845319576e-01,-2.887788285741369615e-02,8.002992881219306298e-01,-6.696995665523297614e-02,-1.241018694472178219e-01,-7.028729235449693302e-02
1.478706190824523592e-01,6.713314868092644661e-01,4.034683243615477116e-02,1.436910330619172727e-01,-7.068193489832574894e-02,-1.414314845291601286e-01,-6.641134494777461983e-02,6.600410074832768759e-01,-3.215059216755804944e-02,7.991716855889494653e-01,-7.068193489832574894e-02,-1.414314845291601286e-01,-6.641134494777461983e-02
1.488697448870635320e-01,6.719750746176046396e-01,4.027174301754531116e-02,1.445860622441411669e-01,-7.373672614802906367e-02,-1.594949508273248440e-01,-6.335992834915502026e-02,6.661581843668320513e-01,-3.479434434340924337e-02,7.976469250748727813e-01,-7.373672614802906367e-02,-1.594949508273248440e-01,-6.335992834915502026e-02
1.498688706916746771e-01,6.726218938074984832e-01,4.019653550632305838e-02,1.454917178254915844e-01,-7.614122147585604405e-02,-1.777958803200367088e-01,-6.108932573732087090e-02,6.722757385868541880e-01,-3.683056078226897012e-02,7.959901459308544869e-01,-7.614122147585604405e-02,-1.777958803200367088e-01,-6.108932573732087090e-02
1.508679964962858500e-01,6.732719022984229307e-01,4.012121010259589449e-02,1.464080494819576250e-01,-7.789971817339144677e-02,-1.960211441765900287e-01,-5.957205106591070831e-02,6.783418416866959788e-01,-3.827159391442679082e-02,7.943692459743825207e-01,-7.789971817339144677e-02,-1.960211441765900287e-01,-5.957205106591070831e-02
1.518671223008970228e-01,6.739250547718169670e-01,4.004576820197301018e-02,1.473350927582079695e-01,-7.901191159476306236e-02,-2.141710829685354867e-01,-5.880788665668969240e-02,6.843564960807929642e-01,-3.911438473229437301e-02,7.927842200041814724e-01,-7.901191159476306236e-02,-2.141710829685354867e-01,-5.880788665668969240e-02
1.528662481055081956e-01,6.745813052987119640e-01,3.997021119225017960e-02,1.482728833048626294e-01,-7.947741523000731445e-02,-2.322460384422573298e-01,-5.879654510020973501e-02,6.903197036764570083e-01,-3.935585290090810873e-02,7.912350590495854652e-01,-7.947741523000731445e-02,-2.322460384422573298e-01,-5.879654510020973501e-02
1.538653739101193407e-01,6.752406073367713812e-01,3.989454045337862548e-02,1.492214568742380731e-01,-7.933079838253817573e-02,-2.502504221702308573e-01,-5.949640660018770677e-02,6.962337191446194007e-01,-3.902598728216467860e-02,7.897204008325839908e-01,-7.933079838253817573e-02,-2.502504221702308573e-01,-5.949640660018770677e-02
1.548644997147305136e-01,6.759029137273334653e-01,3.981875735743316963e-02,1.501808493160312064e-01,-7.889352108960186183e-02,-2.682218787232587554e-01,-6.052808676984781922e-02,7.021192371002948907e-01,-3.842634576801882279e-02,7.882278232487495151e-01,-7.889352108960186183e-02,-2.682218787232587554e-01,-6.052808676984781922e-02
1.558636255193416864e-01,6.765681766924500629e-01,3.974286326857905116e-02,1.511510965729439271e-01,-7.845289999723410734e-02,-2.861938302613076801e-01,-6.155305747436594366e-02,7.079947166528910429e-01,-3.782788820286973192e-02,7.867462070615784953e-01,-7.845289999723410734e-02,-2.861938302613076801e-01,-6.155305747436594366e-02
1.568627513239528315e-01,6.772363478319293195e-01,3.966685954303746098e-02,1.521322346762455924e-01,-7.800893237970253635e-02,-3.041662726611829570e-01,-6.257132144948715502e-02,7.138601292077050298e-01,-3.723060626028792258e-02,7.852754967172003164e-01,-7.800893237970253635e-02,-3.041662726611829570e-01,-6.257132144948715502e-02
1.578618771285640043e-01,6.779073781203782678e-01,3.959074752905011874e-02,1.531242997412718965e-01,-7.756161578699004300e-02,-3.221392018060643125e-01,-6.358288149712761073e-02,7.197154458340265792e-01,-3.663449170780948977e-02,7.838156358162515769e-01,-7.756161578699004300e-02,-3.221392018060643125e-01,-6.358288149712761073e-02
1.588610029331751772e-01,6.785812179042464143e-01,3.951452856684257303e-02,1.541273279628632142e-01,-7.711094804357837562e-02,-3.401126135855928601e-01,-6.458774048590701367e-02,7.255606372732632536e-01,-3.603953640672100805e-02,7.823665671086749152e-01,-7.711094804357837562e-02,-3.401126135855928601e-01,-6.458774048590701367e-02
1.598601287377863223e-01,6.792578168988744336e-01,3.943820398858612075e-02,1.551413556107403002e-01,-7.665692724722728002e-02,-3.580865038959646918e-01,-6.558590135169384272e-02,7.313956739471695334e-01,-3.544573231184067197e-02,7.809282324885189475e-01,-7.665692724722728002e-02,-3.580865038959646918e-01,-6.558590135169384272e-02
1.608592545423974951e-01,6.799371241855435288e-01,3.936177511835872722e-02,1.561664190248151229e-01,-7.619955176774836914e-02,-3.760608686400198630e-01,-6.657736709816286513e-02,7.372205259661851473e-01,-3.485307147129689670e-02,7.795005729887420909e-01,-7.619955176774836914e-02,-3.760608686400198630e-01,-6.657736709816286513e-02
1.618583803470086679e-01,6.806190882085298988e-01,3.928524327210460021e-02,1.572025546104415250e-01,-7.573882024577406613e-02,-3.940357037273301000e-01,-6.756214079736526379e-02,7.430351631378749877e-01,-3.426154602630374080e-02,7.780835287760168306e-01,-7.573882024577406613e-02,-3.940357037273301000e-01,-6.756214079736526379e-02
1.628575061516198408e-01,6.813036567721633130e-01,3.920860975759246636e-02,1.582497988335999084e-01,-7.527473159152213433e-02,-4.120110050742950003e-01,-6.854022559031008877e-02,7.488395549754786051e-01,-3.367114821093324106e-02,7.766770391455354305e-01,-7.527473159152213433e-02,-4.120110050742950003e-01,-6.854022559031008877e-02
1.638566319562309859e-01,6.819907770378905720e-01,3.913187587437264026e-02,1.593081882160188867e-01,-7.480728498355489198e-02,-4.299867686042196380e-01,-6.951162468755836543e-02,7.546336707065670613e-01,-3.308187035188471514e-02,7.752810425158307428e-01,-7.480728498355489198e-02,-4.299867686042196380e-01,-6.951162468755836543e-02
1.648557577608421587e-01,6.826803955213437414e-01,3.905504291373280978e-02,1.603777593302333770e-01,-7.433647986753300074e-02,-4.479629902474123182e-01,-7.047634136982885988e-02,7.604174792818076956e-01,-3.249370486825101101e-02,7.738954764235901340e-01,-7.433647986753300074e-02,-4.479629902474123182e-01,-7.047634136982885988e-02
1.658548835654533316e-01,6.833724580894183775e-01,3.897811215865246842e-02,1.614585487945767728e-01,-7.386231595496486890e-02,-4.659396659412701758e-01,-7.143437898861501600e-02,7.661909493838373608e-01,-3.190664427128127312e-02,7.725202775184923931e-01,-7.386231595496486890e-02,-4.659396659412701758e-01,-7.143437898861501600e-02
1.668540093700644766e-01,6.840669099573535306e-01,3.890108488375612628e-02,1.625505932681107213e-01,-7.338479322195043397e-02,-4.839167916303631078e-01,-7.238574096681316128e-02,7.719540494362434613e-01,-3.132068116414123138e-02,7.711553815580427518e-01,-7.338479322195043397e-02,-4.839167916303631078e-01,-7.238574096681316128e-02
1.678531351746756495e-01,6.847636956858240698e-01,3.882396235526503619e-02,1.636539294454867899e-01,-7.290391190791974119e-02,-5.018943632665260335e-01,-7.333043079936285569e-02,7.777067476126624523e-01,-3.073580824166940312e-02,7.698007234024252243e-01,-7.290391190791974119e-02,-5.018943632665260335e-01,-7.333043079936285569e-02
1.688522609792868223e-01,6.854627591780391160e-01,3.874674583094783048e-02,1.647685940517451542e-01,-7.241967251436648434e-02,-5.198723768089443809e-01,-7.426845205389670523e-02,7.834490118459769281e-01,-3.015201829013069296e-02,7.684562370093662720e-01,-7.241967251436648434e-02,-5.198723768089443809e-01,-7.426845205389670523e-02
1.698513867838979952e-01,6.861640436768494666e-01,3.866943656006960328e-02,1.658946238370468951e-01,-7.193207580357627307e-02,-5.378508282242355776e-01,-7.519980837140272101e-02,7.891808098376357217e-01,-2.956930418696644691e-02,7.671218554290093472e-01,-7.193207580357627307e-02,-5.378508282242355776e-01,-7.519980837140272101e-02
1.708505125885091402e-01,6.868674917618671216e-01,3.859203578333976481e-02,1.670320555713403765e-01,-7.144112279734948778e-02,-5.558297134865431977e-01,-7.612450346689568492e-02,7.949021090670780332e-01,-2.898765890054116195e-02,7.657975107988108654e-01,-7.144112279734948778e-02,-5.558297134865431977e-01,-7.612450346689568492e-02
1.718496383931203131e-01,6.875730453465922487e-01,3.851454473285837593e-02,1.681809260389605098e-01,-7.094681477571826433e-02,-5.738090285776168420e-01,-7.704254113010071403e-02,8.006128768012760188e-01,-2.840707548988572612e-02,7.644831343384473898e-01,-7.094681477571826433e-02,-5.738090285776168420e-01,-7.704254113010071403e-02
1.728487641977314859e-01,6.882806132131600307e-01,3.843696507492708192e-02,1.693411356138860846e-01,-7.044899271744942126e-02,-5.917743461111618641e-01,-7.795391285366139178e-02,8.063084284998716100e-01,-2.782749570373878323e-02,7.631785354861815307e-01,-7.044899271744942126e-02,-5.917743461111618641e-01,-7.795391285366139178e-02
1.738478900023426310e-01,6.889901855720532708e-01,3.835929734209183456e-02,1.705129280323455787e-01,-6.994507675395190971e-02,-6.095386716445326813e-01,-7.885864156673345893e-02,8.119262329705120296e-01,-2.724804992397163173e-02,7.618838272212047347e-01,-6.994507675395190971e-02,-6.095386716445326813e-01,-7.885864156673345893e-02
1.748470158069538039e-01,6.897015927471492613e-01,3.828154488349751194e-02,1.716959566816123051e-01,-6.944493719562538914e-02,-6.266652416221111244e-01,-7.973953860721579023e-02,8.172813680139155990e-01,-2.667880433265541751e-02,7.606749634305423058e-01,-6.944493719562538914e-02,-6.266652416221111244e-01,-7.973953860721579023e-02
1.758461416115649767e-01,6.904145728454089692e-01,3.820371501962716715e-02,1.728898159457662453e-01,-6.896295321368417497e-02,-6.428433266898838649e-01,-8.057671834286453394e-02,8.222235678055017649e-01,-2.613241193109880345e-02,7.596411103336409010e-01,-6.896295321368417497e-02,-6.428433266898838649e-01,-8.057671834286453394e-02
1.768452674161761218e-01,6.911288195855009864e-01,3.812581677582140005e-02,1.740940367030741065e-01,-6.850150694184968525e-02,-6.580255004053738865e-01,-8.136764476263526336e-02,8.267299101783179838e-01,-2.561068650219359283e-02,7.587949797398080287e-01,-6.850150694184968525e-02,-6.580255004053738865e-01,-8.136764476263526336e-02
1.778443932207872946e-01,6.918440251488404691e-01,3.804785929024019631e-02,1.753081401699595476e-01,-6.806082115593184434e-02,-6.722117207465041488e-01,-8.211288159101845507e-02,8.308004077514504759e-01,-2.511349875515538066e-02,7.581355460248133671e-01,-6.806082115593184434e-02,-6.722117207465041488e-01,-8.211288159101845507e-02
1.788435190253984675e-01,6.925598852586598575e-01,3.796985162859886631e-02,1.765316442128231911e-01,-6.764111885196197327e-02,-6.854019460762756921e-01,-8.281299292321479821e-02,8.344350723130594671e-01,-2.464072022523655647e-02,7.576617839259887077e-01,-6.764111885196197327e-02,-6.854019460762756921e-01,-8.281299292321479821e-02
1.798426448300096403e-01,6.932760992666914257e-01,3.789180278531691093e-02,1.777640633291761862e-01,-6.724262304629757825e-02,-6.975961351442968583e-01,-8.346854307405164597e-02,8.376339155676453263e-01,-2.419222321770883588e-02,7.573726689929058953e-01,-6.724262304629757825e-02,-6.975961351442968583e-01,-8.346854307405164597e-02
1.808417706346207854e-01,6.939923702360072388e-01,3.781372168455656574e-02,1.790049086325504468e-01,-6.686555658082488085e-02,-7.087942470881603008e-01,-8.408009642752264923e-02,8.403969498728955934e-01,-2.376788075311082188e-02,7.572671780372748351e-01,-6.686555658082488085e-02,-7.087942470881603008e-01,-8.408009642752264923e-02
1.818408964392319582e-01,6.947084050199572314e-01,3.773561718115271690e-02,1.802536878411259424e-01,-6.651014193325105461e-02,-7.189962414347140784e-01,-8.464821728696390879e-02,8.427241889661708507e-01,-2.336756651375947874e-02,7.573442895820012843e-01,-6.651014193325105461e-02,-7.189962414347140784e-01,-8.464821728696390879e-02
1.828400222438431311e-01,6.954239143371412357e-01,3.765749806143486866e-02,1.815099052700260840e-01,-6.617660103247646752e-02,-7.282020781011834254e-01,-8.517346972587951093e-02,8.446156486806671859e-01,-2.299115479152608055e-02,7.576029843093229355e-01,-6.617660103247646752e-02,-7.282020781011834254e-01,-8.517346972587951093e-02
1.838391480484542762e-01,6.961386128423523445e-01,3.757937304394294575e-02,1.827730618272221108e-01,-6.586515507903481503e-02,-7.364117173961896023e-01,-8.565641743943483433e-02,8.460713476513224141e-01,-2.263852043687363674e-02,7.580422455079489641e-01,-6.586515507903481503e-02,-7.364117173961896023e-01,-8.565641743943483433e-02
1.848382738530654490e-01,6.968522191934268806e-01,3.750125078003786055e-02,1.840426550129927730e-01,-6.557602437058848710e-02,-7.436251200206349665e-01,-8.609762359663594711e-02,8.470913080105172410e-01,-2.230953880915508003e-02,7.586610595191094486e-01,-6.557602437058848710e-02,-7.436251200206349665e-01,-8.609762359663594711e-02
1.858373996576766218e-01,6.975644561139390243e-01,3.742313985440808011e-02,1.853181789228730558e-01,-6.530942813246307099e-02,-7.498422470684686925e-01,-8.649765069321513344e-02,8.476755560736509709e-01,-2.200408572816953817e-02,7.594584161814144085e-01,-6.530942813246307099e-02,-7.498422470684686925e-01,-8.649765069321513344e-02
1.868365254622877669e-01,6.982750504516760381e-01,3.734504878547342116e-02,1.865991242540359640e-01,-6.506558435320533573e-02,-7.550630600273494641e-01,-8.685706040524779348e-02,8.478241230146663643e-01,-2.172203742697276924e-02,7.604333092744267608e-01,-6.506558435320533573e-02,-7.550630600273494641e-01,-8.685706040524779348e-02
1.878356512668989398e-01,6.989837332328268094e-01,3.726698602568710023e-02,1.878849783150426389e-01,-6.484470962514590764e-02,-7.592875207791756065e-01,-8.717641344352347610e-02,8.475370455315970331e-01,-2.146327050594068475e-02,7.615847369608225170e-01,-6.484470962514590764e-02,-7.592875207791756065e-01,-8.717641344352347610e-02
1.888347770715101126e-01,6.996902397118273109e-01,3.718895996173725293e-02,1.891752250388946399e-01,-6.464701898994648643e-02,-7.625155916005211809e-01,-8.745626940869885568e-02,8.468143665022398459e-01,-2.122766188807936188e-02,7.629117022270293091e-01,-6.464701898994648643e-02,-7.625155916005211809e-01,-8.745626940869885568e-02
1.898339028761212854e-01,7.003943094167914829e-01,3.711097891464897741e-02,1.904693449993225818e-01,-6.447272578911053542e-02,-7.647472351629508447e-01,-8.769718664726201818e-02,8.456561356300399401e-01,-2.101508877557870664e-02,7.644132133222161229e-01,-6.447272578911053542e-02,-7.647472351629508447e-01,-8.769718664726201818e-02
1.908330286807324305e-01,7.010956861904698023e-01,3.703305113978756086e-02,1.917668154302457351e-01,-6.432204151943363146e-02,-7.659824145332351231e-01,-8.789972210833513211e-02,8.440624100802878171e-01,-2.082542860760563941e-02,7.660882841954940181e-01,-6.432204151943363146e-02,-7.659824145332351231e-01,-8.789972210833513211e-02
1.918321544853436034e-01,7.017941182266732580e-01,3.695518482676463101e-02,1.930671102483309254e-01,-6.419517569336866125e-02,-7.662210931734586561e-01,-8.806443120135130920e-02,8.420332551067422067e-01,-2.065855901932871219e-02,7.679359349312010474e-01,-6.419517569336866125e-02,-7.662210931734586561e-01,-8.806443120135130920e-02
1.928312802899547762e-01,7.024893838300472204e-01,3.687738709132613868e-02,1.943697361558271441e-01,-6.408052195216415448e-02,-7.657222691898365463e-01,-8.820751345601511584e-02,8.396956428808762807e-01,-2.050409369090930994e-02,7.698810756274021561e-01,-6.408052195216415448e-02,-7.657222691898365463e-01,-8.820751345601511584e-02
1.938304060945659213e-01,7.031813729645752797e-01,3.679966075974860223e-02,1.956743485781871073e-01,-6.396410177277231379e-02,-7.647967178940967559e-01,-8.834796226187201229e-02,8.372020525799037660e-01,-2.034970469528125936e-02,7.718342283423225147e-01,-6.396410177277231379e-02,-7.647967178940967559e-01,-8.834796226187201229e-02
1.948295318991770941e-01,7.038700242988015221e-01,3.672200679329249567e-02,1.969806665347041408e-01,-6.384371820204488845e-02,-7.634967384219191189e-01,-8.848893513655475829e-02,8.345784248144667572e-01,-2.019338058924121521e-02,7.737801642610822039e-01,-6.384371820204488845e-02,-7.634967384219191189e-01,-8.848893513655475829e-02
1.958286577037882670e-01,7.045552837073123520e-01,3.664442590400170119e-02,1.982884152686513191e-01,-6.371955863970736600e-02,-7.618223289051102576e-01,-8.863041178090497185e-02,8.318250758849519144e-01,-2.003518934096956000e-02,7.757186547388821296e-01,-6.371955863970736600e-02,-7.618223289051102576e-01,-8.863041178090497185e-02
1.968277835083994398e-01,7.052370990646970039e-01,3.656691875931893099e-02,1.995973189910211221e-01,-6.359181070054764628e-02,-7.597734875277228905e-01,-8.877237192424541901e-02,8.289423250155074641e-01,-1.987519889769070319e-02,7.776494745273776488e-01,-6.359181070054764628e-02,-7.597734875277228905e-01,-8.877237192424541901e-02
1.978269093130105849e-01,7.059154202503004072e-01,3.648948598307093227e-02,2.009071008935625069e-01,-6.346066221628708648e-02,-7.573502125261524220e-01,-8.891479532368365413e-02,8.259304943253531484e-01,-1.971347718445925351e-02,7.795724017926541904e-01,-6.346066221628708648e-02,-7.573502125261524220e-01,-8.891479532368365413e-02
1.988260351176217577e-01,7.065901991518915848e-01,3.641212815646849288e-02,2.022174831620101032e-01,-6.332630123737903460e-02,-7.545525021892217632e-01,-8.905766176316080862e-02,8.227899087992265326e-01,-1.955009210292994737e-02,7.814872181318884836e-01,-6.332630123737903460e-02,-7.545525021892217632e-01,-8.905766176316080862e-02
1.998251609222329306e-01,7.072613896682435897e-01,3.633484581912050509e-02,2.035281869894925433e-01,-6.318891603473078544e-02,-7.513803548582821401e-01,-8.920095105224239151e-02,8.195208962569943134e-01,-1.938511153011163168e-02,7.833937085886623075e-01,-6.318891603473078544e-02,-7.513803548582821401e-01,-8.920095105224239151e-02
2.008242867268440757e-01,7.079289477106189832e-01,3.625763947006149790e-02,2.048389325901099622e-01,-6.304869510135285848e-02,-7.478337689273042432e-01,-8.934464302464931174e-02,8.161237873224456152e-01,-1.921860331710809749e-02,7.852916616669265437e-01,-6.304869510135285848e-02,-7.478337689273042432e-01,-8.934464302464931174e-02
2.018234125314552485e-01,7.085928312031526399e-01,3.618050956879154817e-02,2.061494392126603792e-01,-6.290582715393240598e-02,-7.439127428429764821e-01,-8.948871753653041272e-02,8.125989153912968055e-01,-1.905063528784323168e-02,7.871808693435826676e-01,-6.290582715393240598e-02,-7.439127428429764821e-01,-8.948871753653041272e-02
2.028225383360664213e-01,7.092530000821251068e-01,3.610345653632836965e-02,2.074594251545084922e-01,-6.276050113433381816e-02,-7.396172751048052385e-01,-8.963315446447069068e-02,8.089466165984269264e-01,-1.888127523777548972e-02,7.890611270796704657e-01,-6.276050113433381816e-02,-7.396172751048052385e-01,-8.963315446447069068e-02
2.038216641406775664e-01,7.099094162941261832e-01,3.602648075627021967e-02,2.087686077755784297e-01,-6.261290621102363896e-02,-7.349473642652163408e-01,-8.977793370323805533e-02,8.051672297843706083e-01,-1.871059093259893474e-02,7.909322338301507660e-01,-6.261290621102363896e-02,-7.349473642652163408e-01,-8.977793370323805533e-02
2.048207899452887393e-01,7.105620437930953992e-01,3.594958257586946399e-02,2.100767035124592175e-01,-6.246323178042265112e-02,-7.299030089296560941e-01,-8.992303516326373425e-02,8.012610964610913378e-01,-1.853865010693382664e-02,7.927939920522552031e-01,-6.246323178042265112e-02,-7.299030089296560941e-01,-8.992303516326373425e-02
2.058199157498999121e-01,7.112108485362383936e-01,3.587276230711542585e-02,2.113834278926096655e-01,-6.231166746818269514e-02,-7.244842077566983063e-01,-9.006843876785614045e-02,7.972285607770582816e-01,-1.836552046300701097e-02,7.946462077123916945e-01,-6.231166746818269514e-02,-7.244842077566983063e-01,-9.006843876785614045e-02
2.068190415545110850e-01,7.118557984788135284e-01,3.579602022782643611e-02,2.126884955486484929e-01,-6.215840313039000531e-02,-7.186909594581464278e-01,-9.021412445014816150e-02,7.930699694816490952e-01,-1.819126966932159417e-02,7.964886902915946365e-01,-6.215840313039000531e-02,-7.186909594581464278e-01,-9.021412445014816150e-02
2.078181673591222300e-01,7.124968635677807471e-01,3.571935658274957848e-02,2.139916202327150074e-01,-6.200362885469367508e-02,-7.125232627991447965e-01,-9.036007214977201385e-02,7.887856718889117991e-01,-1.801596535931928450e-02,7.983212527894932853e-01,-6.200362885469367508e-02,-7.125232627991447965e-01,-9.036007214977201385e-02
2.088172931637334029e-01,7.131340160687159591e-01,3.564277158136393980e-02,2.152925168559011171e-01,-6.184761861923204068e-02,-7.059896395927801604e-01,-9.050626196515648703e-02,7.843788557246559323e-01,-1.783970296564380692e-02,8.001437132872271096e-01,-6.184761861923204068e-02,-7.059896395927801604e-01,-9.050626196515648703e-02
2.098164189683445757e-01,7.137672384308686446e-01,3.556626532219495096e-02,2.165909498791834253e-01,-6.169237408266571576e-02,-6.992770882068959359e-01,-9.065267786849634524e-02,7.799120872111086067e-01,-1.766315256995280858e-02,8.019559320031179883e-01,-6.169237408266571576e-02,-6.992770882068959359e-01,-9.065267786849634524e-02
2.108155447729557208e-01,7.143965424215001914e-01,3.548983761306797463e-02,2.178868551418211286e-01,-6.153969261398515439e-02,-6.925644130735405524e-01,-9.079931703497984286e-02,7.754450122541703960e-01,-1.748691425493022894e-02,8.037579032717595551e-01,-6.153969261398515439e-02,-6.925644130735405524e-01,-9.079931703497984286e-02
2.118146705775668937e-01,7.150219469220575608e-01,3.541348819884446858e-02,2.191802110477629739e-01,-6.138957461038044294e-02,-6.858516149715735422e-01,-9.094617988188168078e-02,7.709776872779756651e-01,-1.731098921773133875e-02,8.055496544778926182e-01,-6.138957461038044294e-02,-6.858516149715735422e-01,-9.094617988188168078e-02
2.128137963821780665e-01,7.156434708341686823e-01,3.533721683225923837e-02,2.204709961208874691e-01,-6.124202048421654304e-02,-6.791386946806818870e-01,-9.109326679717955066e-02,7.665101684227639822e-01,-1.713537864189110943e-02,8.073312131845549189e-01,-6.124202048421654304e-02,-6.791386946806818870e-01,-9.109326679717955066e-02
2.138129221867892116e-01,7.162611330786947672e-01,3.526102327393242780e-02,2.217591890046901604e-01,-6.109703066307874825e-02,-6.724256529813956718e-01,-9.124057813962280217e-02,7.620425115450306652e-01,-1.696008369748601419e-02,8.091026071306867129e-01,-6.109703066307874825e-02,-6.724256529813956718e-01,-9.124057813962280217e-02
2.148120479914003844e-01,7.168749525947841761e-01,3.518490729238075987e-02,2.230447684619649429e-01,-6.095460558981699584e-02,-6.657124906550863086e-01,-9.138811423880301155e-02,7.575747722176884302e-01,-1.678510554129473281e-02,8.108638642287480103e-01,-6.095460558981699584e-02,-6.657124906550863086e-01,-9.138811423880301155e-02
2.158111737960115573e-01,7.174849483389336147e-01,3.510886866402813250e-02,2.243277133744853713e-01,-6.081474572258808997e-02,-6.589992084839773057e-01,-9.153587539522116401e-02,7.531070057302440279e-01,-1.661044531695882176e-02,8.126150125623491371e-01,-6.081474572258808997e-02,-6.589992084839773057e-01,-9.153587539522116401e-02
2.168102996006227301e-01,7.180911392840521046e-01,3.503290717321577707e-02,2.256080027426793366e-01,-6.067745153489634280e-02,-6.522858072511478200e-01,-9.168386188035596018e-02,7.486392670889874257e-01,-1.643610415514257239e-02,8.143560803838836293e-01,-6.067745153489634280e-02,-6.522858072511478200e-01,-9.168386188035596018e-02
2.178094254052338752e-01,7.186935444185295063e-01,3.495702261221156348e-02,2.268856156853019945e-01,-6.054272351563404903e-02,-6.455722877405408733e-01,-9.183207393673015195e-02,7.441716110171918697e-01,-1.626208317369267492e-02,8.160870961121792222e-01,-6.054272351563404903e-02,-6.455722877405408733e-01,-9.183207393673015195e-02
2.188085512098450480e-01,7.192921827453098160e-01,3.488121478121885416e-02,2.281605314391039196e-01,-6.041056216911896981e-02,-6.388586507369671263e-01,-9.198051177797696154e-02,7.397040919553315996e-01,-1.608838347779693173e-02,8.178080883301515058e-01,-6.041056216911896981e-02,-6.388586507369671263e-01,-9.198051177797696154e-02
2.198076770144562209e-01,7.198870732809687922e-01,3.480548348838466421e-02,2.294327293584957350e-01,-6.028096801513128239e-02,-6.321448970261126510e-01,-9.212917558890496017e-02,7.352367640613074462e-01,-1.591500616014269315e-02,8.195190857824747876e-01,-6.028096801513128239e-02,-6.321448970261126510e-01,-9.212917558890496017e-02
2.208068028190673660e-01,7.204782350547944691e-01,3.472982854980712769e-02,2.307021889152117700e-01,-6.015394158894916965e-02,-6.254310273945465903e-01,-9.227806552556297448e-02,7.307696812106863060e-01,-1.574195230107475890e-02,8.212201173732532888e-01,-6.015394158894916965e-02,-6.254310273945465903e-01,-9.227806552556297448e-02
2.218059286236785388e-01,7.210656871078765517e-01,3.465424978954254054e-02,2.319688896979668347e-01,-6.002948344138225173e-02,-6.187170426297244896e-01,-9.242718171530361904e-02,7.263028969969558268e-01,-1.556922296875243306e-02,8.229112121637174315e-01,-6.002948344138225173e-02,-6.187170426297244896e-01,-9.242718171530361904e-02
2.228050544282897116e-01,7.216494484921937014e-01,3.457874703961166807e-02,2.332328114121123841e-01,-5.990759413880442086e-02,-6.120029435199968448e-01,-9.257652425684576025e-02,7.218364647317864202e-01,-1.539681921930655117e-02,8.245923993699115773e-01,-5.990759413880442086e-02,-6.120029435199968448e-01,-9.257652425684576025e-02
2.238041802329008845e-01,7.222295382697109245e-01,3.450332014000543485e-02,2.344939338792876304e-01,-5.978827426318467780e-02,-6.052887308546138767e-01,-9.272609322033720236e-02,7.173704374453110377e-01,-1.522474209699527931e-02,8.262637083604080779e-01,-5.978827426318467780e-02,-6.052887308546138767e-01,-9.272609322033720236e-02
2.248033060375120296e-01,7.228059755114779605e-01,3.442796893869007335e-02,2.357522370370691012e-01,-5.967152441211708708e-02,-5.985744054237326361e-01,-9.287588864741580519e-02,7.129048678864114974e-01,-1.505299263435979501e-02,8.279251686540221034e-01,-5.967152441211708708e-02,-5.985744054237326361e-01,-9.287588864741580519e-02
2.258024318421232024e-01,7.233787792967341090e-01,3.435269329161164120e-02,2.370077009386155620e-01,-5.955734519884867129e-02,-5.918599680184246647e-01,-9.302591055126972763e-02,7.084398085230210196e-01,-1.488157185237913571e-02,8.295768099175399035e-01,-5.955734519884867129e-02,-5.918599680184246647e-01,-9.302591055126972763e-02
2.268015576467343752e-01,7.239479687120158324e-01,3.427749306269996243e-02,2.382603057523103307e-01,-5.944573725230682670e-02,-5.851454194306805467e-01,-9.317615891669737971e-02,7.039753115424378649e-01,-1.471048076062474175e-02,8.312186619634572837e-01,-5.944573725230682670e-02,-5.851454194306805467e-01,-9.317615891669737971e-02
2.278006834513455203e-01,7.245135628502700209e-01,3.420236812387194431e-02,2.395100317614007879e-01,-5.933670121712463635e-02,-5.784307604534171254e-01,-9.332663370016636151e-02,6.995114288516472989e-01,-1.453972035741386143e-02,8.328507547477266293e-01,-5.933670121712463635e-02,-5.784307604534171254e-01,-9.332663370016636151e-02
2.287998092559566932e-01,7.250755808099703659e-01,3.412731835503432509e-02,2.407568593636355558e-01,-5.923023775366461491e-02,-5.717159918804831653e-01,-9.347733482987105602e-02,6.950482120776596551e-01,-1.436929162996285897e-02,8.344731183675158093e-01,-5.923023775366461491e-02,-5.717159918804831653e-01,-9.347733482987105602e-02
2.297989350605678660e-01,7.256340416942406168e-01,3.405234364408582515e-02,2.420007690708964043e-01,-5.912634753804201643e-02,-5.650011145066685669e-01,-9.362826220579031911e-02,6.905857125678579456e-01,-1.419919555453977994e-02,8.360857830589801809e-01,-5.912634753804201643e-02,-5.650011145066685669e-01,-9.362826220579031911e-02
2.307980608651790111e-01,7.261889646099785045e-01,3.397744388691877754e-02,2.432417415088297119e-01,-5.902503126214619922e-02,-5.582861291277058102e-01,-9.377941569974362901e-02,6.861239813903544649e-01,-1.402943309661611876e-02,8.376887791950349271e-01,-5.902503126214619922e-02,-5.582861291277058102e-01,-9.377941569974362901e-02
2.317971866697901839e-01,7.267403686669879903e-01,3.390261898742002317e-02,2.444797574164732923e-01,-5.892628963366027678e-02,-5.515710365402838322e-01,-9.393079515544697222e-02,6.816630693343649350e-01,-1.386000521101790617e-02,8.392821372831510418e-01,-5.892628963366027678e-02,-5.515710365402838322e-01,-9.393079515544697222e-02
2.327963124744013568e-01,7.272882729771126264e-01,3.382786885747149364e-02,2.457147976458822769e-01,-5.883012337608051201e-02,-5.448558375420454736e-01,-9.408240038856710563e-02,6.772030269105849820e-01,-1.369091284207647058e-02,8.408658879631516481e-01,-5.883012337608051201e-02,-5.448558375420454736e-01,-9.408240038856710563e-02
2.337954382790125296e-01,7.278326966533750220e-01,3.375319341694987124e-02,2.469468431617496407e-01,-5.873653322873290811e-02,-5.381405329316039099e-01,-9.423423118677592969e-02,6.727439043515858197e-01,-1.352215692377856104e-02,8.424400620050203070e-01,-5.873653322873290811e-02,-5.381405329316039099e-01,-9.423423118677592969e-02
2.347945640836236747e-01,7.283736588091219710e-01,3.367859259372598529e-02,2.481758750410270331e-01,-5.864551994678962599e-02,-5.314251235085406533e-01,-9.438628730980308523e-02,6.682857516122161501e-01,-1.335373837991499224e-02,8.440046903067278672e-01,-5.864551994678962599e-02,-5.314251235085406533e-01,-9.438628730980308523e-02
2.357936898882348475e-01,7.289111785571698032e-01,3.360406632366347984e-02,2.494018744725394754e-01,-5.855708430128397923e-02,-5.247096100734160995e-01,-9.453856848948889724e-02,6.638286183700153886e-01,-1.318565812422995559e-02,8.455598038920560944e-01,-5.855708430128397923e-02,-5.247096100734160995e-01,-9.453856848948889724e-02
2.367928156928460204e-01,7.294452750089592818e-01,3.352961455061705121e-02,2.506248227566007514e-01,-5.847122707912327105e-02,-5.179939934277776326e-01,-9.469107442983520917e-02,6.593725540256395456e-01,-1.301791706056845688e-02,8.471054339084433948e-01,-5.847122707912327105e-02,-5.179939934277776326e-01,-9.469107442983520917e-02
2.377919414974571655e-01,7.299759672737107241e-01,3.345523722642989445e-02,2.518447013046249960e-01,-5.838794908310090265e-02,-5.112782743741641767e-01,-9.484380480705596750e-02,6.549176077032928811e-01,-1.285051608302381632e-02,8.486416116248349795e-01,-5.838794908310090265e-02,-5.112782743741641767e-01,-9.484380480705596750e-02
2.387910673020683383e-01,7.305032744575858938e-01,3.338093431093086538e-02,2.530614916387340374e-01,-5.830725113190768361e-02,-5.045624537161116363e-01,-9.499675926962702910e-02,6.504638282511775449e-01,-1.268345607608435677e-02,8.501683684295443522e-01,-5.830725113190768361e-02,-5.045624537161116363e-01,-9.499675926962702910e-02
2.397901931066795111e-01,7.310272156628535578e-01,3.330670577193083765e-02,2.542751753913641277e-01,-5.822913406014035981e-02,-4.978465322581631658e-01,-9.514993743833527473e-02,6.460112642419469919e-01,-1.251673791477877357e-02,8.516857358281272328e-01,-5.822913406014035981e-02,-4.978465322581631658e-01,-9.514993743833527473e-02
2.407893189112906562e-01,7.315478099870585948e-01,3.323255158521877528e-02,2.554857343048711482e-01,-5.815359871831050215e-02,-4.911305108058698354e-01,-9.530333890632622373e-02,6.415599639731696113e-01,-1.235036246482199701e-02,8.531937454412653610e-01,-5.815359871831050215e-02,-4.911305108058698354e-01,-9.530333890632622373e-02
2.417884447159018291e-01,7.320650765221979883e-01,3.315847173455697960e-02,2.566931502311305957e-01,-5.808064597285079317e-02,-4.844143901658063411e-01,-9.545696323915114911e-02,6.371099754678083427e-01,-1.218433058275929931e-02,8.546924290026555182e-01,-5.808064597285079317e-02,-4.844143901658063411e-01,-9.545696323915114911e-02
2.427875705205130019e-01,7.325790343538970406e-01,3.308446621167604462e-02,2.578974051311370141e-01,-5.801027670612102227e-02,-4.776981711455683954e-01,-9.561080997481398447e-02,6.326613464747040672e-01,-1.201864311610974234e-02,8.561818183569180896e-01,-5.801027670612102227e-02,-4.776981711455683954e-01,-9.561080997481398447e-02
2.437866963251241748e-01,7.330897025605950246e-01,3.301053501626906306e-02,2.590984810746009837e-01,-5.794249181641190904e-02,-4.709818545537859391e-01,-9.576487862381603822e-02,6.282141244690708781e-01,-1.185330090351015275e-02,8.576619454575100665e-01,-5.794249181641190904e-02,-4.709818545537859391e-01,-9.576487862381603822e-02
2.447858221297353198e-01,7.335971002127307239e-01,3.293667815598547849e-02,2.602963602395439446e-01,-5.787729221794819107e-02,-4.642654412001269160e-01,-9.591916866920079110e-02,6.237683566530020096e-01,-1.168830477485665459e-02,8.591328423646502621e-01,-5.787729221794819107e-02,-4.642654412001269160e-01,-9.591916866920079110e-02
2.457849479343464927e-01,7.341012463719347458e-01,3.286289564642418115e-02,2.614910249118899688e-01,-5.781467884089041415e-02,-4.575489318953032680e-01,-9.607367956659783326e-02,6.193240899559842028e-01,-1.152365555144643783e-02,8.605945412432536301e-01,-5.781467884089041415e-02,-4.575489318953032680e-01,-9.607367956659783326e-02
2.467840737389576655e-01,7.346021600902259419e-01,3.278918751112642332e-02,2.626824574850561422e-01,-5.775465263133514743e-02,-4.508323274510799838e-01,-9.622841074426535801e-02,6.148813710354219531e-01,-1.135935404611895100e-02,8.620470743608784625e-01,-5.775465263133514743e-02,-4.508323274510799838e-01,-9.622841074426535801e-02
2.477831995435688106e-01,7.350998604092107147e-01,3.271555378156773553e-02,2.638706404595401733e-01,-5.769721455131433807e-02,-4.441156286802820929e-01,-9.638336160313247525e-02,6.104402462771714166e-01,-1.119540106339565050e-02,8.634904740856811367e-01,-5.769721455131433807e-02,-4.441156286802820929e-01,-9.638336160313247525e-02
2.487823253481799834e-01,7.355943663592899862e-01,3.264199449714976636e-02,2.650555564425071120e-01,-5.764236557879299366e-02,-4.373988363967955539e-01,-9.653853151684017864e-02,6.060007617960820880e-01,-1.103179739961959033e-02,8.649247728843877381e-01,-5.764236557879299366e-02,-4.373988363967955539e-01,-9.653853151684017864e-02
2.497814511527911563e-01,7.360856969588660537e-01,3.256850970519131055e-02,2.662371881473727386e-01,-5.759010670766576828e-02,-4.306819514155835193e-01,-9.669391983178128591e-02,6.015629634365490253e-01,-1.086854384309409588e-02,8.663500033202659045e-01,-5.759010670766576828e-02,-4.306819514155835193e-01,-9.669391983178128591e-02
2.507805769574023014e-01,7.365738712135566635e-01,3.249509946091899693e-02,2.674155183933853985e-01,-5.754043894775245915e-02,-4.239649745526852809e-01,-9.684952586714015710e-02,5.971268967730751775e-01,-1.070564117422050099e-02,8.677661980511161000e-01,-5.754043894775245915e-02,-4.239649745526852809e-01,-9.684952586714015710e-02
2.517797027620135020e-01,7.370589081154134137e-01,3.242176382745731722e-02,2.685905301052065042e-01,-5.749336332479225431e-02,-4.172479066252254842e-01,-9.700534891493113598e-02,5.926926071108381544e-01,-1.054309016563548251e-02,8.691733898272711034e-01,-5.749336332479225431e-02,-4.172479066252254842e-01,-9.700534891493113598e-02
2.527788285666246471e-01,7.375408266421432657e-01,3.234850287581821082e-02,2.697622063124870406e-01,-5.744888088043626634e-02,-4.105307484514223448e-01,-9.716138824003615893e-02,5.882601394862728705e-01,-1.038089158234700021e-02,8.705716114896011604e-01,-5.744888088043626634e-02,-4.105307484514223448e-01,-9.716138824003615893e-02
2.537779543712357921e-01,7.380196457563350521e-01,3.227531668489019845e-02,2.709305301494459028e-01,-5.740699267223942776e-02,-4.038135008505915891e-01,-9.731764308024144772e-02,5.838295386676536358e-01,-1.021904618187038233e-02,8.719608959675401172e-01,-5.740699267223942776e-02,-4.038135008505915891e-01,-9.731764308024144772e-02
2.547770801758469927e-01,7.384953844046897586e-01,3.220220534142690522e-02,2.720954848544433480e-01,-5.736769977365082512e-02,-3.970961646431553360e-01,-9.747411264627295346e-02,5.794008491556945639e-01,-1.005755471436295401e-02,8.733412762771105564e-01,-5.736769977365082512e-02,-3.970961646431553360e-01,-9.747411264627295346e-02
2.557762059804581378e-01,7.389680615172559142e-01,3.212916894003516738e-02,2.732570537695520607e-01,-5.733100327400278418e-02,-3.903787406506480373e-01,-9.763079612183209188e-02,5.749741151841515352e-01,-9.896417922757784480e-03,8.747127855189656964e-01,-5.733100327400278418e-02,-3.903787406506480373e-01,-9.763079612183209188e-02
2.567753317850692829e-01,7.394376960066690874e-01,3.205620758316253538e-02,2.744152203401307166e-01,-5.729690427849882389e-02,-3.836612296957229717e-01,-9.778769266362936918e-02,5.705493807204345957e-01,-9.735636542897309342e-03,8.760754568764452799e-01,-5.729690427849882389e-02,-3.836612296957229717e-01,-9.778769266362936918e-02
2.577744575896804835e-01,7.399043067673944929e-01,3.198332138108449935e-02,2.755699681143911617e-01,-5.726540390820088200e-02,-3.769436326021592953e-01,-9.794480140141773039e-02,5.661266894662293492e-01,-9.575211303665481788e-03,8.774293236136300189e-01,-5.726540390820088200e-02,-3.769436326021592953e-01,-9.794480140141773039e-02
2.587735833942916286e-01,7.403679126749750372e-01,3.191051045189090968e-02,2.767212807429663135e-01,-5.723650330001410491e-02,-3.702259501948685361e-01,-9.810212143802467255e-02,5.617060848581272303e-01,-9.415142927119625471e-03,8.787744190734197991e-01,-5.723650330001410491e-02,-3.702259501948685361e-01,-9.810212143802467255e-02
2.597727091989027737e-01,7.408285325852842496e-01,3.183777492147217558e-02,2.778691419784762862e-01,-5.721020360667170707e-02,-3.635081832999006446e-01,-9.825965184938405261e-02,5.572876100682588874e-01,-9.255432128621156329e-03,8.801107766756176565e-01,-5.721020360667170707e-02,-3.635081832999006446e-01,-9.825965184938405261e-02
2.607718350035139743e-01,7.412861853337807672e-01,3.176511492350482524e-02,2.790135356750937379e-01,-5.718650599671747103e-02,-3.567903327444515993e-01,-9.841739168456620224e-02,5.528713080049423301e-01,-9.096079616965548065e-03,8.814384299150184177e-01,-5.718650599671747103e-02,-3.567903327444515993e-01,-9.841739168456620224e-02
2.617709608081251194e-01,7.417408894229422511e-01,3.169253060079095519e-02,2.801544414120789028e-01,-5.716541285321573990e-02,-3.500723993516668409e-01,-9.857533963745933325e-02,5.484572265205438502e-01,-8.937086516309304673e-03,8.827574098113359913e-01,-5.716541285321573990e-02,-3.500723993516668409e-01,-9.857533963745933325e-02
2.627700866127362644e-01,7.421926639704368167e-01,3.162002210105801375e-02,2.812918476160405912e-01,-5.714692417941760749e-02,-3.433543839565000311e-01,-9.873349503129440208e-02,5.440454028060598413e-01,-8.778453100504540751e-03,8.840677525775184620e-01,-5.714692417941760749e-02,-3.433543839565000311e-01,-9.873349503129440208e-02
2.637692124173474650e-01,7.426415277460006736e-01,3.154758958125438578e-02,2.824257384432284357e-01,-5.713104119119043200e-02,-3.366362873896252550e-01,-9.889185683470523569e-02,5.396358789821605884e-01,-8.620180059417011098e-03,8.853694919219728954e-01,-5.713104119119043200e-02,-3.366362873896252550e-01,-9.889185683470523569e-02
2.647683382219586101e-01,7.430874994960218194e-01,3.147523320605218056e-02,2.835560981496853539e-01,-5.711776512013316126e-02,-3.299181104828899369e-01,-9.905042398957580874e-02,5.352286969083610568e-01,-8.462268076858549259e-03,8.866626616205797173e-01,-5.711776512013316126e-02,-3.299181104828899369e-01,-9.905042398957580874e-02
2.657674640265698107e-01,7.435305979428193934e-01,3.140295314783055763e-02,2.846829110908051241e-01,-5.710709721355334417e-02,-3.231998540693180599e-01,-9.920919541106616724e-02,5.308238981837017922e-01,-8.304717830713195803e-03,8.879472955148417501e-01,-5.710709721355334417e-02,-3.231998540693180599e-01,-9.920919541106616724e-02
2.667665898311809558e-01,7.439708417839243637e-01,3.133074958665846982e-02,2.858061617208879635e-01,-5.709903873444298339e-02,-3.164815189831223785e-01,-9.936816998763760289e-02,5.264215241474397011e-01,-8.147529993062285758e-03,8.892234275100375784e-01,-5.709903873444298339e-02,-3.164815189831223785e-01,-9.936816998763760289e-02
2.677657156357921009e-01,7.444082496913656533e-01,3.125862271027697592e-02,2.869258345926956055e-01,-5.709359096145379120e-02,-3.097631060597037522e-01,-9.952734658107761923e-02,5.220216158797451600e-01,-7.990705230308217666e-03,8.904910915733937893e-01,-5.709359096145379120e-02,-3.097631060597037522e-01,-9.952734658107761923e-02
2.687648414404033015e-01,7.448428403109590423e-01,3.118657271408107820e-02,2.880419143570044915e-01,-5.709075518887041234e-02,-3.030446161356652457e-01,-9.968672402652262177e-02,5.176242142024065629e-01,-7.834244203298451614e-03,8.917503217322575448e-01,-5.709075518887041234e-02,-3.030446161356652457e-01,-9.968672402652262177e-02
2.697639672450144466e-01,7.452746322616032870e-01,3.111459980110114001e-02,2.891543857621567959e-01,-5.709053272658316108e-02,-2.963260500488130722e-01,-9.984630113248101069e-02,5.132293596795418633e-01,-7.678147567447786426e-03,8.930011520722906937e-01,-5.709053272658316108e-02,-2.963260500488130722e-01,-9.984630113248101069e-02
2.707630930496255917e-01,7.457036441345761268e-01,3.104270418198375528e-02,2.902632336536138391e-01,-5.709292490005899584e-02,-2.896074086381656421e-01,-1.000060766808544971e-01,5.088370926183160003e-01,-7.522415972860165001e-03,8.942436167356652144e-01,-5.709292490005899584e-02,-2.896074086381656421e-01,-1.000060766808544971e-01
2.717622188542367923e-01,7.461298944928385080e-01,3.097088607497230917e-02,2.913684429735031167e-01,-5.709793305031205662e-02,-2.828886927439596133e-01,-1.001660494269591833e-01,5.044474530696658743e-01,-7.367050064449320868e-03,8.954777499192749790e-01,-5.709793305031205662e-02,-2.828886927439596133e-01,-1.001660494269591833e-01
2.727613446588479373e-01,7.465534018703392505e-01,3.089914570588696979e-02,2.924699987601694362e-01,-5.710555853387258574e-02,-2.761699032076578297e-01,-1.003262180995455055e-01,5.000604808290339820e-01,-7.212050482059147172e-03,8.967035858729534015e-01,-5.710555853387258574e-02,-2.761699032076578297e-01,-1.003262180995455055e-01
2.737604704634590824e-01,7.469741847713271543e-01,3.082748330810430176e-02,2.935678861477217794e-01,-5.711580272275455089e-02,-2.694510408719517081e-01,-1.004865814008166908e-01,4.956762154371021079e-01,-7.057417860582358704e-03,8.979211588977059622e-01,-5.711580272275455089e-02,-2.694510408719517081e-01,-1.004865814008166908e-01
2.747595962680702830e-01,7.473922616696651033e-01,3.075589912253640784e-02,2.946620903655794987e-01,-5.712866700442263690e-02,-2.627321065807725065e-01,-1.006471380064475618e-01,4.912946961805420010e-01,-6.903152830079431479e-03,8.991305033439505046e-01,-5.712866700442263690e-02,-2.627321065807725065e-01,-1.006471380064475618e-01
2.757587220726814281e-01,7.478076510081489436e-01,3.068439339760967166e-02,2.957525967380189580e-01,-5.714415278175774549e-02,-2.560131011792951550e-01,-1.008078865656018147e-01,4.869159620927609455e-01,-6.749256015894877780e-03,9.003316536097705214e-01,-5.714415278175774549e-02,-2.560131011792951550e-01,-1.008078865656018147e-01
2.767578478772925732e-01,7.482203711978303584e-01,3.061296638924299041e-02,2.968393906837190066e-01,-5.716226147302110039e-02,-2.492940255139446670e-01,-1.009688257009474788e-01,4.825400519546612088e-01,-6.595728038775124091e-03,9.015246441391734367e-01,-5.716226147302110039e-02,-2.492940255139446670e-01,-1.009688257009474788e-01
2.777569736819037738e-01,7.486304406173439618e-01,3.054161836082562587e-02,2.979224577153032349e-01,-5.718299451181819287e-02,-2.425748804324019126e-01,-1.011299540086736254e-01,4.781670042954044852e-01,-6.442569514983072232e-03,9.027095094203662073e-01,-5.718299451181819287e-02,-2.425748804324019126e-01,-1.011299540086736254e-01
2.787560994865149189e-01,7.490378776122378346e-01,3.047034958319469466e-02,2.990017834388846718e-01,-5.720635334706037495e-02,-2.358556667836149146e-01,-1.012912700585038295e-01,4.737968573931795047e-01,-6.289781056413472349e-03,9.038862839840358099e-01,-5.720635334706037495e-02,-2.358556667836149146e-01,-1.012912700585038295e-01
2.797552252911260640e-01,7.494427004943091664e-01,3.039916033461205480e-02,3.000773535536083170e-01,-5.723233944292613340e-02,-2.291363854177972392e-01,-1.014527723937104914e-01,4.694296492759784112e-01,-6.137363270706505669e-03,9.050550024016447148e-01,-5.723233944292613340e-02,-2.291363854177972392e-01,-1.014527723937104914e-01
2.807543510957372646e-01,7.498449275409436732e-01,3.032805090074096321e-02,3.011491538511915644e-01,-5.726095427882089972e-02,-2.224170371864399032e-01,-1.016144595311277710e-01,4.650654177223774721e-01,-5.985316761360735816e-03,9.062156992837322456e-01,-5.726095427882089972e-02,-2.224170371864399032e-01,-1.016144595311277710e-01
2.817534769003484096e-01,7.502445769944575682e-01,3.025702157462216088e-02,3.022171702154663464e-01,-5.729219934933597186e-02,-2.156976229423173130e-01,-1.017763299611628425e-01,4.607042002623253918e-01,-5.833642127845685421e-03,9.073684092782307031e-01,-5.729219934933597186e-02,-2.156976229423173130e-01,-1.017763299611628425e-01
2.827526027049595547e-01,7.506416670614460829e-01,3.018607265664965261e-02,3.032813886219185573e-01,-5.732607616420629798e-02,-2.089781435394898468e-01,-1.019383821478076491e-01,4.563460341779349005e-01,-5.682339965712393526e-03,9.085131670687878191e-01,-5.732607616420629798e-02,-2.089781435394898468e-01,-1.019383821478076491e-01
2.837517285095707553e-01,7.510362159121330983e-01,3.011520445454600112e-02,3.043417951372280328e-01,-5.736258624826646307e-02,-2.022585998333149282e-01,-1.021006145286488948e-01,4.519909565042811717e-01,-5.531410866703764806e-03,9.096500073731004221e-01,-5.736258624826646307e-02,-2.022585998333149282e-01,-1.021006145286488948e-01
2.847508543141819004e-01,7.514282416797281039e-01,3.004441728333721862e-02,3.053983759188079183e-01,-5.740173114140692534e-02,-1.955389926804497747e-01,-1.022630255148768846e-01,4.476390040302057893e-01,-5.380855418864786965e-03,9.107789649412644239e-01,-5.740173114140692534e-02,-1.955389926804497747e-01,-1.022630255148768846e-01
2.857499801187931010e-01,7.518177624597840447e-01,2.997371146532731845e-02,3.064511172143424278e-01,-5.744351239852783092e-02,-1.888193229388595296e-01,-1.024256134912944899e-01,4.432902132991270450e-01,-5.230674206650007263e-03,9.119000745541235853e-01,-5.744351239852783092e-02,-1.888193229388595296e-01,-1.024256134912944899e-01
2.867491059234042461e-01,7.522047963095597201e-01,2.990308733007234973e-02,3.075000053613247131e-01,-5.748793158949236370e-02,-1.820995914678222305e-01,-1.025883768163242393e-01,4.389446206098529535e-01,-5.080867811031723746e-03,9.130133710216400411e-01,-5.748793158949236370e-02,-1.820995914678222305e-01,-1.025883768163242393e-01
2.877482317280153912e-01,7.525893612473895100e-01,2.983254521435411977e-02,3.085450267865953444e-01,-5.753499029907898493e-02,-1.753797991279339719e-01,-1.027513138220154248e-01,4.346022620174009865e-01,-4.931436809606407068e-03,9.141188891812679351e-01,-5.753499029907898493e-02,-1.753797991279339719e-01,-1.027513138220154248e-01
2.887473575326265918e-01,7.529714752520512144e-01,2.976208546215349665e-02,3.095861680058781262e-01,-5.758469012693237521e-02,-1.686599467811170650e-01,-1.029144228140494860e-01,4.302631733338235787e-01,-4.782381776700560250e-03,9.152166638963394885e-01,-5.758469012693237521e-02,-1.686599467811170650e-01,-1.029144228140494860e-01
2.897464833372377369e-01,7.533511562621429958e-01,2.969170842462327820e-02,3.106234156233167454e-01,-5.763703268751349529e-02,-1.619400352906274765e-01,-1.030777020717450476e-01,4.259273901290389075e-01,-4.633703283475690271e-03,9.163067300544618377e-01,-5.763703268751349529e-02,-1.619400352906274765e-01,-1.030777020717450476e-01
2.907456091418488819e-01,7.537284221754614322e-01,2.962141446006073126e-02,3.116567563310115307e-01,-5.769201961004826601e-02,-1.552200655210558555e-01,-1.032411498480617223e-01,4.215949477316636718e-01,-4.485401898031947387e-03,9.173891225659236426e-01,-5.769201961004826601e-02,-1.552200655210558555e-01,-1.032411498480617223e-01
2.917447349464600825e-01,7.541032908483844555e-01,2.955120393387964534e-02,3.126861769085546028e-01,-5.774965253847537394e-02,-1.485000383383367484e-01,-1.034047643696037605e-01,4.172658812298531972e-01,-4.337478185511389750e-03,9.184638763621123525e-01,-5.774965253847537394e-02,-1.485000383383367484e-01,-1.034047643696037605e-01
2.927438607510712276e-01,7.544757800952573978e-01,2.948107721858213986e-02,3.137116642225655228e-01,-5.780993313139311945e-02,-1.417799546097555929e-01,-1.035685438366219790e-01,4.129402254721476484e-01,-4.189932708199915756e-03,9.195310263939396878e-01,-5.780993313139311945e-02,-1.417799546097555929e-01,-1.035685438366219790e-01
2.937429865556823727e-01,7.548459076877837015e-01,2.941103469372995105e-02,3.147332052262263313e-01,-5.787286306200495334e-02,-1.350598152039522160e-01,-1.037324864230152466e-01,4.086180150683192402e-01,-4.042766025628474758e-03,9.205906076302791119e-01,-5.787286306200495334e-02,-1.350598152039522160e-01,-1.037324864230152466e-01
2.947421123602935733e-01,7.552136913544201802e-01,2.934107674591539608e-02,3.157507869588171423e-01,-5.793844401806369504e-02,-1.283396209909264951e-01,-1.038965902763306498e-01,4.042992843902247779e-01,-3.895978694673389586e-03,9.216426550564168485e-01,-5.793844401806369504e-02,-1.283396209909264951e-01,-1.038965902763306498e-01
2.957412381649047184e-01,7.555791487797735018e-01,2.927120376873193833e-02,3.167643965452500709e-01,-5.800667770181520272e-02,-1.216193728420477960e-01,-1.040608535177638683e-01,3.999840675726676342e-01,-3.749571269655492534e-03,9.226872036725010107e-01,-5.800667770181520272e-02,-1.216193728420477960e-01,-1.040608535177638683e-01
2.967403639695158635e-01,7.559422976040025555e-01,2.920141616274446808e-02,3.177740211956038840e-01,-5.807756582994105105e-02,-1.148990716300567483e-01,-1.042252742421577033e-01,3.956723985142554523e-01,-3.603544302438511926e-03,9.237242884920178199e-01,-5.807756582994105105e-02,-1.148990716300567483e-01,-1.042252742421577033e-01
2.977394897741270641e-01,7.563031554222260366e-01,2.913171433545903855e-02,3.187796482046592605e-01,-5.815111013349906488e-02,-1.081787182290714355e-01,-1.043898505179996633e-01,3.913643108782694502e-01,-3.457898342526660729e-03,9.247539445402651603e-01,-5.815111013349906488e-02,-1.081787182290714355e-01,-1.043898505179996633e-01
2.987386155787382092e-01,7.566617397839289216e-01,2.906209870129241105e-02,3.197812649514313321e-01,-5.822731235786411663e-02,-1.014583135145980114e-01,-1.045545803874194241e-01,3.870598380935372229e-01,-3.312633937160948394e-03,9.257762068528374577e-01,-5.822731235786411663e-02,-1.014583135145980114e-01,-1.045545803874194241e-01
2.997377413833493542e-01,7.570180681923789345e-01,2.899256968154107980e-02,3.207788588987058320e-01,-5.830617426266725134e-02,-9.473785836352746625e-02,-1.047194618661851789e-01,3.827590133553034901e-01,-3.167751631414791880e-03,9.267911104741304307e-01,-5.830617426266725134e-02,-9.473785836352746625e-02,-1.047194618661851789e-01
3.007368671879605548e-01,7.573721581040407935e-01,2.892312770434999486e-02,3.217724175925723018e-01,-5.838769762173336153e-02,-8.801735365415018497e-02,-1.048844929436986151e-01,3.784618696261116688e-01,-3.023251968288592773e-03,9.277986904558412906e-01,-5.838769762173336153e-02,-8.801735365415018497e-02,-1.048844929436986151e-01
3.017359929925716999e-01,7.577240269280000051e-01,2.885377320468107340e-02,3.227619286619579086e-01,-5.847188422301867472e-02,-8.129680026615750121e-02,-1.050496715829897232e-01,3.741684396366884435e-01,-2.879135488803453991e-03,9.287989818554923671e-01,-5.847188422301867472e-02,-8.129680026615750121e-02,-1.050496715829897232e-01
3.027351187971829005e-01,7.580736920253843270e-01,2.878450662428097898e-02,3.237473798181629281e-01,-5.855873586854612456e-02,-7.457619908064416769e-02,-1.052149957207102193e-01,3.698787558868260050e-01,-2.735402732093890343e-03,9.297920197349532900e-01,-5.855873586854612456e-02,-7.457619908064416769e-02,-1.052149957207102193e-01
3.037342446017940456e-01,7.584211707087955556e-01,2.871532841164899097e-02,3.247287588543931180e-01,-5.864825437434111055e-02,-6.785555098012240050e-02,-1.053804632671269254e-01,3.655928506462793326e-01,-2.592054235499401116e-03,9.307778391589831557e-01,-5.864825437434111055e-02,-6.785555098012240050e-02,-1.053804632671269254e-01
3.047333704064051907e-01,7.587664802417379839e-01,2.864623902200416627e-02,3.257060536452964783e-01,-5.874044157036439201e-02,-6.113485684851743818e-02,-1.055460721061130397e-01,3.613107559556532067e-01,-2.449090534655529172e-03,9.317564751937756906e-01,-5.874044157036439201e-02,-6.113485684851743818e-02,-1.055460721061130397e-01
3.057324962110163913e-01,7.591096378380575160e-01,2.857723891725229629e-02,3.266792521464951804e-01,-5.883529930044539835e-02,-5.441411757117892850e-02,-1.057118200951394915e-01,3.570325036273073183e-01,-2.306512163583601671e-03,9.327279629055161836e-01,-5.883529930044539835e-02,-5.441411757117892850e-02,-1.057118200951394915e-01
3.067316220156275364e-01,7.594506606613784516e-01,2.850832856595261408e-02,3.276483423941225492e-01,-5.893282942221420018e-02,-4.769333403488712486e-02,-1.058777050652655177e-01,3.527581252462521633e-01,-2.164319654779679747e-03,9.336923373589490760e-01,-5.893282942221420018e-02,-4.769333403488712486e-02,-1.058777050652655177e-01
3.077307478202386815e-01,7.597895658245478190e-01,2.843950844328390140e-02,3.286133125043559366e-01,-5.903303380703125991e-02,-4.097250712785294180e-02,-1.060437248211277134e-01,3.484876521710579822e-01,-2.022513539302439600e-03,9.346496336159573204e-01,-5.903303380703125991e-02,-4.097250712785294180e-02,-1.060437248211277134e-01
3.087298736248498821e-01,7.601263703890828172e-01,2.837077903101054011e-02,3.295741506729534809e-01,-5.913591433991798041e-02,-3.425163773972821069e-02,-1.062098771409290265e-01,3.442211155347608131e-01,-1.881094346860040512e-03,9.355998867341451808e-01,-5.913591433991798041e-02,-3.425163773972821069e-02,-1.062098771409290265e-01
3.097289994294610271e-01,7.604610913646189241e-01,2.830214081744796342e-02,3.305308451747882570e-01,-5.924147291948494987e-02,-2.753072676160866691e-02,-1.063761597764262684e-01,3.399585462457750951e-01,-1.740062605896486314e-03,9.365431317654372423e-01,-5.924147291948494987e-02,-2.753072676160866691e-02,-1.063761597764262684e-01
3.107281252340721722e-01,7.607937457083666644e-01,2.823359429742797189e-02,3.314833843633841481e-01,-5.934971145785944424e-02,-2.080977508603884529e-02,-1.065425704529169432e-01,3.356999749888085471e-01,-1.599418843676397861e-03,9.374794037546853032e-01,-5.934971145785944424e-02,-2.080977508603884529e-02,-1.065425704529169432e-01
3.117272510386833728e-01,7.611243503245667119e-01,2.816513997226359825e-02,3.324317566704525495e-01,-5.946063188061159743e-02,-1.408878360701899118e-02,-1.067091068692256617e-01,3.314454322257788799e-01,-1.459163586369022214e-03,9.384087377382817063e-01,-5.946063188061159743e-02,-1.408878360701899118e-02,-1.067091068692256617e-01
3.127263768432945179e-01,7.614529220639526530e-01,2.809677834971371219e-02,3.333759506054275179e-01,-5.957423612668076573e-02,-7.367753220008460557e-03,-1.068757666976894172e-01,3.271949481967375561e-01,-1.319297359131881009e-03,9.393311687427874368e-01,-5.957423612668076573e-02,-7.367753220008460557e-03,-1.068757666976894172e-01
3.137255026479056630e-01,7.617794777232158587e-01,2.802850994394716355e-02,3.343159547550033084e-01,-5.969052614829885306e-02,-6.466848219304054818e-04,-1.070425475841418061e-01,3.229485529207903882e-01,-1.179820686192205315e-03,9.402467317835689897e-01,-5.969052614829885306e-02,-6.466848219304054818e-04,-1.070425475841418061e-01
3.147246284525168636e-01,7.621040340444722450e-01,2.796033527550683545e-02,3.352517577826709672e-01,-5.980950391091450352e-02,6.074420688822276641e-03,-1.072094471478967220e-01,3.187062761970270719e-01,-1.040734090928759070e-03,9.411554618634382363e-01,-5.980950391091450352e-02,6.074420688822276641e-03,-1.072094471478967220e-01
3.157237542571280087e-01,7.624266077147358045e-01,2.789225487127313524e-02,3.361833484282565343e-01,-5.993117139311486541e-02,1.279556241237924698e-02,-1.073764629817314104e-01,3.144681476054499991e-01,-9.020380959516710595e-04,9.420573939713124956e-01,-5.993117139311486541e-02,1.279556241237924698e-02,-1.073764629817314104e-01
3.167228800617391538e-01,7.627472153653931386e-01,2.782426926442727044e-02,3.371107155074579698e-01,-6.005553058654723025e-02,1.951673944739528571e-02,-1.075435926518682611e-01,3.102341965079058461e-01,-7.637332231819476958e-04,9.429525630808751613e-01,-6.005553058654723025e-02,1.951673944739528571e-02,-1.075435926518682611e-01
3.177220058663503544e-01,7.630658735716822072e-01,2.775637899441421586e-02,3.380338479113854100e-01,-6.018258349583915923e-02,2.623795089103782979e-02,-1.077108336979561293e-01,3.060044520490204367e-01,-6.258199939293759839e-04,9.438410041492522051e-01,-6.018258349583915923e-02,2.623795089103782979e-02,-1.077108336979561293e-01
3.187211316709614994e-01,7.633825988521758532e-01,2.768858460690536497e-02,3.389527346060980384e-01,-6.031233213851774910e-02,3.295919583898603705e-02,-1.078781836330505589e-01,3.017789431571392122e-01,-4.882989289703501545e-04,9.447227521156941199e-01,-6.031233213851774910e-02,3.295919583898603705e-02,-1.078781836330505589e-01
3.197202574755726445e-01,7.636974076682661039e-01,2.762088665376078583e-02,3.398673646321460073e-01,-6.044477854492777413e-02,3.968047338542552566e-02,-1.080456399435936604e-01,2.975576985452635936e-01,-3.511705486237207130e-04,9.455978419002679658e-01,-6.044477854492777413e-02,3.968047338542552566e-02,-1.080456399435936604e-01
3.207193832801838451e-01,7.640103164236548006e-01,2.755328569299131738e-02,3.407777271041090295e-01,-6.057992475814897443e-02,4.640178262304492374e-02,-1.082132000893927110e-01,2.933407467119956147e-01,-2.144353728263659331e-04,9.464663084025624062e-01,-6.057992475814897443e-02,4.640178262304492374e-02,-1.082132000893927110e-01
3.217185090847949902e-01,7.643213414638456715e-01,2.748578228872016263e-02,3.416838112101377445e-01,-6.071777283391185942e-02,5.312312264302750803e-02,-1.083808615035980888e-01,2.891281159424824443e-01,-7.809392120754210520e-05,9.473281865003958524e-01,-6.071777283391185942e-02,5.312312264302750803e-02,-1.083808615035980888e-01
3.227176348894061908e-01,7.646304990756402908e-01,2.741837701114436393e-02,3.425856062114959188e-01,-6.085832484051339336e-02,5.984449253505100957e-02,-1.085486215926803888e-01,2.849198343093623520e-01,5.785328683743928835e-05,9.481835110485411500e-01,-6.085832484051339336e-02,5.984449253505100957e-02,-1.085486215926803888e-01
3.237167606940173359e-01,7.649378054866394772e-01,2.735107043649588274e-02,3.434831014421019235e-01,-6.100158285873038405e-02,6.656589138728115362e-02,-1.087164777364072604e-01,2.807159296737161136e-01,1.934057320755536158e-04,9.490323168774540408e-01,-6.100158285873038405e-02,6.656589138728115362e-02,-1.087164777364072604e-01
3.247158864986284810e-01,7.652432768647434713e-01,2.728386314700232892e-02,3.443762863080716552e-01,-6.114754898173301728e-02,7.328731828636569912e-02,-1.088844272878187192e-01,2.765164296860173621e-01,3.285628953639888050e-04,9.498746387920117273e-01,-6.114754898173301728e-02,7.328731828636569912e-02,-1.088844272878187192e-01
3.257150123032396816e-01,7.655469293176606627e-01,2.721675573084749930e-02,3.452651502872629563e-01,-6.129622531499692023e-02,8.000877231743437623e-02,-1.090524675732018611e-01,2.723213617870847147e-01,4.633242575797225093e-04,9.507105115702656484e-01,-6.129622531499692023e-02,8.000877231743437623e-02,-1.090524675732018611e-01
3.267141381078508267e-01,7.658487788924165374e-01,2.714974878213157611e-02,3.461496829288194244e-01,-6.144761397621367055e-02,8.673025256408992134e-02,-1.092205958920651476e-01,2.681307532090391188e-01,5.976892995504454187e-04,9.515399699621979179e-01,-6.144761397621367055e-02,8.673025256408992134e-02,-1.092205958920651476e-01
3.277132639124619717e-01,7.661488415748667347e-01,2.708284290083097859e-02,3.470298738527155535e-01,-6.160171709520118749e-02,9.345175810840669617e-02,-1.093888095171115932e-01,2.639446309762615850e-01,7.316575019856649820e-04,9.523630486884890889e-01,-6.160171709520118749e-02,9.345175810840669617e-02,-1.093888095171115932e-01
3.287123897170731723e-01,7.664471332892137667e-01,2.701603869275805148e-02,3.479057127493045964e-01,-6.175853681381290872e-02,1.001732880309259277e-01,-1.095571056942112598e-01,2.597630219063488122e-01,8.652283454094050752e-04,9.531797824392933549e-01,-6.175853681381290872e-02,1.001732880309259277e-01,-1.095571056942112598e-01
3.297115155216843174e-01,7.667436698975266252e-01,2.694933676952026430e-02,3.487771893788625399e-01,-6.191807528584494791e-02,1.068948414106512951e-01,-1.097254816423730850e-01,2.555859526110788593e-01,9.984013100938285423e-04,9.539902058730289625e-01,-6.191807528584494791e-02,1.068948414106512951e-01,-1.097254816423730850e-01
3.307106413262954625e-01,7.670384671992637182e-01,2.688273774847936559e-02,3.496442935711384647e-01,-6.208033467694381441e-02,1.136164173250450576e-01,-1.098939345537156831e-01,2.514134494973709888e-01,1.131175875993387092e-03,9.547943536151687338e-01,-6.208033467694381441e-02,1.136164173250450576e-01,-1.098939345537156831e-01
3.317097671309066631e-01,7.673315409307996937e-01,2.681624225271006523e-02,3.505070152249030735e-01,-6.224531716451165569e-02,1.203380148500252100e-01,-1.100624615934376327e-01,2.472455387682482020e-01,1.263551522680581018e-03,9.555922602570479096e-01,-6.224531716451165569e-02,1.203380148500252100e-01,-1.100624615934376327e-01
3.327088929355178082e-01,7.676229067649542603e-01,2.674985091095851905e-02,3.513653443074968852e-01,-6.241302493761159004e-02,1.270596330599572943e-01,-1.102310598997870705e-01,2.430822464238076297e-01,1.395527729282253215e-03,9.563839603546749890e-01,-6.241302493761159004e-02,1.270596330599572943e-01,-1.102310598997870705e-01
3.337080187401289533e-01,7.679125803105267822e-01,2.668356435760049772e-02,3.522192708543824824e-01,-6.258346019687152650e-02,1.337812710276563843e-01,-1.103997265840301056e-01,2.389235982621850385e-01,1.527103974417083621e-03,9.571694884275575577e-01,-6.258346019687152650e-02,1.337812710276563843e-01,-1.103997265840301056e-01
3.347071445447401539e-01,7.682005771118299853e-01,2.661738323259932315e-02,3.530687849686958146e-01,-6.275662515438690248e-02,1.405029278243809798e-01,-1.105684587304192057e-01,2.347696198805221124e-01,1.658279736134055105e-03,9.579488789575280050e-01,-6.275662515438690248e-02,1.405029278243809798e-01,-1.105684587304192057e-01
3.357062703493512990e-01,7.684869126482309909e-01,2.655130818146350657e-02,3.539138768207986119e-01,-6.293252203362213748e-02,1.472246025198274133e-01,-1.107372533961598071e-01,2.306203366759392581e-01,1.789054491851696516e-03,9.587221663875912236e-01,-6.293252203362213748e-02,1.472246025198274133e-01,-1.107372533961598071e-01
3.367053961539624440e-01,7.687716023336939042e-01,2.648533985520407780e-02,3.547545366478333517e-01,-6.311115306931214253e-02,1.539462941821287401e-01,-1.109061076113774941e-01,2.264757738465043579e-01,1.919427718298803709e-03,9.594893851207685342e-01,-6.311115306931214253e-02,1.539462941821287401e-01,-1.109061076113774941e-01
3.377045219585736446e-01,7.690546615163245114e-01,2.641947891029170284e-02,3.555907547532761170e-01,-6.329252050736168533e-02,1.606680018778494368e-01,-1.110750183790828738e-01,2.223359563922067961e-01,2.049398891455472826e-03,9.602505695189569312e-01,-6.329252050736168533e-02,1.606680018778494368e-01,-1.110750183790828738e-01
3.387036477631847897e-01,7.693361054779197516e-01,2.635372600861352749e-02,3.564225215064943941e-01,-6.347662660474404084e-02,1.673897246719828202e-01,-1.112439826751373539e-01,2.182009091159315128e-01,2.178967486495833605e-03,9.610057539017996531e-01,-6.347662660474404084e-02,1.673897246719828202e-01,-1.112439826751373539e-01
3.397027735677959903e-01,7.696159494335202966e-01,2.628808181742971206e-02,3.572498273423037052e-01,-6.366347362939912824e-02,1.741114616279495486e-01,-1.114129974482173657e-01,2.140706566244313380e-01,2.308132977731282287e-03,9.617549725455580845e-01,-6.366347362939912824e-02,1.741114616279495486e-01,-1.114129974482173657e-01
3.407018993724071354e-01,7.698942085309650185e-01,2.622254700932974414e-02,3.580726627605251289e-01,-6.385306386012977453e-02,1.808332118075886008e-01,-1.115820596197772546e-01,2.099452233293058745e-01,2.436894838554963527e-03,9.624982596819980918e-01,-6.385306386012977453e-02,1.808332118075886008e-01,-1.115820596197772546e-01
3.417010251770182805e-01,7.701708978504487879e-01,2.615712226218844944e-02,3.588910183255468178e-01,-6.404539958649815845e-02,1.875549742711601353e-01,-1.117511660840126292e-01,2.058246334479729434e-01,2.565252541386675578e-03,9.632356494972844629e-01,-6.404539958649815845e-02,1.875549742711601353e-01,-1.117511660840126292e-01
3.427001509816294811e-01,7.704460324040858232e-01,2.609180825912181187e-02,3.597048846658820187e-01,-6.424048310871954826e-02,1.942767480773392452e-01,-1.119203137078225579e-01,2.017089110046523526e-01,2.693205557620106938e-03,9.639671761308817866e-01,-6.424048310871954826e-02,1.942767480773392452e-01,-1.119203137078225579e-01
3.436992767862406262e-01,7.707196271354725958e-01,2.602660568844247096e-02,3.605142524737332543e-01,-6.443831673755665013e-02,2.009985322832129884e-01,-1.120894993307706700e-01,1.975980798313403952e-01,2.820753357569358299e-03,9.646928736744676547e-01,-6.443831673755665013e-02,2.009985322832129884e-01,-1.120894993307706700e-01
3.446984025908517713e-01,7.709916969192548430e-01,2.596151524361499374e-02,3.613191125045547292e-01,-6.463890279421230511e-02,2.077203259442784999e-01,-1.122587197650460333e-01,1.934921635687871788e-01,2.947895410417802897e-03,9.654127761708484190e-01,-6.463890279421230511e-02,2.077203259442784999e-01,-1.122587197650460333e-01
3.456975283954629719e-01,7.712622565607013536e-01,2.589653762321088293e-02,3.621194555766166223e-01,-6.484224361022083993e-02,2.144421281144378300e-01,-1.124279717954232427e-01,1.893911856674815319e-01,3.074631184167134212e-03,9.661269176128933767e-01,-6.484224361022083993e-02,2.144421281144378300e-01,-1.124279717954232427e-01
3.466966542000741169e-01,7.715313207952733121e-01,2.583167353086337353e-02,3.629152725705709348e-01,-6.504834152733868224e-02,2.211639378459973049e-01,-1.125972521792215353e-01,1.852951693886274731e-01,3.200960145588002681e-03,9.668353319424646264e-01,-6.504834152733868224e-02,2.211639378459973049e-01,-1.125972521792215353e-01
3.476957800046852620e-01,7.717989042882041906e-01,2.576692367522191718e-02,3.637065544290189467e-01,-6.525719889743436530e-02,2.278857541896641692e-01,-1.127665576462636154e-01,1.812041378051261475e-01,3.326881760171158942e-03,9.675380530493699061e-01,-6.525719889743436530e-02,2.278857541896641692e-01,-1.127665576462636154e-01
3.486949058092964626e-01,7.720650216340783079e-01,2.570228876990647907e-02,3.644932921560802841e-01,-6.546881808237670075e-02,2.346075761945428939e-01,-1.129358848988334107e-01,1.771181138025545165e-01,3.452395492079693429e-03,9.682351147703092131e-01,-6.546881808237670075e-02,2.346075761945428939e-01,-1.129358848988334107e-01
3.496940316139076077e-01,7.723296873564138298e-01,2.563776953346156087e-02,3.652754768169619304e-01,-6.568320145392272935e-02,2.413294029081311520e-01,-1.131052306116334116e-01,1.730371200801532894e-01,3.577500804102622112e-03,9.689265508878442956e-01,-6.568320145392272935e-02,2.413294029081311520e-01,-1.131052306116334116e-01
3.506931574185187528e-01,7.725929159072481012e-01,2.557336668930998425e-02,3.660530995375297358e-01,-6.590035139360392313e-02,2.480512333763228994e-01,-1.132745914317414559e-01,1.689611791518021988e-01,3.702197157608999589e-03,9.696123951293640353e-01,-6.590035139360392313e-02,2.480512333763228994e-01,-1.132745914317414559e-01
3.516922832231299534e-01,7.728547216667263076e-01,2.550908096570646613e-02,3.668261515038817588e-01,-6.612027029261210997e-02,2.547730666433999924e-01,-1.134439639785663478e-01,1.648903133470079885e-01,3.826484012503385268e-03,9.702926811660667061e-01,-6.612027029261210997e-02,2.547730666433999924e-01,-1.134439639785663478e-01
3.526914090277410985e-01,7.731151189426932469e-01,2.544491309569089921e-02,3.675946239619221623e-01,-6.634296055168385775e-02,2.614949017520309948e-01,-1.136133448438031712e-01,1.608245448118821586e-01,3.950360827181892409e-03,9.709674426119463408e-01,-6.634296055168385775e-02,2.614949017520309948e-01,-1.136133448438031712e-01
3.536905348323522436e-01,7.733741219702876535e-01,2.538086381704145189e-02,3.683585082169363867e-01,-6.656842458098381765e-02,2.682167377432709277e-01,-1.137827305913882980e-01,1.567638955101295084e-01,4.073827058489916386e-03,9.716367130227900883e-01,-6.656842458098381765e-02,2.682167377432709277e-01,-1.137827305913882980e-01
3.546896606369634442e-01,7.736317449115400757e-01,2.531693387222742203e-02,3.691177956331705978e-01,-6.679666479998769280e-02,2.749385736565575500e-01,-1.139521177574526201e-01,1.527083872240234674e-01,4.196882161680071111e-03,9.723005258951812335e-01,-6.679666479998769280e-02,2.749385736565575500e-01,-1.139521177574526201e-01
3.556887864415745892e-01,7.738880018549720852e-01,2.525312400836183732e-02,3.698724776334069708e-01,-6.702768363736308355e-02,2.816604085297086391e-01,-1.141215028502754608e-01,1.486580415553988010e-01,4.319525590371610380e-03,9.729589146655129861e-01,-6.702768363736308355e-02,2.816604085297086391e-01,-1.141215028502754608e-01
3.566879122461857898e-01,7.741429068152002602e-01,2.518943497715382326e-02,3.706225456985482447e-01,-6.726148353085045772e-02,2.883822413989226563e-01,-1.142908823502367249e-01,1.446128799266245823e-01,4.441756796510577809e-03,9.736119127090068215e-01,-6.726148353085045772e-02,2.883822413989226563e-01,-1.142908823502367249e-01
3.576870380507969349e-01,7.743964737325428338e-01,2.512586753486085317e-02,3.713679913671956712e-01,-6.749806692714249712e-02,2.951040712987710313e-01,-1.144602527097696443e-01,1.405729235815958156e-01,4.563575230331441690e-03,9.742595533387453655e-01,-6.749806692714249712e-02,2.951040712987710313e-01,-1.144602527097696443e-01
3.586861638554080800e-01,7.746487164726265640e-01,2.506242244224055060e-02,3.721088062352357895e-01,-6.773743628176231990e-02,3.018258972622024361e-01,-1.146296103533112620e-01,1.365381935867114316e-01,4.684980340319028214e-03,9.749018698047053899e-01,-6.773743628176231990e-02,3.018258972622024361e-01,-1.146296103533112620e-01
3.596852896600192806e-01,7.748996488260004867e-01,2.499910046450250917e-02,3.728449819554232603e-01,-6.797959405894110629e-02,3.085477183205387886e-01,-1.147989516772539298e-01,1.325087108318576679e-01,4.805971573171911870e-03,9.755388952928064628e-01,-6.797959405894110629e-02,3.085477183205387886e-01,-1.147989516772539298e-01
3.606844154646304257e-01,7.751492845077486704e-01,2.493590237125977577e-02,3.735765102369692503e-01,-6.822454273149451687e-02,3.152695335034703117e-01,-1.149682730498951672e-01,1.284844960313925311e-01,4.926548373766756472e-03,9.761706629239612631e-01,-6.822454273149451687e-02,3.152695335034703117e-01,-1.149682730498951672e-01
3.616835412692415708e-01,7.753976371571091875e-01,2.487282893648005977e-02,3.743033828451298173e-01,-6.847228478069763979e-02,3.219913418390584203e-01,-1.151375708113868968e-01,1.244655697251253468e-01,5.046710185123259862e-03,9.767972057531391084e-01,-6.847228478069763979e-02,3.219913418390584203e-01,-1.151375708113868968e-01
3.626826670738527714e-01,7.756447203370929744e-01,2.480988093843684156e-02,3.750255916007945167e-01,-6.872282269615995198e-02,3.287131423537326125e-01,-1.153068412736849430e-01,1.204519522793028596e-01,5.166456448370923549e-03,9.774185567684351428e-01,-6.872282269615995198e-02,3.287131423537326125e-01,-1.153068412736849430e-01
3.636817928784639165e-01,7.758905475341064673e-01,2.474705915966024170e-02,3.757431283800807820e-01,-6.897615897569797649e-02,3.354349340722864170e-01,-1.154760807204968792e-01,1.164436638875858826e-01,5.285786602715843163e-03,9.780347488901457442e-01,-6.897615897569797649e-02,3.354349340722864170e-01,-1.154760807204968792e-01
3.646809186830750615e-01,7.761351321575786777e-01,2.468436438688759171e-02,3.764559851139265834e-01,-6.923229612520807874e-02,3.421567160178811129e-01,-1.156452854072299724e-01,1.124407245720325660e-01,5.404700085409129551e-03,9.786458149698554765e-01,-6.923229612520807874e-02,3.421567160178811129e-01,-1.156452854072299724e-01
3.656800444876862621e-01,7.763784875395873808e-01,2.462179741101391123e-02,3.771641537876850858e-01,-6.949123665853759735e-02,3.488784872120396230e-01,-1.158144515609383085e-01,1.084431541840801816e-01,5.523196331716113960e-03,9.792517877895294820e-01,-6.949123665853759735e-02,3.488784872120396230e-01,-1.158144515609383085e-01
3.666791702922974072e-01,7.766206269344926305e-01,2.455935902704205198e-02,3.778676264407225260e-01,-6.975298309735505908e-02,3.556002466746470692e-01,-1.159835753802692382e-01,1.044509724055254773e-01,5.641274774886524679e-03,9.798527000606156445e-01,-6.975298309735505908e-02,3.556002466746470692e-01,-1.159835753802692382e-01
3.676782960969085523e-01,7.768615635185671664e-01,2.449705003403280026e-02,3.785663951660180326e-01,-7.001753797101899213e-02,3.623219934239496065e-01,-1.161526530354091979e-01,1.004641987495004801e-01,5.758934846125815521e-03,9.804485844231497493e-01,-7.001753797101899213e-02,3.623219934239496065e-01,-1.161526530354091979e-01
3.686774219015197529e-01,7.771013103896367014e-01,2.443487123505458034e-02,3.792604521097632797e-01,-7.028490381644691976e-02,3.690437264765534797e-01,-1.163216806680294896e-01,9.648285256145527899e-02,5.876175974567243721e-03,9.810394734448758536e-01,-7.028490381644691976e-02,3.690437264765534797e-01,-1.163216806680294896e-01
3.696765477061308980e-01,7.773398805667152134e-01,2.437282343713314398e-02,3.799497894709664703e-01,-7.055508317798168949e-02,3.757654448474243014e-01,-1.164906543912307968e-01,9.250695302013474397e-02,5.992997587244988655e-03,9.816253996203688770e-01,-7.055508317798168949e-02,3.757654448474243014e-01,-1.164906543912307968e-01
3.706756735107420431e-01,7.775772869896493411e-01,2.431090745120086799e-02,3.806343995010555425e-01,-7.082807860725827409e-02,3.824871475498856088e-01,-1.166595702894875908e-01,8.853651913855578592e-02,6.109399109068644473e-03,9.822063953701659633e-01,-7.082807860725827409e-02,3.824871475498856088e-01,-1.166595702894875908e-01
3.716747993153532437e-01,7.778135425187611141e-01,2.424912409204602048e-02,3.813142745034855396e-01,-7.110389266306832434e-02,3.892088335956195855e-01,-1.168284244185916476e-01,8.457156976498368672e-02,6.225379962798004152e-03,9.827824930399075010e-01,-7.110389266306832434e-02,3.892088335956195855e-01,-1.168284244185916476e-01
3.726739251199643888e-01,7.780486599344960119e-01,2.418747417826177040e-02,3.819894068333477000e-01,-7.138252791122437491e-02,3.959305019946617876e-01,-1.169972128055953853e-01,8.061212358390910937e-02,6.340939569019460320e-03,9.833537248994816959e-01,-7.138252791122437491e-02,3.959305019946617876e-01,-1.169972128055953853e-01
3.736730509245755338e-01,7.782826519370712459e-01,2.412595853219491951e-02,3.826597888969786032e-01,-7.166398692442300933e-02,4.026521517554067509e-01,-1.171659314487542847e-01,7.665819911702093092e-02,6.456077346122995886e-03,9.839201231421815796e-01,-7.166398692442300933e-02,4.026521517554067509e-01,-1.171659314487542847e-01
3.746721767291867344e-01,7.785155311461290362e-01,2.406457797989459621e-02,3.833254131515725360e-01,-7.194827228210692871e-02,4.093737818846049925e-01,-1.173345763174695189e-01,7.270981472418211466e-02,6.570792710280597138e-03,9.844817198838667904e-01,-7.194827228210692871e-02,4.093737818846049925e-01,-1.173345763174695189e-01
3.756713025337978795e-01,7.787473101003906661e-01,2.400333335106060589e-02,3.839862721047967442e-01,-7.223538657032546606e-02,4.160953913873599030e-01,-1.175031433522284730e-01,6.876698860440272343e-02,6.685085075424881951e-03,9.850385471621316835e-01,-7.223538657032546606e-02,4.160953913873599030e-01,-1.175031433522284730e-01
3.766704283384090801e-01,7.789780012573139789e-01,2.394222547899170842e-02,3.846423583144078506e-01,-7.252533238159473983e-02,4.228169792671317428e-01,-1.176716284645467903e-01,6.482973879680822837e-02,6.798953853229691702e-03,9.855906369354854313e-01,-7.252533238159473983e-02,4.228169792671317428e-01,-1.176716284645467903e-01
3.776695541430202252e-01,7.792076169927527607e-01,2.388125520053364925e-02,3.852936643878683287e-01,-7.281811231475655843e-02,4.295385445257336454e-01,-1.178400275369083650e-01,6.089808318161470113e-02,6.912398453090953798e-03,9.861380210825322346e-01,-7.281811231475655843e-02,4.295385445257336454e-01,-1.178400275369083650e-01
3.786686799476313703e-01,7.794361696006192330e-01,2.382042335602696514e-02,3.859401829819694152e-01,-7.311372897483629785e-02,4.362600861633349481e-01,-1.180083364227052789e-01,5.697203948109613725e-02,7.025418282108640555e-03,9.866807314011672991e-01,-7.311372897483629785e-02,4.362600861633349481e-01,-1.180083364227052789e-01
3.796678057522425709e-01,7.796636712925494317e-01,2.375973078925470300e-02,3.865819068024511918e-01,-7.341218497289922484e-02,4.429816031784600816e-01,-1.181765509461776553e-01,5.305162526055237637e-02,7.138012745070136666e-03,9.872187996077750327e-01,-7.341218497289922484e-02,4.429816031784600816e-01,-1.181765509461776553e-01
3.806669315568537160e-01,7.798901341975694734e-01,2.369917834738989593e-02,3.872188286036293281e-01,-7.371348292590705620e-02,4.497030945679871827e-01,-1.183446669023522357e-01,4.913685792927795920e-02,7.250181244433877292e-03,9.877522573364337921e-01,-7.371348292590705620e-02,4.497030945679871827e-01,-1.183446669023522357e-01
3.816660573614648611e-01,7.801155703617659309e-01,2.363876688094287276e-02,3.878509411880193269e-01,-7.401762545657186720e-02,4.564245593271484269e-01,-1.185126800569815536e-01,4.522775474152619657e-02,7.361923180314845772e-03,9.882811361381311777e-01,-7.401762545657186720e-02,4.564245593271484269e-01,-1.185126800569815536e-01
3.826651831660760616e-01,7.803399917479575398e-01,2.357849724370831776e-02,3.884782374059675414e-01,-7.432461519321020837e-02,4.631459964495331372e-01,-1.186805861464808876e-01,4.132433279747425164e-02,7.473237950470022761e-03,9.888054674799839905e-01,-7.432461519321020837e-02,4.631459964495331372e-01,-1.186805861464808876e-01
3.836643089706872067e-01,7.805634102353714576e-01,2.351837029271232338e-02,3.891007101552801939e-01,-7.463445476959523761e-02,4.698674049270849529e-01,-1.188483808778668660e-01,3.742660904418733392e-02,7.584124950285979494e-03,9.893252827444695141e-01,-7.463445476959523761e-02,4.698674049270849529e-01,-1.188483808778668660e-01
3.846634347752983518e-01,7.807858376193174132e-01,2.345838688815906140e-02,3.897183523808572803e-01,-7.494714682480875523e-02,4.765887837501039392e-01,-1.190160599286938792e-01,3.353460027657895193e-02,7.694583572766158786e-03,9.898406132286549086e-01,-7.494714682480875523e-02,4.765887837501039392e-01,-1.190160599286938792e-01
3.856625605799095524e-01,7.810072856108705164e-01,2.339854789337745405e-02,3.903311570743285275e-01,-7.526269400309162916e-02,4.833101319072490853e-01,-1.191836189469911989e-01,2.964832313836972960e-02,7.804613208520334855e-03,9.903514901434468110e-01,-7.526269400309162916e-02,4.833101319072490853e-01,-1.191836189469911989e-01
3.866616863845206975e-01,7.812277658365505140e-01,2.333885417476752600e-02,3.909391172736887410e-01,-7.558109895369272135e-02,4.900314483855330305e-01,-1.193510535511986825e-01,2.576779412305099659e-02,7.914213245754433967e-03,9.908579446128336077e-01,-7.558109895369272135e-02,4.900314483855330305e-01,-1.193510535511986825e-01
3.876608121891318426e-01,7.814472898380078192e-01,2.327930660174670763e-02,3.915422260629388695e-01,-7.590236433071773092e-02,4.967527321703299470e-01,-1.195183593301027414e-01,2.189302957483725900e-02,8.023383070261347338e-03,9.913600076731470256e-01,-7.590236433071773092e-02,4.967527321703299470e-01,-1.195183593301027414e-01
3.886599379937430432e-01,7.816658690717087632e-01,2.321990604669585401e-02,3.921404765717285690e-01,-7.622649279297651070e-02,5.034739822453717650e-01,-1.196855318427714199e-01,1.802404568962170592e-02,8.132122065412562828e-03,9.918577102723231675e-01,-7.622649279297651070e-02,5.034739822453717650e-01,-1.196855318427714199e-01
3.896590637983541883e-01,7.818835149086260650e-01,2.316065338490525677e-02,3.927338619749979332e-01,-7.655348700382906546e-02,5.101951975927514482e-01,-1.198525666184895588e-01,1.416085851593406122e-02,8.240429612151399519e-03,9.923510832691745387e-01,-7.655348700382906546e-02,5.101951975927514482e-01,-1.198525666184895588e-01
3.906581896029653334e-01,7.821002386339291901e-01,2.310154949452029524e-02,3.933223754926256088e-01,-7.688334963103107822e-02,5.169163771929232709e-01,-1.200194591566931673e-01,1.030348395588881125e-02,8.348305088986790468e-03,9.928401574326646273e-01,-7.688334963103107822e-02,5.169163771929232709e-01,-1.200194591566931673e-01
3.916573154075765339e-01,7.823160514466777071e-01,2.304259525648703899e-02,3.939060103890773545e-01,-7.721608334657760475e-02,5.236375200247043171e-01,-1.201862049269029897e-01,6.451937766137010206e-03,8.455747871987849551e-03,9.933249634411935869e-01,-7.721608334657760475e-02,5.236375200247043171e-01,-1.201862049269029897e-01
3.926564412121876790e-01,7.825309644595187519e-01,2.298379155449769423e-02,3.944847599730565424e-01,-7.755169082654661539e-02,5.303586250652748690e-01,-1.203527993686585584e-01,2.606235558814317017e-03,8.562757334779534657e-03,9.938055318818910244e-01,-7.755169082654661539e-02,5.303586250652748690e-01,-1.203527993686585584e-01
3.936555670167988796e-01,7.827449886983839367e-01,2.292513927493583514e-02,3.950586175971577130e-01,-7.789017475094059395e-02,5.370796912901835141e-01,-1.205192378914510531e-01,-1.233607197511575951e-03,8.669332848539858249e-03,9.942818932499095652e-01,-7.789017475094059395e-02,5.370796912901835141e-01,-1.205192378914510531e-01
3.946546928214100247e-01,7.829581351021902558e-01,2.286663930682150681e-02,3.956275766575208519e-01,-7.823153780352769260e-02,5.438007176733424819e-01,-1.206855158746564238e-01,-5.067575176894284321e-03,8.775473781997118750e-03,9.947540779477326289e-01,-7.823153780352769260e-02,5.438007176733424819e-01,-1.206855158746564238e-01
3.956538186260211698e-01,7.831704145225428793e-01,2.280829254175615120e-02,3.961916305934920501e-01,-7.857578267168149888e-02,5.505217031870357491e-01,-1.208516286674675144e-01,-8.895653195070733765e-03,8.881179501428831946e-03,9.952221162844838709e-01,-7.857578267168149888e-02,5.505217031870357491e-01,-1.208516286674675144e-01
3.966529444306323704e-01,7.833818377234404995e-01,2.275009987386738056e-02,3.967507728872816108e-01,-7.892291204621992851e-02,5.572426468019179291e-01,-1.210175715888261450e-01,-1.271782620851540091e-02,8.986449370661189762e-03,9.956860384752456161e-01,-7.892291204621992851e-02,5.572426468019179291e-01,-1.210175715888261450e-01
3.976520702352435155e-01,7.835924153809830095e-01,2.269206219975367089e-02,3.973049970636272077e-01,-7.927292862124282746e-02,5.639635474870141607e-01,-1.211833399273549161e-01,-1.653407931350340740e-02,9.091282751069816592e-03,9.961458746403835107e-01,-7.927292862124282746e-02,5.639635474870141607e-01,-1.211833399273549161e-01
3.986511960398546606e-01,7.838021580830797364e-01,2.263418041842867739e-02,3.978542966894597077e-01,-7.962583509396861658e-02,5.706844042097262149e-01,-1.213489289412881117e-01,-2.034439774517200414e-02,9.195679001581261169e-03,9.966016548048756141e-01,-7.962583509396861658e-02,5.706844042097262149e-01,-1.213489289412881117e-01
3.996503218444658612e-01,7.840110763291618934e-01,2.257645543126574755e-02,3.983986653735699934e-01,-7.998163416456993691e-02,5.774052159358323832e-01,-1.215143338584031563e-01,-2.414876687658762053e-02,9.299637478675439051e-03,9.970534088976524822e-01,-7.998163416456993691e-02,5.774052159358323832e-01,-1.215143338584031563e-01
4.006494476490770063e-01,7.842191805298968088e-01,2.251888814194192082e-02,3.989380967662800037e-01,-8.034032853600764357e-02,5.841259816294904761e-01,-1.216795498759504768e-01,-2.794717221781265609e-02,9.403157536389303295e-03,9.975011667509386948e-01,-8.034032853600764357e-02,5.841259816294904761e-01,-1.216795498759504768e-01
4.016485734536881513e-01,7.844264810069045968e-01,2.246147945638203927e-02,3.994725845591134972e-01,-8.070192091386516053e-02,5.908467002532395984e-01,-1.218445721605847104e-01,-3.173959941497218884e-02,9.506238526321229843e-03,9.979449580996073710e-01,-8.070192091386516053e-02,5.908467002532395984e-01,-1.218445721605847104e-01
4.026476992582993519e-01,7.846329879924740514e-01,2.240423028270258771e-02,4.000021224844725887e-01,-8.106641400617982385e-02,5.975673707680028146e-01,-1.220093958482934560e-01,-3.552603424932874315e-02,9.608879797636214748e-03,9.983848125805300233e-01,-8.106641400617982385e-02,5.975673707680028146e-01,-1.220093958482934560e-01
4.036468250629104970e-01,7.848387116292856458e-01,2.234714153115540183e-02,4.005267043153148965e-01,-8.143381052327461345e-02,6.042879921330909232e-01,-1.221740160443276213e-01,-3.930646263635383109e-02,9.711080697072459189e-03,9.988207597319475051e-01,-8.143381052327461345e-02,6.042879921330909232e-01,-1.221740160443276213e-01
4.046459508675216421e-01,7.850436619701328667e-01,2.229021411407126896e-02,4.010463238648324658e-01,-8.180411317758773393e-02,6.110085633062023458e-01,-1.223384278231303413e-01,-4.308087062480575602e-02,9.812840568948877351e-03,9.992528289928337415e-01,-8.180411317758773393e-02,6.110085633062023458e-01,-1.223384278231303413e-01
4.056450766721328427e-01,7.852478489776474335e-01,2.223344894580336212e-02,4.015609749861356326e-01,-8.217732468350266717e-02,6.177290832434306767e-01,-1.225026262282664369e-01,-4.684924439580576139e-02,9.914158755172923498e-03,9.996810497022752262e-01,-8.217732468350266717e-02,6.177290832434306767e-01,-1.225026262282664369e-01
4.066442024767439878e-01,7.854512825240250740e-01,2.217684694267050768e-02,4.020706515719370544e-01,-8.255344775717504691e-02,6.244495508992624622e-01,-1.226666062723501538e-01,-5.061157026192022318e-02,1.001503459525023010e-02,1.000105451098851184e+00,-8.255344775717504691e-02,6.244495508992624622e-01,-1.226666062723501538e-01
4.076433282813551329e-01,7.856539723907561834e-01,2.212040902290034194e-02,4.025753475542400706e-01,-8.293248511635981091e-02,6.311699652265851945e-01,-1.228303629369740940e-01,-5.436783466624337674e-02,1.011546742629436391e-02,1.000526062320022946e+00,-8.293248511635981091e-02,6.311699652265851945e-01,-1.228303629369740940e-01
4.086424540859663335e-01,7.858559282683551528e-01,2.206413610657233237e-02,4.030750569040273956e-01,-8.331443948023722901e-02,6.378903251766864235e-01,-1.229938911726374123e-01,-5.811802418148168808e-02,1.021545658303860821e-02,1.000942912401528107e+00,-8.331443948023722901e-02,6.378903251766864235e-01,-1.229938911726374123e-01
4.096415798905774786e-01,7.860571597560939150e-01,2.200802911556064972e-02,4.035697736309564188e-01,-8.369931356923714094e-02,6.446106296992586415e-01,-1.231571858986729440e-01,-6.186212550904274243e-02,1.031500139784728709e-02,1.001356030276781217e+00,-8.369931356923714094e-02,6.446106296992586415e-01,-1.231571858986729440e-01
4.106407056951886236e-01,7.862576763617377118e-01,2.195208897347689092e-02,4.040594917830518940e-01,-8.408711010486275006e-02,6.513308777424042795e-01,-1.233202420031755120e-01,-6.560012547812577033e-02,1.041410120072949058e-02,1.001765444776279379e+00,-8.408711010486275006e-02,6.513308777424042795e-01,-1.233202420031755120e-01
4.116398314997998242e-01,7.864574875012817490e-01,2.189631660561268747e-02,4.045442054464052362e-01,-8.447783180951293214e-02,6.580510682526379274e-01,-1.234830543429285832e-01,-6.933201104481241661e-02,1.051275531935262630e-02,1.002171184627018485e+00,-8.447783180951293214e-02,6.580510682526379274e-01,-1.234830543429285832e-01
4.126389573044109693e-01,7.866566024986901828e-01,2.184071293888217163e-02,4.050239087448754272e-01,-8.487148140630329518e-02,6.647712001748902200e-01,-1.236456177433312292e-01,-7.305776929116572505e-02,1.061096307905744218e-02,1.002573278451907690e+00,-8.487148140630329518e-02,6.647712001748902200e-01,-1.236456177433312292e-01
4.136380831090221699e-01,7.868550305856374383e-01,2.178527890176432807e-02,4.054985958397912538e-01,-8.526806161888694779e-02,6.714912724525117227e-01,-1.238079269983256014e-01,-7.677738742432481389e-02,1.070872380287408304e-02,1.002971754769198975e+00,-8.526806161888694779e-02,6.714912724525117227e-01,-1.238079269983256014e-01
4.146372089136333150e-01,7.870527809012523024e-01,2.173001542424514432e-02,4.059682609296577649e-01,-8.566757517127296384e-02,6.782112840272757071e-01,-1.239699768703225458e-01,-8.049085277560569240e-02,1.080603681153866069e-02,1.003366641991912500e+00,-8.566757517127296384e-02,6.782112840272757071e-01,-1.239699768703225458e-01
4.156363347182444601e-01,7.872498624918617960e-01,2.167492343775975772e-02,4.064328982498650045e-01,-8.607002478764468056e-02,6.849312338393851451e-01,-1.241317620901285501e-01,-8.419815279960690679e-02,1.090290142351128810e-02,1.003757968427278824e+00,-8.607002478764468056e-02,6.849312338393851451e-01,-1.241317620901285501e-01
4.166354605228556607e-01,7.874462843107388199e-01,2.162000387513434568e-02,4.068925020723996866e-01,-8.647541319217652567e-02,6.916511208274760403e-01,-1.242932773568714011e-01,-8.789927507331353473e-02,1.099931695499439810e-02,1.004145762276176690e+00,-8.647541319217652567e-02,6.916511208274760403e-01,-1.242932773568714011e-01
4.176345863274668058e-01,7.876420552178519108e-01,2.156525767052796042e-02,4.073470667055573702e-01,-8.688374310884955376e-02,6.983709439286178711e-01,-1.244545173379263819e-01,-9.159420729520581506e-02,1.109528271995285226e-02,1.004530051632585463e+00,-8.688374310884955376e-02,6.983709439286178711e-01,-1.244545173379263819e-01
4.186337121320779509e-01,7.878371839796158849e-01,2.151068575937421443e-02,4.077965864936620166e-01,-8.729501726126615013e-02,7.050907020783256929e-01,-1.246154766688416654e-01,-9.528293728437164933e-02,1.119079803013411228e-02,1.004910864483037791e+00,-8.729501726126615013e-02,7.050907020783256929e-01,-1.246154766688416654e-01
4.196328379366891514e-01,7.880316792686452576e-01,2.145628907832285159e-02,4.082410558167827719e-01,-8.770923837246347166e-02,7.118103942105570292e-01,-1.247761499532639706e-01,-9.896545297961904797e-02,1.128586219509003508e-02,1.005288228706077591e+00,-8.770923837246347166e-02,7.118103942105570292e-01,-1.247761499532639706e-01
4.206319637413002965e-01,7.882255496635084402e-01,2.140206856518120371e-02,4.086804690904582427e-01,-8.812640916472554153e-02,7.185300192577217526e-01,-1.249365317628636229e-01,-1.026417424385950017e-01,1.138047452219918126e-02,1.005662172071728477e+00,-8.812640916472554153e-02,7.185300192577217526e-01,-1.249365317628636229e-01
4.216310895459114416e-01,7.884188036484851558e-01,2.134802515885552213e-02,4.091148207654199398e-01,-8.854653235939535794e-02,7.252495761506853045e-01,-1.250966166372601829e-01,-1.063117938369041310e-01,1.147463431669006745e-02,1.006032722240964628e+00,-8.854653235939535794e-02,7.252495761506853045e-01,-1.250966166372601829e-01
4.226302153505226422e-01,7.886114496133255214e-01,2.129415979929211514e-02,4.095441053273208842e-01,-8.896961067668356093e-02,7.319690638187748011e-01,-1.252563990839468400e-01,-1.099755954672314434e-01,1.156834088166584090e-02,1.006399906765186980e+00,-8.896961067668356093e-02,7.319690638187748011e-01,-1.252563990839468400e-01
4.236293411551337873e-01,7.888034958530110163e-01,2.124047342741851307e-02,4.099683172964665445e-01,-8.939564683547840396e-02,7.386884811897803660e-01,-1.254158735782154865e-01,-1.136331357384682272e-01,1.166159351812928041e-02,1.006763753085704982e+00,-8.939564683547840396e-02,7.386884811897803660e-01,-1.254158735782154865e-01
4.246284669597449324e-01,7.889949505675160069e-01,2.118696698508437670e-02,4.103874512275472730e-01,-8.982464355315283866e-02,7.454078271899661212e-01,-1.255750345630812781e-01,-1.172844031748409288e-01,1.175439152500890039e-02,1.007124288533228329e+00,-8.982464355315283866e-02,7.454078271899661212e-01,-1.255750345630812781e-01
4.256275927643561330e-01,7.891858218615728227e-01,2.113364141500237783e-02,4.108015017093747945e-01,-9.025660354537209940e-02,7.521271007440729628e-01,-1.257338764492073602e-01,-1.209293864150417092e-01,1.184673419918622073e-02,1.007481540327355374e+00,-9.025660354537209940e-02,7.521271007440729628e-01,-1.257338764492073602e-01
4.266267185689672781e-01,7.893761177444384991e-01,2.108049766068889608e-02,4.112104633646217478e-01,-9.069152952589804029e-02,7.588463007753214473e-01,-1.258923936148290956e-01,-1.245680742113631639e-01,1.193862083552360565e-02,1.007835535576076857e+00,-9.069152952589804029e-02,7.588463007753214473e-01,-1.258923936148290956e-01
4.276258443735784232e-01,7.895658461296620745e-01,2.102753666640467395e-02,4.116143308495632813e-01,-9.112942420639430496e-02,7.655654262054226722e-01,-1.260505804056782364e-01,-1.282004554288374565e-01,1.203005072689335847e-02,1.008186301275279639e+00,-9.112942420639430496e-02,7.655654262054226722e-01,-1.260505804056782364e-01
4.286249701781896237e-01,7.897550148348561061e-01,2.097475937709529503e-02,4.120130988538219796e-01,-9.157029029622890115e-02,7.722844759545821614e-01,-1.262084311349072063e-01,-1.318265190443753954e-01,1.212102316420748255e-02,1.008533864308253314e+00,-9.157029029622890115e-02,7.722844759545821614e-01,-1.262084311349072063e-01
4.296240959828007688e-01,7.899436315814667431e-01,2.092216673833161011e-02,4.124067621001143435e-01,-9.201413050227688628e-02,7.790034489415030849e-01,-1.263659400830134394e-01,-1.354462541459091340e-01,1.221153743644868422e-02,1.008878251445211260e+00,-9.201413050227688628e-02,7.790034489415030849e-01,-1.263659400830134394e-01
4.306232217874119694e-01,7.901317039945482401e-01,2.086975969624994820e-02,4.127953153440035994e-01,-9.246094752872074940e-02,7.857223440833964734e-01,-1.265231014977628576e-01,-1.390596499315417400e-01,1.230159283070150766e-02,1.009219489342804588e+00,-9.246094752872074940e-02,7.857223440833964734e-01,-1.265231014977628576e-01
4.316223475920231145e-01,7.903192396025388033e-01,2.081753919749238999e-02,4.131787533736504536e-01,-9.291074407685039060e-02,7.924411602959851031e-01,-1.266799095941142650e-01,-1.426666957086936971e-01,1.239118863218553052e-02,1.009557604543655840e+00,-9.291074407685039060e-02,7.924411602959851031e-01,-1.266799095941142650e-01
4.326214733966342596e-01,7.905062458370375467e-01,2.076550618914673255e-02,4.135570710095721192e-01,-9.336352284486132413e-02,7.991598964935120453e-01,-1.268363585541428251e-01,-1.462673808932605790e-01,1.248032412428887877e-02,1.009892623475884932e+00,-9.336352284486132413e-02,7.991598964935120453e-01,-1.268363585541428251e-01
4.336205992012454602e-01,7.906927300325831132e-01,2.071366161868651648e-02,4.139302631043996206e-01,-9.381928652765242349e-02,8.058785515887449957e-01,-1.269924425269639001e-01,-1.498616950087660604e-01,1.256899858860209551e-02,1.010224572452645520e+00,-9.381928652765242349e-02,8.058785515887449957e-01,-1.269924425269639001e-01
4.346197250058566053e-01,7.908786994264355164e-01,2.066200643391086222e-02,4.142983245426402061e-01,-9.427803781662186244e-02,8.125971244929822701e-01,-1.271481556286570280e-01,-1.534496276855194241e-01,1.265721130495416069e-02,1.010553477671671141e+00,-9.427803781662186244e-02,8.125971244929822701e-01,-1.271481556286570280e-01
4.356188508104677504e-01,7.910641611583570931e-01,2.061054158288418148e-02,4.146612502404443124e-01,-9.473977939946257032e-02,8.193156141160639061e-01,-1.273034919421892064e-01,-1.570311686597851419e-01,1.274496155144809462e-02,1.010879365214815806e+00,-9.473977939946257032e-02,8.193156141160639061e-01,-1.273034919421892064e-01
4.366179766150789510e-01,7.912491222703990079e-01,2.055926801387585393e-02,4.150190351453716398e-01,-9.520451395995530031e-02,8.260340193663764374e-01,-1.274584455173387865e-01,-1.606063077729421862e-01,1.283224860449878185e-02,1.011202261047612350e+00,-9.520451395995530031e-02,8.260340193663764374e-01,-1.274584455173387865e-01
4.376171024196900960e-01,7.914335897066859804e-01,2.050818667529977907e-02,4.153716742361622805e-01,-9.567224417776229450e-02,8.327523391508568906e-01,-1.276130103706194507e-01,-1.641750349706563028e-01,1.291907173887073268e-02,1.011522191018825900e+00,-9.567224417776229450e-02,8.327523391508568906e-01,-1.276130103706194507e-01
4.386162282243012411e-01,7.916175703132036778e-01,2.045729851565378232e-02,4.157191625225127862e-01,-9.614297272821815954e-02,8.394705723750061077e-01,-1.277671804852030801e-01,-1.677373403020538389e-01,1.300543022771675356e-02,1.011839180860015563e+00,-9.614297272821815954e-02,8.394705723750061077e-01,-1.277671804852030801e-01
4.396153540289124417e-01,7.918010708375896600e-01,2.040660448345896563e-02,4.160614950448519034e-01,-9.661670228212013156e-02,8.461887179428918548e-01,-1.279209498108436760e-01,-1.712932139188960423e-01,1.309132334261833147e-02,1.012153256185102990e+00,-9.661670228212013156e-02,8.461887179428918548e-01,-1.279209498108436760e-01
4.406144798335235868e-01,7.919840979289237692e-01,2.035610552719896091e-02,4.163986668741206376e-01,-9.709343550551766122e-02,8.529067747571572600e-01,-1.280743122638014486e-01,-1.748426460747577738e-01,1.317675035362615710e-02,1.012464442489943606e+00,-9.709343550551766122e-02,8.529067747571572600e-01,-1.280743122638014486e-01
4.416136056381347319e-01,7.921666581375209626e-01,2.030580259525906553e-02,4.167306731115551499e-01,-9.757317505950012515e-02,8.596247417190296947e-01,-1.282272617267661285e-01,-1.783856271242128533e-01,1.326171052930176508e-02,1.012772765151905174e+00,-9.757317505950012515e-02,8.596247417190296947e-01,-1.282272617267661285e-01
4.426127314427459325e-01,7.923487579147263649e-01,2.025569663586526681e-02,4.170575088884747039e-01,-9.805592359998327456e-02,8.663426177283289897e-01,-1.283797920487801392e-01,-1.819221475220187401e-01,1.334620313676017356e-02,1.013078249429447242e+00,-9.805592359998327456e-02,8.663426177283289897e-01,-1.283797920487801392e-01
4.436118572473570776e-01,7.925304036127119867e-01,2.020578859702324218e-02,4.173791693660687252e-01,-9.854168377749553120e-02,8.730604016834730974e-01,-1.285318970451633791e-01,-1.854521978223070133e-01,1.343022744171321059e-02,1.013380920461709023e+00,-9.854168377749553120e-02,8.730604016834730974e-01,-1.285318970451633791e-01
4.446109830519682227e-01,7.927116014842739977e-01,2.015607942645717202e-02,4.176956497351906883e-01,-9.903045823696128569e-02,8.797780924814896375e-01,-1.286835704974360617e-01,-1.889757686777756296e-01,1.351378270851416596e-02,1.013680803268102837e+00,-9.903045823696128569e-02,8.797780924814896375e-01,-1.286835704974360617e-01
4.456101088565794233e-01,7.928923576826316655e-01,2.010657007154850393e-02,4.180069452161528365e-01,-9.952224961748544485e-02,8.864956890180211158e-01,-1.288348061532431088e-01,-1.924928508388868420e-01,1.359686820020252623e-02,1.013977922747904881e+00,-9.952224961748544485e-02,8.864956890180211158e-01,-1.288348061532431088e-01
4.466092346611905683e-01,7.930726782612311787e-01,2.005726147927467187e-02,4.183130510585240658e-01,-1.000170605521338157e-01,8.932131901873349156e-01,-1.289855977262777120e-01,-1.960034351530651753e-01,1.367948317855063878e-02,1.014272303679862874e+00,-1.000170605521338157e-01,8.932131901873349156e-01,-1.289855977262777120e-01
4.476083604658017689e-01,7.932525691735465845e-01,2.000815459614759678e-02,4.186139625409332488e-01,-1.005148936677152938e-01,8.999305948823344004e-01,-1.291359388962057542e-01,-1.995075125639057256e-01,1.376162690411041056e-02,1.014563970721799047e+00,-1.005148936677152938e-01,8.999305948823344004e-01,-1.291359388962057542e-01
4.486074862704129140e-01,7.934320362728845000e-01,1.995925036815225304e-02,4.189096749708720591e-01,-1.010157515845604703e-01,9.066479019945616891e-01,-1.292858233085896480e-01,-2.030050741103763268e-01,1.384329863626124202e-02,1.014852948410218891e+00,-1.010157515845604703e-01,9.066479019945616891e-01,-1.292858233085896480e-01
4.496066120750240591e-01,7.936110853121912667e-01,1.991054974068503028e-02,4.192001836845048457e-01,-1.015196369163001711e-01,9.133651104142136434e-01,-1.294352445748120639e-01,-2.064961109260332328e-01,1.392449763325868256e-02,1.015139261159929696e+00,-1.015196369163001711e-01,9.133651104142136434e-01,-1.294352445748120639e-01
4.506057378796352597e-01,7.937897219438603269e-01,1.986205365849203971e-02,4.194854840464762313e-01,-1.020265522696429672e-01,9.200822190301473080e-01,-1.295841962720011842e-01,-2.099806142382316942e-01,1.400522315228434900e-02,1.015422933263656180e+00,-1.020265522696429672e-01,9.200822190301473080e-01,-1.295841962720011842e-01
4.516048636842464048e-01,7.939679517195419312e-01,1.981376306560736836e-02,4.197655714497289248e-01,-1.025365002441503137e-01,9.267992267298873488e-01,-1.297326719429544584e-01,-2.134585753673453601e-01,1.408547444949639904e-02,1.015703988891670129e+00,-1.025365002441503137e-01,9.267992267298873488e-01,-1.297326719429544584e-01
4.526039894888575499e-01,7.941457800899536235e-01,1.976567890529120144e-02,4.200404413153191463e-01,-1.030494834320118680e-01,9.335161323996417071e-01,-1.298806650960633302e-01,-2.169299857259923137e-01,1.416525078008075422e-02,1.015982452091413357e+00,-1.030494834320118680e-01,9.335161323996417071e-01,-1.298806650960633302e-01
4.536031152934687505e-01,7.943232124046936127e-01,1.971780211996787546e-02,4.203100890922366606e-01,-1.035655044178190182e-01,9.402329349243051526e-01,-1.300281692052380755e-01,-2.203948368182545303e-01,1.424455139830344691e-02,1.016258346787135780e+00,-1.035655044178190182e-01,9.402329349243051526e-01,-1.300281692052380755e-01
4.546022410980798956e-01,7.945002539120543661e-01,1.967013365116387566e-02,4.205745102572286953e-01,-1.040845657783363576e-01,9.469496331874722728e-01,-1.301751777098323903e-01,-2.238531202389095753e-01,1.432337555756377917e-02,1.016531696779528815e+00,-1.040845657783363576e-01,9.469496331874722728e-01,-1.301751777098323903e-01
4.556013669026910407e-01,7.946769097588398667e-01,1.962267443944568091e-02,4.208337003146277455e-01,-1.046066700822732287e-01,9.536662260714466877e-01,-1.303216840145687838e-01,-2.273048276726656047e-01,1.440172251044845309e-02,1.016802525745374108e+00,-1.046066700822732287e-01,9.536662260714466877e-01,-1.303216840145687838e-01
4.566004927073022412e-01,7.948531849901806501e-01,1.957542542435762242e-02,4.210876547961800442e-01,-1.051318198900536988e-01,9.603827124572513751e-01,-1.304676814894637216e-01,-2.307499508933955612e-01,1.447959150878638801e-02,1.017070857237181825e+00,-1.051318198900536988e-01,9.603827124572513751e-01,-1.304676814894637216e-01
4.575996185119133863e-01,7.950290845493558356e-01,1.952838754435959334e-02,4.213363692608792510e-01,-1.056600177535842733e-01,9.670990912246392179e-01,-1.306131634697527688e-01,-2.341884817633803073e-01,1.455698180370446071e-02,1.017336714682849141e+00,-1.056600177535842733e-01,9.670990912246392179e-01,-1.306131634697527688e-01
4.585987443165245314e-01,7.952046132776101617e-01,1.948156173676467498e-02,4.215798392948031381e-01,-1.061912662160221510e-01,9.738153612521026625e-01,-1.307581232558164830e-01,-2.376204122325487611e-01,1.463389264568380060e-02,1.017600121385310530e+00,-1.061912662160221510e-01,9.738153612521026625e-01,-1.307581232558164830e-01
4.595978701211357320e-01,7.953797759139794588e-01,1.943494893767672843e-02,4.218180605109528303e-01,-1.067255678115404116e-01,9.805315214168858207e-01,-1.309025541131061399e-01,-2.410457343377312434e-01,1.471032328461797239e-02,1.017861100522200468e+00,-1.067255678115404116e-01,9.805315214168858207e-01,-1.309025541131061399e-01
4.605969959257468771e-01,7.955545770951120144e-01,1.938855008192792717e-02,4.220510285490959856e-01,-1.072629250650932731e-01,9.872475705949935731e-01,-1.310464492720698482e-01,-2.444644402019073015e-01,1.478627296987063827e-02,1.018119675145514380e+00,-1.072629250650932731e-01,9.872475705949935731e-01,-1.310464492720698482e-01
4.615961217303580222e-01,7.957290213550942681e-01,1.934236610301607803e-02,4.222787390756117532e-01,-1.078033404921799610e-01,9.939635076612038933e-01,-1.311898019280789696e-01,-2.478765220334640251e-01,1.486174095033495485e-02,1.018375868181279342e+00,-1.078033404921799610e-01,9.939635076612038933e-01,-1.311898019280789696e-01
4.625952475349692228e-01,7.959031131252789493e-01,1.929639793304206014e-02,4.225011877833417251e-01,-1.083468165986061771e-01,1.000679331489078283e+00,-1.313326052413543166e-01,-2.512819721254549998e-01,1.493672647449406643e-02,1.018629702429226569e+00,-1.083468165986061771e-01,1.000679331489078283e+00,-1.313326052413543166e-01
4.635943733395803679e-01,7.960768567341107715e-01,1.925064650264704524e-02,4.227183703914415003e-01,-1.088933558802456236e-01,1.007395040950974652e+00,-1.314748523368931554e-01,-2.546807828548636188e-01,1.501122879048095993e-02,1.018881200562465228e+00,-1.088933558802456236e-01,1.007395040950974652e+00,-1.314748523368931554e-01
4.645934991441915130e-01,7.962502564069584565e-01,1.920511274094969037e-02,4.229302826452367992e-01,-1.094429608227999035e-01,1.014110634918055975e+00,-1.316165363043964032e-01,-2.580729466818708073e-01,1.508524714614130346e-02,1.019130385127165361e+00,-1.094429608227999035e-01,1.014110634918055975e+00,-1.316165363043964032e-01
4.655926249488027135e-01,7.964233162659437593e-01,1.915979757548329221e-02,4.231369203160826320e-01,-1.099956339015570467e-01,1.020826112260304841e+00,-1.317576501981959913e-01,-2.614584561491270498e-01,1.515878078909530663e-02,1.019377278542240584e+00,-1.099956339015570467e-01,1.020826112260304841e+00,-1.317576501981959913e-01
4.665917507534138586e-01,7.965960403297767112e-01,1.911470193213280280e-02,4.233382792012257423e-01,-1.105513775811481636e-01,1.027541471846532550e+00,-1.318981870371820353e-01,-2.648373038810265534e-01,1.523182896680154441e-02,1.019621903099038551e+00,-1.105513775811481636e-01,1.027541471846532550e+00,-1.318981870371820353e-01
4.675908765580250592e-01,7.967684325135884205e-01,1.906982673507183132e-02,4.235343551236703252e-01,-1.111101943153045002e-01,1.034256712544396217e+00,-1.320381398047315580e-01,-2.682094825829884899e-01,1.530439092662110034e-02,1.019864280961034764e+00,-1.111101943153045002e-01,1.034256712544396217e+00,-1.320381398047315580e-01
4.685900023626362043e-01,7.969404966287663150e-01,1.902517290669956951e-02,4.237251439320466884e-01,-1.116720865466113016e-01,1.040971833220402765e+00,-1.321775014486362698e-01,-2.715749850407373489e-01,1.537646591588238965e-02,1.020104434163525253e+00,-1.116720865466113016e-01,1.040971833220402765e+00,-1.321775014486362698e-01
4.695891281672473494e-01,7.971122363827931601e-01,1.898074136757760960e-02,4.239106415004844641e-01,-1.122370567062616759e-01,1.047686832739929130e+00,-1.323162648810312092e-01,-2.749338041195933391e-01,1.544805318194779342e-02,1.020342384613331488e+00,-1.122370567062616759e-01,1.047686832739929130e+00,-1.323162648810312092e-01
4.705882539718585500e-01,7.972836553790836334e-01,1.893653303636672752e-02,4.240908437284874877e-01,-1.128051072138089306e-01,1.054401709967233369e+00,-1.324544229783238825e-01,-2.782859327637625668e-01,1.551915197227969612e-02,1.020578154088503275e+00,-1.128051072138089306e-01,1.054401709967233369e+00,-1.324544229783238825e-01
4.715873797764696951e-01,7.974547571168258964e-01,1.889254882976362099e-02,4.242657465408137263e-01,-1.133762404769168702e-01,1.061116463765460649e+00,-1.325919685811235427e-01,-2.816313639956309345e-01,1.558976153450863239e-02,1.020811764238025887e+00,-1.133762404769168702e-01,1.061116463765460649e+00,-1.325919685811235427e-01
4.725865055810808402e-01,7.976255449908230544e-01,1.884878966243752965e-02,4.244353458873566520e-01,-1.139504588911104399e-01,1.067831092996666564e+00,-1.327288944941708015e-01,-2.849700909150664763e-01,1.565988111650146175e-02,1.021043236581535840e+00,-1.139504588911104399e-01,1.067831092996666564e+00,-1.327288944941708015e-01
4.735856313856920408e-01,7.977960222913362820e-01,1.880525644696682402e-02,4.245996377430311108e-01,-1.145277648395231218e-01,1.074545596521822688e+00,-1.328651934862676853e-01,-2.883021066987201397e-01,1.572950996643087546e-02,1.021272592509034904e+00,-1.145277648395231218e-01,1.074545596521822688e+00,-1.328651934862676853e-01
4.745847571903031858e-01,7.979661922039282818e-01,1.876195009377553541e-02,4.247586181076638545e-01,-1.151081606926445122e-01,1.081259973200832336e+00,-1.330008582902082181e-01,-2.916274045993355601e-01,1.579864733284516015e-02,1.021499853280609216e+00,-1.151081606926445122e-01,1.081259973200832336e+00,-1.330008582902082181e-01
4.755838829949143309e-01,7.981360578093111835e-01,1.871887151106979910e-02,4.249122830058837952e-01,-1.156916488080661359e-01,1.087974221892544557e+00,-1.331358816027089498e-01,-2.949459779450578356e-01,1.586729246473948807e-02,1.021725040026155717e+00,-1.156916488080661359e-01,1.087974221892544557e+00,-1.331358816027089498e-01
4.765830087995255315e-01,7.983056220831923344e-01,1.867602160477427678e-02,4.250606284870201979e-01,-1.162782315302258451e-01,1.094688341454767899e+00,-1.332702560843408435e-01,-2.982578201387535155e-01,1.593544461162735293e-02,1.021948173745109267e+00,-1.162782315302258451e-01,1.094688341454767899e+00,-1.332702560843408435e-01
4.775821346041366766e-01,7.984748878961238638e-01,1.863340127846847133e-02,4.252036506249993186e-01,-1.168679111901510942e-01,1.101402330744281510e+00,-1.334039743594602201e-01,-3.015629246573258704e-01,1.600310302361349080e-02,1.022169275306171077e+00,-1.168679111901510942e-01,1.101402330744281510e+00,-1.334039743594602201e-01
4.785812604087478217e-01,7.986438580133539133e-01,1.859101143332300005e-02,4.253413455182495362e-01,-1.174606901052008268e-01,1.108116188616853348e+00,-1.335370290161415618e-01,-3.048612850510414862e-01,1.607026695146689110e-02,1.022388365447047809e+00,-1.174606901052008268e-01,1.108116188616853348e+00,-1.335370290161415618e-01
4.795803862133590223e-01,7.988125350946760905e-01,1.854885296803582273e-02,4.254737092896058170e-01,-1.180565705788060860e-01,1.114829913927252170e+00,-1.336694126061097054e-01,-3.081528949428593567e-01,1.613693564669519548e-02,1.022605464774187123e+00,-1.180565705788060860e-01,1.114829913927252170e+00,-1.336694126061097054e-01
4.805795120179701674e-01,7.989809216942852510e-01,1.850692677876844897e-02,4.256007380862200096e-01,-1.186555549002094034e-01,1.121543505529260853e+00,-1.338011176446731731e-01,-3.114377480277601418e-01,1.620310836161985985e-02,1.022820593762520103e+00,-1.186555549002094034e-01,1.121543505529260853e+00,-1.338011176446731731e-01
4.815786378225813125e-01,7.991490202606302828e-01,1.846523375908196846e-02,4.257224280794732474e-01,-1.192576453442028006e-01,1.128256962275693498e+00,-1.339321366106573929e-01,-3.147158380720866400e-01,1.626878434945141366e-02,1.023033772755209903e+00,-1.192576453442028006e-01,1.128256962275693498e+00,-1.339321366106573929e-01
4.825777636271925131e-01,7.993168331362717760e-01,1.842377479987314728e-02,4.258387754648924606e-01,-1.198628441708645964e-01,1.134970283018409631e+00,-1.340624619463391398e-01,-3.179871589128809850e-01,1.633396286436690492e-02,1.023245021963398615e+00,-1.198628441708645964e-01,1.134970283018409631e+00,-1.340624619463391398e-01
4.835768894318036581e-01,7.994843619607729934e-01,1.838257620113699364e-02,4.259497765710423822e-01,-1.203723676479247218e-01,1.141685333486853082e+00,-1.340852305467230832e-01,-3.212523275050362948e-01,1.643150728495725021e-02,1.023454363290614344e+00,-1.203723676479247218e-01,1.141685333486853082e+00,-1.340852305467230832e-01
4.845760152364148587e-01,7.996516054778485261e-01,1.834178370838924696e-02,4.260554282275858529e-01,-1.206166464272651478e-01,1.148405383159054383e+00,-1.338176575285932590e-01,-3.245124348390104330e-01,1.661770318492809817e-02,1.023661827190566198e+00,-1.206166464272651478e-01,1.148405383159054383e+00,-1.338176575285932590e-01
4.855751410410260038e-01,7.998185600939775597e-01,1.830164045003591228e-02,4.261557275827945190e-01,-1.205242714595704812e-01,1.155131917895846572e+00,-1.331837991626703965e-01,-3.277679834606426756e-01,1.691602467460383286e-02,1.023867451349704361e+00,-1.205242714595704812e-01,1.155131917895846572e+00,-1.331837991626703965e-01
4.865742668456371489e-01,7.999852217741139082e-01,1.826240694566927392e-02,4.262506717217061647e-01,-1.200945439489676247e-01,1.161865101168213510e+00,-1.321843015921335129e-01,-3.310190367708527592e-01,1.732637380778788427e-02,1.024071275066580355e+00,-1.200945439489676247e-01,1.161865101168213510e+00,-1.321843015921335129e-01
4.875733926502483495e-01,8.001515864680625034e-01,1.822434288283882736e-02,4.263402575869518207e-01,-1.193267511413028809e-01,1.168605097014620009e+00,-1.308198255402946153e-01,-3.342656585816057846e-01,1.784865434319677507e-02,1.024273337954870744e+00,-1.193267511413028809e-01,1.168605097014620009e+00,-1.308198255402946153e-01
4.885725184548594946e-01,8.003176501066194826e-01,1.818770711060777381e-02,4.264244819814720922e-01,-1.182201663697654975e-01,1.175352070046225217e+00,-1.290910463569756583e-01,-3.375079131112236897e-01,1.848277173945758051e-02,1.024473679944640114e+00,-1.182201663697654975e-01,1.175352070046225217e+00,-1.290910463569756583e-01
4.895716442594706397e-01,8.004834085967689195e-01,1.815275763310561508e-02,4.265033415721152243e-01,-1.167740491014324644e-01,1.182106185451065272e+00,-1.269986540653965101e-01,-3.407458649780543136e-01,1.922863314973252691e-02,1.024672341282437227e+00,-1.167740491014324644e-01,1.182106185451065272e+00,-1.269986540653965101e-01
4.905707700640818403e-01,8.006488578159562941e-01,1.811975160307854188e-02,4.265768328941196286e-01,-1.149876449847397064e-01,1.188867608997220326e+00,-1.245433534095738703e-01,-3.439795791924953883e-01,2.008614741596439351e-02,1.024869362530220540e+00,-1.149876449847397064e-01,1.188867608997220326e+00,-1.245433534095738703e-01
4.915698958686929854e-01,8.008139936054432528e-01,1.808894531543919770e-02,4.266449523564794788e-01,-1.128601858978778849e-01,1.195636507034948393e+00,-1.217258639022243683e-01,-3.472091211473488648e-01,2.105522506273937999e-02,1.025064784563076925e+00,-1.128601858978778849e-01,1.195636507034948393e+00,-1.217258639022243683e-01
4.925690216733041304e-01,8.009788117627606452e-01,1.806059420081707403e-02,4.267076962481921587e-01,-1.103908899981167757e-01,1.202413046497799787e+00,-1.185469198731669005e-01,-3.504345566065055761e-01,2.213577829076324166e-02,1.025258648565716912e+00,-1.103908899981167757e-01,1.202413046497799787e+00,-1.185469198731669005e-01
4.935681474779153310e-01,8.011433080332643897e-01,1.803495281911112955e-02,4.267650607453932765e-01,-1.075789617720587787e-01,1.209197394902704170e+00,-1.150072705182217797e-01,-3.536559516919401958e-01,2.332772096994603639e-02,1.025450996027710060e+00,-1.075789617720587787e-01,1.209197394902704170e+00,-1.150072705182217797e-01
4.945672732825264761e-01,8.013074797162939022e-01,1.801220298542369896e-02,4.268170419193754728e-01,-1.044234830272025849e-01,1.215989729714562317e+00,-1.113767437863039667e-01,-3.568733706599100941e-01,2.463100063933194861e-02,1.025641868737443563e+00,-1.044234830272025849e-01,1.215989729714562317e+00,-1.113767437863039667e-01
4.955663990871376212e-01,8.014713311088549341e-01,1.799221035465895652e-02,4.268636357454971830e-01,-1.009230386419142506e-01,1.222790267416206111e+00,-1.080301352840822571e-01,-3.600868673424736377e-01,2.604570926678032722e-02,1.025831308774778350e+00,-1.009230386419142506e-01,1.222790267416206111e+00,-1.080301352840822571e-01
4.965655248917488218e-01,8.016348705259958018e-01,1.797465512543688915e-02,4.269048381129758596e-01,-9.707590420607792314e-02,1.229599239764306962e+00,-1.050738474426951563e-01,-3.632964865353898731e-01,2.757203016633274356e-02,1.026019358502365142e+00,-9.707590420607792314e-02,1.229599239764306962e+00,-1.050738474426951563e-01
4.975646506963599669e-01,8.017981067908408477e-01,1.795918791014555413e-02,4.269406448355713146e-01,-9.288027885568708730e-02,1.236416869209205904e+00,-1.025086894207217075e-01,-3.665022672434891660e-01,2.921017031931696928e-02,1.026206060555612254e+00,-9.288027885568708730e-02,1.236416869209205904e+00,-1.025086894207217075e-01
4.985637765009711120e-01,8.019610486080492873e-01,1.794545793336799894e-02,4.269710516631610719e-01,-8.833432782834141350e-02,1.243243362488106740e+00,-1.003354854945209956e-01,-3.697042426457770592e-01,3.096034788793014525e-02,1.026391457831255627e+00,-8.833432782834141350e-02,1.243243362488106740e+00,-1.003354854945209956e-01
4.995629023055823126e-01,8.021237045705579272e-01,1.793311302781671127e-02,4.269960542942042303e-01,-8.343618244995698596e-02,1.250078907983586340e+00,-9.855507511001314336e-02,-3.729024392364034268e-01,3.282279217876298005e-02,1.026575593474529979e+00,-8.343618244995698596e-02,1.250078907983586340e+00,-9.855507511001314336e-02
5.005620281101934577e-01,8.022860831647028457e-01,1.792179963024988568e-02,4.270156483890992782e-01,-7.818394012008242355e-02,1.256923673059736402e+00,-9.716831293492661503e-02,-3.760968759625192281e-01,3.479774360648937859e-02,1.026758510864887342e+00,-7.818394012008242355e-02,1.256923673059736402e+00,-9.716831293492661503e-02
5.015611539148046027e-01,8.024481933226534913e-01,1.791113840903576365e-02,4.270298295415325684e-01,-7.267328082484993124e-02,1.263775778667652006e+00,-9.627862437341191959e-02,-3.792868884013975150e-01,3.685297935340495212e-02,1.026940251641341284e+00,-7.267328082484993124e-02,1.263775778667652006e+00,-9.627862437341191959e-02
5.025602797194157478e-01,8.026100464751294572e-01,1.790063294205609251e-02,4.270385931542264313e-01,-6.707449838731981140e-02,1.270631718931222620e+00,-9.606712970665499951e-02,-3.824712632563373460e-01,3.893158267108291076e-02,1.027120848248894935e+00,-6.707449838731981140e-02,1.270631718931222620e+00,-9.606712970665499951e-02
5.035594055240270039e-01,8.027716198880932019e-01,1.788915152175434703e-02,4.270423459109597419e-01,-6.146320138864613120e-02,1.277486823336874577e+00,-9.661549549429872263e-02,-3.856488897200414656e-01,4.100899391743235978e-02,1.027300302690629552e+00,-6.146320138864613120e-02,1.277486823336874577e+00,-9.661549549429872263e-02
5.045585313286381490e-01,8.029329940923140008e-01,1.787710234776825752e-02,4.270403187879984741e-01,-5.600739668065441573e-02,1.284150618407882583e+00,-9.810337779463799979e-02,-3.887553653863613512e-01,4.302788962967182135e-02,1.027478680783176834e+00,-5.600739668065441573e-02,1.284150618407882583e+00,-9.810337779463799979e-02
5.055576571332492941e-01,8.030941223615969404e-01,1.786312153330025035e-02,4.270331648960065674e-01,-5.087202619899241357e-02,1.290434954220005981e+00,-1.007082897677933908e-01,-3.917287819845172714e-01,4.493426497169734912e-02,1.027655977714836188e+00,-5.087202619899241357e-02,1.290434954220005981e+00,-1.007082897677933908e-01
5.065567829378604392e-01,8.032549887043034520e-01,1.784633655627803836e-02,4.270211802470283979e-01,-4.605656760322600352e-02,1.296339625335482859e+00,-1.044295585520577940e-01,-3.945693863001404345e-01,4.672858384761977707e-02,1.027832207716997237e+00,-4.605656760322600352e-02,1.296339625335482859e+00,-1.044295585520577940e-01
5.075559087424715843e-01,8.034155670823963646e-01,1.782631856663766806e-02,4.270046612669269326e-01,-4.156123910050649184e-02,1.301864405071430753e+00,-1.092259622417503795e-01,-3.972774521945228177e-01,4.841108874760917391e-02,1.028007383185019830e+00,-4.156123910050649184e-02,1.301864405071430753e+00,-1.092259622417503795e-01
5.085550345470827294e-01,8.035758582877348122e-01,1.780142055535497217e-02,4.269839047803281051e-01,-3.738431138442014495e-02,1.307009136836905672e+00,-1.145422888277903145e-01,-3.998531823994990186e-01,4.998262028134223267e-02,1.028181514712771527e+00,-3.738431138442014495e-02,1.307009136836905672e+00,-1.145422888277903145e-01
5.095541603516939855e-01,8.037358128898657306e-01,1.777225073246145592e-02,4.269592079963248077e-01,-3.352774169393282766e-02,1.311773560662263804e+00,-1.195729811057179709e-01,-4.022969200683767510e-01,5.144289679718289099e-02,1.028354611125041673e+00,-3.352774169393282766e-02,1.311773560662263804e+00,-1.195729811057179709e-01
5.105532861563051306e-01,8.038953900573251321e-01,1.773902709463938410e-02,4.269308684949372212e-01,-2.999290558633660453e-02,1.316157467178503238e+00,-1.242197624532866557e-01,-4.046089957512435942e-01,5.279181278324700244e-02,1.028526679507794750e+00,-2.999290558633660453e-02,1.316157467178503238e+00,-1.242197624532866557e-01
5.115524119609162756e-01,8.040545463712955865e-01,1.770208316534468279e-02,4.268991842143285975e-01,-2.678141262285120561e-02,1.320160669519261587e+00,-1.284818667319652108e-01,-4.067897571879068308e-01,5.402919005111022493e-02,1.028697725236247251e+00,-2.678141262285120561e-02,1.320160669519261587e+00,-1.284818667319652108e-01
5.125515377655274207e-01,8.042132383898266124e-01,1.766175380857709989e-02,4.268644534387757705e-01,-2.389491709292108912e-02,1.323783006912233162e+00,-1.323585128640849540e-01,-4.088395616093977170e-01,5.515483567096209072e-02,1.028867752000745206e+00,-2.389491709292108912e-02,1.323783006912233162e+00,-1.323585128640849540e-01
5.135506635701385658e-01,8.043714226758249541e-01,1.761837523453604892e-02,4.268269747873891240e-01,-2.133511377961733874e-02,1.327024342348068320e+00,-1.358489060840888940e-01,-4.107587749189474113e-01,5.616854343356338097e-02,1.029036761830421476e+00,-2.133511377961733874e-02,1.327024342348068320e+00,-1.358489060840888940e-01
5.145497893747498219e-01,8.044824804312157296e-01,1.756551308962519403e-02,4.263304777052246974e-01,-1.896219152554964177e-02,1.329880259896033090e+00,-1.388805073777543142e-01,-4.114312582722085554e-01,5.707629224141848312e-02,1.029080143280629134e+00,-1.896219152554964177e-02,1.329880259896033090e+00,-1.388805073777543142e-01
5.155489151793609670e-01,8.045708470300906301e-01,1.750525237509395829e-02,4.255770213828207749e-01,-1.680205874956938739e-02,1.332351901141314299e+00,-1.414576301247970347e-01,-4.112870167001293487e-01,5.787416993188981840e-02,1.029045313635229553e+00,-1.680205874956938739e-02,1.332351901141314299e+00,-1.414576301247970347e-01
5.165480409839721121e-01,8.046587543448863178e-01,1.744289466671153713e-02,4.248216811070809618e-01,-1.497380837006958426e-02,1.334442241896750980e+00,-1.436461692758005393e-01,-4.110133277538716712e-01,5.855930131767589364e-02,1.029009625004976058e+00,-1.497380837006958426e-02,1.334442241896750980e+00,-1.436461692758005393e-01
5.175471667885832572e-01,8.047461552488450742e-01,1.737878522732122510e-02,4.240647575946547287e-01,-1.347925457005749034e-02,1.336151214542739885e+00,-1.454452896679284679e-01,-4.106105864075285661e-01,5.913143362562463951e-02,1.028973063005407029e+00,-1.347925457005749034e-02,1.336151214542739885e+00,-1.454452896679284679e-01
5.185462925931944023e-01,8.048330038235547157e-01,1.731326961998828906e-02,4.233065517610353212e-01,-1.232023110831528129e-02,1.337478763888246380e+00,-1.468541483892971400e-01,-4.100791919470568314e-01,5.959031045845829960e-02,1.028935614524312925e+00,-1.232023110831528129e-02,1.337478763888246380e+00,-1.468541483892971400e-01
5.195454183978055474e-01,8.049192553718814702e-01,1.724669370520511696e-02,4.225473647147907075e-01,-1.149858710932531725e-02,1.338424844729795282e+00,-1.478718960651383973e-01,-4.094195471367375605e-01,5.993567322361774419e-02,1.028897267732580723e+00,-1.149858710932531725e-02,1.338424844729795282e+00,-1.478718960651383973e-01
5.205445442024168035e-01,8.050048664281849176e-01,1.717940363742097992e-02,4.217874977525101765e-01,-1.101618285875751585e-02,1.338989419389346569e+00,-1.484976781500944309e-01,-4.086320573823331581e-01,6.016726255423494873e-02,1.028858012092570551e+00,-1.101618285875751585e-02,1.338989419389346569e+00,-1.484976781500944309e-01
5.215436700070279485e-01,8.050897945734192263e-01,1.711175491287779057e-02,4.210272523544854595e-01,-1.087490066162290908e-02,1.339172455108425419e+00,-1.487792458252831518e-01,-4.077171305686732028e-01,6.028481513801901143e-02,1.028817838364032289e+00,-1.087490066162290908e-02,1.339172455108425419e+00,-1.487792458252831518e-01
5.225416707991217269e-01,8.052476966934756231e-01,1.705679915852602313e-02,4.209777574104683895e-01,-1.146075604743158199e-02,1.339360700302266727e+00,-1.499572476665850806e-01,-4.086103974817976714e-01,6.057262419307044010e-02,1.028996748215315726e+00,-1.146075604743158199e-02,1.339360700302266727e+00,-1.499572476665850806e-01
5.235396715912155052e-01,8.054047574709449764e-01,1.700098245592708904e-02,4.209279189988579528e-01,-1.252641674262996996e-02,1.339932532836007884e+00,-1.528047806558646693e-01,-4.096422135514090068e-01,6.115602797816468289e-02,1.029190922605722980e+00,-1.252641674262996996e-02,1.339932532836007884e+00,-1.528047806558646693e-01
5.245376723833091726e-01,8.055610271975346404e-01,1.694345883723546997e-02,4.208774369158915230e-01,-1.407622639682256510e-02,1.340887829384369567e+00,-1.573271568973748924e-01,-4.108120705205134948e-01,6.203780007794504336e-02,1.029400260180986404e+00,-1.407622639682256510e-02,1.340887829384369567e+00,-1.573271568973748924e-01
5.255356731754029509e-01,8.057165558221386359e-01,1.688338179922072371e-02,4.208260107335229372e-01,-1.611452388593687807e-02,1.342226459011758966e+00,-1.635296785814057408e-01,-4.121194435799744871e-01,6.322071930914997806e-02,1.029624646103793451e+00,-1.611452388593687807e-02,1.342226459011758966e+00,-1.635296785814057408e-01
5.265336739674967292e-01,8.058713929254042174e-01,1.681990431373530520e-02,4.207733398050841345e-01,-1.864564379834363073e-02,1.343948280701426246e+00,-1.714176363148285920e-01,-4.135637849740846361e-01,6.470756976783523240e-02,1.029863946727151314e+00,-1.864564379834363073e-02,1.343948280701426246e+00,-1.714176363148285920e-01
5.275316747595905076e-01,8.060255876841756484e-01,1.675217883751155962e-02,4.207191232716777640e-01,-2.167391696404515067e-02,1.346053140832475847e+00,-1.809963074100835179e-01,-4.151445174884621503e-01,6.650114085271013886e-02,1.030118004156032496e+00,-2.167391696404515067e-02,1.346053140832475847e+00,-1.809963074100835179e-01
5.285296755516841749e-01,8.061791888258188488e-01,1.667935732129655763e-02,4.206630600693216926e-01,-2.520367102786865571e-02,1.348540870604880038e+00,-1.922709541316853787e-01,-4.168610278208678133e-01,6.860422726281928396e-02,1.030386630697243122e+00,-2.520367102786865571e-02,1.348540870604880038e+00,-1.922709541316853787e-01
5.295276763437779532e-01,8.063322345169743333e-01,1.660059101263043624e-02,4.206049415280692094e-01,-2.923172928586498243e-02,1.351045371891238078e+00,-2.052468220819659017e-01,-4.185909296010778546e-01,7.102212464064219799e-02,1.030669606980547215e+00,-2.923172928586498243e-02,1.351045371891238078e+00,-2.052468220819659017e-01
5.305256771358717316e-01,8.064847175825851089e-01,1.651502975914523677e-02,4.205449717236486862e-01,-3.375475123683652212e-02,1.353191802453745929e+00,-2.199291434267990342e-01,-4.202094094979065830e-01,7.376017702026041456e-02,1.030966688469294068e+00,-3.375475123683652212e-02,1.353191802453745929e+00,-2.199291434267990342e-01
5.315236779279655099e-01,8.066366207474182648e-01,1.642182275035157513e-02,4.204834435805476778e-01,-3.877696146611597089e-02,1.354973633385162302e+00,-2.363231440892900603e-01,-4.217143676657257867e-01,7.682121185616896941e-02,1.031277584892128063e+00,-3.877696146611597089e-02,1.354973633385162302e+00,-2.363231440892900603e-01
5.325216787200591773e-01,8.067879254163454750e-01,1.632011871164419300e-02,4.204206575477370533e-01,-4.430271175185793164e-02,1.356390607725451725e+00,-2.544340464652111167e-01,-4.231057480087397349e-01,8.020801915974133667e-02,1.031601950730059558e+00,-4.430271175185793164e-02,1.356390607725451725e+00,-2.544340464652111167e-01
5.335196795121529556e-01,8.069386123820148082e-01,1.620906593253651495e-02,4.203569143546821429e-01,-5.033635213857976659e-02,1.357442439697435166e+00,-2.742670714238351071e-01,-4.243834246006780719e-01,8.392339478752050552e-02,1.031939378817881892e+00,-5.033635213857976659e-02,1.357442439697435166e+00,-2.742670714238351071e-01
5.345176803042467339e-01,8.070886617343122627e-01,1.608781227909242967e-02,4.202925150185624625e-01,-5.688222999365253468e-02,1.358128811845358719e+00,-2.958274403141971653e-01,-4.255471944672024054e-01,8.797014090512428330e-02,1.032289394139771721e+00,-5.688222999365253468e-02,1.358128811845358719e+00,-2.958274403141971653e-01
5.355156810963405123e-01,8.072380527596718647e-01,1.595550520674137579e-02,4.202277608524093155e-01,-6.394468904508200657e-02,1.358449372119424181e+00,-3.191203769963508741e-01,-4.265967702479857571e-01,9.235106643719609432e-02,1.032651447515744669e+00,-6.394468904508200657e-02,1.358449372119424181e+00,-3.191203769963508741e-01
5.365136818884341796e-01,8.073867689989020491e-01,1.581129187597609537e-02,4.201629055783807631e-01,-7.153162788508519998e-02,1.358582598270577035e+00,-3.441511072502796420e-01,-4.275912743127161519e-01,9.706780340499643334e-02,1.033024907565676109e+00,-7.153162788508519998e-02,1.358582598270577035e+00,-3.441511072502796420e-01
5.375116826805279580e-01,8.075348140546244613e-01,1.565431947643030827e-02,4.200980073797639935e-01,-7.965109246654548947e-02,1.358716282541227782e+00,-3.709248487061212463e-01,-4.285925942584832282e-01,1.021219453899804008e-01,1.033409049589208983e+00,-7.965109246654548947e-02,1.358716282541227782e+00,-3.709248487061212463e-01
5.385096834726217363e-01,8.076821962786876474e-01,1.548373492861134480e-02,4.200330689548110730e-01,-8.830748349542195952e-02,1.358856289634078562e+00,-3.994468125968319017e-01,-4.296018715524818066e-01,1.075163068288832735e-01,1.033803054358682916e+00,-8.830748349542195952e-02,1.358856289634078562e+00,-3.994468125968319017e-01
5.395076842647155146e-01,8.078289228061062976e-01,1.529868477756315612e-02,4.199680914147325694e-01,-9.750506701585670566e-02,1.359002099969219390e+00,-4.297222056799717693e-01,-4.306180195050511861e-01,1.132537525561429226e-01,1.034206003306432420e+00,-9.750506701585670566e-02,1.359002099969219390e+00,-4.297222056799717693e-01
5.405056850568091820e-01,8.079749966609527378e-01,1.509845207510101747e-02,4.199030759722206518e-01,-1.070070720676245812e-01,1.359148480991567709e+00,-4.609416019092950623e-01,-4.316332777573672064e-01,1.191908086575420023e-01,1.034609347532938095e+00,-1.070070720676245812e-01,1.359148480991567709e+00,-4.609416019092950623e-01
5.415036858489029603e-01,8.081204091554924362e-01,1.488287058290637191e-02,4.198380238093362693e-01,-1.165658803357189910e-01,1.359290209648993164e+00,-4.922650968260816606e-01,-4.326399550448493114e-01,1.251773518122103468e-01,1.035004524131569958e+00,-1.165658803357189910e-01,1.359290209648993164e+00,-4.922650968260816606e-01
5.425016866409967387e-01,8.082651477310356380e-01,1.465192978742515910e-02,4.197729361686824978e-01,-1.261724002727448446e-01,1.359426804658287802e+00,-5.236622241038226822e-01,-4.336370630431556905e-01,1.312080432021119347e-01,1.035390612351929862e+00,-1.261724002727448446e-01,1.359426804658287802e+00,-5.236622241038226822e-01
5.434996874330905170e-01,8.084091988533843587e-01,1.440562441860326892e-02,4.197078143954064422e-01,-1.358265350091984458e-01,1.359557957341506196e+00,-5.551329461784973995e-01,-4.346238540105009651e-01,1.372829893670999002e-01,1.035766968998963478e+00,-1.358265350091984458e-01,1.359557957341506196e+00,-5.551329461784973995e-01
5.444976882251841843e-01,8.085525481099268275e-01,1.414394933196314735e-02,4.196426599403454416e-01,-1.455281888308628258e-01,1.359683354636837205e+00,-5.866772241416055023e-01,-4.355995712043701507e-01,1.434022940965251347e-01,1.036132943187901168e+00,-1.455281888308628258e-01,1.359683354636837205e+00,-5.866772241416055023e-01
5.454956890172779627e-01,8.086951805407061045e-01,1.386687861112954195e-02,4.195774746169861902e-01,-1.551317060148308391e-01,1.359805223212991354e+00,-6.181497995643571164e-01,-4.365642900726817710e-01,1.496148394365164336e-01,1.036487816196886680e+00,-1.551317060148308391e-01,1.359805223212991354e+00,-6.181497995643571164e-01
5.464936898093717410e-01,8.088370730897975758e-01,1.357482154817377107e-02,4.195122592763527725e-01,-1.644577427087745569e-01,1.359926626886989620e+00,-6.490053710407002185e-01,-4.375184731092552903e-01,1.559794374134284012e-01,1.036831113430364049e+00,-1.644577427087745569e-01,1.359926626886989620e+00,-6.490053710407002185e-01
5.474916906014655194e-01,8.089781982720845033e-01,1.326843847231637050e-02,4.194470155085762708e-01,-1.734727695127221969e-01,1.360047466217837453e+00,-6.788425683319272430e-01,-4.384616094962107136e-01,1.625073288340232180e-01,1.037162179193083400e+00,-1.734727695127221969e-01,1.360047466217837453e+00,-6.788425683319272430e-01
5.484896913935591867e-01,8.091185259039225253e-01,1.294857683709741032e-02,4.193817446423559470e-01,-1.820609812115535076e-01,1.360168576887885283e+00,-7.077006358632926819e-01,-4.393942026483603214e-01,1.692772585908084437e-01,1.037480133558923878e+00,-1.820609812115535076e-01,1.360168576887885283e+00,-7.077006358632926819e-01
5.494876921856529650e-01,8.092580265297206754e-01,1.261607633831806838e-02,4.193164477497036691e-01,-1.898642526149417475e-01,1.360295073947485056e+00,-7.356836419335471833e-01,-4.403193597537179427e-01,1.765229715961925405e-01,1.037784729057236843e+00,-1.898642526149417475e-01,1.360295073947485056e+00,-7.356836419335471833e-01
5.504856929777467434e-01,8.093966714521952932e-01,1.227178356146891788e-02,4.192511260345164192e-01,-1.966414098972661395e-01,1.360428866148074567e+00,-7.628658930862759480e-01,-4.412383718337368754e-01,1.844046885749814901e-01,1.038075092203935235e+00,-1.966414098972661395e-01,1.360428866148074567e+00,-7.628658930862759480e-01
5.514836937698405217e-01,8.095344329550110407e-01,1.191654093517210966e-02,4.191857805695862194e-01,-2.023913578096703247e-01,1.360568283254825372e+00,-7.892442267004802225e-01,-4.421500389099096706e-01,1.929203791797707845e-01,1.038350752849650060e+00,-2.023913578096703247e-01,1.360568283254825372e+00,-7.892442267004802225e-01
5.524816945619341890e-01,8.096712844774573981e-01,1.155118391662774899e-02,4.191204123609267307e-01,-2.071130032738565108e-01,1.360711603743805176e+00,-8.148145621253500837e-01,-4.430531693942161842e-01,2.020679961016043635e-01,1.038611276027965991e+00,-2.071130032738565108e-01,1.360711603743805176e+00,-8.148145621253500837e-01
5.534796953540279674e-01,8.098072002848177853e-01,1.117657160732606243e-02,4.190550223354869153e-01,-2.108053070395719542e-01,1.360857058786882234e+00,-8.395752269116566469e-01,-4.439465951597195703e-01,2.118454584055935175e-01,1.038856263650646650e+00,-2.108053070395719542e-01,1.360857058786882234e+00,-8.395752269116566469e-01
5.544776961461217457e-01,8.099421561151314286e-01,1.079354989604110193e-02,4.189896113294588331e-01,-2.134672219046992447e-01,1.361002853263707069e+00,-8.635232401258050583e-01,-4.448291702993809604e-01,2.222506717772743945e-01,1.039085356182858799e+00,-2.134672219046992447e-01,1.361002853263707069e+00,-8.635232401258050583e-01
5.554756969382155241e-01,8.100761290638930356e-01,1.040296516816047699e-02,4.189241800772005586e-01,-2.150977158820807089e-01,1.361147174206435828e+00,-8.866556165496428665e-01,-4.456997816495092413e-01,2.332815212083234335e-01,1.039298234298075441e+00,-2.150977158820807089e-01,1.361147174206435828e+00,-8.866556165496428665e-01
5.564736977303091914e-01,8.102090976678040235e-01,1.000566429316311276e-02,4.188587292007986407e-01,-2.156957722608978667e-01,1.361288202559584715e+00,-9.089693668379759117e-01,-4.465573561221430343e-01,2.449358712002971117e-01,1.039494620512310563e+00,-2.156957722608978667e-01,1.361288202559584715e+00,-9.089693668379759117e-01
5.574716985224029697e-01,8.103410419795293862e-01,9.602494611743610242e-03,4.187932592002958643e-01,-2.153729642236711928e-01,1.361419906160621141e+00,-9.302917314497682888e-01,-4.473974710041254133e-01,2.570268519711828570e-01,1.039671943160112688e+00,-2.153729642236711928e-01,1.361419906160621141e+00,-9.302917314497682888e-01
5.584696993144967481e-01,8.104719436334585358e-01,9.194303922607432317e-03,4.187277704446046300e-01,-2.144016800905146070e-01,1.361530970218765901e+00,-9.502047584547609338e-01,-4.482115628216488123e-01,2.691014645013570794e-01,1.039824672547909667e+00,-2.144016800905146070e-01,1.361530970218765901e+00,-9.502047584547609338e-01
5.594677001065905264e-01,8.106017859024611250e-01,8.781940468963071733e-03,4.186622631631338187e-01,-2.129410847612386859e-01,1.361615416390941968e+00,-9.684574023827197120e-01,-4.489955087622706786e-01,2.808892536326465517e-01,1.039950174660084992e+00,-2.129410847612386859e-01,1.361615416390941968e+00,-9.684574023827197120e-01
5.604657008986841937e-01,8.107305537456414024e-01,8.366252924739662686e-03,4.185967374381499573e-01,-2.109868827172646510e-01,1.361673667230427043e+00,-9.850444195029970373e-01,-4.497503981862871481e-01,2.923873749539845357e-01,1.040049376675196369e+00,-2.109868827172646510e-01,1.361673667230427043e+00,-9.850444195029970373e-01
5.614637016907779721e-01,8.108582338470828876e-01,7.948090380559779539e-03,4.185311931978990541e-01,-2.085347844720647215e-01,1.361706227731266150e+00,-9.999605730722285202e-01,-4.504774218319127499e-01,3.035929805826793615e-01,1.040123280137338346e+00,-2.085347844720647215e-01,1.361706227731266150e+00,-9.999605730722285202e-01
5.624617024828717504e-01,8.109848146455800322e-01,7.528302329498963441e-03,4.184656302105106418e-01,-2.055805060663546679e-01,1.361713683280658005e+00,-1.013200633772096459e+00,-4.511778659490512378e-01,3.145032199899832626e-01,1.040172956076323318e+00,-2.055805060663546679e-01,1.361713683280658005e+00,-1.013200633772096459e+00
5.634597032749655288e-01,8.111102863553599773e-01,7.107738652664405757e-03,4.184000480787102849e-01,-2.021197685896396756e-01,1.361696697556030511e+00,-1.024759380127974628e+00,-4.518531063118055302e-01,3.251152407826289892e-01,1.040199540016621071e+00,-2.021197685896396756e-01,1.361696697556030511e+00,-1.024759380127974628e+00
5.644577040670593071e-01,8.112346409777879686e-01,6.687249604626121016e-03,4.183344462353627558e-01,-1.981482977313638316e-01,1.361656010366786296e+00,-1.034631598906196936e+00,-4.525046021100138649e-01,3.354261894357863927e-01,1.040204226875227844e+00,-1.981482977313638316e-01,1.361656010366786296e+00,-1.034631598906196936e+00
5.654557048591529744e-01,8.113578723040564267e-01,6.267685798734558798e-03,4.182688239398706376e-01,-1.936618233646910103e-01,1.361592435440738491e+00,-1.042812085487875295e+00,-4.531338897201512284e-01,3.454332119732871353e-01,1.040188265748679619e+00,-1.936618233646910103e-01,1.361592435440738491e+00,-1.042812085487875295e+00
5.664537056512467528e-01,8.114799759088581199e-01,5.849898192358982986e-03,4.182031802754526129e-01,-1.886560791656911040e-01,1.361506858155280053e+00,-1.049295644217372647e+00,-4.537425763559796432e-01,3.551334545913791829e-01,1.040152954589448564e+00,-1.886560791656911040e-01,1.361506858155280053e+00,-1.049295644217372647e+00
5.674517064433405311e-01,8.116009491350411054e-01,5.434738072080807191e-03,4.181375141473247514e-01,-1.831268022704619081e-01,1.361400233213377442e+00,-1.054077088723718303e+00,-4.543323335993848522e-01,3.645240642226809102e-01,1.040099634771943560e+00,-1.831268022704619081e-01,1.361400233213377442e+00,-1.054077088723718303e+00
5.684497072354341984e-01,8.117207910692485484e-01,5.023057038875991011e-03,4.180718242818075026e-01,-1.770697329724625624e-01,1.361273582264507898e+00,-1.057151242213457243e+00,-4.549048908118719092e-01,3.736021890374510157e-01,1.040029685548401917e+00,-1.770697329724625624e-01,1.361273582264507898e+00,-1.057151242213457243e+00
5.694477080275279768e-01,8.118395025085387573e-01,4.615706993320025861e-03,4.180061092263862577e-01,-1.704806144620614750e-01,1.361127991470675314e+00,-1.058512937733627757e+00,-4.554620284272304365e-01,3.823649788797283677e-01,1.039944518394918527e+00,-1.704806144620614750e-01,1.361127991470675314e+00,-1.058512937733627757e+00
5.704457088196217551e-01,8.119570859179948696e-01,4.213540120848169139e-03,4.179403673507444128e-01,-1.633551926100381690e-01,1.360964609017669469e+00,-1.058157018403759198e+00,-4.560055711259015654e-01,3.908095856363630882e-01,1.039845571247931755e+00,-1.633551926100381690e-01,1.360964609017669469e+00,-1.058157018403759198e+00
5.714437096117155335e-01,8.120735453793164194e-01,3.817408877102687354e-03,4.178745968487959095e-01,-1.556892157964854251e-01,1.360784642571768455e+00,-1.056078337616020768e+00,-4.565373808916255438e-01,3.989331635374258056e-01,1.039734302631439844e+00,-1.556892157964854251e-01,1.360784642571768455e+00,-1.056078337616020768e+00
5.724417104038093118e-01,8.121888865304028871e-01,3.428165973397261611e-03,4.178087957417405685e-01,-1.474784347862873324e-01,1.360589356682053275e+00,-1.052271759202858759e+00,-4.570593499509353341e-01,4.067328693869780576e-01,1.039612185675279354e+00,-1.474784347862873324e-01,1.360589356682053275e+00,-1.052271759202858759e+00
5.734397111959029791e-01,8.123031164959245709e-01,3.046664362327304587e-03,4.177429618821662527e-01,-1.387186026520312310e-01,1.360380070128570873e+00,-1.046732157571704347e+00,-4.575733935961086019e-01,4.142058627236780421e-01,1.039480702024782932e+00,-1.387186026520312310e-01,1.360380070128570873e+00,-1.046732157571704347e+00
5.744377119879967575e-01,8.124162438088917693e-01,2.673757223552827855e-03,4.176770929592197867e-01,-1.294054747449261411e-01,1.360158153216543875e+00,-1.039454417806556563e+00,-4.580814428921708981e-01,4.213493059112092265e-01,1.039341335642145925e+00,-1.294054747449261411e-01,1.360158153216543875e+00,-1.039454417806556563e+00
5.754357127800905358e-01,8.125282783232171679e-01,2.310297949778419326e-03,4.176111865048718341e-01,-1.195348087139816995e-01,1.359925025016847533e+00,-1.030433435736525238e+00,-4.585854372685629343e-01,4.281603641590554510e-01,1.039195566499847789e+00,-1.195348087139816995e-01,1.359925025016847533e+00,-1.030433435736525238e+00
5.764337135721843142e-01,8.126392311172833116e-01,1.957140132952315398e-03,4.175452399013019344e-01,-1.091023645733748965e-01,1.359682150552966817e+00,-1.019664117971624373e+00,-4.590873169960706934e-01,4.346362054746631398e-01,1.039044864166468018e+00,-1.091023645733748965e-01,1.359682150552966817e+00,-1.019664117971624373e+00
5.774317143642779815e-01,8.127491143885131608e-01,1.615137550703842333e-03,4.174792503894205753e-01,-9.810390481762358561e-02,1.359431037934646369e+00,-1.007141381906416777e+00,-4.595890155496178409e-01,4.407740005486052159e-01,1.038890681285258077e+00,-9.810390481762358561e-02,1.359431037934646369e+00,-1.007141381906416777e+00
5.784297151563717598e-01,8.128579413389518393e-01,1.285144153035350234e-03,4.174132150785605511e-01,-8.653519458383272800e-02,1.359173235438420058e+00,-9.928601556923385418e-01,-4.600924518574895927e-01,4.465709225749022182e-01,1.038734446945809076e+00,-8.653519458383272800e-02,1.359173235438420058e+00,-9.928601556923385418e-01
5.794277159484655382e-01,8.129657260518627915e-01,9.680140492815439120e-04,4.173471309573537069e-01,-7.439200185995213654e-02,1.358910328535214207e+00,-9.768153781798386559e-01,-4.605995224375627473e-01,4.520241470092514757e-01,1.038577559949194873e+00,-7.439200185995213654e-02,1.358910328535214207e+00,-9.768153781798386559e-01
5.804257167405593165e-01,8.130724833593483414e-01,6.646014953453381136e-04,4.172809949058209344e-01,-6.167009773763044989e-02,1.358643936865179924e+00,-9.590019988317280974e-01,-4.611120934210679034e-01,4.571308512684877923e-01,1.038421381966930346e+00,-6.167009773763044989e-02,1.358643936865179924e+00,-9.590019988317280974e-01
5.814237175326529838e-01,8.131782286909613466e-01,3.757311874897489032e-04,4.172148039380438322e-01,-4.850244946060037338e-02,1.358374771470520548e+00,-9.395387523559673992e-01,-4.616316601442946310e-01,4.618425770585284362e-01,1.038267208729579671e+00,-4.850244946060037338e-02,1.358374771470520548e+00,-9.395387523559673992e-01
5.824217183247467622e-01,8.132829778153370937e-01,1.020041813831902002e-04,4.171485560149450489e-01,-3.506963319898408205e-02,1.358103265394341452e+00,-9.189382289774531420e-01,-4.621594294438119421e-01,4.660952238840653794e-01,1.038116190002460026e+00,-3.506963319898408205e-02,1.358103265394341452e+00,-9.189382289774531420e-01
5.834197191168405405e-01,8.133867463275419318e-01,-1.564346769557255256e-04,4.170822496785467903e-01,-2.141548151165656444e-02,1.357830793987604201e+00,-8.976106257461727855e-01,-4.626965874574923143e-01,4.698703500180963499e-01,1.037969365639482167e+00,-2.141548151165656444e-02,1.357830793987604201e+00,-8.976106257461727855e-01
5.844177199089343189e-01,8.134895490603264445e-01,-3.995690132908234207e-04,4.170158836087817233e-01,-7.627415415347936836e-03,1.357559336083646429e+00,-8.755479525588740763e-01,-4.632444238816001980e-01,4.731063241308137712e-01,1.037827931821781569e+00,-7.627415415347936836e-03,1.357559336083646429e+00,-8.755479525588740763e-01
5.854157207010279862e-01,8.135913999694227572e-01,-6.273899904802591240e-04,4.169494565333966563e-01,5.938708321097588630e-03,1.357291917438113948e+00,-8.526485593838312171e-01,-4.638046852161868405e-01,4.755687908870029901e-01,1.037693650752720131e+00,5.938708321097588630e-03,1.357291917438113948e+00,-8.526485593838312171e-01
5.864137214931217645e-01,8.136923121148513793e-01,-8.398924516858987136e-04,4.168829672195216163e-01,1.901679177792195766e-02,1.357031312870133011e+00,-8.288372972927263715e-01,-4.643790069207538451e-01,4.770827930012724871e-01,1.037567851524904050e+00,1.901679177792195766e-02,1.357031312870133011e+00,-8.288372972927263715e-01
5.874117222852155429e-01,8.137922976736626790e-01,-1.037072255839017283e-03,4.168164144979755736e-01,3.161020060903067808e-02,1.356779166239592049e+00,-8.041121023727280104e-01,-4.649684438282759014e-01,4.776478106073222540e-01,1.037451053495468400e+00,3.161020060903067808e-02,1.356779166239592049e+00,-8.041121023727280104e-01
5.884097230773093212e-01,8.138913679446335703e-01,-1.218925399826398812e-03,4.167497972713231635e-01,4.372230570390971127e-02,1.356536971537720682e+00,-7.784709202152670926e-01,-4.655739051726264788e-01,4.772633364844041104e-01,1.037343702230692388e+00,4.372230570390971127e-02,1.356536971537720682e+00,-7.784709202152670926e-01
5.894077238694029885e-01,8.139895333482235484e-01,-1.385448017424415488e-03,4.166831145155288074e-01,5.535648285557541459e-02,1.356306072635128146e+00,-7.519117057925850389e-01,-4.661961541701124534e-01,4.759288757688376892e-01,1.037246168729795137e+00,5.535648285557541459e-02,1.356306072635128146e+00,-7.519117057925850389e-01
5.904057246614967669e-01,8.140868034265538178e-01,-1.536636378317524088e-03,4.166163652816131657e-01,6.651611246017741230e-02,1.356087663035824953e+00,-7.244324233463588225e-01,-4.668358076076546959e-01,4.736439456994460118e-01,1.037158748652836193e+00,6.651611246017741230e-02,1.356087663035824953e+00,-7.244324233463588225e-01
5.914037254535905452e-01,8.141831868434080688e-01,-1.672486887201368082e-03,4.165495486973085915e-01,7.720457924842029362e-02,1.355882785637181565e+00,-6.960310462886621918e-01,-4.674933354375346295e-01,4.704080753972486040e-01,1.037081661552767597e+00,7.720457924842029362e-02,1.355882785637181565e+00,-6.960310462886621918e-01
5.924017262456843236e-01,8.142786910646429011e-01,-1.793098510953536557e-03,4.164826648861794656e-01,8.742532832141518273e-02,1.355692227012770479e+00,-6.667056202759901185e-01,-4.681689638462260827e-01,4.662209939461791630e-01,1.037014979644930834e+00,8.742532832141518273e-02,1.355692227012770479e+00,-6.667056202759901185e-01
5.933997270377779909e-01,8.143733236245410678e-01,-1.898262527949362783e-03,4.164157113020081624e-01,9.712082147776715524e-02,1.355516206721848027e+00,-6.367273742834597128e-01,-4.688625412369290535e-01,4.611861746140715201e-01,1.036959036992301408e+00,9.712082147776715524e-02,1.355516206721848027e+00,-6.367273742834597128e-01
5.943977278298717692e-01,8.144670916313053732e-01,-1.987425684859440989e-03,4.163486902706288184e-01,1.063592622667198923e-01,1.355353900901539177e+00,-6.068882853676224043e-01,-4.695729651964248297e-01,4.556947931143944808e-01,1.036913830751136301e+00,1.063592622667198923e-01,1.355353900901539177e+00,-6.068882853676224043e-01
5.953957286219655476e-01,8.145599941777277309e-01,-2.062974373836473467e-03,4.162816030770307152e-01,1.152726745326432545e-01,1.355204516033545303e+00,-5.778804001408108793e-01,-4.702977009676442832e-01,4.500369187164557361e-01,1.036879052757319508e+00,1.152726745326432545e-01,1.355204516033545303e+00,-5.778804001408108793e-01
5.963937294140593259e-01,8.146520352181783053e-01,-2.124767389228707486e-03,4.162144514553425267e-01,1.238592070605896434e-01,1.355067460097140186e+00,-5.498760198436986046e-01,-4.710361142612466967e-01,4.442131034524302580e-01,1.036853884337164633e+00,1.238592070605896434e-01,1.355067460097140186e+00,-5.498760198436986046e-01
5.973917302061531043e-01,8.147432156631628786e-01,-2.173615167882128173e-03,4.161472373542981495e-01,1.319094741779735236e-01,1.354944389027938012e+00,-5.228158425753359762e-01,-4.717881944332521504e-01,4.380865999819283374e-01,1.036839004514130025e+00,1.319094741779735236e-01,1.354944389027938012e+00,-5.228158425753359762e-01
5.983897309982467716e-01,8.148335350909380326e-01,-2.210395955378992045e-03,4.160799626079388358e-01,1.390604612030291454e-01,1.354835831335614804e+00,-4.966144497216704590e-01,-4.725535560080784125e-01,4.314313883939336347e-01,1.036833855899773393e+00,1.390604612030291454e-01,1.354835831335614804e+00,-4.966144497216704590e-01
5.993877317903405499e-01,8.149229926680630065e-01,-2.235943566308829910e-03,4.160126292743770438e-01,1.451600440029352235e-01,1.354742378864063124e+00,-4.712334782069255712e-01,-4.733317717670205704e-01,4.241513287673742694e-01,1.036838419869756667e+00,1.451600440029352235e-01,1.354742378864063124e+00,-4.712334782069255712e-01
6.003857325824343283e-01,8.150115868572329614e-01,-2.251106347944197440e-03,4.159452394429619115e-01,1.502073686740746650e-01,1.354663169571921788e+00,-4.466759117910176213e-01,-4.741217252855716158e-01,4.162487322946343826e-01,1.036851905846856825e+00,1.502073686740746650e-01,1.354663169571921788e+00,-4.466759117910176213e-01
6.013837333745279956e-01,8.150993156315216037e-01,-2.256732903205803560e-03,4.158777952680880463e-01,1.542015924020115059e-01,1.354597288902769758e+00,-4.229447347822208325e-01,-4.749223046225167777e-01,4.077259246295081296e-01,1.036873553534375825e+00,1.542015924020115059e-01,1.354597288902769758e+00,-4.229447347822208325e-01
6.023817341666217740e-01,8.151861765793406711e-01,-2.253672078670013613e-03,4.158102989592519783e-01,1.571418837041237138e-01,1.354543781550236359e+00,-4.000429321755963885e-01,-4.757324095428170918e-01,3.985852461389841062e-01,1.036902634548892754e+00,1.571418837041237138e-01,1.354543781550236359e+00,-4.000429321755963885e-01
6.033797349587155523e-01,8.152721670004300369e-01,-2.242772952564980535e-03,4.157427527718743354e-01,1.590274226544809155e-01,1.354501663196862493e+00,-3.779734897779031266e-01,-4.765509586704624323e-01,3.888290521260825972e-01,1.036938454029865397e+00,1.590274226544809155e-01,1.354501663196862493e+00,-3.779734897779031266e-01
6.043777357508093306e-01,8.153572839928692195e-01,-2.224884822742907546e-03,4.156751589989169937e-01,1.598574010896254005e-01,1.354469932225968121e+00,-3.567393943194564487e-01,-4.773768965708115597e-01,3.784597130239768514e-01,1.036980352225805424e+00,1.598574010896254005e-01,1.354469932225968121e+00,-3.567393943194564487e-01
6.053757365429031090e-01,8.154415245311166238e-01,-2.200857194618712712e-03,4.156075199633149087e-01,1.596310227942988047e-01,1.354447581405807233e+00,-3.363436335534682464e-01,-4.782092007619294094e-01,3.674796145618965393e-01,1.037027706056788512e+00,1.596310227942988047e-01,1.354447581405807233e+00,-3.363436335534682464e-01
6.063737373349967763e-01,8.155248855350767379e-01,-2.171539769067864188e-03,4.155398380112474976e-01,1.583475036665209779e-01,1.354433609545252937e+00,-3.167891963434681935e-01,-4.790468886544200777e-01,3.558911579035790029e-01,1.037079930653032500e+00,1.583475036665209779e-01,1.354433609545252937e+00,-3.167891963434681935e-01
6.073717381270905546e-01,8.156073639301945066e-01,-2.137782430278480778e-03,4.154721155062740534e-01,1.560060718618098696e-01,1.354427033120243928e+00,-2.980790727394751483e-01,-4.798890244192443033e-01,3.436967597592967549e-01,1.037136480869298660e+00,1.560060718618098696e-01,1.354427033120243928e+00,-2.980790727394751483e-01
6.083697389191843330e-01,8.156889566985824347e-01,-2.100435233554712785e-03,4.154043548243567252e-01,1.526059679166961724e-01,1.354426897870253388e+00,-2.802162540436446414e-01,-4.807347257830119625e-01,3.308988524727388136e-01,1.037196852774839639e+00,1.526059679166961724e-01,1.354426897870253388e+00,-2.802162540436446414e-01
6.093677397112780003e-01,8.157696609211776417e-01,-2.060348393070165866e-03,4.153365583497914404e-01,1.481464448520477539e-01,1.354432290363976055e+00,-2.632037328661980813e-01,-4.815831707502206682e-01,3.174998840842882530e-01,1.037260585118636724e+00,1.481464448520477539e-01,1.354432290363976055e+00,-2.632037328661980813e-01
6.103657405033717787e-01,8.158494738109383082e-01,-2.018372269571563037e-03,4.152687284720768535e-01,1.426267682570922790e-01,1.354442349533494960e+00,-2.470445031724824991e-01,-4.824336042519320467e-01,3.035023183724698814e-01,1.037327260769678849e+00,1.426267682570922790e-01,1.354442349533494960e+00,-2.470445031724824991e-01
6.113637412954655570e-01,8.159284083609771310e-01,-1.970739778714506070e-03,4.152008233350769073e-01,1.361856856855012954e-01,1.354459964450527742e+00,-2.316177892548085815e-01,-4.832880986599349948e-01,2.889470453391207450e-01,1.037398346940882510e+00,1.361856856855012954e-01,1.354459964450527742e+00,-2.316177892548085815e-01
6.123617420875593353e-01,8.160064055001066130e-01,-1.940715647101630718e-03,4.151328729999675393e-01,1.290462232449506863e-01,1.354480009840559829e+00,-2.165791348902128544e-01,-4.841379112426266729e-01,2.739168413366966370e-01,1.037472147921428389e+00,1.290462232449506863e-01,1.354480009840559829e+00,-2.165791348902128544e-01
6.133597428796531137e-01,8.160834619995960271e-01,-1.929829290320229105e-03,4.150648926146590645e-01,1.212562321552512201e-01,1.354501818182062722e+00,-2.015198173742885346e-01,-4.849831267264342327e-01,2.584327239737439497e-01,1.037547798383924524e+00,1.212562321552512201e-01,1.354501818182062722e+00,-2.015198173742885346e-01
6.143577436717467810e-01,8.161596238287082139e-01,-1.918929436248873821e-03,4.149968823547382502e-01,1.127830083131994426e-01,1.354528334904068432e+00,-1.862583665823910883e-01,-4.858304112307564870e-01,2.424853646861816481e-01,1.037625115667816456e+00,1.127830083131994426e-01,1.354528334904068432e+00,-1.862583665823910883e-01
6.153557444638405594e-01,8.162348924146172191e-01,-1.907789649772920594e-03,4.149288427644609589e-01,1.038307408343885629e-01,1.354560520055549944e+00,-1.708178870340236188e-01,-4.866801185950690445e-01,2.261854650144716483e-01,1.037705278479357007e+00,1.038307408343885629e-01,1.354560520055549944e+00,-1.708178870340236188e-01
6.163537452559343377e-01,8.163092675108261087e-01,-1.896445021776064534e-03,4.148607739765485247e-01,9.476056964441256780e-02,1.354595283506999870e+00,-1.552908279054872054e-01,-4.875307249442159541e-01,2.097646136158234642e-01,1.037786487000684321e+00,9.476056964441256780e-02,1.354595283506999870e+00,-1.552908279054872054e-01
6.173517460480280050e-01,8.163827478535183868e-01,-1.885092847913734989e-03,4.147926758822907400e-01,8.573269207921033197e-02,1.354629531180323365e+00,-1.397398414014408563e-01,-4.883807738561072309e-01,1.933404924020093452e-01,1.037866549845277264e+00,8.573269207921033197e-02,1.354629531180323365e+00,-1.397398414014408563e-01
6.183497468401217834e-01,8.164553334363366943e-01,-1.873733177808018999e-03,4.147245486789439273e-01,7.674715644000716652e-02,1.354663265772225511e+00,-1.241650134468336997e-01,-4.892302644157892066e-01,1.769132201676321403e-01,1.037945467803155219e+00,7.674715644000716652e-02,1.354663265772225511e+00,-1.241650134468336997e-01
6.193477476322155617e-01,8.165270242539891532e-01,-1.862366061117773667e-03,4.146563925637086756e-01,6.780401087277672378e-02,1.354696489986087826e+00,-1.085664300532638848e-01,-4.900791957162426438e-01,1.604829158398236866e-01,1.038023241668156516e+00,6.780401087277672378e-02,1.354696489986087826e+00,-1.085664300532638848e-01
6.203457484243093401e-01,8.165978203022480342e-01,-1.850991547538400868e-03,4.145882077337282867e-01,5.895448766922184447e-02,1.354729028745158770e+00,-9.303777600277338133e-02,-4.909273198997164411e-01,1.441473513663275863e-01,1.038099821799321143e+00,5.895448766922184447e-02,1.354729028745158770e+00,-9.303777600277338133e-02
6.213437492164031184e-01,8.166677215779510890e-01,-1.839609686801627368e-03,4.145199943860887748e-01,5.043612305529371342e-02,1.354760067705372384e+00,-7.801572567877392006e-02,-4.917734974675710968e-01,1.283616462665307378e-01,1.038174976831885310e+00,5.043612305529371342e-02,1.354760067705372384e+00,-7.801572567877392006e-02
6.223417500084967857e-01,8.167367280790002182e-01,-1.828220528675274324e-03,4.144517527178187555e-01,4.243411484444722936e-02,1.354788991269474385e+00,-6.384625744428079619e-02,-4.926168572264985057e-01,1.134852088381777119e-01,1.038248530991414453e+00,4.243411484444722936e-02,1.354788991269474385e+00,-6.384625744428079619e-02
6.233397508005905641e-01,8.168048398043619152e-01,-1.816824122963040878e-03,4.143834829258878916e-01,3.494495720798979077e-02,1.354815842767557177e+00,-5.053138086641758425e-02,-4.934574419277799051e-01,9.951833723413630595e-02,1.038320495259998255e+00,3.494495720798979077e-02,1.354815842767557177e+00,-5.053138086641758425e-02
6.243377515926843424e-01,8.168720567540668220e-01,-1.805420519504271053e-03,4.143151852072078367e-01,2.796513895931753563e-02,1.354840665230856001e+00,-3.807309598642512338e-02,-4.942952943361262896e-01,8.646131643390846111e-02,1.038390880525848381e+00,2.796513895931753563e-02,1.354840665230856001e+00,-3.807309598642512338e-02
6.253357523847781207e-01,8.169383789292102849e-01,-1.794009768173730410e-03,4.142468597586308476e-01,2.149114357545077805e-02,1.354863501390822789e+00,-2.647339330768110760e-02,-4.951304572285776806e-01,7.431441822537494801e-02,1.038459697582906127e+00,2.149114357545077805e-02,1.354863501390822789e+00,-2.647339330768110760e-02
6.263337531768717881e-01,8.170038063319517985e-01,-1.782591918881387899e-03,4.141785067769493400e-01,1.551944921859379350e-02,1.354884393678209120e+00,-1.573425378376304765e-02,-4.959629733934068363e-01,6.307790118670152102e-02,1.038526957130456063e+00,1.551944921859379350e-02,1.354884393678209120e+00,-1.573425378376304765e-02
6.273317539689655664e-01,8.170683389655143403e-01,-1.771167021572181031e-03,4.141101264588964437e-01,1.004652875771901849e-02,1.354903384222155616e+00,-5.857648806555142140e-03,-4.967928856290202422e-01,5.275201066840734532e-02,1.038592669772745225e+00,1.004652875771901849e-02,1.354903384222155616e+00,-5.857648806555142140e-03
6.283297547610593448e-01,8.171319768341850365e-01,-1.759735126225801414e-03,4.140417190011440596e-01,5.068849790175058469e-03,1.354920514849280000e+00,3.154459805600841327e-03,-4.976202367428546047e-01,4.333697877559581496e-02,1.038656846018600755e+00,5.068849790175058469e-03,1.354920514849280000e+00,3.154459805600841327e-03
6.293277555531531231e-01,8.171947199433154951e-01,-1.748296282856454283e-03,4.139732846003033040e-01,5.828746633192889715e-04,1.354935827082771160e+00,1.130011981971133089e-02,-4.984450695502731787e-01,3.483302435034774797e-02,1.038719496281055088e+00,5.828746633192889715e-04,1.354935827082771160e+00,1.130011981971133089e-02
6.303257563452467904e-01,8.172565682993200298e-01,-1.736850541512648376e-03,4.139048234529245085e-01,-3.414939503826135841e-03,1.354949362141488534e+00,1.857738859989232702e-02,-4.992674268734601517e-01,2.724035295427741990e-02,1.038780630876968036e+00,-3.414939503826135841e-03,1.354949362141488534e+00,1.857738859989232702e-02
6.313237571373405688e-01,8.173175219096769917e-01,-1.725397952276964139e-03,4.138363357554953326e-01,-6.928140798894114223e-03,1.354961160939064380e+00,2.498433311908707100e-02,-5.000873515403114755e-01,2.055915685125177250e-02,1.038840260026658413e+00,-6.928140798894114223e-03,1.354961160939064380e+00,2.498433311908707100e-02
6.323217579294343471e-01,8.173775807829285478e-01,-1.713938565265822351e-03,4.137678217044418183e-01,-9.960282494468517336e-03,1.354971264083010940e+00,3.051902997073977636e-02,-5.009048863833273080e-01,1.478961499027284590e-02,1.038898393853534552e+00,-9.960282494468517336e-03,1.354971264083010940e+00,3.051902997073977636e-02
6.333197587215281255e-01,8.174367449286792375e-01,-1.702472430629265333e-03,4.136992814961274467e-01,-1.251492302635668838e-02,1.354979711873831150e+00,3.517956538042515957e-02,-5.017200742384986256e-01,9.931892988523783120e-03,1.038955042383725713e+00,-1.251492302635668838e-02,1.354979711873831150e+00,3.517956538042515957e-02
6.343177595136217928e-01,8.174950143575976380e-01,-1.690999598550730135e-03,4.136307153268519166e-01,-1.459562597183809707e-02,1.354986544304133789e+00,3.896403521743409260e-02,-5.025329579441923933e-01,5.986143114578724306e-03,1.039010215545725258e+00,-1.459562597183809707e-02,1.354986544304133789e+00,3.896403521743409260e-02
6.353157603057155711e-01,8.175523890814152539e-01,-1.679520119246821286e-03,4.135621233928514773e-01,-1.620596002788942530e-02,1.354991801057753520e+00,4.187054500631488818e-02,-5.033435803400394537e-01,2.952504271776746833e-03,1.039063923170024495e+00,-1.620596002788942530e-02,1.354991801057753520e+00,4.187054500631488818e-02
6.363137610978093495e-01,8.176088691129261843e-01,-1.668034042967081378e-03,4.134935058902988181e-01,-1.734949898938633467e-02,1.354995521508871592e+00,4.389720993837072094e-02,-5.041519842658154227e-01,8.311019817600290641e-04,1.039116174988760299e+00,-1.734949898938633467e-02,1.354995521508871592e+00,4.389720993837072094e-02
6.373117618899031278e-01,8.176644544659875669e-01,-1.656541419993767935e-03,4.134248630153011250e-01,-1.802982172728170851e-02,1.354997744721148312e+00,4.504215488311263949e-02,-5.049582125603201410e-01,-3.779516318232487362e-04,1.039166980635359394e+00,-1.802982172728170851e-02,1.354997744721148312e+00,4.504215488311263949e-02
6.383097626819967951e-01,8.177191451555193558e-01,-1.645042300641627033e-03,4.133561949639024125e-01,-1.829115725499270984e-02,1.354998636032989312e+00,4.538233908264356631e-02,-5.057624900553632230e-01,-7.558152108466257083e-04,1.039216386293206229e+00,-1.829115725499270984e-02,1.354998636032989312e+00,4.538233908264356631e-02
6.393077634740905735e-01,8.177729411975036555e-01,-1.633536735257669088e-03,4.132875019320794152e-01,-1.836395205805877590e-02,1.354998933508221759e+00,4.535811232032232326e-02,-5.065658683423245323e-01,-7.577889135464335041e-04,1.039264604373942413e+00,-1.836395205805877590e-02,1.354998933508221759e+00,4.535811232032232326e-02
6.403057642661843518e-01,8.178258426089853872e-01,-1.622024774220931628e-03,4.132187841157440866e-01,-1.843674507813270955e-02,1.354999228071918971e+00,4.533390546394434201e-02,-5.073691946210537873e-01,-7.598016826533236789e-04,1.039311805690076973e+00,-1.843674507813270955e-02,1.354999228071918971e+00,4.533390546394434201e-02
6.413037650582781302e-01,8.178778494080719552e-01,-1.610506467942262243e-03,4.131500417107419887e-01,-1.850953621932279955e-02,1.354999519721456158e+00,4.530971855057464720e-02,-5.081724680924748494e-01,-7.618535985457761464e-04,1.039357990197265380e+00,-1.850953621932279955e-02,1.354999519721456158e+00,4.530971855057464720e-02
6.423017658503717975e-01,8.179289616139323593e-01,-1.598981866864092197e-03,4.130812749128519590e-01,-1.858232538572126072e-02,1.354999808454223409e+00,4.528555161722557648e-02,-5.089756879575592086e-01,-7.639447413696530756e-04,1.039403157852163639e+00,-1.858232538572126072e-02,1.354999808454223409e+00,4.528555161722557648e-02
6.432997666424655758e-01,8.179791792467978606e-01,-1.587451021460204196e-03,4.130124839177851670e-01,-1.865511248140435535e-02,1.355000094267623911e+00,4.526140470085678741e-02,-5.097788534173279817e-01,-7.660751910376576573e-04,1.039447308612428733e+00,-1.865511248140435535e-02,1.355000094267623911e+00,4.526140470085678741e-02
6.442977674345593542e-01,8.180285023279612044e-01,-1.575913982235502102e-03,4.129436689211860578e-01,-1.872789741043254241e-02,1.355000377159074176e+00,4.523727783837509786e-02,-5.105819636728530231e-01,-7.682450272288518511e-04,1.039490442436723061e+00,-1.872789741043254241e-02,1.355000377159074176e+00,4.523727783837509786e-02
6.452957682266531325e-01,8.180769308797778416e-01,-1.564370799725794958e-03,4.128748301186305203e-01,-1.880068007685063367e-02,1.355000657126004704e+00,4.521317106663452767e-02,-5.113850179252548145e-01,-7.704543293881706625e-04,1.039532559284709778e+00,-1.880068007685063367e-02,1.355000657126004704e+00,4.521317106663452767e-02
6.462937690187469109e-01,8.181244649256639301e-01,-1.552821524497557818e-03,4.128059677056257204e-01,-1.887346038468788040e-02,1.355000934165859094e+00,4.518908442243618762e-02,-5.121880153757072396e-01,-7.727031767259685130e-04,1.039573659117054127e+00,-1.887346038468788040e-02,1.355000934165859094e+00,4.518908442243618762e-02
6.472917698108405782e-01,8.181711044900974450e-01,-1.541266207147709479e-03,4.127370818776106565e-01,-1.894623823795817813e-02,1.355001208276094271e+00,4.516501794252819613e-02,-5.129909552254350302e-01,-7.749916482174840776e-04,1.039613741895424548e+00,-1.894623823795817813e-02,1.355001208276094271e+00,4.516501794252819613e-02
6.482897706029343565e-01,8.182168495986176238e-01,-1.529704898303386757e-03,4.126681728299539387e-01,-1.901901354066019845e-02,1.355001479454181368e+00,4.514097166360565849e-02,-5.137938366757166531e-01,-7.773198226024352273e-04,1.039652807582492011e+00,-1.901901354066019845e-02,1.355001479454181368e+00,4.514097166360565849e-02
6.492877713950281349e-01,8.182617002778249660e-01,-1.518137648621713763e-03,4.125992407579553434e-01,-1.909178619677744798e-02,1.355001747697605952e+00,4.511694562231062522e-02,-5.145966589278848646e-01,-7.796877783844743254e-04,1.039690856141929354e+00,-1.909178619677744798e-02,1.355001747697605952e+00,4.511694562231062522e-02
6.502857721871218022e-01,8.183056565553805672e-01,-1.506564508789570754e-03,4.125302858568440922e-01,-1.916455611027853556e-02,1.355002013003864914e+00,4.509293985523195325e-02,-5.153994211833268224e-01,-7.820955938307328631e-04,1.039727887538412610e+00,-1.916455611027853556e-02,1.355002013003864914e+00,4.509293985523195325e-02
6.512837729792155805e-01,8.183487184600068964e-01,-1.494985529523372740e-03,4.124613083217779086e-01,-1.923732318511719649e-02,1.355002275370470022e+00,4.506895439890534760e-02,-5.162021226434839738e-01,-7.845433469713704311e-04,1.039763901737620788e+00,-1.923732318511719649e-02,1.355002275370470022e+00,4.506895439890534760e-02
6.522817737713093589e-01,8.183908860214869074e-01,-1.483400761568836809e-03,4.123923083478446827e-01,-1.931008732523250768e-02,1.355002534794947033e+00,4.504498928981320177e-02,-5.170047625098561639e-01,-7.870311155990464963e-04,1.039798898706234764e+00,-1.931008732523250768e-02,1.355002534794947033e+00,4.504498928981320177e-02
6.532797745634031372e-01,8.184321592706643722e-01,-1.471810255700756621e-03,4.123232861300597518e-01,-1.938284843454900208e-02,1.355002791274834584e+00,4.502104456438460467e-02,-5.178073399839987490e-01,-7.895589772685049357e-04,1.039832878411938610e+00,-1.938284843454900208e-02,1.355002791274834584e+00,4.502104456438460467e-02
6.542777753554969156e-01,8.184725382394428816e-01,-1.460214062722768862e-03,4.122542418633667327e-01,-1.945560641697681448e-02,1.355003044807686186e+00,4.499712025899529205e-02,-5.186098542675258161e-01,-7.921270092960909157e-04,1.039865840823418486e+00,-1.945560641697681448e-02,1.355003044807686186e+00,4.499712025899529205e-02
6.552757761475905829e-01,8.185120229607867337e-01,-1.448612233467135545e-03,4.121851757426366891e-01,-1.952836117641180633e-02,1.355003295391067120e+00,4.497321640996751468e-02,-5.194123045621098500e-01,-7.947352887592365467e-04,1.039897785910364192e+00,-1.952836117641180633e-02,1.355003295391067120e+00,4.497321640996751468e-02
6.562737769396843612e-01,8.185506134687206004e-01,-1.437004818794501790e-03,4.121160879626680762e-01,-1.960111261673571498e-02,1.355003543022558432e+00,4.494933305357002445e-02,-5.202146900694827325e-01,-7.973838924960219982e-04,1.039928713643468283e+00,-1.960111261673571498e-02,1.355003543022558432e+00,4.494933305357002445e-02
6.572717777317781396e-01,8.185883097983281953e-01,-1.425391869593676175e-03,4.120469787181857968e-01,-1.967386064181631325e-02,1.355003787699753159e+00,4.492547022601803275e-02,-5.210170099914375186e-01,-8.000728971047236029e-04,1.039958623994426068e+00,-1.967386064181631325e-02,1.355003787699753159e+00,4.492547022601803275e-02
6.582697785238718069e-01,8.186251119857540504e-01,-1.413773436781396754e-03,4.119778482038407019e-01,-1.974660515550752740e-02,1.355004029420258993e+00,4.490162796347310636e-02,-5.218192635298277704e-01,-8.028023789433437474e-04,1.039987516935935608e+00,-1.974660515550752740e-02,1.355004029420258993e+00,4.490162796347310636e-02
6.592677793159655852e-01,8.186610200682016281e-01,-1.402149571302112275e-03,4.119086966142099238e-01,-1.981934606164957591e-02,1.355004268181696725e+00,4.487780630204320914e-02,-5.226214498865685565e-01,-8.055724141291138729e-04,1.040015392441697051e+00,-1.981934606164957591e-02,1.355004268181696725e+00,4.487780630204320914e-02
6.602657801080593636e-01,8.186960340839340988e-01,-1.390520324127736060e-03,4.118395241437952659e-01,-1.989208326406913252e-02,1.355004503981701802e+00,4.485400527778244523e-02,-5.234235682636380060e-01,-8.083830785380469175e-04,1.040042250486415520e+00,-1.989208326406913252e-02,1.355004503981701802e+00,4.485400527778244523e-02
6.612637809001531419e-01,8.187301540722738968e-01,-1.378885746257433502e-03,4.117703309870243689e-01,-1.996481666657943729e-02,1.355004736817923217e+00,4.483022492669121173e-02,-5.242256178630796404e-01,-8.112344478045079715e-04,1.040068091045797782e+00,-1.996481666657943729e-02,1.355004736817923217e+00,4.483022492669121173e-02
6.622617816922469203e-01,8.187633800736028311e-01,-1.367245888717384412e-03,4.117011173382479905e-01,-2.003754617298046659e-02,1.355004966688023060e+00,4.480646528471603912e-02,-5.250275978869980431e-01,-8.141265973206929935e-04,1.040092914096553578e+00,-2.003754617298046659e-02,1.355004966688023060e+00,4.480646528471603912e-02
6.632597824843405876e-01,8.187957121293611973e-01,-1.355600802560554246e-03,4.116318833917422815e-01,-2.011027168705905449e-02,1.355005193589677193e+00,4.478272638774950798e-02,-5.258295075375652994e-01,-8.170596022362176802e-04,1.040116719616395402e+00,-2.011027168705905449e-02,1.355005193589677193e+00,4.478272638774950798e-02
6.642577832764343659e-01,8.188271502820486658e-01,-1.343950538866464910e-03,4.115626293417060100e-01,-2.018299311258905243e-02,1.355005417520576128e+00,4.475900827163026285e-02,-5.266313460170188865e-01,-8.200335374576707761e-04,1.040139507584040945e+00,-2.018299311258905243e-02,1.355005417520576128e+00,4.475900827163026285e-02
6.652557840685281443e-01,8.188576945752228387e-01,-1.332295148740970546e-03,4.114933553822611723e-01,-2.025571035333141937e-02,1.355005638478423702e+00,4.473531097214290125e-02,-5.274331125276631171e-01,-8.230484776480754411e-04,1.040161277979207766e+00,-2.025571035333141937e-02,1.355005638478423702e+00,4.473531097214290125e-02
6.662537848606218116e-01,8.188873450535006926e-01,-1.320634683316018135e-03,4.114240617074530482e-01,-2.032842331303444730e-02,1.355005856460937741e+00,4.471163452501795976e-02,-5.282348062718701387e-01,-8.261044972265197545e-04,1.040182030782619726e+00,-2.032842331303444730e-02,1.355005856460937741e+00,4.471163452501795976e-02
6.672517856527155899e-01,8.189161017625569139e-01,-1.308969193749427414e-03,4.113547485112483693e-01,-2.040113189543383415e-02,1.355006071465849615e+00,4.468797896593178220e-02,-5.290364264520797111e-01,-8.292016703676796663e-04,1.040201765976001003e+00,-2.040113189543383415e-02,1.355006071465849615e+00,4.468797896593178220e-02
6.682497864448093683e-01,8.189439647491242313e-01,-1.297298731224654075e-03,4.112854159875366511e-01,-2.047383600425283987e-02,1.355006283490905128e+00,4.466434433050654740e-02,-5.298379722708019823e-01,-8.323400710013393461e-04,1.040220483542081853e+00,-2.047383600425283987e-02,1.355006283490905128e+00,4.466434433050654740e-02
6.692477872369031466e-01,8.189709340609933053e-01,-1.285623346950564043e-03,4.112160643301274732e-01,-2.054653554320246336e-02,1.355006492533862739e+00,4.464073065431015119e-02,-5.306394429306162674e-01,-8.355197728119774514e-04,1.040238183464592403e+00,-2.054653554320246336e-02,1.355006492533862739e+00,4.464073065431015119e-02
6.702457880289969250e-01,8.189970097470136157e-01,-1.273943092161206438e-03,4.111466937327528104e-01,-2.061923041598151540e-02,1.355006698592496450e+00,4.461713797285619953e-02,-5.314408376341730467e-01,-8.387408492382909461e-04,1.040254865728268641e+00,-2.061923041598151540e-02,1.355006698592496450e+00,4.461713797285619953e-02
6.712437888210907033e-01,8.190221918570905757e-01,-1.262258018115572887e-03,4.110773043890639245e-01,-2.069192052627681286e-02,1.355006901664592922e+00,4.459356632160388356e-02,-5.322421555841941876e-01,-8.420033734727310620e-04,1.040270530318848863e+00,-2.069192052627681286e-02,1.355006901664592922e+00,4.459356632160388356e-02
6.722417896131843706e-01,8.190464804421884182e-01,-1.250568176097377861e-03,4.110078964926326961e-01,-2.076460577776332445e-02,1.355007101747953913e+00,4.457001573595799349e-02,-5.330433959834743884e-01,-8.453074184611320679e-04,1.040285177223075452e+00,-2.076460577776332445e-02,1.355007101747953913e+00,4.457001573595799349e-02
6.732397904052781490e-01,8.190698755543279752e-01,-1.238873617414822971e-03,4.109384702369504039e-01,-2.083728607410426786e-02,1.355007298840393393e+00,4.454648625126880757e-02,-5.338445580348810671e-01,-8.486530569021769749e-04,1.040298806428691991e+00,-2.083728607410426786e-02,1.355007298840393393e+00,4.454648625126880757e-02
6.742377911973719273e-01,8.190923772465869002e-01,-1.227174393400370803e-03,4.108690258154275021e-01,-2.090996131895130408e-02,1.355007492939739544e+00,4.452297790283206436e-02,-5.346456409413565813e-01,-8.520403612469959476e-04,1.040311417924447479e+00,-2.090996131895130408e-02,1.355007492939739544e+00,4.452297790283206436e-02
6.752357919894655947e-01,8.191139855731004449e-01,-1.215470555410510514e-03,4.107995634213940095e-01,-2.098263141594460673e-02,1.355007684043837202e+00,4.449949072588889332e-02,-5.354466439059173410e-01,-8.554694036987196132e-04,1.040323011700092559e+00,-2.098263141594460673e-02,1.355007684043837202e+00,4.449949072588889332e-02
6.762337927815593730e-01,8.191347005890601274e-01,-1.203762154825530799e-03,4.107300832480967889e-01,-2.105529626871310844e-02,1.355007872150540971e+00,4.447602475562578705e-02,-5.362475661316552511e-01,-8.589402562120436457e-04,1.040333587746383071e+00,-2.105529626871310844e-02,1.355007872150540971e+00,4.447602475562578705e-02
6.772317935736531513e-01,8.191545223507138429e-01,-1.192049243049282453e-03,4.106605854887018792e-01,-2.112795578087453899e-02,1.355008057257722998e+00,4.445258002717446255e-02,-5.370484068217401541e-01,-8.624529904927751359e-04,1.040343146055076051e+00,-2.112795578087453899e-02,1.355008057257722998e+00,4.445258002717446255e-02
6.782297943657469297e-01,8.191734509153661969e-01,-1.180331871508959575e-03,4.105910703362921077e-01,-2.120060985603560225e-02,1.355008239363267419e+00,4.442915657561190973e-02,-5.378491651794176098e-01,-8.660076779973876343e-04,1.040351686618933735e+00,-2.120060985603560225e-02,1.355008239363267419e+00,4.442915657561190973e-02
6.792277951578407080e-01,8.191914863413777281e-01,-1.168610091654860616e-03,4.105215379838672018e-01,-2.127325839779218436e-02,1.355008418465073250e+00,4.440575443596025962e-02,-5.386498404080121150e-01,-8.696043899326239002e-04,1.040359209431720444e+00,-2.127325839779218436e-02,1.355008418465073250e+00,4.440575443596025962e-02
6.802257959499343754e-01,8.192086286881647972e-01,-1.156883954960157218e-03,4.104519886243438442e-01,-2.134590130972936067e-02,1.355008594561052826e+00,4.438237364318680517e-02,-5.394504317109263258e-01,-8.732431972550119131e-04,1.040365714488204363e+00,-2.134590130972936067e-02,1.355008594561052826e+00,4.438237364318680517e-02
6.812237967420281537e-01,8.192248780161999200e-01,-1.145153512920668061e-03,4.103824224505544516e-01,-2.141853849542166982e-02,1.355008767649133139e+00,4.435901423220382778e-02,-5.402509382916436120e-01,-8.769241706704563460e-04,1.040371201784157762e+00,-2.141853849542166982e-02,1.355008767649133139e+00,4.435901423220382778e-02
6.822217975341219320e-01,8.192402343870108794e-01,-1.133418817054623147e-03,4.103128396552474522e-01,-2.149116985843317271e-02,1.355008937727254725e+00,4.433567623786861117e-02,-5.410513593537270571e-01,-8.806473806337962104e-04,1.040375671316354778e+00,-2.149116985843317271e-02,1.355008937727254725e+00,4.433567623786861117e-02
6.832197983262155994e-01,8.192546978631806143e-01,-1.121679918902439375e-03,4.102432404310866199e-01,-2.156379530231761904e-02,1.355009104793372998e+00,4.431235969498346222e-02,-5.418516941008216792e-01,-8.844128973483841860e-04,1.040379123082574297e+00,-2.156379530231761904e-02,1.355009104793372998e+00,4.431235969498346222e-02
6.842177991183093777e-01,8.192682685083476635e-01,-1.109936870026480282e-03,4.101736249706500193e-01,-2.163641473061861734e-02,1.355009268845455805e+00,4.428906463829546114e-02,-5.426519417366536535e-01,-8.882207907656581442e-04,1.040381557081595965e+00,-2.163641473061861734e-02,1.355009268845455805e+00,4.428906463829546114e-02
6.852157999104031560e-01,8.192809463872057218e-01,-1.098189722010830312e-03,4.101039934664307829e-01,-2.170902804686970430e-02,1.355009429881486538e+00,4.426579110249662108e-02,-5.434521014650335324e-01,-8.920711305846771091e-04,1.040382973313208392e+00,-2.170902804686970430e-02,1.355009429881486538e+00,4.426579110249662108e-02
6.862138007024969344e-01,8.192927315655026410e-01,-1.086438526461068216e-03,4.100343461108355014e-01,-2.178163515459458077e-02,1.355009587899462797e+00,4.424253912222365914e-02,-5.442521724898543578e-01,-8.959639862517439560e-04,1.040383371778198063e+00,-2.178163515459458077e-02,1.355009587899462797e+00,4.424253912222365914e-02
6.872118014945907127e-01,8.193036241100413175e-01,-1.074683335004026361e-03,4.099646830961842237e-01,-2.185423595730716026e-02,1.355009742897395508e+00,4.421930873205804496e-02,-5.450521540150939925e-01,-8.998994269599405044e-04,1.040382752478356432e+00,-2.185423595730716026e-02,1.355009742897395508e+00,4.421930873205804496e-02
6.882098022866843801e-01,8.193136240886785826e-01,-1.062924199287567165e-03,4.098950046147105675e-01,-2.192683035851179449e-02,1.355009894873309140e+00,4.419609996652590356e-02,-5.458520452448161198e-01,-9.038775216487502165e-04,1.040381115416479485e+00,-2.192683035851179449e-02,1.355009894873309140e+00,4.419609996652590356e-02
6.892078030787781584e-01,8.193227315703262015e-01,-1.051161170980343925e-03,4.098253108585604432e-01,-2.199941826170335318e-02,1.355010043825244148e+00,4.417291286009795981e-02,-5.466518453831705759e-01,-9.078983390035620660e-04,1.040378460596366184e+00,-2.199941826170335318e-02,1.355010043825244148e+00,4.417291286009795981e-02
6.902058038708719367e-01,8.193309466249490969e-01,-1.039394301771577904e-03,4.097556020197919424e-01,-2.207199957036738019e-02,1.355010189751253646e+00,4.414974744718953847e-02,-5.474515536343932398e-01,-9.119619474553192565e-04,1.040374788022818020e+00,-2.207199957036738019e-02,1.355010189751253646e+00,4.414974744718953847e-02
6.912038046629656041e-01,8.193382693235664593e-01,-1.027623643370821974e-03,4.096858782903751717e-01,-2.214457418798027044e-02,1.355010332649404736e+00,4.412660376216037683e-02,-5.482511692028089190e-01,-9.160684151800595199e-04,1.040370097701640573e+00,-2.214457418798027044e-02,1.355010332649404736e+00,4.412660376216037683e-02
6.922018054550593824e-01,8.193446997382514141e-01,-1.015849247507729248e-03,4.096161398621915306e-01,-2.221714201800938440e-02,1.355010472517779618e+00,4.410348183931471489e-02,-5.490506912928301286e-01,-9.202178100985152626e-04,1.040364389639643505e+00,-2.221714201800938440e-02,1.355010472517779618e+00,4.410348183931471489e-02
6.931998062471531608e-01,8.193502379421293558e-01,-1.004071165931821278e-03,4.095463869270333790e-01,-2.228970296391317649e-02,1.355010609354474704e+00,4.408038171290118434e-02,-5.498501191089594231e-01,-9.244101998756790173e-04,1.040357663844637903e+00,-2.228970296391317649e-02,1.355010609354474704e+00,4.408038171290118434e-02
6.941978070392469391e-01,8.193548840093800578e-01,-9.922894504122588537e-04,4.094766196766031485e-01,-2.236225692914135463e-02,1.355010743157599062e+00,4.405730341711273229e-02,-5.506494518557891737e-01,-9.286456519204027218e-04,1.040349920325440491e+00,-2.236225692914135463e-02,1.355010743157599062e+00,4.405730341711273229e-02
6.951958078313407174e-01,8.193586380152350079e-01,-9.805041527376086828e-04,4.094068383025140645e-01,-2.243480381713501559e-02,1.355010873925279080e+00,4.403424698608657956e-02,-5.514486887380024571e-01,-9.329242333849822530e-04,1.040341159091870082e+00,-2.243480381713501559e-02,1.355010873925279080e+00,4.403424698608657956e-02
6.961938086234343848e-01,8.193615000359791845e-01,-9.687153247156108293e-04,4.093370429962881474e-01,-2.250734353132682192e-02,1.355011001655650915e+00,4.401121245390418601e-02,-5.522478289603747204e-01,-9.372460111647358885e-04,1.040331380154748020e+00,-2.250734353132682192e-02,1.355011001655650915e+00,4.401121245390418601e-02
6.971918094155281631e-01,8.193634701489507233e-01,-9.569230181729437672e-04,4.092672339493573785e-01,-2.257987597514108519e-02,1.355011126346868489e+00,4.398819985459115345e-02,-5.530468717277741142e-01,-9.416110518975819021e-04,1.040320583525902176e+00,-2.257987597514108519e-02,1.355011126346868489e+00,4.398819985459115345e-02
6.981898102076219415e-01,8.193645484325384754e-01,-9.451272849550034199e-04,4.091974113530622015e-01,-2.265240105199393950e-02,1.355011247997099044e+00,4.396520922211723942e-02,-5.538458162451614930e-01,-9.460194219636725368e-04,1.040308769218159846e+00,-2.265240105199393950e-02,1.355011247997099044e+00,4.396520922211723942e-02
6.991878109997156088e-01,8.193647349661845602e-01,-9.333281769256584559e-04,4.091275753986509667e-01,-2.272491866529349758e-02,1.355011366604523593e+00,4.394224059039622543e-02,-5.546446617175923022e-01,-9.504711874849403747e-04,1.040295937245354407e+00,-2.272491866529349758e-02,1.355011366604523593e+00,4.394224059039622543e-02
7.001858117918093871e-01,8.193640298303828118e-01,-9.215257459670237990e-04,4.090577262772803202e-01,-2.279742871843997223e-02,1.355011482167337133e+00,4.391929399328593775e-02,-5.554434073502171332e-01,-9.549664143246984829e-04,1.040282087622321994e+00,-2.279742871843997223e-02,1.355011482167337133e+00,4.391929399328593775e-02
7.011838125839031655e-01,8.193624331066783339e-01,-9.097200439792303434e-04,4.089878641800149817e-01,-2.286993111482581512e-02,1.355011594683750431e+00,4.389636946458810168e-02,-5.562420523482829449e-01,-9.595051680872761224e-04,1.040267220364900824e+00,-2.286993111482581512e-02,1.355011594683750431e+00,4.389636946458810168e-02
7.021818133759969438e-01,8.193599448776678340e-01,-8.979111228801893571e-04,4.089179892978255237e-01,-2.294242575783587632e-02,1.355011704151986462e+00,4.387346703804838322e-02,-5.570405959171312871e-01,-9.640875141175252183e-04,1.040251335489934092e+00,-2.294242575783587632e-02,1.355011704151986462e+00,4.387346703804838322e-02
7.031798141680907221e-01,8.193565652269995114e-01,-8.860990346053613295e-04,4.088481018215897600e-01,-2.301491255084754661e-02,1.355011810570284636e+00,4.385058674735628492e-02,-5.578390372622038518e-01,-9.687135175005402027e-04,1.040234433015267967e+00,-2.301491255084754661e-02,1.355011810570284636e+00,4.385058674735628492e-02
7.041778149601843895e-01,8.193522942393721697e-01,-8.742838311075275303e-04,4.087782019420918012e-01,-2.308739139723086503e-02,1.355011913936896573e+00,4.382772862614511822e-02,-5.586373755890383652e-01,-9.733832430611428013e-04,1.040216512959750261e+00,-2.308739139723086503e-02,1.355011913936896573e+00,4.382772862614511822e-02
7.051758157522781678e-01,8.193471320005357716e-01,-8.624655643565485577e-04,4.087082898500210559e-01,-2.315986220034872353e-02,1.355012014250088992e+00,4.380489270799188539e-02,-5.594356101032726958e-01,-9.780967553635524364e-04,1.040197575343233982e+00,-2.315986220034872353e-02,1.355012014250088992e+00,4.380489270799188539e-02
7.061738165443719462e-01,8.193410785972903287e-01,-8.506442863391416431e-04,4.086383657359728416e-01,-2.323232486355694681e-02,1.355012111508143713e+00,4.378207902641728655e-02,-5.602337400106446319e-01,-9.828541187109369331e-04,1.040177620186574892e+00,-2.323232486355694681e-02,1.355012111508143713e+00,4.378207902641728655e-02
7.071718173364656135e-01,8.193341341174867898e-01,-8.388200490586407172e-04,4.085684297904468298e-01,-2.330477929020447619e-02,1.355012205709357209e+00,4.375928761488571961e-02,-5.610317645169923262e-01,-9.876553971450933306e-04,1.040156647511632393e+00,-2.330477929020447619e-02,1.355012205709357209e+00,4.375928761488571961e-02
7.081698181285593918e-01,8.193262986500254863e-01,-8.269929045347756665e-04,4.084984822038476571e-01,-2.337722538363350491e-02,1.355012296852037057e+00,4.373651850680507214e-02,-5.618296828282550726e-01,-9.925006544459682306e-04,1.040134657341266644e+00,-2.337722538363350491e-02,1.355012296852037057e+00,4.373651850680507214e-02
7.091678189206531702e-01,8.193175722848573539e-01,-8.151629048034170037e-04,4.084285231664834259e-01,-2.344966304717959610e-02,1.355012384934509706e+00,4.371377173552679768e-02,-5.626274941504750826e-01,-9.973899541312987102e-04,1.040111649699344776e+00,-2.344966304717959610e-02,1.355012384934509706e+00,4.371377173552679768e-02
7.101658197127469485e-01,8.193079551129823779e-01,-8.033301019163733387e-04,4.083585528685662602e-01,-2.352209218417186665e-02,1.355012469955112486e+00,4.369104733434582555e-02,-5.634251976897971526e-01,-1.002323359456222009e-03,1.040087624610734007e+00,-2.352209218417186665e-02,1.355012469955112486e+00,4.369104733434582555e-02
7.111638205048407269e-01,8.192974472264503705e-01,-7.914945479411329048e-04,4.082885715002115834e-01,-2.359451269793308090e-02,1.355012551912198937e+00,4.366834533650049144e-02,-5.642227926524699955e-01,-1.007300933412896490e-03,1.040062582101305866e+00,-2.359451269793308090e-02,1.355012551912198937e+00,4.366834533650049144e-02
7.121618212969343942e-01,8.192860487183594165e-01,-7.796562949606445497e-04,4.082185792514368416e-01,-2.366692449177985880e-02,1.355012630804135698e+00,4.364566577517249579e-02,-5.650202782448472405e-01,-1.012322738730087046e-03,1.040036522197935076e+00,-2.366692449177985880e-02,1.355012630804135698e+00,4.364566577517249579e-02
7.131598220890281725e-01,8.192737596828579827e-01,-7.678153950730830062e-04,4.081485763121628363e-01,-2.373932746902273488e-02,1.355012706629305619e+00,4.362300868348686911e-02,-5.658176536733884321e-01,-1.017388837872779117e-03,1.040009444928500004e+00,-2.373932746902273488e-02,1.355012706629305619e+00,4.362300868348686911e-02
7.141578228811219509e-01,8.192605802151422534e-01,-7.559719003916129691e-04,4.080785628722113922e-01,-2.381172153296638727e-02,1.355012779386104427e+00,4.360037409451189561e-02,-5.666149181446582528e-01,-1.022499293041815270e-03,1.039981350321880438e+00,-2.381172153296638727e-02,1.355012779386104427e+00,4.360037409451189561e-02
7.151558236732157292e-01,8.192465104114570185e-01,-7.441258630441597872e-04,4.080085391213063017e-01,-2.388410658690970356e-02,1.355012849072941838e+00,4.357776204125906466e-02,-5.674120708653291878e-01,-1.027654166173480599e-03,1.039952238407961138e+00,-2.388410658690970356e-02,1.355012849072941838e+00,4.357776204125906466e-02
7.161538244653093965e-01,8.192315503690953404e-01,-7.322773351731753835e-04,4.079385052490723251e-01,-2.395648253414600984e-02,1.355012915688243780e+00,4.355517255668302223e-02,-5.682091110421813029e-01,-1.032853518939147973e-03,1.039922109217628510e+00,-2.395648253414600984e-02,1.355012915688243780e+00,4.355517255668302223e-02
7.171518252574031749e-01,8.192157001863979993e-01,-7.204263689354026582e-04,4.078684614450346357e-01,-2.402884927796310535e-02,1.355012979230448833e+00,4.353260567368154310e-02,-5.690060378821040210e-01,-1.038097412744892062e-03,1.039890962782771489e+00,-2.402884927796310535e-02,1.355012979230448833e+00,4.353260567368154310e-02
7.181498260494969532e-01,8.191989599627541585e-01,-7.085730165016484571e-04,4.077984078986187644e-01,-2.410120672164350192e-02,1.355013039698012012e+00,4.351006142509541985e-02,-5.698028505920958997e-01,-1.043385908731055654e-03,1.039858799136284206e+00,-2.410120672164350192e-02,1.355013039698012012e+00,4.351006142509541985e-02
7.191478268415907316e-01,8.191813297986001441e-01,-6.967173300565448297e-04,4.077283447991502108e-01,-2.417355476846452800e-02,1.355013097089400320e+00,4.348753984370846981e-02,-5.705995483792654088e-01,-1.048719067771943479e-03,1.039825618312061328e+00,-2.417355476846452800e-02,1.355013097089400320e+00,4.348753984370846981e-02
7.201458276336845099e-01,8.191628097954187782e-01,-6.848593617983212388e-04,4.076582723358533888e-01,-2.424589332169844319e-02,1.355013151403097194e+00,4.346504096224744484e-02,-5.713961304508327066e-01,-1.054096950475411076e-03,1.039791420345002049e+00,-2.424589332169844319e-02,1.355013151403097194e+00,4.346504096224744484e-02
7.211438284257781772e-01,8.191434000557412665e-01,-6.729991639385653852e-04,4.075881906978518487e-01,-2.431822228461266375e-02,1.355013202637600500e+00,4.344256481338200360e-02,-5.721925960141291956e-01,-1.059519617182496168e-03,1.039756205271006984e+00,-2.431822228461266375e-02,1.355013202637600500e+00,4.344256481338200360e-02
7.221418292178719556e-01,8.191231006831447559e-01,-6.611367887019968265e-04,4.075181000741676662e-01,-2.439054156046981114e-02,1.355013250791420543e+00,4.342011142972466292e-02,-5.729889442766000762e-01,-1.064987127967021406e-03,1.039719973126981722e+00,-2.439054156046981114e-02,1.355013250791420543e+00,4.342011142972466292e-02
7.231398300099657339e-01,8.191019117822530005e-01,-6.492722883262296452e-04,4.074480006537211096e-01,-2.446285105252789249e-02,1.355013295863084277e+00,4.339768084383070768e-02,-5.737851744458029035e-01,-1.070499542635245695e-03,1.039682723950832166e+00,-2.446285105252789249e-02,1.355013295863084277e+00,4.339768084383070768e-02
7.241378308020594012e-01,8.190798334587359175e-01,-6.374057150615424893e-04,4.073778926253295296e-01,-2.453515066404049483e-02,1.355013337851132427e+00,4.337527308819820460e-02,-5.745812857294101406e-01,-1.076056920725496427e-03,1.039644457781468523e+00,-2.453515066404049483e-02,1.355013337851132427e+00,4.337527308819820460e-02
7.251358315941531796e-01,8.190568658193093654e-01,-6.255371211706373374e-04,4.073077761777085803e-01,-2.460744029825685103e-02,1.355013376754120369e+00,4.335288819526786352e-02,-5.753772773352096026e-01,-1.081659321507789581e-03,1.039605174658802200e+00,-2.460744029825685103e-02,1.355013376754120369e+00,4.335288819526786352e-02
7.261338323862469579e-01,8.190330089717353657e-01,-6.136665589284216824e-04,4.072376514994695551e-01,-2.467971985842198901e-02,1.355013412570616804e+00,4.333052619742309985e-02,-5.761731484711044571e-01,-1.087306803983434204e-03,1.039564874623749802e+00,-2.467971985842198901e-02,1.355013412570616804e+00,4.333052619742309985e-02
7.271318331783407363e-01,8.190082628910685392e-01,-6.017940812630057697e-04,4.071675202561032547e-01,-2.475196330223945751e-02,1.355008035142518441e+00,4.330818709406777933e-02,-5.769670986375997623e-01,-1.092990796008356733e-03,1.039523557491514927e+00,-2.475196330223945751e-02,1.355008035142518441e+00,4.330818709406777933e-02
7.281298339704345146e-01,8.189826225868099829e-01,-5.899197649254462814e-04,4.070974390129546983e-01,-2.482327671015564091e-02,1.354810871166188369e+00,4.328586965541594833e-02,-5.776971362889551376e-01,-1.098414056113726327e-03,1.039481214591947644e+00,-2.482327671015564091e-02,1.354810871166188369e+00,4.328586965541594833e-02
7.291278347625281819e-01,8.189560650751157578e-01,-5.780437729482468387e-04,4.070276636099974810e-01,-2.489278743813608946e-02,1.354240207805503138e+00,4.326356815427327696e-02,-5.783030747374556801e-01,-1.103287639887338967e-03,1.039437806058405744e+00,-2.489278743813608946e-02,1.354240207805503138e+00,4.326356815427327696e-02
7.301258355546219603e-01,8.189285629803492172e-01,-5.661662894356230382e-04,4.069584994556144641e-01,-2.496049372896867388e-02,1.353296045067051478e+00,4.324127565430058162e-02,-5.787853005732128686e-01,-1.107612909524675199e-03,1.039393283271998314e+00,-2.496049372896867388e-02,1.353296045067051478e+00,4.324127565430058162e-02
7.311238363467157386e-01,8.189000890300138780e-01,-5.542874980133471281e-04,4.068902519137025386e-01,-2.502639379226306166e-02,1.351978382957594649e+00,4.321898511144854627e-02,-5.791442003161093588e-01,-1.111391215565953744e-03,1.039347596426325460e+00,-2.502639379226306166e-02,1.351978382957594649e+00,4.321898511144854627e-02
7.321218371388094059e-01,8.188706160519032551e-01,-5.424075818421732502e-04,4.068232263001017590e-01,-2.509048580447055185e-02,1.350287221484068878e+00,4.319668937401374004e-02,-5.793801604115390580e-01,-1.114623896881998706e-03,1.039300694524297075e+00,-2.509048580447055185e-02,1.350287221484068878e+00,4.319668937401374004e-02
7.331198379309031843e-01,8.188401169701156057e-01,-5.305267236367208804e-04,4.067577278789255013e-01,-2.515276790887664010e-02,1.348222560653583146e+00,4.317438118270175429e-02,-5.794935672259539094e-01,-1.117312280649911810e-03,1.039252525373514535e+00,-2.515276790887664010e-02,1.348222560653583146e+00,4.317438118270175429e-02
7.341178387229969626e-01,8.188085647999256977e-01,-5.186451056898115902e-04,4.066940618587898681e-01,-2.521323821556572392e-02,1.345784400473420961e+00,4.315205317069813196e-02,-5.794848070422057296e-01,-1.119457682318637272e-03,1.039203035580211321e+00,-2.521323821556572392e-02,1.345784400473420961e+00,4.315205317069813196e-02
7.351158395150907410e-01,8.187759326415234851e-01,-5.067629099022650900e-04,4.066325333889460603e-01,-2.527189480135706365e-02,1.342972740951038357e+00,4.312969786374698522e-02,-5.793542660546713297e-01,-1.121061405563848583e-03,1.039152170541758791e+00,-2.527189480135706365e-02,1.342972740951038357e+00,4.312969786374698522e-02
7.361138403071845193e-01,8.187421936726128058e-01,-4.948803178181417637e-04,4.065734475553118843e-01,-2.532873570971142310e-02,1.339787582094067897e+00,4.310730768023765536e-02,-5.791023303641599229e-01,-1.122124742232001940e-03,1.039099874437740878e+00,-2.532873570971142310e-02,1.339787582094067897e+00,4.310730768023765536e-02
7.371118410992781866e-01,8.187073211398744332e-01,-4.829975106654358654e-04,4.065171093764075594e-01,-2.538375895060765788e-02,1.336228923910316002e+00,4.308487493129971313e-02,-5.787293859725894940e-01,-1.122648972273366380e-03,1.039046090219591933e+00,-2.538375895060765788e-02,1.336228923910316002e+00,4.308487493129971313e-02
7.381098418913719650e-01,8.186712883492934800e-01,-4.711146694022213871e-04,4.064638237991910485e-01,-2.543696250038856438e-02,1.332296766407765176e+00,4.306239182090629281e-02,-5.782358187774246927e-01,-1.122635363663582186e-03,1.038990759598800162e+00,-2.543696250038856438e-02,1.332296766407765176e+00,4.306239182090629281e-02
7.391078426834657433e-01,8.186340686553499335e-01,-4.592319747682334103e-04,4.064138956947999093e-01,-2.548834430157528516e-02,1.327991109594574448e+00,4.303985044598609977e-02,-5.776220145658711447e-01,-1.122085172313646954e-03,1.038933823033675097e+00,-2.548834430157528516e-02,1.327991109594574448e+00,4.303985044598609977e-02
7.401058434755594106e-01,8.185956354490745435e-01,-4.473496073418993632e-04,4.063676298541902265e-01,-2.553790226264958385e-02,1.323311953479081593e+00,4.301724279654452893e-02,-5.768883590088147439e-01,-1.120999641967925127e-03,1.038875219714691989e+00,-2.553790226264958385e-02,1.323311953479081593e+00,4.301724279654452893e-02
7.411038442676531890e-01,8.185559621449722822e-01,-4.354677476027934025e-04,4.063253309836854510e-01,-2.558563425780321574e-02,1.318259298069802687e+00,4.299456075579361630e-02,-5.760352376544988218e-01,-1.119380004090009262e-03,1.038814887548396459e+00,-2.558563425780321574e-02,1.318259298069802687e+00,4.299456075579361630e-02
7.421018450597469673e-01,8.185150216994904193e-01,-4.235865782400014467e-04,4.062873089196913368e-01,-2.563153605891566045e-02,1.312832718273793553e+00,4.297179597698570080e-02,-5.750629009867177510e-01,-1.117226820934760084e-03,1.038752762260852114e+00,-2.563153605891566045e-02,1.312832718273793553e+00,4.297179597698570080e-02
7.430998458518407457e-01,8.184727875553347021e-01,-4.117062796245761166e-04,4.062538679122791874e-01,-2.567560595370035198e-02,1.307032314609144485e+00,4.294894013525944743e-02,-5.739717674109894308e-01,-1.114541458183338635e-03,1.038688779166838438e+00,-2.567560595370035198e-02,1.307032314609144485e+00,4.294894013525944743e-02
7.440978466439345240e-01,8.184292334408116432e-01,-3.998270307713137255e-04,4.062253086661734569e-01,-2.571784328876691728e-02,1.300858411677383142e+00,4.292598488154882042e-02,-5.727623254351820181e-01,-1.111325612196376739e-03,1.038622872828918187e+00,-2.571784328876691728e-02,1.300858411677383142e+00,4.292598488154882042e-02
7.450958474360281913e-01,8.183843327107889198e-01,-3.879490124981232590e-04,4.062019355024062972e-01,-2.575824579785256779e-02,1.294311009487757680e+00,4.290292167306299087e-02,-5.714349600477970359e-01,-1.107580463881653078e-03,1.038554975824333093e+00,-2.575824579785256779e-02,1.294311009487757680e+00,4.290292167306299087e-02
7.460938482281219697e-01,8.183380631933531157e-01,-3.760723841896207367e-04,4.061840019551726799e-01,-2.579770218031272877e-02,1.287575893953896600e+00,4.287974307634652427e-02,-5.700518584729441507e-01,-1.103603576332709731e-03,1.038485028092047013e+00,-2.579770218031272877e-02,1.287575893953896600e+00,4.287974307634652427e-02
7.470918490202157480e-01,8.182904207381768158e-01,-3.641972188423619528e-04,4.061715590037801027e-01,-2.583710510124778703e-02,1.280839438381998541e+00,4.285644644299796413e-02,-5.686751464733089678e-01,-1.099692600529876031e-03,1.038413003537110635e+00,-2.583710510124778703e-02,1.280839438381998541e+00,4.285644644299796413e-02
7.480898498123094154e-01,8.182414056958509097e-01,-3.523235678863390627e-04,4.061646060523214086e-01,-2.587646040618962057e-02,1.274102979865612717e+00,4.283303035227626482e-02,-5.673052672946781172e-01,-1.095849562436766733e-03,1.038338884715065413e+00,-2.587646040618962057e-02,1.274102979865612717e+00,4.283303035227626482e-02
7.490878506044031937e-01,8.181910183401074343e-01,-3.404514831318362651e-04,4.061631420946179571e-01,-2.591576753025539095e-02,1.267366518405888653e+00,4.280949339339790161e-02,-5.659422184031324132e-01,-1.092074350540775396e-03,1.038262654110426286e+00,-2.591576753025539095e-02,1.267366518405888653e+00,4.280949339339790161e-02
7.500858513964969720e-01,8.181392588352274231e-01,-3.285810169254554393e-04,4.061671660789867300e-01,-2.595502590637695575e-02,1.260630054004003187e+00,4.278583415684412972e-02,-5.645859971991249449e-01,-1.088366852009448570e-03,1.038184294074227410e+00,-2.595502590637695575e-02,1.260630054004003187e+00,4.278583415684412972e-02
7.510838521885907504e-01,8.180861272360776537e-01,-3.167122221497062633e-04,4.061766769082494344e-01,-2.599423496525477342e-02,1.253893586661157356e+00,4.276205123438309857e-02,-5.632366010168886605e-01,-1.084726952671891294e-03,1.038103786824146724e+00,-2.599423496525477342e-02,1.253893586661157356e+00,4.276205123438309857e-02
7.520818529806845287e-01,8.180316234881482851e-01,-3.048451522225806092e-04,4.061916734397384987e-01,-2.603339413531189153e-02,1.247157116378576402e+00,4.273814321909207709e-02,-5.618940271238460626e-01,-1.081154537000302701e-03,1.038021114444629411e+00,-2.603339413531189153e-02,1.247157116378576402e+00,4.273814321909207709e-02
7.530798537727781961e-01,8.179757474275947127e-01,-2.929798610971313857e-04,4.062121544853007360e-01,-2.607250284264792453e-02,1.240420643157513325e+00,4.271410870537971360e-02,-5.605582727200117965e-01,-1.077649488091321668e-03,1.037936258887020680e+00,-2.607250284264792453e-02,1.240420643157513325e+00,4.271410870537971360e-02
7.540778545648719744e-01,8.179184987812785357e-01,-2.811164032610276894e-04,4.062381188112966779e-01,-2.611156051099312522e-02,1.233684166999246434e+00,4.268994628900828203e-02,-5.592293349373897993e-01,-1.074211687647568490e-03,1.037849201969691659e+00,-2.611156051099312522e-02,1.233684166999246434e+00,4.268994628900828203e-02
7.550758553569657527e-01,8.178598771668147416e-01,-2.692548337361091440e-04,4.062695651385946349e-01,-2.615056656166258112e-02,1.226947687905081130e+00,4.266565456711617077e-02,-5.579072108393706708e-01,-1.070841015958995737e-03,1.037759925378183068e+00,-2.615056656166258112e-02,1.226947687905081130e+00,4.266565456711617077e-02
7.560738561490595311e-01,8.177998820926161150e-01,-2.573952080779194759e-04,4.063064921425651455e-01,-2.618952041351029977e-02,1.220211205876347460e+00,4.264123213824027453e-02,-5.565918974201186087e-01,-1.067537351884406509e-03,1.037668410665334884e+00,-2.618952041351029977e-02,1.220211205876347460e+00,4.264123213824027453e-02
7.570718569411531984e-01,8.177385129579445300e-01,-2.455375823752412837e-04,4.063488984530674308e-01,-2.622842148288352312e-02,1.213474720914405003e+00,4.261667760233861513e-02,-5.552833916039594531e-01,-1.064300572832854730e-03,1.037574639251434006e+00,-2.622842148288352312e-02,1.213474720914405003e+00,4.261667760233861513e-02
7.580698577332469767e-01,8.176757690529609102e-01,-2.336820132496149230e-04,4.063967826544359618e-01,-2.626726918357698976e-02,1.206738233020639095e+00,4.259198956081291371e-02,-5.539816902447625147e-01,-1.061130554745106161e-03,1.037478592424356139e+00,-2.626726918357698976e-02,1.206738233020639095e+00,4.259198956081291371e-02
7.590678585253407551e-01,8.176116495587788524e-01,-2.218285578548464686e-04,4.064501432854596419e-01,-2.630606292678734637e-02,1.200001742196460830e+00,4.256716661653131561e-02,-5.526867901253141868e-01,-1.058027172075107214e-03,1.037380251339711679e+00,-2.630606292678734637e-02,1.200001742196460830e+00,4.256716661653131561e-02
7.600658593174345334e-01,8.175461535475203600e-01,-2.099772738765049427e-04,4.065089788393620451e-01,-2.634480212106753844e-02,1.193265248443312165e+00,4.254220737385121243e-02,-5.513986879566975530e-01,-1.054990297771398258e-03,1.037279597021001809e+00,-2.634480212106753844e-02,1.193265248443312165e+00,4.254220737385121243e-02
7.610638601095283118e-01,8.174792799823734635e-01,-1.981282195314184864e-04,4.065732877637733833e-01,-2.638348617228128759e-02,1.186528751762658818e+00,4.251711043864207784e-02,-5.501173803776551186e-01,-1.052019803258576365e-03,1.037176610359767936e+00,-2.638348617228128759e-02,1.186528751762658818e+00,4.251711043864207784e-02
7.620618609016219791e-01,8.174110277176511730e-01,-1.862814535671440219e-04,4.066430684607029722e-01,-2.642211448355768003e-02,1.179792252155997812e+00,4.249187441830845624e-02,-5.488428639539586484e-01,-1.049115558418794482e-03,1.037071272115752008e+00,-2.642211448355768003e-02,1.179792252155997812e+00,4.249187441830845624e-02
7.630598616937157574e-01,8.173413954988547614e-01,-1.744370352614413062e-04,4.067183192865035379e-01,-2.646068645524577573e-02,1.173055749624851707e+00,4.246649792181304839e-02,-5.475751351777652376e-01,-1.046277431573140043e-03,1.036963562917055715e+00,-2.646068645524577573e-02,1.173055749624851707e+00,4.246649792181304839e-02
7.640578624858095358e-01,8.172703819627363808e-01,-1.625950244217292306e-04,4.067990385518379104e-01,-2.649920148486928362e-02,1.166319244170773928e+00,4.244097955969976244e-02,-5.463141904669762683e-01,-1.043505289463158431e-03,1.036853463260305031e+00,-2.649920148486928362e-02,1.166319244170773928e+00,4.244097955969976244e-02
7.650558632779032031e-01,8.171979856373667861e-01,-1.507554813845364289e-04,4.068852245216365571e-01,-2.653765896708133731e-02,1.159582735795344766e+00,4.241531794411708411e-02,-5.450600261645908162e-01,-1.040798997232318321e-03,1.036740953510820518e+00,-2.653765896708133731e-02,1.159582735795344766e+00,4.241531794411708411e-02
7.660538640699969815e-01,8.171242049422019482e-01,-1.389184670149304986e-04,4.069768754150551726e-01,-2.657605829361931599e-02,1.152846224500172712e+00,4.238951168884131510e-02,-5.438126385380505079e-01,-1.038158418407443204e-03,1.036626013902782528e+00,-2.657605829361931599e-02,1.152846224500172712e+00,4.238951168884131510e-02
7.670518648620907598e-01,8.170490381881537756e-01,-1.270840427059580376e-04,4.070739894054256069e-01,-2.661439885325969645e-02,1.146109710286898231e+00,4.236355940930004033e-02,-5.425720237785853772e-01,-1.035583414880215762e-03,1.036508624539411727e+00,-2.661439885325969645e-02,1.146109710286898231e+00,4.236355940930004033e-02
7.680498656541845381e-01,8.169724835776649430e-01,-1.152522703780544457e-04,4.071765646202074596e-01,-2.665268003177310649e-02,1.139373193157187769e+00,4.233745972259569251e-02,-5.413381780005526167e-01,-1.033073846888662300e-03,1.036388765393143396e+00,-2.665268003177310649e-02,1.139373193157187769e+00,4.233745972259569251e-02
7.690478664462783165e-01,8.168945392047795018e-01,-1.034232124784502014e-04,4.072845991409319022e-01,-2.669090121187928100e-02,1.132636673112740189e+00,4.231121124752916518e-02,-5.401110972407737743e-01,-1.030629572998648449e-03,1.036266416305808624e+00,-2.669090121187928100e-02,1.132636673112740189e+00,4.231121124752916518e-02
7.700458672383719838e-01,8.168152030552243703e-01,-9.159693198057053940e-05,4.073980910031448355e-01,-2.672906177320225063e-02,1.125900150155281665e+00,4.228481260462352287e-02,-5.388907774578642895e-01,-1.028250450085334972e-03,1.036141556988821932e+00,-2.672906177320225063e-02,1.125900150155281665e+00,4.228481260462352287e-02
7.710438680304657622e-01,8.167344730064842739e-01,-7.977349238342125014e-05,4.075170381963438282e-01,-2.676716109222545062e-02,1.119163624286569236e+00,4.225826241614788481e-02,-5.376772145315615870e-01,-1.025936333314707294e-03,1.036014167023366683e+00,-2.676716109222545062e-02,1.119163624286569236e+00,4.225826241614788481e-02
7.720418688225594295e-01,8.166523468278852338e-01,-6.795295771096377258e-05,4.076414386639156673e-01,-2.680519854224707940e-02,1.112427095508390140e+00,4.223155930614141962e-02,-5.364704042620497271e-01,-1.023687076125129325e-03,1.035884225860589813e+00,-2.680519854224707940e-02,1.112427095508390140e+00,4.223155930614141962e-02
7.730398696146532078e-01,8.165688221806776115e-01,-5.613539251147888962e-05,4.077712903030653591e-01,-2.684317349333538438e-02,1.105690563822562478e+00,4.220470190043733305e-02,-5.352703423692756202e-01,-1.021502530208750689e-03,1.035751712821793902e+00,-2.684317349333538438e-02,1.105690563822562478e+00,4.220470190043733305e-02
7.740378704067469862e-01,8.164838966181211521e-01,-4.432086185693405542e-05,4.079065909647455745e-01,-2.688108531228408649e-02,1.098954029230933882e+00,4.217768882668708474e-02,-5.340770244922666832e-01,-1.019382545493142944e-03,1.035616607098642117e+00,-2.688108531228408649e-02,1.098954029230933882e+00,4.217768882668708474e-02
7.750358711988407645e-01,8.163975675855720260e-01,-3.250943134230921823e-05,4.080473384535801551e-01,-2.691893336256793653e-02,1.092217491735383961e+00,4.215051871438465353e-02,-5.328904461884413912e-01,-1.017326970122772734e-03,1.035478887753354726e+00,-2.691893336256793653e-02,1.092217491735383961e+00,4.215051871438465353e-02
7.760338719909345429e-01,8.163098324205741996e-01,-2.070116708494642774e-05,4.081935305277852311e-01,-2.695671700429827164e-02,1.085480951337822741e+00,4.212319019489102478e-02,-5.317106029329147221e-01,-1.015335650440571218e-03,1.035338533718919818e+00,-2.695671700429827164e-02,1.085480951337822741e+00,4.212319019489102478e-02
7.770318727830283212e-01,8.162206883529500301e-01,-8.896135723870494418e-06,4.083451648990876759e-01,-2.699443559417865832e-02,1.078744408040191560e+00,4.209570190145861535e-02,-5.305374901178027125e-01,-1.013408430969469677e-03,1.035195523799304462e+00,-2.699443559417865832e-02,1.078744408040191560e+00,4.209570190145861535e-02
7.780298735751220995e-01,8.161301325048950783e-01,2.905595580897357959e-06,4.085022392326366214e-01,-2.703208848546071255e-02,1.072007861844462395e+00,4.206805246925600372e-02,-5.293711030515202420e-01,-1.011545154393986290e-03,1.035049836669665213e+00,-2.703208848546071255e-02,1.072007861844462395e+00,4.206805246925600372e-02
7.790278743672157669e-01,8.160381618910736989e-01,1.470395914903844354e-05,4.086647511469160832e-01,-2.706967502789989558e-02,1.065271312752641641e+00,4.204024053539264644e-02,-5.282114369580775959e-01,-1.009745661541796430e-03,1.034901450876569928e+00,-2.706967502789989558e-02,1.065271312752641641e+00,4.204024053539264644e-02
7.800258751593095452e-01,8.159447734187182943e-01,2.649888678063588415e-05,4.088326982136509247e-01,-2.710719456771147270e-02,1.058534760766764338e+00,4.201226473894377478e-02,-5.270584869763687008e-01,-1.008009791365306433e-03,1.034750344838217373e+00,-2.710719456771147270e-02,1.058534760766764338e+00,4.201226473894377478e-02
7.810238759514032125e-01,8.158499638877300120e-01,3.829030975690293564e-05,4.090060779577099903e-01,-2.714464644752649647e-02,1.051798205888899496e+00,4.198412372097545808e-02,-5.259122481594603604e-01,-1.006337380923253387e-03,1.034596496844663482e+00,-2.714464644752649647e-02,1.051798205888899496e+00,4.198412372097545808e-02
7.820218767434969909e-01,8.157537299907803297e-01,5.007815884089723997e-05,4.091848878570059078e-01,-2.718203000634795974e-02,1.045061648121148323e+00,4.195581612456970866e-02,-5.247727154738739408e-01,-1.004728265362347418e-03,1.034439885058051845e+00,-2.718203000634795974e-02,1.045061648121148323e+00,4.195581612456970866e-02
7.830198775355907692e-01,8.156560683134175260e-01,6.186236427827408822e-05,4.093691253423922816e-01,-2.721934457950697661e-02,1.038325087465644225e+00,4.192734059484976711e-02,-5.236398837988652799e-01,-1.003182277898868012e-03,1.034280487512846625e+00,-2.721934457950697661e-02,1.038325087465644225e+00,4.192734059484976711e-02
7.840178783276845476e-01,8.155569753341731509e-01,7.364285579801772169e-05,4.095587877975557789e-01,-2.725658949861904656e-02,1.031588523924553691e+00,4.189869577900552644e-02,-5.225137479256972695e-01,-1.001699249800292423e-03,1.034118282116070153e+00,-2.725658949861904656e-02,1.031588523924553691e+00,4.189869577900552644e-02
7.850158791197783259e-01,8.154564474246718264e-01,8.541956261321549974e-05,4.097538725589057740e-01,-2.729376409154050595e-02,1.024851957500075850e+00,4.186988032631908108e-02,-5.213943025569151013e-01,-1.000279010366991739e-03,1.033953246647545177e+00,-2.729376409154050595e-02,1.024851957500075850e+00,4.186988032631908108e-02
7.860138799118721042e-01,8.153544808497423801e-01,9.719241342181792549e-05,4.099543769154609385e-01,-2.733086768232491359e-02,1.018115388194443360e+00,4.184089288819038688e-02,-5.202815423056083022e-01,-9.989213869138506216e-04,1.033785358760139328e+00,-2.733086768232491359e-02,1.018115388194443360e+00,4.184089288819038688e-02
7.870118807039657716e-01,8.152510717675314211e-01,1.089613364074227273e-04,4.101602981087299482e-01,-2.736789959117975207e-02,1.011378816009921966e+00,4.181173211816309465e-02,-5.191754616946779866e-01,-9.976262047519711754e-04,1.033614595980015149e+00,-2.736789959117975207e-02,1.011378816009921966e+00,4.181173211816309465e-02
7.880098814960595499e-01,8.151462162296205793e-01,1.207262592400676273e-04,4.103716333325928556e-01,-2.740485913442299720e-02,1.004642240948811160e+00,4.178239667195048079e-02,-5.180760551560946725e-01,-9.963932871703898297e-04,1.033440935706886332e+00,-2.740485913442299720e-02,1.004642240948811160e+00,4.178239667195048079e-02
7.890078822881532172e-01,8.150399101811441893e-01,1.324871090770231644e-04,4.105883797331756346e-01,-2.744174562443994422e-02,9.979056630134449657e-01,4.175288520746162774e-02,-5.169833170301529890e-01,-9.952224554177447821e-04,1.033264355214272179e+00,-2.744174562443994422e-02,9.979056630134449657e-01,4.175288520746162774e-02
7.900058830802469956e-01,8.149321494609090832e-01,1.442438125636176906e-04,4.108105344087222277e-01,-2.747855836964007564e-02,9.911690822061914874e-01,4.172319638482750725e-02,-5.158972415647263832e-01,-9.941135286840197677e-04,1.033084831649762281e+00,-2.747855836964007564e-02,9.911690822061914874e-01,4.172319638482750725e-02
7.910038838723407739e-01,8.148229298015177147e-01,1.559962958340429336e-04,4.110380944094627620e-01,-2.751529667441403315e-02,9.844324985294506947e-01,4.169332886642761193e-02,-5.148178229145089491e-01,-9.930663240823563512e-04,1.032902342035280752e+00,-2.751529667441403315e-02,9.844324985294506947e-01,4.169332886642761193e-02
7.920018846644345523e-01,8.147122468294937248e-01,1.677444845122074259e-04,4.112710567374801562e-01,-2.755195983909072138e-02,9.776959119856600822e-01,4.166328131691622583e-02,-5.137450551402659160e-01,-9.920806566307083588e-04,1.032716863267359342e+00,-2.755195983909072138e-02,9.776959119856600822e-01,4.166328131691622583e-02
7.929998854565283306e-01,8.146000960654079526e-01,1.794883037125607160e-04,4.115094183465716204e-01,-2.758854715989444290e-02,9.709593225772915615e-01,4.163305240324931961e-02,-5.126789322080693712e-01,-9.911563392337122830e-04,1.032528372117409665e+00,-2.758854715989444290e-02,9.709593225772915615e-01,4.163305240324931961e-02
7.939978862486221090e-01,8.144864729240095524e-01,1.912276780409631692e-04,4.117531761421062697e-01,-2.762505792890226561e-02,9.642227303068494626e-01,4.160264079471126530e-02,-5.116194479885370905e-01,-9.902931826644397265e-04,1.032336845232007194e+00,-2.762505792890226561e-02,9.642227303068494626e-01,4.160264079471126530e-02
7.949958870407157763e-01,8.143713727143552239e-01,2.029625315955389635e-04,4.120023269808809618e-01,-2.766149143400135554e-02,9.574861351768751971e-01,4.157204516294192576e-02,-5.105665962560617110e-01,-9.894909955462591333e-04,1.032142259133166817e+00,-2.766149143400135554e-02,9.574861351768751971e-01,4.157204516294192576e-02
7.959938878328095546e-01,8.142547906399454360e-01,2.146927879675678734e-04,4.122568676709720270e-01,-2.769784695884652467e-02,9.507495371899462588e-01,4.154126418196367465e-02,-5.095203706880445660e-01,-9.887495843346298663e-04,1.031944590218639268e+00,-2.769784695884652467e-02,9.507495371899462588e-01,4.154126418196367465e-02
7.969918886249032219e-01,8.141367217988594307e-01,2.264183702423533092e-04,4.125167949715834448e-01,-2.773412378281782734e-02,9.440129363486735592e-01,4.151029652820886068e-02,-5.084807648641156419e-01,-9.880687532990064387e-04,1.031743814762197786e+00,-2.773412378281782734e-02,9.440129363486735592e-01,4.151029652820886068e-02
7.979898894169970003e-01,8.140171611838942223e-01,2.381392010001374374e-04,4.127821055928914129e-01,-2.777032118097832319e-02,9.372763326557045360e-01,4.147914088054711901e-02,-5.074477722653580880e-01,-9.874483045046985111e-04,1.031539908913937209e+00,-2.777032118097832319e-02,9.372763326557045360e-01,4.147914088054711901e-02
7.989878902090907786e-01,8.138961036827049300e-01,2.498552023169951330e-04,4.130527961958865846e-01,-2.780643842403189223e-02,9.305397261137239306e-01,4.144779592031310606e-02,-5.064213862735251759e-01,-9.868880377947881338e-04,1.031332848700577065e+00,-2.780643842403189223e-02,9.305397261137239306e-01,4.144779592031310606e-02
7.999858910011845570e-01,8.137735440779478857e-01,2.615662957657685075e-04,4.133288633922115318e-01,-2.784247477828121278e-02,9.238031167254503462e-01,4.141626033133420648e-02,-5.054016001702529293e-01,-9.863877507720313770e-04,1.031122610025762221e+00,-2.784247477828121278e-02,9.238031167254503462e-01,4.141626033133420648e-02
8.009838917932783353e-01,8.136494770474261840e-01,2.732724024169841978e-04,4.136103037439954888e-01,-2.787842950558581598e-02,9.170665044936415766e-01,4.138453279995854550e-02,-5.043884071362714216e-01,-9.859472387808180735e-04,1.030909168670378628e+00,-2.787842950558581598e-02,9.170665044936415766e-01,4.138453279995854550e-02
8.019818925853721137e-01,8.135238971642371197e-01,2.849734428398029108e-04,4.138971137636873188e-01,-2.791430186332031355e-02,9.103298894210885006e-01,4.135261201508310530e-02,-5.033818002506109668e-01,-9.855662948891888084e-04,1.030692500292866631e+00,-2.791430186332031355e-02,9.103298894210885006e-01,4.135261201508310530e-02
8.029798933774657810e-01,8.133967988969224017e-01,2.966693371029714070e-04,4.141892899138818196e-01,-2.795009110433266733e-02,9.035932715106219648e-01,4.132049666818195244e-02,-5.023817724898060888e-01,-9.852447098707521611e-04,1.030472580429538931e+00,-2.795009110433266733e-02,9.035932715106219648e-01,4.132049666818195244e-02
8.039778941695595593e-01,8.132681766096195863e-01,3.083600047757796342e-04,4.144868286071450303e-01,-2.798579647690267042e-02,8.968566507651078989e-01,4.128818545333475670e-02,-5.013883167270931640e-01,-9.849822721867702163e-04,1.030249384494906773e+00,-2.798579647690267042e-02,8.968566507651078989e-01,4.128818545333475670e-02
8.049758949616532266e-01,8.131380245622181757e-01,3.200453649290468093e-04,4.147897262058363732e-01,-2.802141722470047683e-02,8.901200271874500913e-01,4.125567706725540018e-02,-5.004014257316067305e-01,-9.847787679681564710e-04,1.030022887782009011e+00,-2.802141722470047683e-02,8.901200271874500913e-01,4.125567706725540018e-02
8.059738957537470050e-01,8.130063369105149373e-01,3.317253361360947067e-04,4.150979790219258003e-01,-2.805695258674527348e-02,8.833834007805896338e-01,4.122297020932078060e-02,-4.994210921675719117e-01,-9.846339809975856311e-04,1.029793065462745405e+00,-2.805695258674527348e-02,8.833834007805896338e-01,4.122297020932078060e-02
8.069718965458407833e-01,8.128731077063735544e-01,3.433998364737522800e-04,4.154115833168097183e-01,-2.809240179736410825e-02,8.766467715475054767e-01,4.119006358159976733e-02,-4.984473085934926773e-01,-9.845476926915782551e-04,1.029559892588214121e+00,-2.809240179736410825e-02,8.766467715475054767e-01,4.119006358159976733e-02
8.079698973379345617e-01,8.127383308978869403e-01,3.550687835233667889e-04,4.157305353011221394e-01,-2.812776408615078397e-02,8.699101394912136520e-01,4.115695588888239331e-02,-4.974800674613378826e-01,-9.845196820825975401e-04,1.029323344089057679e+00,-2.812776408615078397e-02,8.699101394912136520e-01,4.115695588888239331e-02
8.089678981300283400e-01,8.126020003295404415e-01,3.667320943718119447e-04,4.160548311345425576e-01,-2.816303867792496751e-02,8.631735046147690493e-01,4.112364583870919965e-02,-4.965193611157208142e-01,-9.845497258012588654e-04,1.029083394775808680e+00,-2.816303867792496751e-02,8.631735046147690493e-01,4.112364583870919965e-02
8.099658989221221184e-01,8.124641097423788150e-01,3.783896856125327016e-04,4.163844669256009379e-01,-2.819822479269135790e-02,8.564368669212640839e-01,4.109013214140070508e-02,-4.955651817930791236e-01,-9.846375980584482629e-04,1.028840019339245737e+00,-2.819822479269135790e-02,8.564368669212640839e-01,4.109013214140070508e-02
8.109638997142157857e-01,8.123246527741739831e-01,3.900414733465695023e-04,4.167194387314803183e-01,-2.823332164559897925e-02,8.497002264138296956e-01,4.105641351008712525e-02,-4.946175216208475445e-01,-9.847830706275735937e-04,1.028593192350748531e+00,-2.823332164559897925e-02,8.497002264138296956e-01,4.105641351008712525e-02
8.119619005063095640e-01,8.121836229595964518e-01,4.016873731836342410e-04,4.170597425578145279e-01,-2.826832844690067847e-02,8.429635830956350162e-01,4.102248866073826550e-02,-4.936763726166304433e-01,-9.849859128267775613e-04,1.028342888262662180e+00,-2.826832844690067847e-02,8.429635830956350162e-01,4.102248866073826550e-02
8.129599012984032314e-01,8.120410137303888387e-01,4.133273002431537527e-04,4.174053743584831833e-01,-2.830324440191267152e-02,8.362269369698894783e-01,4.098835631219363562e-02,-4.927417266873693746e-01,-9.852458915012339905e-04,1.028089081408666283e+00,-2.830324440191267152e-02,8.362269369698894783e-01,4.098835631219363562e-02
8.139579020904970097e-01,8.118968184155421763e-01,4.249611691553594915e-04,4.177563300354050213e-01,-2.833806871097430818e-02,8.294902880398395961e-01,4.095401518619258552e-02,-4.918135756285068050e-01,-9.855627710054024743e-04,1.027831746004146174e+00,-2.833806871097430818e-02,8.294902880398395961e-01,4.095401518619258552e-02
8.149559028825907880e-01,8.117510302414737700e-01,4.365888940623689134e-04,4.181126054383250135e-01,-2.837280056940790982e-02,8.227536363087726290e-01,4.091946400740488488e-02,-4.908919111231465071e-01,-9.859363131854009810e-04,1.027570856146572842e+00,-2.837280056940790982e-02,8.227536363087726290e-01,4.091946400740488488e-02
8.159539036746845664e-01,8.116036423322068316e-01,4.482103886192895193e-04,4.184741963646005369e-01,-2.840743916747876310e-02,8.160169817800149161e-01,4.088470150346129595e-02,-4.899767247412123439e-01,-9.863662773613437670e-04,1.027306385815885514e+00,-2.840743916747876310e-02,8.160169817800149161e-01,4.088470150346129595e-02
8.169519044667783447e-01,8.114546477095552213e-01,4.598255659953205134e-04,4.188410985589837709e-01,-2.844198369035527696e-02,8.092803244569306553e-01,4.084972640498440999e-02,-4.890680079386006684e-01,-9.868524203097226583e-04,1.027038308874878902e+00,-2.844198369035527696e-02,8.092803244569306553e-01,4.084972640498440999e-02
8.179499052588721231e-01,8.113040392933082989e-01,4.714343388748886126e-04,4.192133077134018726e-01,-2.847643331806926428e-02,8.025436643429262329e-01,4.081453744561972657e-02,-4.881657520563325581e-01,-9.873944962458750668e-04,1.026766599069600217e+00,-2.847643331806926428e-02,8.025436643429262329e-01,4.081453744561972657e-02
8.189479060509657904e-01,8.111518099014185523e-01,4.830366194587686784e-04,4.195908194667301583e-01,-2.851078722547636599e-02,7.958070014414466709e-01,4.077913336206680922e-02,-4.872699483197012182e-01,-9.879922568064294572e-04,1.026491230029743518e+00,-2.851078722547636599e-02,7.958070014414466709e-01,4.077913336206680922e-02
8.199459068430595687e-01,8.109979522501924443e-01,4.946323194652376331e-04,4.199736294045682827e-01,-2.854504458221661378e-02,7.890703357559765152e-01,4.074351289411076021e-02,-4.863805878374163894e-01,-9.886454510317508118e-04,1.026212175269058058e+00,-2.854504458221661378e-02,7.890703357559765152e-01,4.074351289411076021e-02
8.209439076351533471e-01,8.108424589544828143e-01,5.062213501312319000e-04,4.203617330590069257e-01,-2.857920455267517687e-02,7.823336672900427224e-01,4.070767478465381339e-02,-4.854976616007427026e-01,-9.893538253485526304e-04,1.025929408185754399e+00,-2.857920455267517687e-02,7.823336672900427224e-01,4.070767478465381339e-02
8.219419084272470144e-01,8.106853225278850550e-01,5.178036222135088545e-04,4.207551259083960327e-01,-2.861326629594318494e-02,7.755969960472108848e-01,4.067161777974720449e-02,-4.846211604826415331e-01,-9.901171235523857639e-04,1.025642902062921857e+00,-2.861326629594318494e-02,7.755969960472108848e-01,4.067161777974720449e-02
8.229399092193407927e-01,8.105265353829340658e-01,5.293790459898406941e-04,4.211538033771076162e-01,-2.864722896577882871e-02,7.688603220310882280e-01,4.063534062862315943e-02,-4.837510752369026390e-01,-9.909350867903198024e-04,1.025352630068947279e+00,-2.864722896577882871e-02,7.688603220310882280e-01,4.063534062862315943e-02
8.239379100114345711e-01,8.103660898505863353e-01,5.409474354793780996e-04,4.215577523493937440e-01,-2.868100115492110136e-02,7.621750028205458438e-01,4.059826289080552958e-02,-4.829089737097918000e-01,-9.915871155648063595e-04,1.025074729274337626e+00,-2.868100115492110136e-02,7.621750028205458438e-01,4.059826289080552958e-02
8.249359108035283494e-01,8.102039784514087906e-01,5.525077422881869045e-04,4.219668833315417533e-01,-2.871403599290730038e-02,7.558516439302781498e-01,4.055688041334914312e-02,-4.822252287325650144e-01,-9.907409388902194136e-04,1.024906959361722603e+00,-2.871403599290730038e-02,7.558516439302781498e-01,4.055688041334914312e-02
8.259339115956221278e-01,8.100401947583223405e-01,5.640568856245468509e-04,4.223809270140019279e-01,-2.874587809516535378e-02,7.501507427690843333e-01,4.050825770967908523e-02,-4.818086900087916180e-01,-9.872812633316806891e-04,1.024931420818987471e+00,-2.874587809516535378e-02,7.501507427690843333e-01,4.050825770967908523e-02
8.269319123877159061e-01,8.098747336162188670e-01,5.755912987944118188e-04,4.227995714613677070e-01,-2.877653160515754316e-02,7.450722994178556879e-01,4.045239958667578434e-02,-4.816585839875022201e-01,-9.812110845883667554e-04,1.025148269911865917e+00,-2.877653160515754316e-02,7.450722994178556879e-01,4.045239958667578434e-02
8.279299131798095734e-01,8.097075911060719333e-01,5.871074152447369396e-04,4.232225051779311409e-01,-2.880600048137283917e-02,7.406163139609095447e-01,4.038931117761702244e-02,-4.817741456720823767e-01,-9.725333811663825628e-04,1.025557664080646081e+00,-2.880600048137283917e-02,7.406163139609095447e-01,4.038931117761702244e-02
8.289279139719033518e-01,8.095387645596011650e-01,5.986016687830105626e-04,4.236494171141231835e-01,-2.883428849789122089e-02,7.367827864859811671e-01,4.031899794150088645e-02,-4.821546186441784676e-01,-9.612511145762805270e-04,1.026159761979265950e+00,-2.883428849789122089e-02,7.367827864859811671e-01,4.031899794150088645e-02
8.299259147639970191e-01,8.093682525719740894e-01,6.100704937992334825e-04,4.240799966730302573e-01,-2.886139924490365577e-02,7.335717170842184220e-01,4.024146566235903277e-02,-4.827992550869559252e-01,-9.473672295479546035e-04,1.026954723510437262e+00,-2.886139924490365577e-02,7.335717170842184220e-01,4.024146566235903277e-02
8.309239155560907975e-01,8.091960550125499863e-01,6.215103254901072289e-04,4.245139337169764882e-01,-2.888733612918579358e-02,7.309831058501725654e-01,4.015672044856147954e-02,-4.837073158076746759e-01,-9.308846542625277137e-04,1.027942709856800363e+00,-2.888733612918579358e-02,7.309831058501725654e-01,4.015672044856147954e-02
8.319219163481845758e-01,8.090221730336676353e-01,6.329176000851847615e-04,4.249509185741523476e-01,-2.891210237452375084e-02,7.290169528817954658e-01,4.006476873211389789e-02,-4.848780702595376635e-01,-9.118063006011076221e-04,1.029123883508128001e+00,-2.891210237452375084e-02,7.290169528817954658e-01,4.006476873211389789e-02
8.329199171402783541e-01,8.088466090774871775e-01,6.442887550748059794e-04,4.253906420452800985e-01,-2.893570102209013298e-02,7.276732582804273930e-01,3.996561726794843616e-02,-4.863107965627824769e-01,-8.901350644097694165e-04,1.030498408284575174e+00,-2.893570102209013298e-02,7.276732582804273930e-01,3.996561726794843616e-02
8.339179179323721325e-01,8.086693668808863089e-01,6.556202294395440658e-04,4.258327954102975044e-01,-2.895813493076881961e-02,7.269520221507907998e-01,3.985927313320944410e-02,-4.880047815249681786e-01,-8.658738257807359687e-04,1.032066449355986348e+00,-2.895813493076881961e-02,7.269520221507907998e-01,3.985927313320944410e-02
8.349159187244659108e-01,8.084904514784198026e-01,6.669084638809797631e-04,4.262770704350500872e-01,-2.897940677742648699e-02,7.268532446009839942e-01,3.974574372653469356e-02,-4.899593206604292983e-01,-8.390254493492056015e-04,1.033828173257271388e+00,-2.897940677742648699e-02,7.268532446009839942e-01,3.974574372653469356e-02
8.359139195165595781e-01,8.083098692033430233e-01,6.781499010535650554e-04,4.267231593779733378e-01,-2.899951905712939634e-02,7.273769257424681500e-01,3.962503676733380997e-02,-4.921737182088519735e-01,-8.095927846055572114e-04,1.035783747899855056e+00,-2.899951905712939634e-02,7.273769257424681500e-01,3.962503676733380997e-02
8.369119203086533565e-01,8.081276276867114250e-01,6.893409857973709087e-04,4.271707549967501683e-01,-2.901847408330363379e-02,7.285230656900617552e-01,3.949716029506453174e-02,-4.946472871529301041e-01,-7.775786662226457507e-04,1.037933342579206109e+00,-2.901847408330363379e-02,7.285230656900617552e-01,3.949716029506453174e-02
8.379099211007470238e-01,8.079437358545549230e-01,7.004781653715163236e-04,4.276195505549341691e-01,-2.903627398783713981e-02,7.302916645619309532e-01,3.936212266850833141e-02,-4.973793492350784828e-01,-7.429859143977474503e-04,1.040277127978467497e+00,-2.903627398783713981e-02,7.302916645619309532e-01,3.936212266850833141e-02
8.389079218928408022e-01,8.077582039231369082e-01,7.115578896880631618e-04,4.280692398285170785e-01,-2.905292072112183183e-02,7.326827224795778859e-01,3.921993256504613390e-02,-5.003692349731400091e-01,-7.058173352088043667e-04,1.042815276168175487e+00,-2.905292072112183183e-02,7.326827224795778859e-01,3.921993256504613390e-02
8.399059226849345805e-01,8.075710433923020126e-01,7.225766115461678199e-04,4.285195171124315250e-01,-2.906841605203414752e-02,7.356962395678340316e-01,3.907059897993562375e-02,-5.036162836750753824e-01,-6.660757209847184557e-04,1.045547960602100757e+00,-2.906841605203414752e-02,7.356962395678340316e-01,3.907059897993562375e-02
8.409039234770283588e-01,8.073822670369196208e-01,7.335307868663283127e-04,4.289700772269710027e-01,-2.908276156785229161e-02,7.393322159548463279e-01,3.891413122559103654e-02,-5.071198434525727716e-01,-6.237638506891582738e-04,1.048475356109202838e+00,-2.908276156785229161e-02,7.393322159548463279e-01,3.891413122559103654e-02
8.419019242691221372e-01,8.071918887527630426e-01,7.444169496388576990e-04,4.294206221031253712e-01,-2.909602686912158079e-02,7.435505390206781362e-01,3.875099275081345107e-02,-5.108624886234532925e-01,-5.790560777297207654e-04,1.051584994325833522e+00,-2.909602686912158079e-02,7.435505390206781362e-01,3.875099275081345107e-02
8.428999250612159155e-01,8.069999220497607872e-01,7.552324353188158207e-04,4.298709244384787409e-01,-2.910874020229796411e-02,7.480406034796557302e-01,3.858470733220359383e-02,-5.147137124393866836e-01,-5.332834046089286739e-04,1.054779121121109275e+00,-2.910874020229796411e-02,7.480406034796557302e-01,3.858470733220359383e-02
8.438979258533095829e-01,8.068063769304942845e-01,7.659766744233454305e-04,4.303209414221050300e-01,-2.912136165142149846e-02,7.525306673178325800e-01,3.841835438559104698e-02,-5.185597104385634148e-01,-4.876087320554991708e-04,1.057972123212003401e+00,-2.912136165142149846e-02,7.525306673178325800e-01,3.841835438559104698e-02
8.448959266454033612e-01,8.066112623974029949e-01,7.766496056282748764e-04,4.307706748468760338e-01,-2.913388913822954548e-02,7.570207305783338558e-01,3.825193625882947202e-02,-5.224005551949728599e-01,-4.420318364143725060e-04,1.061164001518534183e+00,-2.913388913822954548e-02,7.570207305783338558e-01,3.825193625882947202e-02
8.458939274374970285e-01,8.064145873779886564e-01,7.872511695381921755e-04,4.312201265209094081e-01,-2.914632058258270417e-02,7.615107933042271071e-01,3.808545529754495118e-02,-5.262363193437511466e-01,-3.965524949573386720e-04,1.064354756942396119e+00,-2.914632058258270417e-02,7.615107933042271071e-01,3.808545529754495118e-02
8.468919282295908069e-01,8.062163607248006292e-01,7.977813086712310557e-04,4.316692982674462664e-01,-2.915865390249117867e-02,7.660008555385253715e-01,3.791891384522685926e-02,-5.300670755800608314e-01,-3.511704859150152971e-04,1.067544390364515206e+00,-2.915865390249117867e-02,7.660008555385253715e-01,3.791891384522685926e-02
8.478899290216845852e-01,8.060165912154183543e-01,8.082399674439430829e-04,4.321181919247268355e-01,-2.917088701414117385e-02,7.704909173241877296e-01,3.775231424331909613e-02,-5.338928966579672419e-01,-3.058855885086711468e-04,1.070732902642592466e+00,-2.917088701414117385e-02,7.704909173241877296e-01,3.775231424331909613e-02
8.488879298137783636e-01,8.058152875524392522e-01,8.186270921562576082e-04,4.325668093458672203e-01,-2.918301783192126658e-02,7.749809787041167519e-01,3.758565883131126384e-02,-5.377138553893280326e-01,-2.606975829817868157e-04,1.073920294608656567e+00,-2.918301783192126658e-02,7.749809787041167519e-01,3.758565883131126384e-02
8.498859306058721419e-01,8.056124583634648451e-01,8.289426309765334389e-04,4.330151523987320061e-01,-2.919504426844877001e-02,7.794710397211611630e-01,3.741894994683010733e-02,-5.415300246426764108e-01,-2.156062506315937349e-04,1.077106567066615339e+00,-2.919504426844877001e-02,7.794710397211611630e-01,3.741894994683010733e-02
8.508839313979659202e-01,8.054081122010900984e-01,8.391865339267033175e-04,4.334632229658107461e-01,-2.920696423459610142e-02,7.839611004181120668e-01,3.725218992573092747e-02,-5.453414773421167983e-01,-1.706113738401890401e-04,1.080291720789805510e+00,-2.920696423459610142e-02,7.839611004181120668e-01,3.725218992573092747e-02
8.518819321900595876e-01,8.052022575428928741e-01,8.493587528674946194e-04,4.339110229440900635e-01,-2.921877563951708751e-02,7.884511608377056113e-01,3.708538110218934092e-02,-5.491482864662160512e-01,-1.257127361056886022e-04,1.083475756518549549e+00,-2.921877563951708751e-02,7.884511608377056113e-01,3.708538110218934092e-02
8.528799329821533659e-01,8.049949027914264921e-01,8.594592414837644344e-04,4.343585542449255321e-01,-2.923047639067337736e-02,7.929412210226214341e-01,3.691852580879295687e-02,-5.529505250469053390e-01,-8.091012207308255488e-05,1.086658674957710291e+00,-2.923047639067337736e-02,7.929412210226214341e-01,3.691852580879295687e-02
8.538779337742470332e-01,8.047860562742116253e-01,8.694879552698973153e-04,4.348058187939146668e-01,-2.924206439386078590e-02,7.974312810154827735e-01,3.675162637663335896e-02,-5.567482661683782474e-01,-3.620331756492688874e-05,1.089840476774243117e+00,-2.924206439386078590e-02,7.974312810154827735e-01,3.675162637663335896e-02
8.548759345663408116e-01,8.045757262437295276e-01,8.794448515153213122e-04,4.352528185307672492e-01,-2.925353755323564092e-02,8.019213408588571346e-01,3.658468513539792077e-02,-5.605415829659975424e-01,8.407890388147966354e-06,1.093021162594759232e+00,-2.925353755323564092e-02,8.019213408588571346e-01,3.658468513539792077e-02
8.558739353584345899e-01,8.043639208774194804e-01,8.893298892900978418e-04,4.356995554091760425e-01,-2.926489377134119940e-02,8.064114005952542907e-01,3.641770441346214859e-02,-5.643305486252029324e-01,5.292371351707687854e-05,1.096200733003079852e+00,-2.926489377134119940e-02,8.064114005952542907e-01,3.641770441346214859e-02
8.568719361505283683e-01,8.041506482776731302e-01,8.991430294306174825e-04,4.361460313966857849e-01,-2.927613094913404657e-02,8.109014602671282823e-01,3.625068653798173279e-02,-5.681152363804206074e-01,9.734436228425909221e-05,1.099379188537798369e+00,-2.927613094913404657e-02,8.109014602671282823e-01,3.625068653798173279e-02
8.578699369426221466e-01,8.039359164718348216e-01,9.088842345253743751e-04,4.365922484745623500e-01,-2.928724698601050183e-02,8.153915199168743078e-01,3.608363383498497390e-02,-5.718957195139775518e-01,1.416700458535908799e-04,1.102556529689840303e+00,-2.928724698601050183e-02,8.153915199168743078e-01,3.608363383498497390e-02
8.588679377347159249e-01,8.037197334121979342e-01,9.185534689008527289e-04,4.370382086376606856e-01,-2.929823977983307334e-02,8.198815795868312772e-01,3.591654862946518090e-02,-5.756720713550151913e-01,1.859009720606560542e-04,1.105732756900025482e+00,-2.929823977983307334e-02,8.198815795868312772e-01,3.591654862946518090e-02
8.598659385268095923e-01,8.035021069760083234e-01,9.281506986074890058e-04,4.374839138942910877e-01,-2.930910722695697496e-02,8.243716393192801473e-01,3.574943324547324303e-02,-5.794443652784109222e-01,2.300373473831931678e-04,1.108907870556634867e+00,-2.930910722695697496e-02,8.243716393192801473e-01,3.574943324547324303e-02
8.608639393189033706e-01,8.032830449654642102e-01,9.376758914057401395e-04,4.379293662660881381e-01,-2.931984722225658424e-02,8.288616991564462522e-01,3.558229000621021543e-02,-5.832126747036977532e-01,2.740793769116494499e-04,1.112081870992973176e+00,-2.931984722225658424e-02,8.288616991564462522e-01,3.558229000621021543e-02
8.618619401109970379e-01,8.030625551077191782e-01,9.471290167522409837e-04,4.383745677878735370e-01,-2.933045765915201150e-02,8.333517591404938640e-01,3.541512123412016155e-02,-5.869770730939868342e-01,3.180272643199741345e-04,1.115254758484934827e+00,-2.933045765915201150e-02,8.333517591404938640e-01,3.541512123412016155e-02
8.628599409030908163e-01,8.028406450548886131e-01,9.565100457860682302e-04,4.388195205075239858e-01,-2.934093642963570697e-02,8.378418193135309666e-01,3.524792925098280127e-02,-5.907376339548952027e-01,3.618812118366286287e-04,1.118426533248574550e+00,-2.934093642963570697e-02,8.378418193135309666e-01,3.524792925098280127e-02
8.638579416951845946e-01,8.026173223840518123e-01,9.658189513150795694e-04,4.392642264858324097e-01,-2.935128142429907494e-02,8.423318797176078121e-01,3.508071637800663778e-02,-5.944944308334710881e-01,4.056414202156626014e-04,1.121597195437673555e+00,-2.935128142429907494e-02,8.423318797176078121e-01,3.508071637800663778e-02
8.648559424872783730e-01,8.023925945972619767e-01,9.750557078023701623e-04,4.397086877963740092e-01,-2.936149053235914338e-02,8.468219403947149226e-01,3.491348493592183466e-02,-5.982475373171239896e-01,4.493080887081222705e-04,1.124766745141314583e+00,-2.936149053235914338e-02,8.468219403947149226e-01,3.491348493592183466e-02
8.658539432793721513e-01,8.021664691215528720e-01,9.842202913528095599e-04,4.401529065253681483e-01,-2.937156164168535505e-02,8.513120013867853109e-01,3.474623724507332201e-02,-6.019970270325587514e-01,4.928814150335679781e-04,1.127935182381450518e+00,-2.937156164168535505e-02,8.513120013867853109e-01,3.474623724507332201e-02
8.668519440714659297e-01,8.019389533089477107e-01,9.933126796996857421e-04,4.405968847715391323e-01,-2.938149263882629258e-02,8.558020627356930365e-01,3.457897562551403431e-02,-6.057429736447044188e-01,5.363615953517669732e-04,1.131102507110478106e+00,-2.938149263882629258e-02,8.558020627356930365e-01,3.457897562551403431e-02
8.678499448635597080e-01,8.017100544364702541e-01,1.002332852191441205e-03,4.410406246459803725e-01,-2.939128140903657371e-02,8.602921244832529846e-01,3.441170239709802348e-02,-6.094854508556554196e-01,5.797488242346004322e-04,1.134268719208817000e+00,-2.939128140903657371e-02,8.602921244832529846e-01,3.441170239709802348e-02
8.688479456556533753e-01,8.014797797061569140e-01,1.011280789778512155e-03,4.414841282720114446e-01,-2.940092583630374290e-02,8.647821866712206429e-01,3.424441987957393962e-02,-6.132245324036013079e-01,6.230432946381890547e-04,1.137433818482481263e+00,-2.940092583630374290e-02,8.647821866712206429e-01,3.424441987957393962e-02
8.698459464477471537e-01,8.012481362450687428e-01,1.020156475000253901e-03,4.419273977850404767e-01,-2.941042380337526019e-02,8.692722493412939899e-01,3.407713039267834532e-02,-6.169602920617700548e-01,6.662451978751105994e-04,1.140597804660660186e+00,-2.941042380337526019e-02,8.692722493412939899e-01,3.407713039267834532e-02
8.708439472398408210e-01,8.010151311053065326e-01,1.028959891971975311e-03,4.423704353324218186e-01,-2.941977319178557676e-02,8.737623125351094977e-01,3.390983625622918246e-02,-6.206928036373650093e-01,7.093547235869235995e-04,1.143760677393300007e+00,-2.941977319178557676e-02,8.737623125351094977e-01,3.390983625622918246e-02
8.718419480319345993e-01,8.007807712640254705e-01,1.037691026372069983e-03,4.428132430733149882e-01,-2.942897188188324867e-02,8.782523762942459067e-01,3.374253979021928085e-02,-6.244221409705074111e-01,7.523720597167951607e-04,1.146922436248680066e+00,-2.942897188188324867e-02,8.782523762942459067e-01,3.374253979021928085e-02
8.728399488240283777e-01,8.005450636234521244e-01,1.046349865429238926e-03,4.432558231785417857e-01,-2.943801775285813035e-02,8.827424406602203399e-01,3.357524331491004710e-02,-6.281483779331755724e-01,7.952973924823291199e-04,1.150083080710998074e+00,-2.943801775285813035e-02,8.827424406602203399e-01,3.357524331491004710e-02
8.738379496161221560e-01,8.003080150109023183e-01,1.054936397909822954e-03,4.436981778304428525e-01,-2.944690868276870349e-02,8.872325056744916338e-01,3.340794915092502176e-02,-6.318715884281498329e-01,8.381309063486214531e-04,1.153242610177956928e+00,-2.944690868276870349e-02,8.872325056744916338e-01,3.340794915092502176e-02
8.748359504082159344e-01,8.000696321787993393e-01,1.063450614105222042e-03,4.441403092227350080e-01,-2.945564254856943703e-02,8.917225713784580066e-01,3.324065961934359603e-02,-6.355918463879561831e-01,8.808727840014692057e-04,1.156401023958345764e+00,-2.945564254856943703e-02,8.917225713784580066e-01,3.324065961934359603e-02
8.758339512003097127e-01,7.998299218046951431e-01,1.071892505819427429e-03,4.445822195603639226e-01,-2.946421722613828259e-02,8.962126378134575022e-01,3.307337704179486720e-02,-6.393092257738091089e-01,9.235232063207815187e-04,1.159558321269630987e+00,-2.946421722613828259e-02,8.962126378134575022e-01,3.307337704179486720e-02
8.768319519924033800e-01,7.995888904912907824e-01,1.080262066356642856e-03,4.450239110593617875e-01,-2.947263059030418020e-02,9.007027050207669916e-01,3.290610374055136234e-02,-6.430238005745595453e-01,9.660823523541754027e-04,1.162714501235543985e+00,-2.947263059030418020e-02,9.007027050207669916e-01,3.290610374055136234e-02
8.778299527844971584e-01,7.993465447664596102e-01,1.088559290509008353e-03,4.454653859466987109e-01,-2.948088051487482777e-02,9.051927730416042817e-01,3.273884203862291453e-02,-6.467356448056372775e-01,1.008550399290758862e-03,1.165869562883671717e+00,-2.948088051487482777e-02,9.051927730416042817e-01,3.273884203862291453e-02
8.788279535765908257e-01,7.991028910832700394e-01,1.096784174544423790e-03,4.459066464601367796e-01,-2.948896487266436037e-02,9.096828419171255620e-01,3.257159425985063639e-02,-6.504448325080006699e-01,1.050927522435122184e-03,1.169023505143049091e+00,-2.948896487266436037e-02,9.096828419171255620e-01,3.257159425985063639e-02
8.798259543686846040e-01,7.988579358200115221e-01,1.104936716194482131e-03,4.463476948480820661e-01,-2.949688153552127573e-02,9.141729116884265149e-01,3.240436272900079628e-02,-6.541514377470812880e-01,1.093213895181483625e-03,1.172176326841754435e+00,-2.949688153552127573e-02,9.141729116884265149e-01,3.240436272900079628e-02
8.808239551607783824e-01,7.986116852802196409e-01,1.113016914642482504e-03,4.467885333694361916e-01,-2.950462837435640154e-02,9.186629823965410946e-01,3.223714977185884040e-02,-6.578555346117295199e-01,1.135409688988077079e-03,1.175328026704502093e+00,-2.950462837435640154e-02,9.186629823965410946e-01,3.223714977185884040e-02
8.818219559528721607e-01,7.983641456927036417e-01,1.121024770511567722e-03,4.472291642934476119e-01,-2.951220325917099097e-02,9.231530540824424147e-01,3.206995771532343553e-02,-6.615571972131658596e-01,1.177515073351682873e-03,1.178478603350242793e+00,-2.951220325917099097e-02,9.231530540824424147e-01,3.206995771532343553e-02
8.828199567449659391e-01,7.981153232115741902e-01,1.128960285852941827e-03,4.476695898995601830e-01,-2.951960405908499174e-02,9.276431267870427488e-01,3.190278888750049113e-02,-6.652564996839229750e-01,1.219530215782352843e-03,1.181628055289762003e+00,-2.951960405908499174e-02,9.276431267870427488e-01,3.190278888750049113e-02
8.838179575370597174e-01,7.978652239162735693e-01,1.136823464134208194e-03,4.481098124772643354e-01,-2.952682864236534643e-02,9.321332005511925312e-01,3.173564561779727844e-02,-6.689535161767967697e-01,1.261455281778376541e-03,1.184776380923278749e+00,-2.952682864236534643e-02,9.321332005511925312e-01,3.173564561779727844e-02
8.848159583291533847e-01,7.976138538116059884e-01,1.144614310227784395e-03,4.485498343259441967e-01,-2.953387487645444190e-02,9.366232754156784690e-01,3.156853023701654964e-02,-6.726483208637890066e-01,1.303290434801381015e-03,1.187923578538050418e+00,-2.953387487645444190e-02,9.366232754156784690e-01,3.156853023701654964e-02
8.858139591212471631e-01,7.973612188277692248e-01,1.152332830399448041e-03,4.489896577547262124e-01,-2.954074062799876693e-02,9.411133514212292051e-01,3.140144507745065705e-02,-6.763409879350580356e-01,1.345035836251657832e-03,1.191069646305977558e+00,-2.954074062799876693e-02,9.411133514212292051e-01,3.140144507745065705e-02
8.868119599133408304e-01,7.971073248203871531e-01,1.159979032296957211e-03,4.494292850823252694e-01,-2.954742376287763928e-02,9.456034286085079898e-01,3.123439247297571386e-02,-6.800315915978606407e-01,1.386691645443646238e-03,1.194214582281207582e+00,-2.954742376287763928e-02,9.456034286085079898e-01,3.123439247297571386e-02
8.878099607054346087e-01,7.968521775705437182e-01,1.167552924938789274e-03,4.498687186368922619e-01,-2.955392214623202632e-02,9.500935070181164566e-01,3.106737475914580007e-02,-6.837202060755023236e-01,1.428258019581670445e-03,1.197358384397743780e+00,-2.955392214623202632e-02,9.500935070181164566e-01,3.106737475914580007e-02
8.888079614975283871e-01,7.965957827848187955e-01,1.175054518702969278e-03,4.503079607558582165e-01,-2.956023364249359131e-02,9.545835866905961753e-01,3.090039427328713714e-02,-6.874069056062762639e-01,1.469735113735811359e-03,1.200501050467056130e+00,-2.956023364249359131e-02,9.545835866905961753e-01,3.090039427328713714e-02
8.898059622896221654e-01,7.963381460953239399e-01,1.182483825316018883e-03,4.507470137857801928e-01,-2.956635611541389222e-02,9.590736676664232130e-01,3.073345335459227654e-02,-6.910917644424122708e-01,1.511123080817980413e-03,1.203642578175691868e+00,-2.956635611541389222e-02,9.590736676664232130e-01,3.073345335459227654e-02
8.908039630817159438e-01,7.960792730597390232e-01,1.189840857841976442e-03,4.511858800821852977e-01,-2.957228742809361183e-02,9.635637499860113531e-01,3.056655434421438194e-02,-6.947748568490176302e-01,1.552422071558211963e-03,1.206782965082886294e+00,-2.957228742809361183e-02,9.635637499860113531e-01,3.056655434421438194e-02
8.918019638738097221e-01,7.958191691613515362e-01,1.197125630671556267e-03,4.516245620094120339e-01,-2.957802544301211395e-02,9.680538336897120955e-01,3.039969958536136579e-02,-6.984562571030188405e-01,1.593632234481168197e-03,1.209922208618184891e+00,-2.957802544301211395e-02,9.680538336897120955e-01,3.039969958536136579e-02
8.927999646659033894e-01,7.955578398090960013e-01,1.204338159511372753e-03,4.520630619404562012e-01,-2.958356802205697883e-02,9.725439188178132133e-01,3.023289142339017493e-02,-7.021360394921057901e-01,1.634753715882732508e-03,1.213060306079054351e+00,-2.958356802205697883e-02,9.725439188178132133e-01,3.023289142339017493e-02
8.937979654579971678e-01,7.952952903375942739e-01,1.211478461373301100e-03,4.525013822568094146e-01,-2.958891302655385080e-02,9.770340054105393079e-01,3.006613220590094795e-02,-7.058142783136661658e-01,1.675786659806977573e-03,1.216197254628502700e+00,-2.958891302655385080e-02,9.770340054105393079e-01,3.006613220590094795e-02
8.947959662500908351e-01,7.950315260071970647e-01,1.218546554563907421e-03,4.529395253483026740e-01,-2.959405831729634492e-02,9.815240935080520313e-01,2.989942428283131476e-02,-7.094910478737315174e-01,1.716731208023106539e-03,1.219333051292701864e+00,-2.959405831729634492e-02,9.815240935080520313e-01,2.989942428283131476e-02
8.957939670421846134e-01,7.947665520040277931e-01,1.225542458674012004e-03,4.533774936129445488e-01,-2.959900175457621033e-02,9.860141831504475318e-01,2.973277000655059205e-02,-7.131664224859060042e-01,1.757587500002781924e-03,1.222467692958611574e+00,-2.959900175457621033e-02,9.860141831504475318e-01,2.973277000655059205e-02
8.967919678342783918e-01,7.945003734400253315e-01,1.232466194568326064e-03,4.538152894567621942e-01,-2.960374119821356301e-02,9.905042743777597858e-01,2.956617173195392675e-02,-7.168404764703091292e-01,1.798355672897573344e-03,1.225601176371599488e+00,-2.960374119821356301e-02,9.905042743777597858e-01,2.956617173195392675e-02
8.977899686263721701e-01,7.942330047857115716e-01,1.239317776592655396e-03,4.542529266380624930e-01,-2.960837684528851155e-02,9.946748816276204108e-01,2.939950035510582524e-02,-7.203398588803412439e-01,1.839070716906059631e-03,1.228513785520621626e+00,-2.960837684528851155e-02,9.946748816276204108e-01,2.939950035510582524e-02
8.987879694184659485e-01,7.939645033878295344e-01,1.246097186243178478e-03,4.546904703816351256e-01,-2.961303461525040953e-02,9.980290038082181292e-01,2.923255706275431492e-02,-7.233940676797920855e-01,1.879801254495744312e-03,1.230863987982235397e+00,-2.961303461525040953e-02,9.980290038082181292e-01,2.923255706275431492e-02
8.997859702105597268e-01,7.936949572992101354e-01,1.252804385294474651e-03,4.551280222781081131e-01,-2.961770892118521792e-02,1.000387126213200695e+00,2.906527687853806274e-02,-7.259042047907608985e-01,1.920595018489310545e-03,1.232528835386125010e+00,-2.961770892118521792e-02,1.000387126213200695e+00,2.906527687853806274e-02
9.007839710026533941e-01,7.934244602167939142e-01,1.259439337640232181e-03,4.555656899497246282e-01,-2.962233195639841360e-02,1.001749248862786379e+00,2.889766915804961589e-02,-7.278687186411698651e-01,1.961482495755207354e-03,1.233508869124698926e+00,-2.962233195639841360e-02,1.001749248862786379e+00,2.889766915804961589e-02
9.017819717947471725e-01,7.931531061894649959e-01,1.266002013621802917e-03,4.560035806675036274e-01,-2.962683667999308976e-02,1.002115371779940034e+00,2.872974298964191958e-02,-7.292860563067518065e-01,2.002494084945166848e-03,1.233804634439157999e+00,-2.962683667999308976e-02,1.002115371779940034e+00,2.872974298964191958e-02
9.027799725868408398e-01,7.928809896186315154e-01,1.272492389899617217e-03,4.564418013487938075e-01,-2.963115681691173148e-02,1.001485494990286274e+00,2.856150719166887161e-02,-7.301546634986403328e-01,2.043660096311632375e-03,1.233416680357610762e+00,-2.963115681691173148e-02,1.001485494990286274e+00,2.856150719166887161e-02
9.037779733789346182e-01,7.926082052577461123e-01,1.278910449323480405e-03,4.568804585557016962e-01,-2.963522685800380058e-02,9.998596185220196553e-01,2.839297030995210913e-02,-7.304729845509886355e-01,2.085010751347764375e-03,1.232345559634222987e+00,-2.963522685800380058e-02,9.998596185220196553e-01,2.839297030995210913e-02
9.047759741710283965e-01,7.923348482107805957e-01,1.285256180801621533e-03,4.573196584944028142e-01,-2.963898206011759268e-02,9.972377424058240791e-01,2.822414061547447867e-02,-7.302394624086087083e-01,2.126576182250671833e-03,1.230591828689424405e+00,-2.963898206011759268e-02,9.972377424058240791e-01,2.822414061547447867e-02
9.057739749631221748e-01,7.920610139296550001e-01,1.291529579168421800e-03,4.577595070153381851e-01,-2.964235844621483998e-02,9.936198666747886321e-01,2.805502610230055024e-02,-7.294525386146346602e-01,2.168386431208942262e-03,1.228156047551161256e+00,-2.964235844621483998e-02,9.936198666747886321e-01,2.805502610230055024e-02
9.067719757552159532e-01,7.917867989239423254e-01,1.297730547929352258e-03,4.582001011494015175e-01,-2.964529280286297766e-02,9.890059913685596005e-01,2.788563485992340274e-02,-7.281106381312493214e-01,2.210471367312669307e-03,1.225038785103643058e+00,-2.964529280286297766e-02,9.890059913685596005e-01,2.788563485992340274e-02
9.077699765473097315e-01,7.915122988212871524e-01,1.303859164780131691e-03,4.586415522644455289e-01,-2.964772269390427567e-02,9.833961165217013356e-01,2.771597405016094223e-02,-7.262122109622405342e-01,2.252860907216139644e-03,1.221240604514245431e+00,-2.964772269390427567e-02,9.833961165217013356e-01,2.771597405016094223e-02
9.087679773394035099e-01,7.912376099037662369e-01,1.309915467361614724e-03,4.590839674056925723e-01,-2.964958644369527357e-02,9.767902421728941187e-01,2.754605072668990171e-02,-7.237556984470042698e-01,2.295584838233387902e-03,1.216762074870590071e+00,-2.964958644369527357e-02,9.767902421728941187e-01,2.754605072668990171e-02
9.097659781314971772e-01,7.909628289686676528e-01,1.315899472861437004e-03,4.595274510206150964e-01,-2.965082314197299909e-02,9.691883683640154512e-01,2.737587175951070734e-02,-7.207395364238943225e-01,2.338672831554714816e-03,1.211603770054258788e+00,-2.965082314197299909e-02,9.691883683640154512e-01,2.737587175951070734e-02
9.107639789235909555e-01,7.906880531329487649e-01,1.321811203709143297e-03,4.599721072155106283e-01,-2.965137264544560544e-02,9.605904951389400148e-01,2.720544373471823693e-02,-7.171621592683959934e-01,2.382154462193158788e-03,1.205766267276167092e+00,-2.965137264544560544e-02,9.605904951389400148e-01,2.720544373471823693e-02
9.117619797156846229e-01,7.904133798245338571e-01,1.327650687434275617e-03,4.604180397611791764e-01,-2.965117557801063425e-02,9.509966225434531850e-01,2.703477295379091289e-02,-7.130219998810330972e-01,2.426059207235311752e-03,1.199250147024080837e+00,-2.965117557801063425e-02,9.509966225434531850e-01,2.703477295379091289e-02
9.127599805077784012e-01,7.901389067726080073e-01,1.333417956522603681e-03,4.608653520995367181e-01,-2.965017333098523070e-02,9.404067506251770903e-01,2.686386543310885500e-02,-7.083174896753278160e-01,2.470416443922442661e-03,1.192055993011184034e+00,-2.965017333098523070e-02,9.404067506251770903e-01,2.686386543310885500e-02
9.137579812998721795e-01,7.898647319969179792e-01,1.339113048270426133e-03,4.613141473511712110e-01,-2.964830806334728397e-02,9.288208794334914531e-01,2.669272690370146084e-02,-7.030470585658221694e-01,2.515255447562684925e-03,1.184184392125688712e+00,-2.964830806334728397e-02,9.288208794334914531e-01,2.669272690370146084e-02
9.147559820919659579e-01,7.895909537960792424e-01,1.344736004636915439e-03,4.617645283238477893e-01,-2.964552270198572703e-02,9.162390090194535430e-01,2.652136281122430619e-02,-6.972091349561594376e-01,2.560605389275326903e-03,1.175635934381480396e+00,-2.964552270198572703e-02,9.162390090194535430e-01,2.652136281122430619e-02
9.157539828840597362e-01,7.893176616471648810e-01,1.350286877131889928e-03,4.622165869740817445e-01,-2.964173630472609344e-02,9.029626321853558846e-01,2.634989856620992277e-02,-6.909687637179871000e-01,2.606426654738426031e-03,1.166617542735558954e+00,-2.964173630472609344e-02,9.029626321853558846e-01,2.634989856620992277e-02
9.167519836761535146e-01,7.890449030748554193e-01,1.355765743974479123e-03,4.626703661440231263e-01,-2.963687923075137773e-02,8.894887501352696235e-01,2.617853503827330397e-02,-6.845998021089724217e-01,2.652622018357229244e-03,1.157469672678348438e+00,-2.963687923075137773e-02,8.894887501352696235e-01,2.617853503827330397e-02
9.177499844682471819e-01,7.887726928459866116e-01,1.361172702321771389e-03,4.631258706544534309e-01,-2.963093446512801016e-02,8.760148705347624576e-01,2.600735103578275670e-02,-6.782113542136973816e-01,2.699148902204150970e-03,1.148327552529569751e+00,-2.963093446512801016e-02,8.760148705347624576e-01,2.600735103578275670e-02
9.187479852603409602e-01,7.885010396481108019e-01,1.366507852326122536e-03,4.635830984489028306e-01,-2.962390671143507598e-02,8.625409934443726279e-01,2.583634594867730352e-02,-6.718034808517581169e-01,2.746007088505194454e-03,1.139191205817887464e+00,-2.962390671143507598e-02,8.625409934443726279e-01,2.583634594867730352e-02
9.197459860524346276e-01,7.882299520368267753e-01,1.371771293737251030e-03,4.640420475090134000e-01,-2.961580067471829281e-02,8.490671189239005212e-01,2.566551916389313986e-02,-6.653762427466067830e-01,2.793196345557584677e-03,1.130060655541269998e+00,-2.961580067471829281e-02,8.490671189239005212e-01,2.566551916389313986e-02
9.207439868445284059e-01,7.879594384360174564e-01,1.376963125881507403e-03,4.645027158545859125e-01,-2.960662106135943106e-02,8.355932470324162198e-01,2.549487006539966766e-02,-6.589297005248793138e-01,2.840716427801406353e-03,1.120935924170907150e+00,-2.960662106135943106e-02,8.355932470324162198e-01,2.549487006539966766e-02
9.217419876366221843e-01,7.876895071380858315e-01,1.382083447641400606e-03,4.649651015436209178e-01,-2.959637257894706663e-02,8.221193778282599451e-01,2.532439803423560537e-02,-6.524639147157355046e-01,2.888567075891514298e-03,1.111817033655128961e+00,-2.959637257894706663e-02,8.221193778282599451e-01,2.532439803423560537e-02
9.227399884287159626e-01,7.874201663041898724e-01,1.387132357435373305e-03,4.654292026723568787e-01,-2.958505993614878385e-02,8.086455113690490526e-01,2.515410244854478228e-02,-6.459789457502228549e-01,2.936748016769582560e-03,1.102704005423320588e+00,-2.958505993614878385e-02,8.086455113690490526e-01,2.515410244854478228e-02
9.237379892208097409e-01,7.871514239644732402e-01,1.392109953197830227e-03,4.658950173753004242e-01,-2.957268784258474184e-02,7.951716477116836934e-01,2.498398268361175928e-02,-6.394748539606572857e-01,2.985258963736368669e-03,1.093596860389835834e+00,-2.957268784258474184e-02,7.951716477116836934e-01,2.498398268361175928e-02
9.247359900129035193e-01,7.868832833164155494e-01,1.397016875240797863e-03,4.663625911363922238e-01,-2.955978011541883499e-02,7.813970456251224661e-01,2.481743524566546594e-02,-6.328256202619934045e-01,3.032811798603561593e-03,1.084400876922686718e+00,-2.955978011541883499e-02,7.813970456251224661e-01,2.481743524566546594e-02
9.257339908049971866e-01,7.866157282058124922e-01,1.401855945863406724e-03,4.668321596876573998e-01,-2.954688013532186242e-02,7.670110995795117459e-01,2.465795697690249810e-02,-6.259012615301159377e-01,3.078078001841241286e-03,1.075018148075214564e+00,-2.954688013532186242e-02,7.670110995795117459e-01,2.465795697690249810e-02
9.267319915970909650e-01,7.863487361781988927e-01,1.406630596741320930e-03,4.673040119782876922e-01,-2.953401543728151335e-02,7.520026958417453944e-01,2.450565564307211064e-02,-6.186974236168300001e-01,3.121012667349952474e-03,1.065445078041451721e+00,-2.953401543728151335e-02,7.520026958417453944e-01,2.450565564307211064e-02
9.277299923891846323e-01,7.860822835547581766e-01,1.411344271919988836e-03,4.677784381577552164e-01,-2.952119405946419806e-02,7.363718342740068756e-01,2.436051309792874181e-02,-6.112143907772619178e-01,3.161618735546354447e-03,1.055681576230288243e+00,-2.952119405946419806e-02,7.363718342740068756e-01,2.436051309792874181e-02
9.287279931812784106e-01,7.858163456029592098e-01,1.416000407724530294e-03,4.682557278339603002e-01,-2.950842371652777699e-02,7.201185147352699989e-01,2.422251100796223022e-02,-6.034524221283172896e-01,3.199899362449380811e-03,1.045727558072371277e+00,-2.950842371652777699e-02,7.201185147352699989e-01,2.422251100796223022e-02
9.297259939733721890e-01,7.855508965330258997e-01,1.420602432745140913e-03,4.687361700805119380e-01,-2.949571180036263118e-02,7.032427370813727485e-01,2.409163085794753523e-02,-5.954117516874928295e-01,3.235857919117050233e-03,1.035582945148903811e+00,-2.949571180036263118e-02,7.032427370813727485e-01,2.409163085794753523e-02
9.307239947654659673e-01,7.852859094926153416e-01,1.425153767825603629e-03,4.692200534438979442e-01,-2.948306538074336666e-02,6.857445011650761257e-01,2.396785395648046851e-02,-5.870925884109994275e-01,3.269497991075758902e-03,1.025247665317406742e+00,-2.948306538074336666e-02,6.857445011650761257e-01,2.396785395648046851e-02
9.317219955575597456e-01,7.850213565597140564e-01,1.429657826054795506e-03,4.697076659505323160e-01,-2.947049120589146157e-02,6.676238068361415312e-01,2.385116144150579293e-02,-5.784951162312657047e-01,3.300823377741826138e-03,1.014721652834648991e+00,-2.947049120589146157e-02,6.676238068361415312e-01,2.385116144150579293e-02
9.327199963496535240e-01,7.847572087337553182e-01,1.434118012761068312e-03,4.701992951136667598e-01,-2.945799570294886649e-02,6.488806539413849439e-01,2.374153428584407227e-02,-5.696194940938346107e-01,3.329838091835977520e-03,1.004004848476911960e+00,-2.945799570294886649e-02,6.488806539413849439e-01,2.374153428584407227e-02
9.337179971417471913e-01,7.844934359249611244e-01,1.438537725509428291e-03,4.706952279401558359e-01,-2.944558497836256492e-02,6.295150423247518612e-01,2.363895330272403755e-02,-5.604658559937248929e-01,3.356546358790353946e-03,9.930971996577951932e-01,-2.944558497836256492e-02,6.295150423247518612e-01,2.363895330272403755e-02
9.347159979338409697e-01,7.842300069419168018e-01,1.442920354101373320e-03,4.711957509370621189e-01,-2.943326481818073909e-02,6.095269718273731430e-01,2.354339915132658279e-02,-5.510343110112861931e-01,3.380952616148492473e-03,9.819986605437314164e-01,-2.943326481818073909e-02,6.095269718273731430e-01,2.354339915132658279e-02
9.357139987259346370e-01,7.839668894773779151e-01,1.447269280577312411e-03,4.717011501180881639e-01,-2.942104068826071478e-02,5.889164422876365101e-01,2.345485234234726685e-02,-5.413249433476046146e-01,3.403061512958013932e-03,9.707091921674075863e-01,-2.942104068826071478e-02,5.889164422876365101e-01,2.345485234234726685e-02
9.367119995180284153e-01,7.837040500923170283e-01,1.451587879221474331e-03,4.722117110098255077e-01,-2.940891773438924703e-02,5.676834535412448313e-01,2.337329324358324370e-02,-5.313378123595040581e-01,3.422877909156296639e-03,9.592287625392651451e-01,-2.940891773438924703e-02,5.676834535412448313e-01,2.337329324358324370e-02
9.377100003101221937e-01,7.834414541982132052e-01,1.455879516569167417e-03,4.727277186578029422e-01,-2.939690078231595866e-02,5.458280054212830690e-01,2.329870208555171254e-02,-5.210729525942021656e-01,3.440406874948742817e-03,9.475573467572776520e-01,-2.939690078231595866e-02,5.458280054212830690e-01,2.329870208555171254e-02
9.387080011022159720e-01,7.831790660375880231e-01,1.460147551416333565e-03,4.732494576323235669e-01,-2.938499433770039304e-02,5.233500977582783431e-01,2.323105896714566798e-02,-5.105303738236626199e-01,3.455653690179899280e-03,9.356949271151698833e-01,-2.938499433770039304e-02,5.233500977582783431e-01,2.323105896714566798e-02
9.397060018943097504e-01,7.829168486627936518e-01,1.464395334831288193e-03,4.737772120340770221e-01,-2.937320258597379136e-02,5.002497303802673212e-01,2.317034386133388218e-02,-4.997100610787130748e-01,3.468623843697025977e-03,9.236414932092820163e-01,-2.937320258597379136e-02,5.002497303802673212e-01,2.317034386133388218e-02
9.407040026864035287e-01,7.826547639130523315e-01,1.468626210168537958e-03,4.743112654995128019e-01,-2.936152939211631244e-02,4.765269031128509525e-01,2.311653662091122177e-02,-4.886119746829725163e-01,3.479323032706083379e-03,9.113970420442379927e-01,-2.936152939211631244e-02,4.765269031128509525e-01,2.311653662091122177e-02
9.417020034784971960e-01,7.823927723897575737e-01,1.472843513084587342e-03,4.748519012059581601e-01,-2.934997830035102756e-02,4.521816157792697966e-01,2.306961698430593649e-02,-4.772360502866588305e-01,3.487757162119914031e-03,8.989615781376262271e-01,-2.934997830035102756e-02,4.521816157792697966e-01,2.306961698430593649e-02
9.427000042705909744e-01,7.821722268772841602e-01,1.472913375257182272e-03,4.750385838081639944e-01,-2.934439588501953564e-02,4.275035635370781906e-01,2.304294064752278326e-02,-4.652286564298473981e-01,3.488552482396214353e-03,8.866167505882390776e-01,-2.934439588501953564e-02,4.275035635370781906e-01,2.304294064752278326e-02
9.436980050626846417e-01,7.819552789973510665e-01,1.472658391984499066e-03,4.752045986969427038e-01,-2.933872567038907364e-02,4.028031691050935614e-01,2.301765113701287335e-02,-4.531701116458449197e-01,3.488977934761328115e-03,8.742810317510055773e-01,-2.933872567038907364e-02,4.028031691050935614e-01,2.301765113701287335e-02
9.446960058547784200e-01,7.817386697509438598e-01,1.472398763193072304e-03,4.753770689775938529e-01,-2.933254859175579016e-02,3.781275156033605533e-01,2.299222740229849016e-02,-4.411185904243975497e-01,3.489595284684657208e-03,8.619591211481686388e-01,-2.933254859175579016e-02,3.781275156033605533e-01,2.299222740229849016e-02
9.456940066468721984e-01,7.815225517610365769e-01,1.472133478166315389e-03,4.755573880607734671e-01,-2.932673059148905789e-02,3.541599776430349178e-01,2.296684546692955367e-02,-4.294195604946289824e-01,3.489965439661128939e-03,8.499879885229812970e-01,-2.932673059148905789e-02,3.541599776430349178e-01,2.296684546692955367e-02
9.466920074389659767e-01,7.813068173762610646e-01,1.471863262433796169e-03,4.757444805102813423e-01,-2.932231762589555119e-02,3.315619383236281803e-01,2.294171947766382447e-02,-4.184060020320737872e-01,3.489580732182421836e-03,8.386942719941112845e-01,-2.932231762589555119e-02,3.315619383236281803e-01,2.294171947766382447e-02
9.476900082310597551e-01,7.810914300889592043e-01,1.471588371119023336e-03,4.759379436483902048e-01,-2.931934278169334371e-02,3.103333975979246651e-01,2.291685910196517711e-02,-4.080783131831315913e-01,3.488426390176663314e-03,8.280778393283281247e-01,-2.931934278169334371e-02,3.103333975979246651e-01,2.291685910196517711e-02
9.486880090231535334e-01,7.808763529659334957e-01,1.471309060549679925e-03,4.761373756331541696e-01,-2.931783922349891908e-02,2.904743554184127108e-01,2.289227446875494176e-02,-3.984369324103302357e-01,3.486487297210333521e-03,8.181385442814920195e-01,-2.931783922349891908e-02,2.904743554184127108e-01,2.289227446875494176e-02
9.496860098152473117e-01,7.806615486950434502e-01,1.471025588399883875e-03,4.763423754396202692e-01,-2.931784019188768756e-02,2.719848117372825613e-01,2.286797614431363562e-02,-3.894823359507259553e-01,3.483748008060744833e-03,8.088762274077048176e-01,-2.931784019188768756e-02,2.719848117372825613e-01,2.286797614431363562e-02
9.506840106073409791e-01,7.804469796287408778e-01,1.470738213822733254e-03,4.765525428422738852e-01,-2.931937900149439793e-02,2.548647665064410206e-01,2.284397510862794245e-02,-3.812150352754847260e-01,3.480192764095491748e-03,8.002907168720896358e-01,-2.931937900149439793e-02,2.548647665064410206e-01,2.284397510862794245e-02
9.516820113994347574e-01,7.802326078245708230e-01,1.470447197573154178e-03,4.767674783987336795e-01,-2.932248903914604771e-02,2.391142196775080386e-01,2.282028273218394618e-02,-3.736355745507565218e-01,3.475805508461541748e-03,7.923818292675776087e-01,-2.932248903914604771e-02,2.391142196775080386e-01,2.282028273218394618e-02
9.526800121915284247e-01,7.800183950826514723e-01,1.470152802121107560e-03,4.769867834347181201e-01,-2.932720376202002308e-02,2.247331712018281191e-01,2.279691075320813137e-02,-3.667445280999923063e-01,3.470569901085607343e-03,7.851493704360649195e-01,-2.932720376202002308e-02,2.247331712018281191e-01,2.279691075320813137e-02
9.536780129836222031e-01,7.798043029801500214e-01,1.469855291755161643e-03,4.772100600302937035e-01,-2.933355669582108499e-02,2.117216210304699031e-01,2.277387125535708032e-02,-3.605424978677969072e-01,3.464469333487957270e-03,7.785931362942520861e-01,-2.933355669582108499e-02,2.117216210304699031e-01,2.277387125535708032e-02
9.546760137757159814e-01,7.795902929027755945e-01,1.469554932676461973e-03,4.774369110074295208e-01,-2.934158143297063356e-02,2.000795691142352173e-01,2.275117664585708105e-02,-3.550301108854561072e-01,3.457486943411510437e-03,7.727129136644835805e-01,-2.934158143297063356e-02,2.000795691142352173e-01,2.275117664585708105e-02
9.556740145678097598e-01,7.793763260733012066e-01,1.469251993083125910e-03,4.776669399188668286e-01,-2.935131163080229033e-02,1.898070154036622381e-01,2.272883963409479124e-02,-3.502080167382150555e-01,3.449605629268050980e-03,7.675084811108476845e-01,-2.935131163080229033e-02,1.898070154036622381e-01,2.272883963409479124e-02
9.566720153599035381e-01,7.791623635771317558e-01,1.468946743245082287e-03,4.778997510383194980e-01,-2.936278100975850056e-02,1.809039598490319589e-01,2.270687321065975595e-02,-3.460768850344200787e-01,3.440808064403189873e-03,7.629796097807930444e-01,-2.936278100975850056e-02,1.809039598490319589e-01,2.270687321065975595e-02
9.576700161519973165e-01,7.789483663849351425e-01,1.468639455569372473e-03,4.781349493520183902e-01,-2.937602335158252115e-02,1.733704024003713540e-01,2.268529062684000730e-02,-3.426374028765959978e-01,3.431076711181845970e-03,7.591260642524767510e-01,-2.937602335158252115e-02,1.733704024003713540e-01,2.268529062684000730e-02
9.586680169440909838e-01,7.787342953723475070e-01,1.468330404655941897e-03,4.783721405516129233e-01,-2.939107249750113476e-02,1.672063430074645918e-01,2.266410537457143326e-02,-3.398902723345462729e-01,3.420393834895806874e-03,7.559476033880462298e-01,-2.939107249750113476e-02,1.672063430074645918e-01,2.266410537457143326e-02
9.596660177361847621e-01,7.785201113367699044e-01,1.468019867343927677e-03,4.786109310284405449e-01,-2.940796234639331611e-02,1.624117816198514808e-01,2.264333116684198038e-02,-3.378362079205367019e-01,3.408741517494864523e-03,7.534439811930103703e-01,-2.940796234639331611e-02,1.624117816198514808e-01,2.264333116684198038e-02
9.606640185282784294e-01,7.783057750112698514e-01,1.467708122748478125e-03,4.788509278691756577e-01,-2.942672685294046159e-02,1.589867181868402646e-01,2.262298191855139501e-02,-3.364759340666250154e-01,3.396101671143176952e-03,7.516149476818577702e-01,-2.942672685294046159e-02,1.589867181868402646e-01,2.262298191855139501e-02
9.616620193203722078e-01,7.780912470755998456e-01,1.467395452288094808e-03,4.790917388528696530e-01,-2.944740002575421331e-02,1.569311526575096483e-01,2.260307172782733895e-02,-3.358101826041890448e-01,3.382456051602087885e-03,7.504602497500197922e-01,-2.944740002575421331e-02,1.569311526575096483e-01,2.260307172782733895e-02
9.626600201124659861e-01,7.778764881643497331e-01,1.467082139702535542e-03,4.793329724493911037e-01,-2.947001592547787013e-02,1.562450849807167363e-01,2.258361485779882341e-02,-3.358396902456904365e-01,3.367786271441150156e-03,7.499796320522842397e-01,-2.947001592547787013e-02,1.562450849807167363e-01,2.258361485779882341e-02
9.636559393665077300e-01,7.776162091595850701e-01,1.501925699011595009e-03,4.799585486433005643e-01,-2.896647859813324469e-02,1.572389434485637894e-01,2.281817559259647493e-02,-3.371460181493160513e-01,3.205027316957465098e-03,7.500844578427935394e-01,-2.896647859813324469e-02,1.572389434485637894e-01,2.281817559259647493e-02
9.646518586205494739e-01,7.773551991830012220e-01,1.536379472239118513e-03,4.805831608369515728e-01,-2.743674387478927182e-02,1.602176164139145764e-01,2.367741441680366182e-02,-3.394084570407825963e-01,2.688311779302708388e-03,7.510520368591864226e-01,-2.743674387478927182e-02,1.602176164139145764e-01,2.367741441680366182e-02
9.656477778745912177e-01,7.770934572147457642e-01,1.570082712761904824e-03,4.812061341022718097e-01,-2.488101168020072709e-02,1.651821355340443165e-01,2.516650100324607786e-02,-3.426288824727022897e-01,1.816227152090753739e-03,7.528820115348163755e-01,-2.488101168020072709e-02,1.651821355340443165e-01,2.516650100324607786e-02
9.666436971286329616e-01,7.768309843235450263e-01,1.602675132302729989e-03,4.818267943388501173e-01,-2.130021699443918753e-02,1.721327344644094925e-01,2.729035935601101942e-02,-3.468088596225664122e-01,5.874721018914105808e-04,7.555738837363219496e-01,-2.130021699443918753e-02,1.721327344644094925e-01,2.729035935601101942e-02
9.676396163826745944e-01,7.765677836142208523e-01,1.633797005168481295e-03,4.824444684456415389e-01,-1.669198843393443488e-02,1.810696014848201252e-01,3.002914501272709730e-02,-3.519499680730745483e-01,-9.784260264957796507e-04,7.591271359663299689e-01,-1.669198843393443488e-02,1.810696014848201252e-01,3.002914501272709730e-02
9.686355356367163383e-01,7.763038601668517114e-01,1.663136537821321070e-03,4.830584843114632543e-01,-1.157064860065410219e-02,1.919913819487626128e-01,3.213910607510025302e-02,-3.580549776555977393e-01,-2.302676355400520240e-03,7.635416851333012289e-01,-1.157064860065410219e-02,1.919913819487626128e-01,3.213910607510025302e-02
9.696314548907580821e-01,7.760392213467474098e-01,1.689868339970978205e-03,4.836681728035239769e-01,-7.177381884799353615e-03,2.048955558028165425e-01,3.221347401423518830e-02,-3.651264086063774061e-01,-3.144103854292364802e-03,7.688181452902020929e-01,-7.177381884799353615e-03,2.048955558028165425e-01,3.221347401423518830e-02
9.706273741447998260e-01,7.757738762356884976e-01,1.713371807455982060e-03,4.842728655069907795e-01,-3.815349971951791184e-03,2.197815699006109014e-01,3.018406305166680681e-02,-3.731656884013904718e-01,-3.633480752436955320e-03,7.749562572044768061e-01,-3.815349971951791184e-03,2.197815699006109014e-01,3.018406305166680681e-02
9.716232933988415699e-01,7.755078358334402955e-01,1.732922426870836009e-03,4.848718953714027391e-01,-1.483620609746731135e-03,2.366492383126964083e-01,2.676819060545958251e-02,-3.821742705040191979e-01,-3.769333175135512141e-03,7.819554554890042475e-01,-1.483620609746731135e-03,2.366492383126964083e-01,2.676819060545958251e-02
9.726192126528833137e-01,7.752411107612872110e-01,1.748747186157987177e-03,4.854645964332418018e-01,-1.820836042169502204e-04,2.554984265077917538e-01,2.271777634162940041e-02,-3.921535575573553145e-01,-3.554246914690032538e-03,7.898152103842358551e-01,-1.820836042169502204e-04,2.554984265077917538e-01,2.271777634162940041e-02
9.736151319069250576e-01,7.749737129351810250e-01,1.761215847031115172e-03,4.860503037526331394e-01,2.445792788068336626e-04,2.763295867608039913e-01,1.866401501515951855e-02,-4.031040961705560366e-01,-3.351074834595628611e-03,7.985348753754212270e-01,2.445792788068336626e-04,2.763295867608039913e-01,1.866401501515951855e-02
9.746110511609668015e-01,7.747056557173774838e-01,1.770797618590097284e-03,4.866283530076808139e-01,2.064580740864449266e-04,2.991438850984147191e-01,1.523577826454714651e-02,-4.150267229481600095e-01,-3.347705879863460167e-03,8.081136590900825922e-01,2.064580740864449266e-04,2.991438850984147191e-01,1.523577826454714651e-02
9.756069704150085453e-01,7.744369538663266050e-01,1.778038998612389843e-03,4.871980807539082470e-01,1.674571706976408700e-04,3.239418148336752346e-01,1.254479103375510940e-02,-4.279227458385723160e-01,-3.341857528203921301e-03,8.185505759105318191e-01,1.674571706976408700e-04,3.239418148336752346e-01,1.254479103375510940e-02
9.766028896690502892e-01,7.741676234991388128e-01,1.783512966127816755e-03,4.877588247057357274e-01,1.275094231145993621e-04,3.507233764399015907e-01,1.059106139594617746e-02,-4.417933218389859529e-01,-3.333761582735283828e-03,8.298452007726626611e-01,1.275094231145993621e-04,3.507233764399015907e-01,1.059106139594617746e-02
9.775988089230920330e-01,7.738976820240982546e-01,1.787791719680591977e-03,4.883099238045144896e-01,8.649830567416277763e-05,3.794885702895580692e-01,9.374597199807644526e-03,-4.566395376822278696e-01,-3.323675993826477170e-03,8.419971354172048894e-01,8.649830567416277763e-05,3.794885702895580692e-01,9.374597199807644526e-03
9.785947281771336659e-01,7.736271480373930753e-01,1.791449393795203557e-03,4.888507182513532889e-01,4.424181963464722078e-05,4.102373966457870669e-01,8.884152137738462324e-03,-4.724624045484799861e-01,-3.311893682938495901e-03,8.550060107332074777e-01,4.424181963464722078e-05,4.102373966457870669e-01,8.884152137738462324e-03
9.795906474311754097e-01,7.733560414820291884e-01,1.794946684813494711e-03,4.893805495417785645e-01,5.433472065319273547e-07,4.429698556524384045e-01,8.770641101767947395e-03,-4.892628532865432311e-01,-3.298677031814425519e-03,8.688714891181164024e-01,5.433472065319273547e-07,4.429698556524384045e-01,8.770641101767947395e-03
9.805865666852171536e-01,7.730843840954987334e-01,1.798388009416146405e-03,4.898987605022304126e-01,-4.464761470831453177e-05,4.776859473708088277e-01,8.652205760186618133e-03,-5.070417301693879164e-01,-3.284092764262829412e-03,8.835932668527397560e-01,-4.464761470831453177e-05,4.776859473708088277e-01,8.652205760186618133e-03
9.815824859392588975e-01,7.728121982422246905e-01,1.801771367656674174e-03,4.904047994214123518e-01,-9.059924373362490788e-05,5.134639875977906609e-01,8.530279535030934474e-03,-5.253492923943157145e-01,-3.268787819560613813e-03,8.987710195861652318e-01,-9.059924373362490788e-05,5.134639875977906609e-01,8.530279535030934474e-03
9.825784051933006413e-01,7.725395046405577615e-01,1.805096226065840050e-03,4.908985376891997210e-01,-1.365253361869361436e-04,5.493162409553005165e-01,8.408181592616022909e-03,-5.437027652491462915e-01,-3.253451156151585671e-03,9.139762870869441169e-01,-1.365253361869361436e-04,5.493162409553005165e-01,8.408181592616022909e-03
9.835743244473423852e-01,7.722663226727733976e-01,1.808362652490799879e-03,4.913799822304136811e-01,-1.823620273912630451e-04,5.851684949899806920e-01,8.286162014536659765e-03,-5.620654436798504516e-01,-3.238131222724978647e-03,9.291772923840122544e-01,-1.823620273912630451e-04,5.851684949899806920e-01,8.286162014536659765e-03
9.845702437013841291e-01,7.719926708730719955e-01,1.811570751670816496e-03,4.918491486868860063e-01,-2.281049605079263928e-04,6.210207496951336559e-01,8.164219557182057774e-03,-5.804368037467209085e-01,-3.222824045997030838e-03,9.443742536678051414e-01,-2.281049605079263928e-04,6.210207496951336559e-01,8.164219557182057774e-03
9.855661629554258729e-01,7.717185669911661439e-01,1.814720627669070717e-03,4.923060529581405609e-01,-2.737497806924089373e-04,6.568730050642039853e-01,8.042352997618334304e-03,-5.988163220602937820e-01,-3.207525654844729790e-03,9.595673903325525611e-01,-2.737497806924089373e-04,6.568730050642039853e-01,8.042352997618334304e-03
9.865620822094676168e-01,7.714440279941642276e-01,1.817812383875028366e-03,4.927507112005087286e-01,-3.192921350457970193e-04,6.927252610907712604e-01,7.920561132820597844e-03,-6.172034757670092908e-01,-3.192232080258703471e-03,9.747569229387769152e-01,-3.192921350457970193e-04,6.927252610907712604e-01,7.920561132820597844e-03
9.875580014635092496e-01,7.711690700685149835e-01,1.820846123007298888e-03,4.931831398263460398e-01,-3.647276725620012287e-04,7.285775177685458459e-01,7.798842778905842876e-03,-6.355977425347133503e-01,-3.176939355293979285e-03,9.899430731758676050e-01,-3.647276725620012287e-04,7.285775177685458459e-01,7.798842778905842876e-03
9.885539207175509935e-01,7.708937086220105650e-01,1.823821947116985743e-03,4.936033555033503273e-01,-4.100520440707726899e-04,7.644297750913664480e-01,7.677196770366582872e-03,-6.539986005379967438e-01,-3.161643515018507013e-03,1.005126063824727911e+00,-4.100520440707726899e-04,7.644297750913664480e-01,7.677196770366582872e-03
9.895498399715927373e-01,7.706179582858514454e-01,1.826739957591529693e-03,4.940113751539793596e-01,-4.552609021766264568e-04,8.002820330531938975e-01,7.555621959305243961e-03,-6.724055284433816393e-01,-3.146340596459579718e-03,1.020306118720487376e+00,-4.552609021766264568e-04,8.002820330531938975e-01,7.555621959305243961e-03
9.905457592256344812e-01,7.703418329167697198e-01,1.829600255159032811e-03,4.944072159549693923e-01,-5.003499011938447854e-04,8.361342916481051546e-01,7.434117214669242954e-03,-6.908180053943531185e-01,-3.131026638548168629e-03,1.035483462715286906e+00,-5.003499011938447854e-04,8.361342916481051546e-01,7.434117214669242954e-03
9.915416784796762251e-01,7.700653455992125807e-01,1.832402939893061720e-03,4.947908953369524743e-01,-5.453146970776562080e-04,8.719865508702928647e-01,7.312681421486804355e-03,-7.092355109962511506e-01,-3.115697682061268313e-03,1.050658321641126269e+00,-5.453146970776562080e-04,8.719865508702928647e-01,7.312681421486804355e-03
9.925375977337179689e-01,7.697885086475866334e-01,1.835148111217938059e-03,4.951624309841736737e-01,-5.901509473516400664e-04,9.078388107140560326e-01,7.191313480103513761e-03,-7.276575253010124644e-01,-3.100349769562295472e-03,1.065830922272779091e+00,-5.901509473516400664e-04,9.078388107140560326e-01,7.191313480103513761e-03
9.935335169877597128e-01,7.695113336085617206e-01,1.837835867914500371e-03,4.955218408343073366e-01,-6.348543110315742113e-04,9.436910711738004665e-01,7.070012305419526126e-03,-7.460835287917824132e-01,-3.084978945339594738e-03,1.081001492290771804e+00,-6.348543110315742113e-04,9.436910711738004665e-01,7.070012305419526126e-03
9.945294362418014567e-01,7.692338312634365849e-01,1.840466308126342604e-03,4.958691430783690457e-01,-6.794204485457600202e-04,9.795433322440304513e-01,6.948776826127463571e-03,-7.645130023673849529e-01,-3.069581255343110417e-03,1.096170260244421879e+00,-6.794204485457600202e-04,9.795433322440304513e-01,6.948776826127463571e-03
9.955253554958432005e-01,7.689560116305633741e-01,1.843039529366520112e-03,4.962043561607282771e-01,-7.238450216519738125e-04,1.015395593919346418e+00,6.827605983950975864e-03,-7.829454273266702735e-01,-3.054152747119286658e-03,1.111337455514940009e+00,-7.238450216519738125e-04,1.015395593919346418e+00,6.827605983950975864e-03
9.965212747498849444e-01,7.686778839678345410e-01,1.845555628524721227e-03,4.965274987792178685e-01,-7.681236933511652234e-04,1.051247856194440944e+00,6.706498732883980039e-03,-8.013802853527326464e-01,-3.038689469744282334e-03,1.126503308278586024e+00,-7.681236933511652234e-04,1.051247856194440944e+00,6.706498732883980039e-03
9.975171940039266882e-01,7.683994567752308047e-01,1.848014701874916947e-03,4.968385898853370231e-01,-8.122521277979736620e-04,1.087100119064090764e+00,6.585454038430512379e-03,-8.198170584970090324e-01,-3.023187473755493699e-03,1.141668049469888091e+00,-8.122521277979736620e-04,1.087100119064090764e+00,6.585454038430512379e-03
9.985131132579683211e-01,7.681207377974300643e-01,1.850416845083453863e-03,4.971376486845544562e-01,-8.562259902082251578e-04,1.122952382523157322e+00,6.464470876845190145e-03,-8.382552291632601182e-01,-3.007642811081507987e-03,1.156831910744910985e+00,-8.562259902082251578e-04,1.122952382523157322e+00,6.464470876845190145e-03
9.995090325120100649e-01,7.678417340264777069e-01,1.852762153217619783e-03,4.974246946367055222e-01,-9.000409467635104264e-04,1.158804646566578889e+00,6.343548234374308224e-03,-8.566942800914403300e-01,-2.992051534970513113e-03,1.171995124444583869e+00,-9.000409467635104264e-04,1.158804646566578889e+00,6.343548234374308224e-03
1.000504951766051809e+00,7.675624085556389531e-01,1.855050697462864604e-03,4.976997032777535357e-01,-9.433886730856171641e-04,1.194288785017879162e+00,6.222582283903026028e-03,-8.749148437084700580e-01,-2.976160245165952040e-03,1.186911848204794895e+00,-9.433886730856171641e-04,1.194288785017879162e+00,6.222582283903026028e-03
1.001500871020093664e+00,7.672829409470047768e-01,1.857282665965125958e-03,4.979628726891949797e-01,-9.858477322992238463e-04,1.228910919186432915e+00,6.101434019666058042e-03,-8.926221813468634414e-01,-2.959624339835082059e-03,1.201252440346370021e+00,-9.858477322992238463e-04,1.228910919186432915e+00,6.101434019666058042e-03
1.002496790274135297e+00,7.670033721601745569e-01,1.859458174564453418e-03,4.982142590020033901e-01,-1.027290573012741570e-03,1.262541215814472872e+00,5.980066102266380287e-03,-9.097375345884185505e-01,-2.942341553531907603e-03,1.214930797361265746e+00,-1.027290573012741570e-03,1.262541215814472872e+00,5.980066102266380287e-03
1.003492709528176929e+00,7.667238028429985697e-01,1.861577373130780940e-03,4.984539795901265502e-01,-1.067696863252473984e-03,1.295179674910781120e+00,5.858477493274358815e-03,-9.262593311428257703e-01,-2.924297601837844499e-03,1.227947605366005224e+00,-1.067696863252473984e-03,1.295179674910781120e+00,5.858477493274358815e-03
1.004488628782218784e+00,7.664443334484765114e-01,1.863640413553955145e-03,4.986821515463726873e-01,-1.107047045870022516e-03,1.326826296483699652e+00,5.736667192267899500e-03,-9.421860498152383467e-01,-2.905478698853965550e-03,1.240303530816907696e+00,-1.107047045870022516e-03,1.326826296483699652e+00,5.736667192267899500e-03
1.005484548036260417e+00,7.661650642675509326e-01,1.865647449682836983e-03,4.988988916501937987e-01,-1.145322337836427937e-03,1.357481080541111718e+00,5.614634232196658893e-03,-9.575162204202292138e-01,-2.885871556763039674e-03,1.251999220315312300e+00,-1.145322337836427937e-03,1.357481080541111718e+00,5.614634232196658893e-03
1.006480467290302272e+00,7.658860954607379368e-01,1.867598637262800300e-03,4.991043163362507418e-01,-1.182504729548120069e-03,1.387144027090415843e+00,5.492377674888720106e-03,-9.722484236978927719e-01,-2.865463385399500025e-03,1.263035300418670515e+00,-1.182504729548120069e-03,1.387144027090415843e+00,5.492377674888720106e-03
1.007476386544343905e+00,7.656075270885949191e-01,1.869494133871527769e-03,4.992985416637673590e-01,-1.218576984145622278e-03,1.415815136138505625e+00,5.369896606699450965e-03,-9.863812912321366921e-01,-2.844241891827753096e-03,1.273412377457502132e+00,-1.218576984145622278e-03,1.415815136138505625e+00,5.369896606699450965e-03
1.008472305798385760e+00,7.653294591410232384e-01,1.871334098853030467e-03,4.994816832866612044e-01,-1.253522636845855100e-03,1.443494407691747750e+00,5.247190134302535773e-03,-9.999135053711798449e-01,-2.822195279929340557e-03,1.283131037358199888e+00,-1.253522636845855100e-03,1.443494407691747750e+00,5.247190134302535773e-03
1.009468225052427393e+00,7.650519915654050429e-01,1.873118693249782238e-03,4.996538564244679126e-01,-1.287325994288931975e-03,1.470181841755962449e+00,5.124257380622888360e-03,-1.012843799150301871e+00,-2.799312249999354532e-03,1.292191845471664768e+00,-1.287325994288931975e-03,1.470181841755962449e+00,5.124257380622888360e-03
1.010464144306469247e+00,7.647752242935732525e-01,1.874848079732903796e-03,4.998151758340464990e-01,-1.319972133900191484e-03,1.495877438336403076e+00,5.001097480911383120e-03,-1.025170956216860496e+00,-2.775581998352505755e-03,1.300595346407763309e+00,-1.319972133900191484e-03,1.495877438336403076e+00,5.001097480911383120e-03
1.011460063560510880e+00,7.644992572676189146e-01,1.876522422530313948e-03,4.999657557820764153e-01,-1.351446903268365340e-03,1.520581197437736787e+00,4.877709578961166373e-03,-1.036893810757606671e+00,-2.750994216939276968e-03,1.308342063875593153e+00,-1.351446903268365340e-03,1.520581197437736787e+00,4.877709578961166373e-03
1.012455982814552513e+00,7.642241904645321604e-01,1.878141887352778984e-03,5.001057100183470272e-01,-1.381736919540488403e-03,1.544293119064027220e+00,4.754092823465407534e-03,-1.048011247428330295e+00,-2.725539092972449964e-03,1.315432500529545745e+00,-1.381736919540488403e-03,1.544293119064027220e+00,4.754092823465407534e-03
1.013451902068594368e+00,7.639501239196854199e-01,1.879706641317792359e-03,5.002351517498434541e-01,-1.410829568834543217e-03,1.567013203218716511e+00,4.630246364516499638e-03,-1.058522201285855724e+00,-2.699207308564642062e-03,1.321867137821157723e+00,-1.410829568834543217e-03,1.567013203218716511e+00,4.630246364516499638e-03
1.014447821322636001e+00,7.636771577491549001e-01,1.881216852871230244e-03,5.003541936156356007e-01,-1.438713005670251479e-03,1.588741449904607084e+00,4.506169350246222623e-03,-1.068425657722415600e+00,-2.671990040376808623e-03,1.327646435856722817e+00,-1.438713005670251479e-03,1.588741449904607084e+00,4.506169350246222623e-03
1.015443740576677856e+00,7.634053921708897628e-01,1.882672691706709003e-03,5.004629476625717110e-01,-1.465376152418981087e-03,1.609477859123849441e+00,4.381860923607159078e-03,-1.077720652402426094e+00,-2.643878959278504401e-03,1.332770833260685350e+00,-1.465376152418981087e-03,1.609477859123849441e+00,4.381860923607159078e-03
1.016439659830719489e+00,7.631349275247292230e-01,1.884074328682608162e-03,5.005615253217859939e-01,-1.490808698773233654e-03,1.629222430877920846e+00,4.257320219294803004e-03,-1.086406271201681317e+00,-2.614866230019843862e-03,1.337240747044766698e+00,-1.490808698773233654e-03,1.629222430877920846e+00,4.257320219294803004e-03
1.017435579084761343e+00,7.628658642912750087e-01,1.885421935736715515e-03,5.006500373860259812e-01,-1.515001101236450190e-03,1.647975165167615774e+00,4.132546360810555007e-03,-1.094481650149004226e+00,-2.584944510915769371e-03,1.341056572482847820e+00,-1.515001101236450190e-03,1.647975165167615774e+00,4.132546360810555007e-03
1.018431498338802976e+00,7.625983031096214004e-01,1.886715685798417801e-03,5.007285939878067804e-01,-1.537944582633760972e-03,1.665736061993028816e+00,4.007538457665288205e-03,-1.101945975370355990e+00,-2.554106953542807645e-03,1.344218682991572322e+00,-1.537944582633760972e-03,1.665736061993028816e+00,4.007538457665288205e-03
1.019427417592844831e+00,7.623323447939519548e-01,1.887955752698454968e-03,5.007973045783976618e-01,-1.559631131644168131e-03,1.682505121353542243e+00,3.882295602723483553e-03,-1.108798483035439375e+00,-2.522347202448647994e-03,1.346727430016678051e+00,-1.559631131644168131e-03,1.682505121353542243e+00,3.882295602723483553e-03
1.020423336846886464e+00,7.620680903490086866e-01,1.889142311076138711e-03,5.008562779076533023e-01,-1.580053502354803038e-03,1.698282343247812687e+00,3.756816869687589801e-03,-1.115038459306805452e+00,-2.489659394874708422e-03,1.348583142925040779e+00,-1.580053502354803038e-03,1.698282343247812687e+00,3.756816869687589801e-03
1.021419256100928319e+00,7.618056409844373711e-01,1.890275536284059549e-03,5.009056220046954611e-01,-1.599205213837827247e-03,1.713067727673760698e+00,3.631101310722876976e-03,-1.120665240291492726e+00,-2.456038160492257302e-03,1.349786128902416893e+00,-1.599205213837827247e-03,1.713067727673760698e+00,3.631101310722876976e-03
1.022415175354969952e+00,7.615450981280228460e-01,1.891355604290231298e-03,5.009454441594529683e-01,-1.617080549750339125e-03,1.726861274628558984e+00,3.505147954222245614e-03,-1.125678211995204014e+00,-2.421478621151961809e-03,1.350336672856889741e+00,-1.617080549750339125e-03,1.726861274628558984e+00,3.505147954222245614e-03
1.023411094609011585e+00,7.612865634378143120e-01,1.892382691577640386e-03,5.009758509050744602e-01,-1.633674557957959673e-03,1.739662984108619082e+00,3.378955802711175634e-03,-1.130076810279049049e+00,-2.385976390647418649e-03,1.350235037327993437e+00,-1.633674557957959673e-03,1.739662984108619082e+00,3.378955802711175634e-03
1.024407013863053439e+00,7.610301388131579525e-01,1.893356975041225179e-03,5.009969480012165244e-01,-1.648983050182352330e-03,1.751472856109585807e+00,3.252523830892649175e-03,-1.133860520818858797e+00,-2.349527574492737362e-03,1.349481462401528553e+00,-1.648983050182352330e-03,1.751472856109585807e+00,3.252523830892649175e-03
1.025402933117095072e+00,7.607759264046368708e-01,1.894278631882215496e-03,5.010088404182250210e-01,-1.663002601673332480e-03,1.762290890626323048e+00,3.125850983831823630e-03,-1.137028879067100151e+00,-2.312128769714444192e-03,1.348076165630035739e+00,-1.663002601673332480e-03,1.762290890626323048e+00,3.125850983831823630e-03
1.026398852371136927e+00,7.605240286229357771e-01,1.895147839499872634e-03,5.010116323222127965e-01,-1.675730550905754016e-03,1.772117087652911316e+00,2.998936175280563290e-03,-1.139581470217387205e+00,-2.273777064657906029e-03,1.346019341958951898e+00,-1.675730550905754016e-03,1.772117087652911316e+00,2.998936175280563290e-03
1.027394771625178560e+00,7.602745481466322008e-01,1.895964775380600638e-03,5.010054270610504457e-01,-1.687164999301723730e-03,1.780951447182633096e+00,2.871778286141622293e-03,-1.141517929171621093e+00,-2.234470038808500369e-03,1.343311163658408969e+00,-1.687164999301723730e-03,1.780951447182633096e+00,2.871778286141622293e-03
1.028390690879220415e+00,7.600275879289334346e-01,1.896729616984422963e-03,5.009903271512763379e-01,-1.697304810978373171e-03,1.788793969207970180e+00,2.744376163072341848e-03,-1.142837940509753736e+00,-2.194205762627591573e-03,1.339951780260700387e+00,-1.697304810978373171e-03,1.788793969207970180e+00,2.744376163072341848e-03
1.029386610133262048e+00,7.597832512033600993e-01,1.897442541628840572e-03,5.009664342659398972e-01,-1.706149612521613195e-03,1.795644653720597228e+00,2.616728617227990529e-03,-1.143541238462199017e+00,-2.152982797403672072e-03,1.335941318503385489e+00,-1.706149612521613195e-03,1.795644653720597228e+00,2.616728617227990529e-03
1.030382529387303903e+00,7.595416414883942036e-01,1.898103726370081431e-03,5.009338492233900153e-01,-1.713699792786119256e-03,1.801503500711370442e+00,2.488834423144454903e-03,-1.143627606884899617e+00,-2.110800195118653789e-03,1.331279882278040283e+00,-1.713699792786119256e-03,1.801503500711370442e+00,2.488834423144454903e-03
1.031378448641345535e+00,7.593028625910996920e-01,1.898713347881721483e-03,5.008926719770151470e-01,-1.719956502721844537e-03,1.806370510170332233e+00,2.360692317760356394e-03,-1.143096879237056163e+00,-2.067657498329530941e-03,1.325967552584647269e+00,-1.719956502721844537e-03,1.806370510170332233e+00,2.360692317760356394e-03
1.032374367895387390e+00,7.590670186097282501e-01,1.899271582330731498e-03,5.008430016059540746e-01,-1.724921655227290747e-03,1.810245682086695451e+00,2.232300999578499395e-03,-1.141948938561526461e+00,-2.023554740065535221e-03,1.320004387491614972e+00,-1.724921655227290747e-03,1.810245682086695451e+00,2.232300999578499395e-03
1.033370287149429023e+00,7.588342139353186910e-01,1.899778605250934628e-03,5.007849363067815585e-01,-1.728597925029821524e-03,1.813129016448847830e+00,2.103659127966546992e-03,-1.140183717467909696e+00,-1.978492443740873571e-03,1.313390422101429200e+00,-1.728597925029821524e-03,1.813129016448847830e+00,2.103659127966546992e-03
1.034366206403470656e+00,7.586045532523083557e-01,1.900234591413908292e-03,5.007185733861858612e-01,-1.730988748593120579e-03,1.815020513244343991e+00,1.974765322596980666e-03,-1.137801198118317370e+00,-1.932471623083179728e-03,1.306125668521932015e+00,-1.730988748593120579e-03,1.815020513244343991e+00,1.974765322596980666e-03
1.035362125657512511e+00,7.583781415381596336e-01,1.900639714697347936e-03,5.006440092546474707e-01,-1.732098324052093376e-03,1.815920172459907445e+00,1.845618163026229710e-03,-1.134801412215836747e+00,-1.885493782077775826e-03,1.298210115843217549e+00,-1.732098324052093376e-03,1.815920172459907445e+00,1.845618163026229710e-03
1.036358044911554144e+00,7.581550740074228800e-01,1.900994140928970568e-03,5.005613302516567220e-01,-1.732212393091521691e-03,1.816122666820293219e+00,1.716298414414220387e-03,-1.131362106421657021e+00,-1.837784869447008388e-03,1.289839629866652571e+00,-1.732212393091521691e-03,1.816122666820293219e+00,1.716298414414220387e-03
1.037353964165595999e+00,7.579353280654851366e-01,1.901298025588467593e-03,5.004709114573290263e-01,-1.732205692353139996e-03,1.815905435724163075e+00,1.589346492645196283e-03,-1.127688391952757829e+00,-1.790645289850777925e-03,1.281274831560507810e+00,-1.732205692353139996e-03,1.815905435724163075e+00,1.589346492645196283e-03
1.038349883419637631e+00,7.577190256678688618e-01,1.901554162917678224e-03,5.003723125270985728e-01,-1.732020006444430407e-03,1.815002356927907678e+00,1.468233427820121121e-03,-1.123715592823752774e+00,-1.745264613583578537e-03,1.272554928830514021e+00,-1.732020006444430407e-03,1.815002356927907678e+00,1.468233427820121121e-03
1.039345802673679486e+00,7.575059910167341037e-01,1.901764895839251103e-03,5.002664284314143339e-01,-1.730894202267608444e-03,1.813133462411609109e+00,1.354011809585291834e-03,-1.119342931985184197e+00,-1.701742604102153946e-03,1.263649634377914888e+00,-1.730894202267608444e-03,1.813133462411609109e+00,1.354011809585291834e-03
1.040341721927721119e+00,7.572961385980736537e-01,1.901933197508611211e-03,5.001537493863609241e-01,-1.728717115163244233e-03,1.810272773853601747e+00,1.246678576171651601e-03,-1.114562863060009068e+00,-1.660047408508406571e-03,1.254558449473178960e+00,-1.728717115163244233e-03,1.810272773853601747e+00,1.246678576171651601e-03
1.041337641181762974e+00,7.570893683565060872e-01,1.902061957168738830e-03,5.000348312505543680e-01,-1.725511208485107752e-03,1.806420291220272922e+00,1.146231578167416446e-03,-1.109376580576497462e+00,-1.620192153627889823e-03,1.245280839506437864e+00,-1.725511208485107752e-03,1.806420291220272922e+00,1.146231578167416446e-03
1.042333560435804607e+00,7.568855804648024765e-01,1.902154056615117409e-03,4.999102289490779394e-01,-1.721298051434010058e-03,1.801576014480350763e+00,1.052668892996671927e-03,-1.103785255964240486e+00,-1.582189564072161063e-03,1.235816280322133975e+00,-1.721298051434010058e-03,1.801576014480350763e+00,1.052668892996671927e-03
1.043329479689846240e+00,7.566846753723744934e-01,1.902212370505290641e-03,4.997804965000571809e-01,-1.716098345220698485e-03,1.795739943604787836e+00,9.659888124161114704e-04,-1.097790036903499855e+00,-1.546051967410105909e-03,1.226164258583156474e+00,-1.716098345220698485e-03,1.795739943604787836e+00,9.659888124161114704e-04
1.044325398943888095e+00,7.564865538490026520e-01,1.902239766653365588e-03,4.996461870405335404e-01,-1.709931949156491722e-03,1.788912078566644803e+00,8.861898296632648563e-04,-1.091392046668786753e+00,-1.511791299301906786e-03,1.216324272122571992e+00,-1.709931949156491722e-03,1.788912078566644803e+00,8.861898296632648563e-04
1.045321318197929727e+00,7.562911170238217906e-01,1.902239106309536057e-03,4.995078528516317951e-01,-1.702817906675413917e-03,1.781092419340970290e+00,8.132706262719882053e-04,-1.084592383466829624e+00,-1.479419108597195736e-03,1.206295830283348858e+00,-1.702817906675413917e-03,1.781092419340970290e+00,8.132706262719882053e-04
1.046317237451971582e+00,7.560982664195816660e-01,1.902213244424704255e-03,4.993660453830288115e-01,-1.694774471291644619e-03,1.772280965904682759e+00,7.472300585704774473e-04,-1.077392119769115642e+00,-1.448946562398887878e-03,1.196078454246471967e+00,-1.694774471291644619e-03,1.772280965904682759e+00,7.472300585704774473e-04
1.047313156706013215e+00,7.559079039821943180e-01,1.902165029900233263e-03,4.992213152767271955e-01,-1.685819132495948100e-03,1.762477718236445945e+00,6.880671438771358969e-04,-1.069792301639194809e+00,-1.420384451094352206e-03,1.185671677347855946e+00,-1.685819132495948100e-03,1.762477718236445945e+00,6.880671438771358969e-04
1.048309075960055070e+00,7.557199321055902974e-01,1.902097305822921186e-03,4.990742123901369953e-01,-1.675968641594737310e-03,1.751682676316550058e+00,6.357810464090293736e-04,-1.061793948054934766e+00,-1.393743193355432165e-03,1.175075045384478267e+00,-1.675968641594737310e-03,1.751682676316550058e+00,6.357810464090293736e-04
1.049304995214096703e+00,7.555342536518887542e-01,1.902012909685238395e-03,4.989252858184727857e-01,-1.665239037495262970e-03,1.739895840126783222e+00,5.903710629175280833e-04,-1.053398050225913485e+00,-1.369032841108872283e-03,1.164288116910139115e+00,-1.665239037495262970e-03,1.739895840126783222e+00,5.903710629175280833e-04
1.050300914468138558e+00,7.553507719669039222e-01,1.901914673590904834e-03,4.987750839164687422e-01,-1.653645672440310060e-03,1.727117209650310903e+00,5.518366080655348746e-04,-1.044605570906165237e+00,-1.346263084478733357e-03,1.153310463521291185e+00,-1.653645672440310060e-03,1.727117209650310903e+00,5.518366080655348746e-04
1.051296833722180191e+00,7.551693908909943298e-01,1.901805424445847294e-03,4.986241543194261938e-01,-1.641203237695771635e-03,1.713346784871546680e+00,5.201771995602268812e-04,-1.035417443702473905e+00,-1.325443256702319274e-03,1.142141670133356435e+00,-1.641203237695771635e-03,1.713346784871546680e+00,5.201771995602268812e-04
1.052292752976221824e+00,7.549900147652713889e-01,1.901687984134623616e-03,4.984730439635893240e-01,-1.627925789194241760e-03,1.698584565776026123e+00,4.953924430550961811e-04,-1.025834572378418574e+00,-1.306582339021100615e-03,1.130781335247980079e+00,-1.627925789194241760e-03,1.698584565776026123e+00,4.953924430550961811e-04
1.053288672230263678e+00,7.548125484331781321e-01,1.901565169682326159e-03,4.983222991058650631e-01,-1.613826773137597842e-03,1.682830552350276898e+00,4.774820168347927761e-04,-1.015857830154391239e+00,-1.289688965548108253e-03,1.119229071211666593e+00,-1.613826773137597842e-03,1.682830552350276898e+00,4.774820168347927761e-04
1.054284591484305311e+00,7.546368972374469797e-01,1.901439793402064744e-03,4.981724653428907801e-01,-1.598919051561664521e-03,1.666084744581692201e+00,4.664456562959175788e-04,-1.005488059003797785e+00,-1.274771428113308323e-03,1.107484504466245578e+00,-1.598919051561664521e-03,1.666084744581692201e+00,4.664456562959175788e-04
1.055280510738347166e+00,7.544629712782894293e-01,1.901314338151904567e-03,4.980240590448605231e-01,-1.582860162278214907e-03,1.648540628936361330e+00,4.601371412092649326e-04,-9.948095988760145003e-01,-1.261016367346300734e-03,1.095607517956919574e+00,-1.582860162278214907e-03,1.648540628936361330e+00,4.601371412092649326e-04
1.056276429992388799e+00,7.542907086223654689e-01,1.901189841013265283e-03,4.978774284978242926e-01,-1.565851696206705399e-03,1.630653841946460458e+00,4.551337359887949003e-04,-9.840052223691254651e-01,-1.247371989429522845e-03,1.083693959326311518e+00,-1.565851696206705399e-03,1.630653841946460458e+00,4.551337359887949003e-04
1.057272349246430654e+00,7.541200961933927083e-01,1.901066412969221187e-03,4.977326680859563424e-01,-1.548637558784758976e-03,1.612727304336997403e+00,4.501302387255132361e-04,-9.731875943888962377e-01,-1.233659047843583710e-03,1.071780406603299651e+00,-1.548637558784758976e-03,1.612727304336997403e+00,4.501302387255132361e-04
1.058268268500472287e+00,7.539511400031364552e-01,1.900944053024169371e-03,4.975897790459754000e-01,-1.531423421362811902e-03,1.594800766727533681e+00,4.451267414622314092e-04,-9.623699664086665662e-01,-1.219946106257643924e-03,1.059866853880287341e+00,-1.531423421362811902e-03,1.594800766727533681e+00,4.451267414622314092e-04
1.059264187754514142e+00,7.537838481357256315e-01,1.900822771364936697e-03,4.974487526933100145e-01,-1.514209283940865262e-03,1.576874229118070403e+00,4.401232441989497450e-04,-9.515523384284374497e-01,-1.206233164671704572e-03,1.047953301157275252e+00,-1.514209283940865262e-03,1.576874229118070403e+00,4.401232441989497450e-04
1.060260107008555774e+00,7.536182285617908372e-01,1.900702578048041281e-03,4.973095804197776304e-01,-1.496995146518918622e-03,1.558947691508607125e+00,4.351197469356680807e-04,-9.407347104482081113e-01,-1.192520223085765220e-03,1.036039748434263164e+00,-1.496995146518918622e-03,1.558947691508607125e+00,4.351197469356680807e-04
1.061256026262597629e+00,7.534542891392009833e-01,1.900583483000190801e-03,4.971722536943321558e-01,-1.479781009096971982e-03,1.541021153899143625e+00,4.301162496723863623e-04,-9.299170824679787728e-01,-1.178807281499825868e-03,1.024126195711251075e+00,-1.479781009096971982e-03,1.541021153899143625e+00,4.301162496723863623e-04
1.062251945516639262e+00,7.532920376137928198e-01,1.900465496018777321e-03,4.970367640638017059e-01,-1.462566871675025125e-03,1.523094616289680348e+00,4.251127524091046438e-04,-9.190994544877494343e-01,-1.165094339913886516e-03,1.012212642988238986e+00,-1.462566871675025125e-03,1.523094616289680348e+00,4.251127524091046438e-04
1.063247864770680895e+00,7.531314816200957996e-01,1.900348626772371688e-03,4.969031031536131904e-01,-1.445352734253078269e-03,1.505168078680216848e+00,4.201092551458228712e-04,-9.082818265075199848e-01,-1.151381398327946948e-03,1.000299090265226898e+00,-1.445352734253078269e-03,1.505168078680216848e+00,4.201092551458228712e-04
1.064243784024722750e+00,7.529726286820507264e-01,1.900232884801212946e-03,4.967712626685069077e-01,-1.428138596831131629e-03,1.487241541070753348e+00,4.151057578825412069e-04,-8.974641985272906464e-01,-1.137668456742007596e-03,9.883855375422146983e-01,-1.428138596831131629e-03,1.487241541070753348e+00,4.151057578825412069e-04
1.065239703278764383e+00,7.528154862137218517e-01,1.900118279517696868e-03,4.966412343932408158e-01,-1.410924459409184989e-03,1.469315003461290070e+00,4.101022606192594885e-04,-8.866465705470613079e-01,-1.123955515156068027e-03,9.764719848192026097e-01,-1.410924459409184989e-03,1.469315003461290070e+00,4.101022606192594885e-04
1.066235622532806238e+00,7.526600615200034206e-01,1.900004820206860389e-03,4.965130101932820339e-01,-1.393710321987238132e-03,1.451388465851826570e+00,4.050987633559777700e-04,-8.758289425668319694e-01,-1.110242573570128675e-03,9.645584320961905211e-01,-1.393710321987238132e-03,1.451388465851826570e+00,4.050987633559777700e-04
1.067231541786847870e+00,7.525063617973202224e-01,1.899892516026864282e-03,4.963865820154901298e-01,-1.376496184565291492e-03,1.433461928242363292e+00,4.000952660926961058e-04,-8.650113145866026310e-01,-1.096529631984189323e-03,9.526448793731784326e-01,-1.376496184565291492e-03,1.433461928242363292e+00,4.000952660926961058e-04
1.068227461040889725e+00,7.523543941343208141e-01,1.899781376009471515e-03,4.962619418887867506e-01,-1.359282047143344635e-03,1.415535390632900015e+00,3.950917688294143873e-04,-8.541936866063732925e-01,-1.082816690398249971e-03,9.407313266501663440e-01,-1.359282047143344635e-03,1.415535390632900015e+00,3.950917688294143873e-04
1.069223380294931358e+00,7.522041655125660808e-01,1.899671409060523864e-03,4.961390819248173711e-01,-1.342067909721397778e-03,1.397608853023436515e+00,3.900882715661326688e-04,-8.433760586261439540e-01,-1.069103748812310619e-03,9.288177739271542555e-01,-1.342067909721397778e-03,1.397608853023436515e+00,3.900882715661326688e-04
1.070219299548973213e+00,7.520556828072094691e-01,1.899562623960413974e-03,4.960179943186009410e-01,-1.324853772299451138e-03,1.379682315413973237e+00,3.850847743028509504e-04,-8.325584306459146156e-01,-1.055390807226371267e-03,9.169042212041421669e-01,-1.324853772299451138e-03,1.379682315413973237e+00,3.850847743028509504e-04
1.071215218803014846e+00,7.519089527876722245e-01,1.899455029364555039e-03,4.958986713491693177e-01,-1.307639634877504498e-03,1.361755777804509737e+00,3.800812770395692861e-04,-8.217408026656852771e-01,-1.041677865640431699e-03,9.049906684811300783e-01,-1.307639634877504498e-03,1.361755777804509737e+00,3.800812770395692861e-04
1.072211138057056701e+00,7.517639821183109694e-01,1.899348633803846133e-03,4.957811053801964851e-01,-1.290425497455557641e-03,1.343829240195046459e+00,3.750777797762875677e-04,-8.109231746854559386e-01,-1.027964924054492347e-03,8.930771157581179898e-01,-1.290425497455557641e-03,1.343829240195046459e+00,3.750777797762875677e-04
1.073207057311098334e+00,7.516207773590792840e-01,1.899243445685135393e-03,4.956652888606176699e-01,-1.273211360033610785e-03,1.325902702585582960e+00,3.700742825130057950e-04,-8.001055467052264891e-01,-1.014251982468552778e-03,8.811635630351056792e-01,-1.273211360033610785e-03,1.325902702585582960e+00,3.700742825130057950e-04
1.074202976565139966e+00,7.514793449661820723e-01,1.899139473291677760e-03,4.955512143252377988e-01,-1.255997222611664145e-03,1.307976164976119460e+00,3.650707852497240766e-04,-7.892879187249971507e-01,-1.000539040882613426e-03,8.692500103120935906e-01,-1.255997222611664145e-03,1.307976164976119460e+00,3.650707852497240766e-04
1.075198895819181821e+00,7.513396912927231552e-01,1.899036724783590346e-03,4.954388743953300200e-01,-1.238783085189717505e-03,1.290049627366656182e+00,3.600672879864424123e-04,-7.784702907447678122e-01,-9.868260992966740742e-04,8.573364575890815020e-01,-1.238783085189717505e-03,1.290049627366656182e+00,3.600672879864424123e-04
1.076194815073223454e+00,7.512018225893462020e-01,1.898935208198302381e-03,4.953282617792245102e-01,-1.221568947767770648e-03,1.272123089757192682e+00,3.550637907231606939e-04,-7.676526627645384737e-01,-9.731131577107343970e-04,8.454229048660694135e-01,-1.221568947767770648e-03,1.272123089757192682e+00,3.550637907231606939e-04
1.077190734327265309e+00,7.510657450048682238e-01,1.898834931451004069e-03,4.952193692728866781e-01,-1.204354810345824225e-03,1.254196552147729626e+00,3.500602934598790296e-04,-7.568350347843092463e-01,-9.594002161247951535e-04,8.335093521430574359e-01,-1.204354810345824225e-03,1.254196552147729626e+00,3.500602934598790296e-04
1.078186653581306942e+00,7.509314645869062943e-01,1.898735902335088079e-03,4.951121897604862099e-01,-1.187140672923877151e-03,1.236270014538265682e+00,3.450567961965972028e-04,-7.460174068040796858e-01,-9.456872745388554763e-04,8.215957994200451253e-01,-1.187140672923877151e-03,1.236270014538265682e+00,3.450567961965972028e-04
1.079182572835348797e+00,7.507989872824970545e-01,1.898638128522589508e-03,4.950067162149551225e-01,-1.169926535501930511e-03,1.218343476928802627e+00,3.400532989333155927e-04,-7.351997788238504583e-01,-9.319743329529162328e-04,8.096822466970331478e-01,-1.169926535501930511e-03,1.218343476928802627e+00,3.400532989333155927e-04
1.080178492089390430e+00,7.506683189387088895e-01,1.898541617564619569e-03,4.949029416985377683e-01,-1.152712398079983871e-03,1.200416939319339349e+00,3.350498016700338743e-04,-7.243821508436211198e-01,-9.182613913669768809e-04,7.977686939740210592e-01,-1.152712398079983871e-03,1.200416939319339349e+00,3.350498016700338743e-04
1.081174411343432284e+00,7.505394653032468888e-01,1.898446376891796232e-03,4.948008593633295149e-01,-1.135498260658037231e-03,1.182490401709875849e+00,3.300463044067521558e-04,-7.135645228633917814e-01,-9.045484497810374206e-04,7.858551412510089706e-01,-1.135498260658037231e-03,1.182490401709875849e+00,3.300463044067521558e-04
1.082170330597473917e+00,7.504124320250503688e-01,1.898352413814670750e-03,4.947004624518065441e-01,-1.118284123236090374e-03,1.164563864100412571e+00,3.250428071434704916e-04,-7.027468948831624429e-01,-8.908355081950980687e-04,7.739415885279968821e-01,-1.118284123236090374e-03,1.164563864100412571e+00,3.250428071434704916e-04
1.083166249851515772e+00,7.502872246548829560e-01,1.898259735524148763e-03,4.946017442973467682e-01,-1.101069985814143518e-03,1.146637326490948849e+00,3.200393098801887189e-04,-6.919292669029329934e-01,-8.771225666091584999e-04,7.620280358049845715e-01,-1.101069985814143518e-03,1.146637326490948849e+00,3.200393098801887189e-04
1.084162169105557405e+00,7.501638486459154542e-01,1.898168349091906197e-03,4.945046983247398109e-01,-1.083855848392196878e-03,1.128710788881485572e+00,3.150358126169070004e-04,-6.811116389227036549e-01,-8.634096250232190396e-04,7.501144830819724829e-01,-1.083855848392196878e-03,1.128710788881485572e+00,3.150358126169070004e-04
1.085158088359599038e+00,7.500423093543001629e-01,1.898078261470803650e-03,4.944093180506889951e-01,-1.066641710970250021e-03,1.110784251272022294e+00,3.100323153536252820e-04,-6.702940109424743165e-01,-8.496966834372796876e-04,7.382009303589603944e-01,-1.066641710970250021e-03,1.110784251272022294e+00,3.100323153536252820e-04
1.086154007613640893e+00,7.499226120397397555e-01,1.897989479495291662e-03,4.943155970843031710e-01,-1.049427573548303381e-03,1.092857713662558794e+00,3.050288180903436177e-04,-6.594763829622449780e-01,-8.359837418513402273e-04,7.262873776359483058e-01,-1.049427573548303381e-03,1.092857713662558794e+00,3.050288180903436177e-04
1.087149926867682526e+00,7.498047618660449443e-01,1.897902009881814690e-03,4.942235291275798303e-01,-1.032213436126356741e-03,1.074931176053095516e+00,3.000253208270618993e-04,-6.486587549820156395e-01,-8.222708002654007670e-04,7.143738249129362172e-01,-1.032213436126356741e-03,1.074931176053095516e+00,3.000253208270618993e-04
1.088145846121724380e+00,7.496887639016883709e-01,1.897815859229208795e-03,4.941331079758781719e-01,-1.014999298704410101e-03,1.057004638443632016e+00,2.950218235637801808e-04,-6.378411270017864121e-01,-8.085578586794614150e-04,7.024602721899241287e-01,-1.014999298704410101e-03,1.057004638443632016e+00,2.950218235637801808e-04
1.089141765375766013e+00,7.495746231203473942e-01,1.897731034019094123e-03,4.940443275183846739e-01,-9.977851612824632441e-04,1.039078100834168961e+00,2.900183263004985708e-04,-6.270234990215571846e-01,-7.948449170935221715e-04,6.905467194669121511e-01,-9.977851612824632441e-04,1.039078100834168961e+00,2.900183263004985708e-04
1.090137684629807868e+00,7.494623444014407720e-01,1.897647540616262830e-03,4.939571817385678409e-01,-9.805710238605163873e-04,1.021151563224705461e+00,2.850148290372167981e-04,-6.162058710413277351e-01,-7.811319755075826028e-04,6.786331667438999515e-01,-9.805710238605163873e-04,1.021151563224705461e+00,2.850148290372167981e-04
1.091133603883849501e+00,7.493519325306571277e-01,1.897565385269061591e-03,4.938716647146249583e-01,-9.633568864385695305e-04,1.003225025615241739e+00,2.800113317739350255e-04,-6.053882430610981746e-01,-7.674190339216430340e-04,6.667196140208877519e-01,-9.633568864385695305e-04,1.003225025615241739e+00,2.800113317739350255e-04
1.092129523137891134e+00,7.492433922004750890e-01,1.897484574109769553e-03,4.937877706199199079e-01,-9.461427490166231073e-04,9.852984880057785722e-01,2.750078345106533612e-04,-5.945706150808690582e-01,-7.537060923357037905e-04,6.548060612978757744e-01,-9.461427490166231073e-04,9.852984880057785722e-01,2.750078345106533612e-04
1.093125442391932989e+00,7.491367280106755455e-01,1.897405113154969781e-03,4.937054937234118812e-01,-9.289286115946761421e-04,9.673719503963150723e-01,2.700043372473716428e-04,-5.837529871006396087e-01,-7.399931507497642218e-04,6.428925085748634638e-01,-9.289286115946761421e-04,9.673719503963150723e-01,2.700043372473716428e-04
1.094121361645974622e+00,7.490319444688454675e-01,1.897327008305916586e-03,4.936248283900755984e-01,-9.117144741727296105e-04,9.494454127868519056e-01,2.650008399840899785e-04,-5.729353591204103813e-01,-7.262802091638250867e-04,6.309789558518515973e-01,-9.117144741727296105e-04,9.494454127868519056e-01,2.650008399840899785e-04
1.095117280900016477e+00,7.489290459908746200e-01,1.897250265348897650e-03,4.935457690813122023e-01,-8.945003367507826453e-04,9.315188751773882947e-01,2.599973427208082059e-04,-5.621177311401809318e-01,-7.125672675778855179e-04,6.190654031288392867e-01,-8.945003367507826453e-04,9.315188751773882947e-01,2.599973427208082059e-04
1.096113200154058109e+00,7.488280369014422844e-01,1.897174889955587909e-03,4.934683103553520467e-01,-8.772861993288356801e-04,9.135923375679246838e-01,2.549938454575264332e-04,-5.513001031599514823e-01,-6.988543259919459492e-04,6.071518504058270871e-01,-8.772861993288356801e-04,9.135923375679246838e-01,2.549938454575264332e-04
1.097109119408099964e+00,7.487289214344977628e-01,1.897100887683402350e-03,4.933924468676488817e-01,-8.600720619068893654e-04,8.956657999584616281e-01,2.499903481942448232e-04,-5.404824751797222548e-01,-6.851413844060068141e-04,5.952382976828152206e-01,-8.600720619068893654e-04,8.956657999584616281e-01,2.499903481942448232e-04
1.098105038662141597e+00,7.486317037337311131e-01,1.897028263975839924e-03,4.933181733712658779e-01,-8.428579244849424001e-04,8.777392623489981283e-01,2.449868509309630505e-04,-5.296648471994928054e-01,-6.714284428200672453e-04,5.833247449598030210e-01,-8.428579244849424001e-04,8.777392623489981283e-01,2.449868509309630505e-04
1.099100957916183452e+00,7.485363878530356674e-01,1.896957024162822247e-03,4.932454847172512147e-01,-8.256437870629959770e-04,8.598127247395350725e-01,2.399833536676814947e-04,-5.188472192192636889e-01,-6.577155012341281103e-04,5.714111922367910434e-01,-8.256437870629959770e-04,8.598127247395350725e-01,2.399833536676814947e-04
1.100096877170225085e+00,7.484429777569626685e-01,1.896887173461027755e-03,4.931743758550082291e-01,-8.084296496410491202e-04,8.418861871300714617e-01,2.349798564043997220e-04,-5.080295912390342394e-01,-6.440025596481885415e-04,5.594976395137788439e-01,-8.084296496410491202e-04,8.418861871300714617e-01,2.349798564043997220e-04
1.101092796424266940e+00,7.483514773211674687e-01,1.896818716974218479e-03,4.931048418326546279e-01,-7.912155122191021550e-04,8.239596495206078508e-01,2.299763591411179765e-04,-4.972119632588048455e-01,-6.302896180622489727e-04,5.475840867907666443e-01,-7.912155122191021550e-04,8.239596495206078508e-01,2.299763591411179765e-04
1.102088715678308573e+00,7.482618903328466242e-01,1.896751659693563571e-03,4.930368777973749284e-01,-7.740013747971557318e-04,8.060331119111446840e-01,2.249728618778363122e-04,-4.863943352785756180e-01,-6.165766764763097292e-04,5.356705340677546667e-01,-7.740013747971557318e-04,8.060331119111446840e-01,2.249728618778363122e-04
1.103084634932350205e+00,7.481742204911666638e-01,1.896686006497953075e-03,4.929704789957637390e-01,-7.567872373752087666e-04,7.881065743016810732e-01,2.199693646145545666e-04,-4.755767072983461685e-01,-6.028637348903701605e-04,5.237569813447424671e-01,-7.567872373752087666e-04,7.881065743016810732e-01,2.199693646145545666e-04
1.104080554186392060e+00,7.480884714076847519e-01,1.896621762154309526e-03,4.929056407741618795e-01,-7.395730999532622351e-04,7.701800366922180174e-01,2.149658673512729295e-04,-4.647590793181169411e-01,-5.891507933044309170e-04,5.118434286217304896e-01,-7.395730999532622351e-04,7.701800366922180174e-01,2.149658673512729295e-04
1.105076473440433693e+00,7.480046466067599154e-01,1.896558931317890873e-03,4.928423585789826200e-01,-7.223589625313153783e-04,7.522534990827544066e-01,2.099623700879911568e-04,-4.539414513378874916e-01,-5.754378517184913482e-04,4.999298758987182900e-01,-7.223589625313153783e-04,7.522534990827544066e-01,2.099623700879911568e-04
1.106072392694475548e+00,7.479227495259563874e-01,1.896497518532588855e-03,4.927806279570321468e-01,-7.051448251093684130e-04,7.343269614732907957e-01,2.049588728247093842e-04,-4.431238233576580421e-01,-5.617249101325517795e-04,4.880163231757060349e-01,-7.051448251093684130e-04,7.343269614732907957e-01,2.049588728247093842e-04
1.107068311948517181e+00,7.478427835164374038e-01,1.896437528231220433e-03,4.927204445558193147e-01,-6.879306876874220983e-04,7.164004238638277400e-01,1.999553755614277741e-04,-4.323061953774288702e-01,-5.480119685466126444e-04,4.761027704526941684e-01,-6.879306876874220983e-04,7.164004238638277400e-01,1.999553755614277741e-04
1.108064231202559036e+00,7.477647518433512275e-01,1.896378964735814018e-03,4.926618041238601808e-01,-6.707165502654751331e-04,6.984738862543641291e-01,1.949518782981460015e-04,-4.214885673971994207e-01,-5.342990269606729672e-04,4.641892177296819133e-01,-6.707165502654751331e-04,6.984738862543641291e-01,1.949518782981460015e-04
1.109060150456600669e+00,7.476886576862075140e-01,1.896321832257888114e-03,4.926047025109719923e-01,-6.535024128435287100e-04,6.805473486449010734e-01,1.899483810348643914e-04,-4.106709394169703042e-01,-5.205860853747338321e-04,4.522756650066700468e-01,-6.535024128435287100e-04,6.805473486449010734e-01,1.899483810348643914e-04
1.110056069710642523e+00,7.476145041392447954e-01,1.896266134898723452e-03,4.925491356685613442e-01,-6.362882754215818532e-04,6.626208110354375735e-01,1.849448837715826459e-04,-3.998533114367407992e-01,-5.068731437887942634e-04,4.403621122836578472e-01,-6.362882754215818532e-04,6.626208110354375735e-01,1.849448837715826459e-04
1.111051988964684156e+00,7.475422942117900815e-01,1.896211876649632087e-03,4.924950996499029565e-01,-6.190741379996347795e-04,6.446942734259739627e-01,1.799413865083008732e-04,-3.890356834565113497e-01,-4.931602022028546946e-04,4.284485595606455921e-01,-6.190741379996347795e-04,6.446942734259739627e-01,1.799413865083008732e-04
1.112047908218726011e+00,7.474720308286088022e-01,1.896159061392216306e-03,4.924425906104117900e-01,-6.018600005776882480e-04,6.267677358165107959e-01,1.749378892450192361e-04,-3.782180554762821778e-01,-4.794472606169155595e-04,4.165350068376336146e-01,-6.018600005776882480e-04,6.267677358165107959e-01,1.749378892450192361e-04
1.113043827472767644e+00,7.474037168302456458e-01,1.896107692898621683e-03,4.923916048079062247e-01,-5.846458631557413911e-04,6.088411982070471851e-01,1.699343919817374634e-04,-3.674004274960526728e-01,-4.657343190309759908e-04,4.046214541146214150e-01,-5.846458631557413911e-04,6.088411982070471851e-01,1.699343919817374634e-04
1.114039746726809277e+00,7.473373549733568488e-01,1.896057774831786660e-03,4.923421386028648539e-01,-5.674317257337948596e-04,5.909146605975840183e-01,1.649308947184558263e-04,-3.565827995158235009e-01,-4.520213774450367473e-04,3.927079013916094374e-01,-5.674317257337948596e-04,5.909146605975840183e-01,1.649308947184558263e-04
1.115035665980851132e+00,7.472729479310334932e-01,1.896009310745682156e-03,4.922941884586741201e-01,-5.502175883118480028e-04,5.729881229881205185e-01,1.599273974551740536e-04,-3.457651715355940514e-01,-4.383084358590972327e-04,3.807943486685971823e-01,-5.502175883118480028e-04,5.729881229881205185e-01,1.599273974551740536e-04
1.116031585234892765e+00,7.472104982931154771e-01,1.895962304085545757e-03,4.922477509418698438e-01,-5.330034508899010376e-04,5.550615853786569076e-01,1.549239001918923081e-04,-3.349475435553645464e-01,-4.245954942731576098e-04,3.688807959455849828e-01,-5.330034508899010376e-04,5.550615853786569076e-01,1.549239001918923081e-04
1.117027504488934619e+00,7.471500085664966040e-01,1.895916758188111130e-03,4.922028227223695929e-01,-5.157893134679546144e-04,5.371350477691938519e-01,1.499204029286106980e-04,-3.241299155751354300e-01,-4.108825526872184747e-04,3.569672432225730607e-01,-5.157893134679546144e-04,5.371350477691938519e-01,1.499204029286106980e-04
1.118023423742976252e+00,7.470914811754201246e-01,1.895872676281827032e-03,4.921594005736986688e-01,-4.985751760460077576e-04,5.192085101597302410e-01,1.449169056653288983e-04,-3.133122875949059805e-01,-3.971696111012789059e-04,3.450536904995608611e-01,-4.985751760460077576e-04,5.192085101597302410e-01,1.449169056653288983e-04
1.119019342997018107e+00,7.470349184617666172e-01,1.895830061487074371e-03,4.921174813732080988e-01,-4.813610386240613345e-04,5.012819725502671853e-01,1.399134084020472882e-04,-3.024946596146768085e-01,-3.834566695153397708e-04,3.331401377765489946e-01,-4.813610386240613345e-04,5.012819725502671853e-01,1.399134084020472882e-04
1.120015262251059740e+00,7.469803226853302114e-01,1.895788916816371550e-03,4.920770621022847457e-01,-4.641469012021143693e-04,4.833554349408035189e-01,1.349099111387655156e-04,-2.916770316344473035e-01,-3.697437279294001479e-04,3.212265850535366840e-01,-4.641469012021143693e-04,4.833554349408035189e-01,1.349099111387655156e-04
1.121011181505101595e+00,7.469276960240884833e-01,1.895749245174577430e-03,4.920381398465547562e-01,-4.469327637801674582e-04,4.654288973313399080e-01,1.299064138754837429e-04,-2.808594036542178540e-01,-3.560307863434605791e-04,3.093130323305244289e-01,-4.469327637801674582e-04,4.654288973313399080e-01,1.299064138754837429e-04
1.122007100759143228e+00,7.468770405744606933e-01,1.895711049359085623e-03,4.920007117960790710e-01,-4.297186263582210351e-04,4.475023597218768523e-01,1.249029166122021057e-04,-2.700417756739886821e-01,-3.423178447575213898e-04,2.973994796075125624e-01,-4.297186263582210351e-04,4.475023597218768523e-01,1.249029166122021057e-04
1.123003020013185083e+00,7.468283583515582524e-01,1.895674332060010752e-03,4.919647752455413303e-01,-4.125044889362741241e-04,4.295758221124132414e-01,1.198994193489203602e-04,-2.592241476937592326e-01,-3.286049031715818211e-04,2.854859268845003073e-01,-4.125044889362741241e-04,4.295758221124132414e-01,1.198994193489203602e-04
1.123998939267226715e+00,7.467816512894255299e-01,1.895639095860370818e-03,4.919303275944292286e-01,-3.952903515143276468e-04,4.116492845029501302e-01,1.148959220856387366e-04,-2.484065197135300607e-01,-3.148919615856426318e-04,2.735723741614883853e-01,-3.952903515143276468e-04,4.116492845029501302e-01,1.148959220856387366e-04
1.124994858521268348e+00,7.467369212412713342e-01,1.895605343236259586e-03,4.918973663472073210e-01,-3.780762140923807357e-04,3.937227468934865748e-01,1.098924248223569775e-04,-2.375888917333005834e-01,-3.011790199997030630e-04,2.616588214384761302e-01,-3.780762140923807357e-04,3.937227468934865748e-01,1.098924248223569775e-04
1.125990777775310203e+00,7.466941699796910692e-01,1.895573076557015074e-03,4.918658891134836120e-01,-3.608620766704338247e-04,3.757962092840229640e-01,1.048889275590752048e-04,-2.267712637530711339e-01,-2.874660784137635485e-04,2.497452687154638751e-01,-3.608620766704338247e-04,3.757962092840229640e-01,1.048889275590752048e-04
1.126986697029351836e+00,7.466533991968797856e-01,1.895542298085378056e-03,4.918358936081686505e-01,-3.436479392484874016e-04,3.578696716745598527e-01,9.988543029579358124e-05,-2.159536357728419620e-01,-2.737531368278243592e-04,2.378317159924519530e-01,-3.436479392484874016e-04,3.578696716745598527e-01,9.988543029579358124e-05
1.127982616283393691e+00,7.466146105048356851e-01,1.895513009977647326e-03,4.918073776516262985e-01,-3.264338018265404364e-04,3.399431340650962974e-01,9.488193303251182213e-05,-2.051360077926124847e-01,-2.600401952418847904e-04,2.259181632694397257e-01,-3.264338018265404364e-04,3.399431340650962974e-01,9.488193303251182213e-05
1.128978535537435324e+00,7.465778054355541871e-01,1.895485214283823680e-03,4.917803391698192250e-01,-3.092196644045940132e-04,3.220165964556331861e-01,8.987843576923019854e-05,-1.943183798123833406e-01,-2.463272536559456011e-04,2.140046105464278037e-01,-3.092196644045940132e-04,3.220165964556331861e-01,8.987843576923019854e-05
1.129974454791477179e+00,7.465429854412126698e-01,1.895458912947750206e-03,4.917547761944450757e-01,-2.920055269826471022e-04,3.040900588461695753e-01,8.487493850594842587e-05,-1.835007518321538633e-01,-2.326143120700060324e-04,2.020910578234155763e-01,-2.920055269826471022e-04,3.040900588461695753e-01,8.487493850594842587e-05
1.130970374045518811e+00,7.465101518943465519e-01,1.895434107807244780e-03,4.917306868630672567e-01,-2.747913895607001370e-04,2.861635212367060199e-01,7.987144124266666676e-05,-1.726831238519243861e-01,-2.189013704840664636e-04,1.901775051004033212e-01,-2.747913895607001370e-04,2.861635212367060199e-01,7.987144124266666676e-05
1.131966293299560444e+00,7.464793060880144937e-01,1.895410800594224095e-03,4.917080694192370593e-01,-2.575772521387537138e-04,2.682369836272429087e-01,7.486794397938504317e-05,-1.618654958716952419e-01,-2.051884288981273014e-04,1.782639523773914270e-01,-2.575772521387537138e-04,2.682369836272429087e-01,7.486794397938504317e-05
1.132962212553602299e+00,7.464504492359556043e-01,1.895388992934823576e-03,4.916869222126099559e-01,-2.403631147168067757e-04,2.503104460177793533e-01,6.986444671610327051e-05,-1.510478678914657646e-01,-1.914754873121877327e-04,1.663503996543791719e-01,-2.403631147168067757e-04,2.503104460177793533e-01,6.986444671610327051e-05
1.133958131807643932e+00,7.464235824727363244e-01,1.895368686349505798e-03,4.916672436990536244e-01,-2.231489772948603526e-04,2.323839084083162976e-01,6.486094945282166048e-05,-1.402302399112366205e-01,-1.777625457262485705e-04,1.544368469313672776e-01,-2.231489772948603526e-04,2.323839084083162976e-01,6.486094945282166048e-05
1.134954051061685787e+00,7.463987068538879832e-01,1.895349882253167173e-03,4.916490324407500334e-01,-2.059348398729134687e-04,2.144573707988527145e-01,5.985745218953990814e-05,-1.294126119310071710e-01,-1.640496041403090288e-04,1.425232942083550502e-01,-2.059348398729134687e-04,2.144573707988527145e-01,5.985745218953990814e-05
1.135949970315727420e+00,7.463758233560354727e-01,1.895332581955232708e-03,4.916322871062890343e-01,-1.887207024509665577e-04,1.965308331893891591e-01,5.485395492625814903e-05,-1.185949839507777076e-01,-1.503366625543694601e-04,1.306097414853428507e-01,-1.887207024509665577e-04,1.965308331893891591e-01,5.485395492625814903e-05
1.136945889569769275e+00,7.463549328770159308e-01,1.895316786659746429e-03,4.916170064707563458e-01,-1.715065650290201616e-04,1.786042955799261034e-01,4.985045766297653222e-05,-1.077773559705485634e-01,-1.366237209684302979e-04,1.186961887623309564e-01,-1.715065650290201616e-04,1.786042955799261034e-01,4.985045766297653222e-05
1.137941808823810907e+00,7.463359592899485584e-01,1.895302439277878797e-03,4.916031331635743462e-01,-1.543276947843193257e-04,1.607144846657238280e-01,4.485721123135187562e-05,-9.698189042541589810e-02,-1.229388735430997066e-04,1.068070437319735833e-01,-1.543276947843193257e-04,1.607144846657238280e-01,4.485721123135187562e-05
1.138937728077852762e+00,7.463190300748646644e-01,1.895289636638399638e-03,4.915907588514645266e-01,-1.376583436255580505e-04,1.433552790809055899e-01,4.001206268518024375e-05,-8.650661448870898551e-02,-1.096599137490309633e-04,9.527052644850420027e-02,-1.376583436255580505e-04,1.433552790809055899e-01,4.001206268518024375e-05
1.139933647331894395e+00,7.463039778425885062e-01,1.895278252536927157e-03,4.915797598104302835e-01,-1.219414148594327263e-04,1.269879115082502841e-01,3.544374722789556570e-05,-7.662985539144823166e-02,-9.713966246966861931e-05,8.439316123935132474e-02,-1.219414148594327263e-04,1.269879115082502841e-01,3.544374722789556570e-05
1.140929566585936250e+00,7.462906926446815081e-01,1.895268204134689487e-03,4.915700545664255516e-01,-1.071769084859437596e-04,1.116123819477583684e-01,3.115226485949797701e-05,-6.735161313363392799e-02,-8.537811970501304071e-05,7.417494810451524812e-02,-1.071769084859437596e-04,1.116123819477583684e-01,3.115226485949797701e-05
1.141925485839977883e+00,7.462790644302794707e-01,1.895259408455531383e-03,4.915615617852314156e-01,-9.336482450509158413e-05,9.722869039943027314e-02,2.713761557998760302e-05,-5.867188771526631735e-02,-7.437528545506455274e-05,6.461588704399627570e-02,-9.336482450509158413e-05,9.722869039943027314e-02,2.713761557998760302e-05
1.142921405094019516e+00,7.462689830585166328e-01,1.895251782402556729e-03,4.915542002555804979e-01,-8.050516291687542737e-05,8.383683686326520723e-02,2.339979938936421675e-05,-5.059067913634492791e-02,-6.413115971982254551e-05,5.571597805779387319e-02,-8.050516291687542737e-05,8.383683686326520723e-02,2.339979938936421675e-05
1.143917324348061371e+00,7.462603383101374943e-01,1.895245242773685532e-03,4.915478888733600393e-01,-6.859792372129598051e-05,7.143682133926389233e-02,1.993881628762801469e-05,-4.310798739687019682e-02,-5.464574249928757469e-05,4.747522114590851244e-02,-6.859792372129598051e-05,7.143682133926389233e-02,1.993881628762801469e-05
1.144913243602103003e+00,7.462530198982970653e-01,1.895239706276134316e-03,4.915425466268976695e-01,-5.764310691835262013e-05,6.002864382742566229e-02,1.675466627477881389e-05,-3.622381249684171467e-02,-4.591903379345912528e-05,3.989361630833975630e-02,-5.764310691835262013e-05,6.002864382742566229e-02,1.675466627477881389e-05
1.145909162856144858e+00,7.462469174785539838e-01,1.895235089539814904e-03,4.915380925833296999e-01,-4.764071250804567827e-05,4.961230432775086407e-02,1.384734935081671430e-05,-2.993815443625969311e-02,-3.795103360233746833e-05,3.297116354508784070e-02,-4.764071250804567827e-05,4.961230432775086407e-02,1.384734935081671430e-05
1.146905082110186491e+00,7.462419206580584996e-01,1.895231309129660063e-03,4.915344458760562696e-01,-3.859074049037537177e-05,4.018780284023972665e-02,1.121686551574177690e-05,-2.425101321512428132e-02,-3.074174192592278002e-05,2.670786285615290787e-02,-3.859074049037537177e-05,4.018780284023972665e-02,1.121686551574177690e-05
1.147901001364228346e+00,7.462379190039352128e-01,1.895228281556870804e-03,4.915315256932823451e-01,-3.049319086534122290e-05,3.175513936489175737e-02,8.863214769553862782e-06,-1.916238883343517052e-02,-2.429115876421467410e-05,2.110371424153463862e-02,-3.049319086534122290e-05,3.175513936489175737e-02,8.863214769553862782e-06
1.148896920618269979e+00,7.462348020508663415e-01,1.895225923289092047e-03,4.915292512676477932e-01,-2.334806363294365857e-05,2.431431390170739684e-02,6.786397112253099003e-06,-1.467228129119262960e-02,-1.859928411721349957e-05,1.615871770123332093e-02,-2.334806363294365857e-05,2.431431390170739684e-02,6.786397112253099003e-06
1.149892839872311834e+00,7.462324593078730750e-01,1.895224150759516673e-03,4.915275418669461382e-01,-1.715535879318230608e-05,1.786532645068625649e-02,4.986412543839374599e-06,-1.078069058839642436e-02,-1.366611798491895486e-05,1.187287323524870500e-02,-1.715535879318230608e-05,1.786532645068625649e-02,4.986412543839374599e-06
1.150888759126353467e+00,7.462307802642981214e-01,1.895222880374914905e-03,4.915263167859333371e-01,-1.191507634605735855e-05,1.240817701182854275e-02,3.463261064312746745e-06,-7.487616725046681437e-03,-9.491660367331199220e-06,8.246180843580917449e-03,-1.191507634605735855e-05,1.240817701182854275e-02,3.463261064312746745e-06
1.151884678380395322e+00,7.462296543949895611e-01,1.895222028522594668e-03,4.915254953392279025e-01,-7.627216291568921029e-06,7.942865585134354506e-03,2.216942673673245510e-06,-4.793059701143458952e-03,-6.075911264450306347e-06,5.278640526230029412e-03,-7.627216291568921029e-06,7.942865585134354506e-03,2.216942673673245510e-06
1.152880597634436954e+00,7.462289711646872270e-01,1.895221511576291196e-03,4.915249968553009885e-01,-4.291778629716774120e-06,4.469392170603472304e-03,1.247457371920807790e-06,-2.697019516686623326e-03,-3.418870676276108526e-06,2.970252283195893000e-03,-4.291778629716774120e-06,4.469392170603472304e-03,1.247457371920807790e-06
1.153876516888478587e+00,7.462286200316119444e-01,1.895221245900985656e-03,4.915247406715588241e-01,-1.908763360501038530e-06,1.987756768236018882e-03,5.548051590554677855e-07,-1.199496171676250021e-03,-1.520538602808698506e-06,1.321016114478590830e-03,-1.908763360501038530e-06,1.987756768236018882e-03,5.548051590554677855e-07
1.154872436142520442e+00,7.462284904502562988e-01,1.895221147856653021e-03,4.915246461305168291e-01,-4.781704839217274936e-07,4.979593780320076823e-04,1.389860350772299421e-07,-3.004896661123469511e-04,-3.809150440480886750e-07,3.309320200781318473e-04,-4.781704839217274936e-07,4.979593780320076823e-04,1.389860350772299421e-07
1.155868355396562075e+00,7.462284718733810385e-01,1.895221133800942433e-03,4.915246325770645797e-01,2.122544838338512959e-17,-8.629796137671466248e-15,-1.392522188580137276e-17,5.127524514536900901e-15,5.774515051717863434e-18,-5.529755662144636049e-15,2.122544838338512959e-17,-8.629796137671466248e-15,-1.392522188580137276e-17
