t,x,y,z,vx,vy,vz,wx,wy,wz,tvx,tvy,tvz
0.000000000000000000e+00,7.706695674418650999e-01,-9.752101872348192813e-02,4.750889101644020229e-01,0.000000000000000000e+00,0.000000000000000000e+00,0.000000000000000000e+00,0.000000000000000000e+00,0.000000000000000000e+00,0.000000000000000000e+00,0.000000000000000000e+00,0.000000000000000000e+00,0.000000000000000000e+00
9.999330431871439068e-04,7.706695772663549882e-01,-9.752106036566311753e-02,4.750888879554381328e-01,1.859106720550867526e-04,3.684780970661777322e-04,-3.753342063229224597e-04,-1.089834027524046655e-04,2.526561898412014355e-04,2.354781756137384603e-04,1.859106720550867526e-04,3.684780970661777322e-04,-3.753342063229224597e-04
1.999866086374287814e-03,7.706696460336025511e-01,-9.752135184448290639e-02,4.750887325016449614e-01,7.436169056246142578e-04,1.473862247427392205e-03,-1.501289881265800838e-03,-4.359183484324633115e-04,1.010592204742136917e-03,9.418808772966325580e-04,7.436169056246142578e-04,1.473862247427392205e-03,-1.501289881265800838e-03
2.999799129561431937e-03,7.706698326804271026e-01,-9.752214298225445055e-02,4.750883105673728846e-01,1.673113960086422417e-03,3.316148201460049696e-03,-3.377884818794048023e-03,-9.808012626937806858e-04,2.273814910869414486e-03,2.119206555219105715e-03,1.673113960086422417e-03,3.316148201460049696e-03,-3.377884818794048023e-03
3.999732172748575627e-03,7.706701961371450471e-01,-9.752368360914023815e-02,4.750874889178094973e-01,2.974389509993450274e-03,5.895324910140831154e-03,-6.005165282105946051e-03,-1.743622852194141870e-03,4.042342159764603440e-03,3.767451179719908880e-03,2.974389509993450274e-03,5.895324910140831154e-03,-6.005165282105946051e-03
4.999665215935719317e-03,7.706707953200681027e-01,-9.752622357220812332e-02,4.750861343199490050e-01,4.647419852449768615e-03,9.211371124638968733e-03,-9.383220237464861418e-03,-2.724365244368593363e-03,6.316208280519561812e-03,5.886607000785309615e-03,4.647419852449768615e-03,9.211371124638968733e-03,-9.383220237464861418e-03
5.999598259122863875e-03,7.706716891210014797e-01,-9.753001274811057275e-02,4.750841135439437535e-01,6.692166113918684642e-03,1.326425199445950553e-02,-1.351219558730068493e-02,-3.922999125741340881e-03,9.095469571289744801e-03,8.476661306370796706e-03,6.692166113918684642e-03,1.326425199445950553e-02,-1.351219558730068493e-02
6.999531302310007565e-03,7.706729363937382393e-01,-9.753530105938525152e-02,4.750812933648486114e-01,9.108570456044531860e-03,1.805391566307001927e-02,-1.839230840204185077e-02,-5.339480877699916833e-03,1.238020978965746408e-02,1.153759517871238982e-02,9.108570456044531860e-03,1.805391566307001927e-02,-1.839230840204185077e-02
7.999464345497151255e-03,7.706745959375512767e-01,-9.754233849437840553e-02,4.750775405647506000e-01,1.189655227995031241e-02,2.358028985963898233e-02,-2.402386114998560432e-02,-6.973749708347685636e-03,1.617054564121780946e-02,1.506938224753133493e-02,1.189655227995031241e-02,2.358028985963898233e-02,-2.402386114998560432e-02
8.999397388684295812e-03,7.706767308615615208e-01,-9.755135038838519401e-02,4.750727211669406036e-01,1.528164666802422564e-02,2.980070380699012880e-02,-3.049042342720762258e-02,-8.798866058393948336e-03,2.062957251049346227e-02,1.906144646153907357e-02,1.528164666802422564e-02,2.980070380699012880e-02,-3.049042342720762258e-02
9.999330431871438635e-03,7.706793859932336010e-01,-9.756266482916767235e-02,4.750667043945088208e-01,2.012765353559690246e-02,3.655210601805987392e-02,-3.811070594753845214e-02,-1.071193472038092787e-02,2.638120361709881886e-02,2.347346802784828004e-02,2.012765353559690246e-02,3.655210601805987392e-02,-3.811070594753845214e-02
1.099926347505858319e-02,7.706826161020299271e-01,-9.757655324902982097e-02,4.750593577269771606e-01,2.673067185119634009e-02,4.377845643248609586e-02,-4.699437482879400413e-02,-1.267755870298666737e-02,3.363951757603685783e-02,2.829161890802449689e-02,2.673067185119634009e-02,4.377845643248609586e-02,-4.699437482879400413e-02
1.199919651824572775e-02,7.706864704771863028e-01,-9.759331733856164981e-02,4.750505496031505182e-01,3.509057976602025786e-02,5.147957472408610374e-02,-5.714198201707455793e-02,-1.469556828452519420e-02,4.240471282225653782e-02,3.351592907992771014e-02,3.509057976602025786e-02,5.147957472408610374e-02,-5.714198201707455793e-02
1.299912956143287057e-02,7.706909982392515790e-01,-9.761325892464614573e-02,4.750401484907726957e-01,4.520725371444108548e-02,5.965525595697613453e-02,-6.855413377630950600e-02,-1.676576444635611424e-02,5.267700307940478138e-02,3.914645693522009889e-02,4.520725371444108548e-02,5.965525595697613453e-02,-6.855413377630950600e-02
1.399906260462001513e-02,7.706962483096770899e-01,-9.763667998329139674e-02,4.750280228915139125e-01,5.708057127909721418e-02,6.830527017801157896e-02,-8.123148826948556334e-02,-1.888791704919974557e-02,6.445661555223745898e-02,4.518329480658993258e-02,5.708057127909721418e-02,6.830527017801157896e-02,-8.123148826948556334e-02
1.499899564780715795e-02,7.707022693778038391e-01,-9.766388265207391617e-02,4.750140413459916222e-01,7.071041404791300611e-02,7.742936201670144736e-02,-9.517475312806567000e-02,-2.106176300923172720e-02,7.774378910544643695e-02,5.162657450468192966e-02,7.071041404791300611e-02,7.742936201670144736e-02,-9.517475312806567000e-02
1.599892869099430251e-02,7.707091098652483208e-01,-9.769516924218926701e-02,4.749980724388344067e-01,8.609667046169530713e-02,8.702725029466117090e-02,-1.103846830069219187e-01,-2.328700447491057618e-02,9.253877242583426199e-02,5.847647286740161737e-02,8.609667046169530713e-02,8.702725029466117090e-02,-1.103846830069219187e-01
1.699886173418144533e-02,7.707168178723371454e-01,-9.773084233666776144e-02,4.749799848064935603e-01,1.031693652300717107e-01,9.711181686893252674e-02,-1.268363426657337367e-01,-2.557162974276010886e-02,1.087913775502822589e-01,6.573647315809594271e-02,1.031693652300717107e-01,9.711181686893252674e-02,-1.268363426657337367e-01
1.799879477736859162e-02,7.707254422830878138e-01,-9.777119833804401305e-02,4.749596469403588039e-01,1.217728591783434483e-01,1.077120858281548355e-01,-1.444733289312927493e-01,-2.793379445110260803e-02,1.263895973330425304e-01,7.341408967876943137e-02,1.217728591783434483e-01,1.077120858281548355e-01,-1.444733289312927493e-01
1.899872782055573445e-02,7.707350244607191758e-01,-9.781647739491780569e-02,4.749369491022232270e-01,1.409273694142361144e-01,1.186097395786461506e-01,-1.626286332666585788e-01,-3.035899974668533272e-02,1.445078481335202447e-01,8.131141582372715393e-02,1.409273694142361144e-01,1.186097395786461506e-01,-1.626286332666585788e-01
1.999866086374287727e-02,7.707455708890288415e-01,-9.786672768752872897e-02,4.749118695254743727e-01,1.600812294109925094e-01,1.295053297593219965e-01,-1.807923046538806866e-01,-3.278172235679336494e-02,1.626293686466752098e-01,8.921028853837074946e-02,1.600812294109925094e-01,1.295053297593219965e-01,-1.807923046538806866e-01
2.099859390693002356e-02,7.707570787512835198e-01,-9.792195132559863846e-02,4.748844086192018366e-01,1.792337519671479418e-01,1.403983060373923675e-01,-1.989643095862311806e-01,-3.520165264724446630e-02,1.807537307390057191e-01,9.711065188204885679e-02,1.792337519671479418e-01,1.403983060373923675e-01,-1.989643095862311806e-01
2.199852695011716638e-02,7.707695449538058963e-01,-9.798215052102511591e-02,4.748545668579253753e-01,1.983848910227807849e-01,1.512884833266931739e-01,-2.171452208833452302e-01,-3.761856225508687646e-02,1.988811119487823575e-01,1.050127144542791213e-01,1.983848910227807849e-01,1.512884833266931739e-01,-2.171452208833452302e-01
2.299845999330430921e-02,7.707829661366758511e-01,-9.804732764313635329e-02,4.748223447552110676e-01,2.175346001036330967e-01,1.621756766658906390e-01,-2.353356107605083791e-01,-4.003222260799425142e-02,2.170116891528445224e-01,1.129166850860104238e-01,2.175346001036330967e-01,1.621756766658906390e-01,-2.353356107605083791e-01
2.399839303649145550e-02,7.707973386735428312e-01,-9.811748521854486704e-02,4.747877428639089015e-01,2.366828322875614843e-01,1.730597012391546785e-01,-2.535360507750095693e-01,-4.244240491639365148e-02,2.351456385075562650e-01,1.208227728684796720e-01,2.366828322875614843e-01,1.730597012391546785e-01,-2.535360507750095693e-01
2.499832607967859832e-02,7.708126586714271200e-01,-9.819262593098884717e-02,4.747507617764087362e-01,2.558295401711028205e-01,1.839403723969333104e-01,-2.717471117724312157e-01,-4.484888016567383645e-02,2.532831353897234683e-01,1.287311871820583931e-01,2.558295401711028205e-01,1.839403723969333104e-01,-2.717471117724312157e-01
2.599825912286574114e-02,7.708289219705062312e-01,-9.827275262116096088e-02,4.747114021249175253e-01,2.749746758361631405e-01,1.948175056768308155e-01,-2.899693638328700307e-01,-4.725141910847942273e-02,2.714243543374695311e-01,1.366421377250853220e-01,2.749746758361631405e-01,1.948175056768308155e-01,-2.899693638328700307e-01
2.699819216605288397e-02,7.708461241438886447e-01,-9.835786828652461067e-02,4.746696645817553573e-01,2.941181908168393755e-01,2.056909168245962261e-01,-3.082033762170819924e-01,-4.964979225709620358e-02,2.895694689910662256e-01,1.445558345426845859e-01,2.941181908168393755e-01,2.056909168245962261e-01,-3.082033762170819924e-01
2.799812520924003026e-02,7.708642604973743317e-01,-9.844797608111789666e-02,4.746255498596710365e-01,3.132600360663831962e-01,2.165604218152275551e-01,-3.264497173125465168e-01,-5.204376987593458542e-02,3.077186520337152897e-01,1.524724880555660134e-01,3.132600360663831962e-01,2.165604218152275551e-01,-3.264497173125465168e-01
2.899805825242717308e-02,7.708833260692021794e-01,-9.854307931534507514e-02,4.745790587121782034e-01,3.324001619243165950e-01,2.274258368741965131e-01,-3.447089545794417287e-01,-5.443312197411696862e-02,3.258720751322796150e-01,1.603923090888071112e-01,3.324001619243165950e-01,2.274258368741965131e-01,-3.447089545794417287e-01
2.999799129561431590e-02,7.709033156297833145e-01,-9.864318145575538821e-02,4.745301919339092178e-01,3.515385180837081736e-01,2.382869784988002615e-01,-3.629816544965286940e-01,-5.681761829817440212e-02,3.440299088779602554e-01,1.683155089006130034e-01,3.515385180837081736e-01,2.382869784988002615e-01,-3.629816544965286940e-01
3.099792433880146220e-02,7.709242236814229932e-01,-9.874828612480943124e-02,4.744789503609915804e-01,3.706750535586210149e-01,2.491436634796434513e-01,-3.812683825069344001e-01,-5.919702832485936039e-02,3.621923227269158163e-01,1.762422992110541098e-01,3.706750535586210149e-01,2.491436634796434513e-01,-3.812683825069344001e-01
3.199785738198860502e-02,7.709460444580276128e-01,-9.885839710063303032e-02,4.744253348714411178e-01,3.898097166517395795e-01,2.599957089222570406e-01,-3.995697029638291542e-01,-6.157112125408066572e-02,3.803594849408202250e-01,1.841728922307771799e-01,3.898097166517395795e-01,2.599957089222570406e-01,-3.995697029638291542e-01
3.299779042517574784e-02,7.709687719247995119e-01,-9.897351831675840761e-02,4.743693463855746528e-01,4.089424549221860605e-01,2.708429322688596930e-01,-4.178861790759959005e-01,-6.393966600196522576e-02,3.985315625273589957e-01,1.921075006896892368e-01,4.089424549221860605e-01,2.708429322688596930e-01,-4.178861790759959005e-01
3.399772346836289066e-02,7.709923997779191129e-01,-9.909365386185280122e-02,4.743109858664447120e-01,4.280732151535379670e-01,2.816851513202645596e-01,-4.362183728532788018e-01,-6.630243119405548891e-02,4.167087211806584368e-01,2.000463378656118230e-01,4.280732151535379670e-01,2.816851513202645596e-01,-4.362183728532788018e-01
3.499765651155003349e-02,7.710169214442120778e-01,-9.921880797943430363e-02,4.742502543202895549e-01,4.472019433220507101e-01,2.925221842579383003e-01,-4.545668450519124715e-01,-6.865918515864583016e-02,4.348911252216428047e-01,2.079896176129021890e-01,4.472019433220507101e-01,2.925221842579383003e-01,-4.545668450519124715e-01
3.599758955473718325e-02,7.710423300808080249e-01,-9.934898506757551540e-02,4.741871527970061284e-01,4.663285845651048422e-01,3.033538496662169237e-01,-4.729321551197201989e-01,-7.100969592026523669e-02,4.530789375383251216e-01,2.159375543910412310e-01,4.663285845651048422e-01,3.033538496662169237e-01,-4.729321551197201989e-01
3.699752259792432607e-02,7.710687019917198404e-01,-9.948363834619414203e-02,4.741216152748994328e-01,4.853648874657491841e-01,3.141789997951444646e-01,-4.914360866385431015e-01,-7.335366239436226510e-02,4.712428420616735503e-01,2.238905484144124713e-01,4.853648874657491841e-01,3.141789997951444646e-01,-4.914360866385431015e-01
3.799745564111146889e-02,7.710958316277909397e-01,-9.962408259520909304e-02,4.740538024160312336e-01,5.041640582245853208e-01,3.249941069276272021e-01,-5.102815147509469629e-01,-7.568914194081508007e-02,4.893343901502326676e-01,2.318483800142464579e-01,5.041640582245853208e-01,3.249941069276272021e-01,-5.102815147509469629e-01
3.899738868429861172e-02,7.711237604652865230e-01,-9.976999640871470065e-02,4.739836754814383823e-01,5.226669549636375756e-01,3.357985817472454171e-01,-5.295497584973872796e-01,-7.801588653012923869e-02,5.073340119828545491e-01,2.398113541234853097e-01,5.226669549636375756e-01,3.357985817472454171e-01,-5.295497584973872796e-01
3.999732172748575454e-02,7.711524393709023872e-01,-9.992165501621891321e-02,4.739112683135912052e-01,5.408733188949765847e-01,3.465923146997051951e-01,-5.492412270432681654e-01,-8.033352493595405375e-02,5.252418649706956932e-01,2.477795697457280955e-01,5.408733188949765847e-01,3.465923146997051951e-01,-5.492412270432681654e-01
4.099725477067289736e-02,7.711818187684588155e-01,-1.000793336845976766e-01,4.738366146282602664e-01,5.587828804005672279e-01,3.573751841131285190e-01,-5.693563207589824593e-01,-8.264166229347920389e-02,5.430581089352695123e-01,2.557531125204779432e-01,5.587828804005672279e-01,3.573751841131285190e-01,-5.693563207589824593e-01
4.199718781386004712e-02,7.712118486224130987e-01,-1.002433077080130824e-01,4.737597480044523079e-01,5.763953590081021261e-01,3.681470563010684760e-01,-5.898954312099361497e-01,-8.493988008123870559e-02,5.607829060667465226e-01,2.637320546918338060e-01,5.763953590081021261e-01,3.681470563010684760e-01,-5.898954312099361497e-01
4.299712085704718995e-02,7.712424784202571715e-01,-1.004138523974829333e-01,4.736807018751076903e-01,5.937104633651930641e-01,3.789077856692614210e-01,-6.108589411484472986e-01,-8.722773610198580885e-02,5.784164208813811214e-01,2.717164550735766126e-01,5.937104633651930641e-01,3.789077856692614210e-01,-6.108589411484472986e-01
4.399705390023433277e-02,7.712736571537976982e-01,-1.005912430700978133e-01,4.735995095185551174e-01,6.107278912116791414e-01,3.896572148260544211e-01,-6.322472245073300634e-01,-8.950476446258237573e-02,5.959588201777596961e-01,2.797063590106174114e-01,6.107278912116791414e-01,3.896572148260544211e-01,-6.322472245073300634e-01
4.499698694342147559e-02,7.713053332993232702e-01,-1.007757550378799438e-01,4.735162040507318038e-01,6.274473293498089577e-01,4.003951746964438674e-01,-6.540606463949761862e-01,-9.177047555285046398e-02,6.134102729915830166e-01,2.877017983367775589e-01,6.274473293498089577e-01,4.003951746964438674e-01,-6.540606463949761862e-01
4.599691998660861841e-02,7.713374547966640460e-01,-1.009676635962805519e-01,4.734308184181578727e-01,6.438684536120513613e-01,4.111214846396735734e-01,-6.762995630917527645e-01,-9.402435602333218678e-02,6.307709505486821522e-01,2.957027913288728382e-01,6.438684536120513613e-01,4.111214846396735734e-01,-6.762995630917527645e-01
4.699685302979576124e-02,7.713699690271437204e-01,-1.011672440123098093e-01,4.733433853916731993e-01,6.599909288262943985e-01,4.218359525703274659e-01,-6.989643220475268981e-01,-9.626586876190651454e-02,6.480410262159723711e-01,3.037093426570710020e-01,6.599909288262943985e-01,4.218359525703274659e-01,-6.989643220475268981e-01
4.799678607298291100e-02,7.714028227904279333e-01,-1.013747715122947785e-01,4.732539375609300381e-01,6.758144087781954301e-01,4.325383750828635243e-01,-7.220552618801340250e-01,-9.849445286921268417e-02,6.652206754500465946e-01,3.117214433314904332e-01,6.758144087781954301e-01,4.325383750828635243e-01,-7.220552618801340250e-01
4.899671911617005382e-02,7.714359622802774430e-01,-1.015905212692600201e-01,4.731625073296480410e-01,6.913385361704377230e-01,4.432285375795281812e-01,-7.455727123746003215e-01,-1.007095236328320736e-01,6.823100757431107555e-01,3.197390706450119469e-01,6.913385361704377230e-01,4.432285375795281812e-01,-7.455727123746003215e-01
4.999665215935719664e-02,7.714693330592030662e-01,-1.018147683899254113e-01,4.730691269116251152e-01,7.065629425786559281e-01,4.539062144015980627e-01,-7.695169944829368669e-01,-1.029104725001806220e-01,6.993094065659603009e-01,3.277621881122677050e-01,7.065629425786559281e-01,4.539062144015980627e-01,-7.695169944829368669e-01
5.099658520254433947e-02,7.715028800320363755e-01,-1.020477879013154121e-01,4.729738283275085609e-01,7.214872484037981870e-01,4.645711689638952757e-01,-7.938884203243181670e-01,-1.050966670500664002e-01,7.162188493076997453e-01,3.357907454047832640e-01,7.214872484037981870e-01,4.645711689638952757e-01,-7.938884203243181670e-01
5.199651824573148229e-02,7.715365474184120442e-01,-1.022898547369741062e-01,4.728766434023273790e-01,7.361110628206781747e-01,4.752231538925164589e-01,-8.186872931854580759e-01,-1.072674509628680495e-01,7.330385872119011825e-01,3.438246782822309000e-01,7.361110628206781747e-01,4.752231538925164589e-01,-8.186872931854580759e-01
5.299645128891862511e-02,7.715702787241729421e-01,-1.025412437227790768e-01,4.727776037637835271e-01,7.504339837224937027e-01,4.858619111657287437e-01,-8.439139075209937113e-01,-1.094221439892938269e-01,7.497688053088994442e-01,3.518639085197688976e-01,7.504339837224937027e-01,4.858619111657287437e-01,-8.439139075209937113e-01
5.399638433210576793e-02,7.716040167117051984e-01,-1.028022295623487598e-01,4.726767408413036220e-01,7.644555976610659664e-01,4.964871722579793367e-01,-8.695685489536977286e-01,-1.115600419176771413e-01,7.664096903439227004e-01,3.599083438314303329e-01,7.644555976610659664e-01,4.964871722579793367e-01,-8.695685489536977286e-01
5.499631737529291770e-02,7.716377033692014553e-01,-1.030730868220351287e-01,4.725740858658565302e-01,7.781754797825755077e-01,5.070986582869648762e-01,-8.956514942743220020e-01,-1.136804165397760080e-01,7.829614307007501939e-01,3.679578777895267661e-01,7.781754797825755077e-01,5.070986582869648762e-01,-8.956514942743220020e-01
5.599625041848006052e-02,7.716712798788685213e-01,-1.033540899154959669e-01,4.724696698705294073e-01,7.915931937585589662e-01,5.176960801637185972e-01,-9.221630114408925216e-01,-1.157825156150350948e-01,7.994242163205927953e-01,3.760123897400347026e-01,7.915931937585589662e-01,5.176960801637185972e-01,-9.221630114408925216e-01
5.699618346166720334e-02,7.717046865840798686e-01,-1.036455130878381203e-01,4.723635236918735103e-01,8.047082917119331436e-01,5.282791387456617915e-01,-9.491033595772609965e-01,-1.178655628332808680e-01,8.157982386158880717e-01,3.840717447139267993e-01,8.047082917119331436e-01,5.282791387456617915e-01,-9.491033595772609965e-01
5.799611650485434616e-02,7.717378629554830782e-01,-1.039476303993244755e-01,4.722556779720112341e-01,8.175203141378226679e-01,5.388475249925764876e-01,-9.764727889707298658e-01,-1.199287577758166579e-01,8.320836903786994476e-01,3.921357933344143398e-01,8.175203141378226679e-01,5.388475249925764876e-01,-9.764727889707298658e-01
5.899604954804148899e-02,7.717707475560690034e-01,-1.042607157086369585e-01,4.721461631615139209e-01,8.300287898189604441e-01,5.494009201254568264e-01,-1.004271541068556983e+00,-1.219712758748891235e-01,8.482807656834120413e-01,4.002043717200628459e-01,8.300287898189604441e-01,5.494009201254568264e-01,-1.004271541068556983e+00
5.999598259122863181e-02,7.718032780052104247e-01,-1.045850426556856477e-01,4.720350095230474996e-01,8.422332357354335164e-01,5.599389957881962809e-01,-1.032499848473148019e+00,-1.239922683715026785e-01,8.643896597834075379e-01,4.082773013837442955e-01,8.422332357354335164e-01,5.599389957881962809e-01,-1.032499848473148019e+00
6.099591563441578157e-02,7.718353909416804104e-01,-1.049208846439567966e-01,4.719222471357904514e-01,8.541331569685473024e-01,5.704614142120689735e-01,-1.061157934935754499e+00,-1.259908622715560922e-01,8.804105690014123464e-01,4.163543891273882025e-01,8.541331569685473024e-01,5.704614142120689735e-01,-1.061157934935754499e+00
6.199584867760292439e-02,7.718670219856581527e-01,-1.052685148223893447e-01,4.718079059006222709e-01,8.657280465985927043e-01,5.809678283829700085e-01,-1.090246015348470321e+00,-1.279661603002830439e-01,8.963436906131901916e-01,4.244354269324919215e-01,8.657280465985927043e-01,5.809678283829700085e-01,-1.090246015348470321e+00
6.299578172079006722e-02,7.718981056997288315e-01,-1.056282060667701472e-01,4.716920155460890829e-01,8.770173855962772880e-01,5.914578822113834011e-01,-1.119764295734355208e+00,-1.299172408549814084e-01,9.121892227242769380e-01,4.325201918463517647e-01,8.770173855962772880e-01,5.914578822113834011e-01,-1.119764295734355208e+00
6.399571476397721004e-02,7.719285755488951573e-01,-1.060002309606384863e-01,4.715746056351465820e-01,8.880006427076192477e-01,6.019312107050338589e-01,-1.149712973235468061e+00,-1.318431579560175315e-01,9.279473641394296868e-01,4.406084458639758505e-01,8.880006427076192477e-01,6.019312107050338589e-01,-1.149712973235468061e+00
6.499564780716435286e-02,7.719583638596009267e-01,-1.063848617756889964e-01,4.714557055726796286e-01,8.986772743320682322e-01,6.123874401442059856e-01,-1.180092236098636782e+00,-1.337429411960930348e-01,9.436183142244659594e-01,4.486999358056337206e-01,8.986772743320682322e-01,6.123874401442059856e-01,-1.180092236098636782e+00
6.599558085035149568e-02,7.719874017777847985e-01,-1.067823704516610434e-01,4.713353446138074943e-01,9.090467243936420916e-01,6.228261882596929366e-01,-1.210902263658750755e+00,-1.356155956877766189e-01,9.592022727601766663e-01,4.567943931900080301e-01,9.090467243936420916e-01,6.228261882596929366e-01,-1.210902263658750755e+00
6.699551389353863851e-02,7.720156192259709504e-01,-1.071930285757045631e-01,4.712135518729690942e-01,9.191084242048651598e-01,6.332470644133584292e-01,-1.242143226319397220e+00,-1.374601020092908465e-01,9.746994397879850114e-01,4.648915341028972414e-01,9.191084242048651598e-01,6.332470644133584292e-01,-1.242143226319397220e+00
6.799544693672578133e-02,7.720429448594109401e-01,-1.076171073612090801e-01,4.710903563337994204e-01,9.288617923232831419e-01,6.436496697812843504e-01,-1.273815285530631281e+00,-1.392754161485629805e-01,9.901100154470225956e-01,4.729910590614347932e-01,9.288617923232831419e-01,6.436496697812843504e-01,-1.273815285530631281e+00
6.899537997991292415e-02,7.720693060212880932e-01,-1.080548776260842059e-01,4.709657868597912911e-01,9.383062344003585409e-01,6.540335975394959700e-01,-1.305918593763681246e+00,-1.410604694455445673e-01,1.005434199802293538e+00,4.810926528737774488e-01,9.383062344003585409e-01,6.540335975394959700e-01,-1.305918593763681246e+00
6.999531302310006697e-02,7.720946286969929684e-01,-1.085066097704778104e-01,4.708398722057526298e-01,9.474411430225091468e-01,6.643984330522370030e-01,-1.338453294482401912e+00,-1.428141685328130350e-01,1.020672192663592659e+00,4.891959844942140312e-01,9.474411430225091468e-01,6.643984330522370030e-01,-1.338453294482401912e+00
7.099524606628722367e-02,7.721188374674926580e-01,-1.089725737539194300e-01,4.707126410300566666e-01,9.562658975441145071e-01,6.747437540628002939e-01,-1.371419522111256395e+00,-1.445353952744720116e-01,1.035824193394853543e+00,4.973007068736609582e-01,9.562658975441145071e-01,6.747437540628002939e-01,-1.371419522111256395e+00
7.199517910947436650e-02,7.721418554617942576e-01,-1.094530390718735230e-01,4.705841219076911663e-01,9.647798639122424635e-01,6.850691308868950280e-01,-1.404817401999636894e+00,-1.462230067033732095e-01,1.050890400713570649e+00,5.054064568054840167e-01,9.647798639122424635e-01,6.850691308868950280e-01,-1.404817401999636894e+00
7.299511215266150932e-02,7.721636086752187156e-01,-1.099482479735232332e-01,4.704543402173493871e-01,9.730714760275889219e-01,6.953736446840877994e-01,-1.438527222474184297e+00,-1.478757041980677533e-01,1.065900664726719071e+00,5.135128768131006494e-01,9.730714760275889219e-01,6.953736446840877994e-01,-1.438527222474184297e+00
7.399504519584865214e-02,7.721840420949683814e-01,-1.104583172060315532e-01,4.703233066958885655e-01,9.812893932110722250e-01,7.056559117277014792e-01,-1.472348647476261929e+00,-1.494921549138457650e-01,1.080904836917139678e+00,5.216196992697277324e-01,9.812893932110722250e-01,7.056559117277014792e-01,-1.472348647476261929e+00
7.499497823903579496e-02,7.722031157287168046e-01,-1.109832643115656603e-01,4.701910205690458255e-01,9.894933977204085629e-01,7.159149316975130795e-01,-1.506201280620306893e+00,-1.510712557150064583e-01,1.095923126687269988e+00,5.297267328587978996e-01,9.894933977204085629e-01,7.159149316975130795e-01,-1.506201280620306893e+00
7.599491128222293779e-02,7.722207915464255334e-01,-1.115230885539423566e-01,4.700574790314202001e-01,9.976832272845443939e-01,7.261500560199172227e-01,-1.540085528619917099e+00,-1.526120374173794425e-01,1.110955736786485293e+00,5.378337994651176679e-01,9.976832272845443939e-01,7.261500560199172227e-01,-1.540085528619917099e+00
7.699484432541008061e-02,7.722370305472173735e-01,-1.120777889595472865e-01,4.699226793569731830e-01,1.005709609776297864e+00,7.363938502087472582e-01,-1.573839828682029207e+00,-1.541472883590058740e-01,1.125807766342551641e+00,5.459496654692925777e-01,1.005709609776297864e+00,7.363938502087472582e-01,-1.573839828682029207e+00
7.799477736859722343e-02,7.722517927603748111e-01,-1.126473643122526541e-01,4.697866188992806391e-01,1.013238515625038971e+00,7.467206480017056780e-01,-1.607100049301696698e+00,-1.557525850252087507e-01,1.140041153679032915e+00,5.540941988357175330e-01,1.013238515625038971e+00,7.467206480017056780e-01,-1.607100049301696698e+00
7.899471041178436626e-02,7.722650527415468868e-01,-1.132317204920266357e-01,4.696492842996840555e-01,1.020086083077431205e+00,7.571723571395464480e-01,-1.639662914640033220e+00,-1.574709631968968793e-01,1.153412735286315716e+00,5.622783606068216811e-01,1.020086083077431205e+00,7.571723571395464480e-01,-1.639662914640033220e+00
7.999464345497150908e-02,7.722767337843450264e-01,-1.138310641808789186e-01,4.695106973477836676e-01,1.026353597156265174e+00,7.677477590245743722e-01,-1.671394574074791084e+00,-1.593026602050241491e-01,1.165955653518187640e+00,5.705016991599316523e-01,1.026353597156265174e+00,7.677477590245743722e-01,-1.671394574074791084e+00
8.099457649815865190e-02,7.722868536229848813e-01,-1.144450326910351756e-01,4.693708136368073269e-01,1.032193205559426952e+00,7.784459738483967550e-01,-1.702093360258023935e+00,-1.612488086154426348e-01,1.177719690847185863e+00,5.787643049609126900e-01,1.032193205559426952e+00,7.784459738483967550e-01,-1.702093360258023935e+00
8.199450954134579472e-02,7.722954029086849248e-01,-1.150734237379854447e-01,4.692296075819950008e-01,1.037658449374881053e+00,7.892666935107959247e-01,-1.731690086772387449e+00,-1.633106319147172580e-01,1.188721846810595562e+00,5.870661544788881026e-01,1.037658449374881053e+00,7.892666935107959247e-01,-1.731690086772387449e+00
8.299444258453293755e-02,7.723023834784729091e-01,-1.157159673998894578e-01,4.690870458490234984e-01,1.042752197674378101e+00,8.002104341627082063e-01,-1.760183347180802826e+00,-1.654898067722445909e-01,1.198962188581361277e+00,5.954073172597695862e-01,1.042752197674378101e+00,8.002104341627082063e-01,-1.760183347180802826e+00
8.399437562772009425e-02,7.723077970724072649e-01,-1.163723938929071555e-01,4.689430952331649638e-01,1.047477405474129819e+00,8.112777940034636703e-01,-1.787571692580867566e+00,-1.677881307964487478e-01,1.208440786325458038e+00,6.037878925514837958e-01,1.047477405474129819e+00,8.112777940034636703e-01,-1.787571692580867566e+00
8.499430867090723707e-02,7.723116453811895710e-01,-1.170424335868834043e-01,4.687977226469805525e-01,1.051837113658439238e+00,8.224694476899492290e-01,-1.813853631442024161e+00,-1.702075183577287376e-01,1.217157713196995505e+00,6.122080075301059576e-01,1.051837113658439238e+00,8.224694476899492290e-01,-1.813853631442024161e+00
8.599424171409437989e-02,7.723139300925543349e-01,-1.177258170209643240e-01,4.686508951088286801e-01,1.055834448897513989e+00,8.337861407313533757e-01,-1.839027629452540724e+00,-1.727499964099538099e-01,1.225113045335969764e+00,6.206678155173841471e-01,1.055834448897513989e+00,8.337861407313533757e-01,-1.839027629452540724e+00
8.699417475728152271e-02,7.723146529364325330e-01,-1.184222749191519986e-01,4.685025797321927810e-01,1.059472623557363713e+00,8.452286838697092852e-01,-1.863092109375795502e+00,-1.754177003104452903e-01,1.232306861866679482e+00,6.291674941889181527e-01,1.059472623557363713e+00,8.452286838697092852e-01,-1.863092109375795502e+00
8.799410780046866554e-02,7.723138157288875760e-01,-1.191315382058016070e-01,4.683527437158279683e-01,1.062754935599710793e+00,8.567979474464336720e-01,-1.886045450915464272e+00,-1.782128696383724897e-01,1.238739244894930813e+00,6.377072437722453024e-01,1.062754935599710793e+00,8.567979474464336720e-01,-1.886045450915464272e+00
8.899404084365580836e-02,7.723114204148233686e-01,-1.198533380210653337e-01,4.682013543347327555e-01,1.065684768469929766e+00,8.684948557550880022e-01,-1.907885990589189396e+00,-1.811378440115218869e-01,1.244410279502180305e+00,6.462872852341018381e-01,1.065684768469929766e+00,8.684948557550880022e-01,-1.907885990589189396e+00
8.999397388684295118e-02,7.723074691094624633e-01,-1.205874057362867624e-01,4.680483789319446197e-01,1.068265590971041901e+00,8.803203813805654532e-01,-1.928612021610402349e+00,-1.841950589013811868e-01,1.249320053734857439e+00,6.549078584561069949e-01,1.068265590971041901e+00,8.803203813805654532e-01,-1.928612021610402349e+00
9.099390693003009400e-02,7.723019641385953094e-01,-1.213334729693488628e-01,4.678937849111646230e-01,1.070500957121895524e+00,8.922755395249194477e-01,-1.948221793777960231e+00,-1.873870414465049761e-01,1.253468658587137741e+00,6.635692203981164994e-01,1.070500957121895524e+00,8.922755395249194477e-01,-1.948221793777960231e+00
9.199383997321723683e-02,7.722949080775977082e-01,-1.220912715999776244e-01,4.677375397302134807e-01,1.072394505997655845e+00,9.043613823200572499e-01,-1.966713513373349986e+00,-1.907164062641316105e-01,1.256856187975537997e+00,6.722716432484930893e-01,1.072394505997655845e+00,9.043613823200572499e-01,-1.966713513373349986e+00
9.299377301640437965e-02,7.722863037892215843e-01,-1.228605337850035145e-01,4.675796108953211849e-01,1.073949961550845433e+00,9.165789931275016844e-01,-1.984085343065209450e+00,-1.941858512600182218e-01,1.259482738703722182e+00,6.810154125605323294e-01,1.073949961550845433e+00,9.165789931275016844e-01,-1.984085343065209450e+00
9.399370605959152247e-02,7.722761544601532968e-01,-1.236409919735821927e-01,4.674199659562523479e-01,1.075171132411163022e+00,9.289294808254581204e-01,-2.000335401820986458e+00,-1.977981534364934846e-01,1.261348410416013532e+00,6.898008253742806684e-01,1.075171132411163022e+00,9.289294808254581204e-01,-2.000335401820986458e+00
9.499363910277866530e-02,7.722644636363449333e-01,-1.244323789223752696e-01,4.672585725022744829e-01,1.076206948017348397e+00,9.413791150372514682e-01,-2.015626143386326508e+00,-2.015194224952135127e-01,1.262648018739345179e+00,6.986193151390779343e-01,1.076206948017348397e+00,9.413791150372514682e-01,-2.015626143386326508e+00
9.599357214596582200e-02,7.722512352571182515e-01,-1.252344277106909876e-01,4.670953981589655024e-01,1.077386832095838853e+00,9.538499228731966983e-01,-2.030326714185067605e+00,-2.052687716687515984e-01,1.263820199909324149e+00,7.074512065022389162e-01,1.077386832095838853e+00,9.538499228731966983e-01,-2.030326714185067605e+00
9.699350518915296482e-02,7.722364736880433789e-01,-1.260468717555858764e-01,4.669304105858698706e-01,1.078893670857337783e+00,9.662979574684453787e-01,-2.044643138381626368e+00,-2.090006564200707073e-01,1.265108955947801705e+00,7.162856900842543562e-01,1.078893670857337783e+00,9.662979574684453787e-01,-2.044643138381626368e+00
9.799343823234010764e-02,7.722134901902887316e-01,-1.269057240636801975e-01,4.667678049924357531e-01,1.080647698960909064e+00,9.786330432896765963e-01,-2.058723925210561134e+00,-2.126353745659428640e-01,1.266511380957399791e+00,7.250854475954108258e-01,1.080647698960909064e+00,9.786330432896765963e-01,-2.058723925210561134e+00
9.899337127552725046e-02,7.721854089588632286e-01,-1.277932671173326873e-01,4.666055211332308938e-01,1.082489251493688132e+00,9.909044818827354995e-01,-2.072760401138728614e+00,-2.162135429430674938e-01,1.267963591667289336e+00,7.338686625953150244e-01,1.082489251493688132e+00,9.909044818827354995e-01,-2.072760401138728614e+00
9.999330431871439329e-02,7.721556147340636889e-01,-1.286907939785383037e-01,4.664413791632423534e-01,1.084357370085910155e+00,1.003161634730835639e+00,-2.086811500147740084e+00,-2.197773460456678429e-01,1.269433171632178059e+00,7.426547145285083973e-01,1.084357370085910155e+00,1.003161634730835639e+00,-2.086811500147740084e+00
1.009932373619015361e-01,7.721240608939066163e-01,-1.295983034993334615e-01,4.662753778575402519e-01,1.086252478892761886e+00,1.015404437949293470e+00,-2.100877185294998561e+00,-2.233267557615140064e-01,1.270920242575870773e+00,7.514436285886353373e-01,1.086252478892761886e+00,1.015404437949293470e+00,-2.100877185294998561e+00
1.019931704050886789e-01,7.720907003015674563e-01,-1.305157943775150930e-01,4.661075159934359169e-01,1.088175001163864009e+00,1.027632826317120607e+00,-2.114957418985704773e+00,-2.268617428738338160e-01,1.272424925313427657e+00,7.602354296587040539e-01,1.088175001163864009e+00,1.027632826317120607e+00,-2.114957418985704773e+00
1.029931034482758218e-01,7.720554853057887135e-01,-1.314432651521239004e-01,4.659377923510029662e-01,1.090125359243331982e+00,1.039846733254785383e+00,-2.129052162969579776e+00,-2.303822770573464296e-01,1.273947339748717100e+00,7.690301423080514454e-01,1.090125359243331982e+00,1.039846733254785383e+00,-2.129052162969579776e+00
1.039930364914629646e-01,7.720183677413160472e-01,-1.323807141988790903e-01,4.657662057136026101e-01,1.092103974569811564e+00,1.052046090802051026e+00,-2.143161378337546275e+00,-2.338883268744251787e-01,1.275487604871867298e+00,7.778277907893141885e-01,1.092103974569811564e+00,1.052046090802051026e+00,-2.143161378337546275e+00
1.049929695346501074e-01,7.719792989293561281e-01,-1.333281397255662304e-01,4.655927548684157813e-01,1.094111267676476151e+00,1.064230829595886219e+00,-2.157285025518394850e+00,-2.373798597713912550e-01,1.277045838756624363e+00,7.866283990354028255e-01,1.094111267676476151e+00,1.064230829595886219e+00,-2.157285025518394850e+00
1.059929025778372502e-01,7.719382296780644692e-01,-1.342855397673764217e-01,4.654174386069800384e-01,1.096147658190991026e+00,1.076400878848445375e+00,-2.171423064275416870e+00,-2.408568420749380434e-01,1.278622158557615407e+00,7.954319906564808473e-01,1.096147658190991026e+00,1.076400878848445375e+00,-2.171423064275416870e+00
1.069928356210243930e-01,7.718951102830582389e-01,-1.352529121821981484e-01,4.652402557257326321e-01,1.098213564835440970e+00,1.088556166325116203e+00,-2.185575453703017867e+00,-2.443192389886837401e-01,1.280216680507519911e+00,8.042385889369447760e-01,1.098213564835440970e+00,1.088556166325116203e+00,-2.185575453703017867e+00
1.079927686642115359e-01,7.718498905279581601e-01,-1.362302546458619978e-01,4.650612050265596209e-01,1.100309405426222353e+00,1.100696618322641651e+00,-2.199742152223300273e+00,-2.477670145898585585e-01,1.281829519914145177e+00,8.130482168324149050e-01,1.100309405426222353e+00,1.100696618322641651e+00,-2.199742152223300273e+00
1.089927017073986926e-01,7.718025196849579439e-01,-1.372175646473377530e-01,4.648802853173494842e-01,1.102435596873890811e+00,1.112822159647305131e+00,-2.213923117582619948e+00,-2.512001318261217753e-01,1.283460791157410519e+00,8.218608969667248187e-01,1.102435596873890811e+00,1.112822159647305131e+00,-2.213923117582619948e+00
1.099926347505858354e-01,7.717529465154251422e-01,-1.382148394838841332e-01,4.646974954125537849e-01,1.104592555182980718e+00,1.124932713593180145e+00,-2.228118306848124952e+00,-2.546185525125121973e-01,1.285110607686246853e+00,8.306766516289203484e-01,1.104592555182980718e+00,1.124932713593180145e+00,-2.228118306848124952e+00
1.109925677937729782e-01,7.717011192705280909e-01,-1.392220762561520997e-01,4.645128341337512179e-01,1.106780695451770491e+00,1.137028201920448289e+00,-2.242327676404262338e+00,-2.580222373285305792e-01,1.286779082015393705e+00,8.394955027702575290e-01,1.106780695451770491e+00,1.137028201920448289e+00,-2.242327676404262338e+00
1.119925008369601210e-01,7.716469856918974912e-01,-1.402392718632407276e-01,4.643263003102205411e-01,1.109000431872014358e+00,1.149108544833781664e+00,-2.256551181949265850e+00,-2.614111458153574596e-01,1.288466325722120498e+00,8.483174720012104375e-01,1.109000431872014358e+00,1.149108544833781664e+00,-2.256551181949265850e+00
1.129924338801472639e-01,7.715904930123169692e-01,-1.412664229977068919e-01,4.641378927795163367e-01,1.111252177728633939e+00,1.161173660960779008e+00,-2.270788778491613424e+00,-2.647852363732014491e-01,1.290172449442850588e+00,8.571425805884812510e-01,1.111252177728633939e+00,1.161173660960779008e+00,-2.270788778491613424e+00
1.139923669233344067e-01,7.715315879564454971e-01,-1.423035261405282970e-01,4.639476103880513236e-01,1.113536345399352534e+00,1.173223467330476000e+00,-2.285040420346474921e+00,-2.681444662587872396e-01,1.291897562869703808e+00,8.659708494520155231e-01,1.113536345399352534e+00,1.173223467330476000e+00,-2.285040420346474921e+00
1.149922999665215495e-01,7.714702167415753431e-01,-1.433505775560199591e-01,4.637554519916847751e-01,1.115853346354296782e+00,1.185257879351899968e+00,-2.299306061132116774e+00,-2.714887915829725107e-01,1.293641774746950412e+00,8.748022991620220123e-01,1.115853346354296782e+00,1.185257879351899968e+00,-2.299306061132116774e+00
1.159922330097086923e-01,7.714063250784191084e-01,-1.444075732867050044e-01,4.635614164563157669e-01,1.118203591155547239e+00,1.197276810792696766e+00,-2.313585653766301320e+00,-2.748181673085057786e-01,1.295405192867380206e+00,8.836369499359989499e-01,1.118203591155547239e+00,1.197276810792696766e+00,-2.313585653766301320e+00
1.169921660528958351e-01,7.713398581719341784e-01,-1.454745091481394470e-01,4.633655026584826420e-01,1.120587489456638552e+00,1.209280173757803167e+00,-2.327879150462658142e+00,-2.781325472479178051e-01,1.297187924068591292e+00,8.924748216357615282e-01,1.120587489456638552e+00,1.209280173757803167e+00,-2.327879150462658142e+00
1.179920990960829780e-01,7.712707607221822581e-01,-1.465513807236911437e-01,4.631677094859674160e-01,1.123005450002014349e+00,1.221267878668181206e+00,-2.342186502727030550e+00,-2.814318840615478434e-01,1.298990074229192437e+00,9.013159337644798264e-01,1.123005450002014349e+00,1.221267878668181206e+00,-2.342186502727030550e+00
1.189920321392701208e-01,7.711989769252224347e-01,-1.476381833592732284e-01,4.629680358384069550e-01,1.125457880626430374e+00,1.233239834239603816e+00,-2.356507661353802519e+00,-2.847161292557123247e-01,1.300811748264927514e+00,9.101603054637175116e-01,1.125457880626430374e+00,1.233239834239603816e+00,-2.356507661353802519e+00
1.199919651824572636e-01,7.711242418318274838e-01,-1.487359938711519669e-01,4.627664806279072618e-01,1.127946934981592264e+00,1.245194365208180942e+00,-2.370717886226859861e+00,-2.879834058530005847e-01,1.302653454101609931e+00,9.190079555104786468e-01,1.127946934981592264e+00,1.245194365208180942e+00,-2.370717886226859861e+00
1.209918982256444064e-01,7.710469705435640808e-01,-1.498423545003411961e-01,4.625630427796671440e-01,1.130469071053354035e+00,1.257134961617043745e+00,-2.384442202032985847e+00,-2.912378041779361548e-01,1.304514382137847095e+00,9.278589023142547187e-01,1.130469071053354035e+00,1.257134961617043745e+00,-2.384442202032985847e+00
1.219918312688315631e-01,7.709669941393584303e-01,-1.509578604709712890e-01,4.623577212326032693e-01,1.133025618260897316e+00,1.269060658356464977e+00,-2.397430272714105470e+00,-2.944782651675310059e-01,1.306394846293265966e+00,9.367131639140854338e-01,1.133025618260897316e+00,1.269060658356464977e+00,-2.397430272714105470e+00
1.229917643120187060e-01,7.708843722323253100e-01,-1.520819283301285407e-01,4.621505149399841583e-01,1.135615984575957249e+00,1.280972216463094782e+00,-2.409682046181636395e+00,-2.977057224392106738e-01,1.308294714707294082e+00,9.455707579756161829e-01,1.135615984575957249e+00,1.280972216463094782e+00,-2.409682046181636395e+00
1.239916973552058488e-01,7.707991673917258257e-01,-1.532139746339515052e-01,4.619414228700681746e-01,1.138239541467265248e+00,1.292870403251881406e+00,-2.421197469616871434e+00,-3.009211143258341825e-01,1.310213844984279952e+00,9.544317017881653875e-01,1.138239541467265248e+00,1.292870403251881406e+00,-2.421197469616871434e+00
1.249916303983929916e-01,7.707114452059821152e-01,-1.543534159628650593e-01,4.617304440067462323e-01,1.140895624004732545e+00,1.304755992554085919e+00,-2.431976489467186919e+00,-3.041253840215382698e-01,1.312152084284184950e+00,9.632960122617977294e-01,1.140895624004732545e+00,1.304755992554085919e+00,-2.431976489467186919e+00
1.259915634415801344e-01,7.706212743413057842e-01,-1.554996689366808238e-01,4.615175773501921097e-01,1.143583530958468764e+00,1.316629764952821136e+00,-2.442019051442230637e+00,-3.073194797271563972e-01,1.314109269406483316e+00,9.721637059244009338e-01,1.143583530958468764e+00,1.316629764952821136e+00,-2.442019051442230637e+00
1.269914964847672634e-01,7.705287265959422927e-01,-1.566521502295282198e-01,4.613028219175170364e-01,1.146302524892554686e+00,1.328492508015614915e+00,-2.451325100510095556e+00,-3.105043547950530614e-01,1.316085226867227842e+00,9.810347989187681028e-01,1.146302524892554686e+00,1.328492508015614915e+00,-2.451325100510095556e+00
1.279914295279544201e-01,7.704338769500285178e-01,-1.578102765845809385e-01,4.610861767434287772e-01,1.149051832253498606e+00,1.340345016523524890e+00,-2.459894580893476235e+00,-3.136809678732381257e-01,1.318079772969221963e+00,9.899093069996888206e-01,1.149051832253498606e+00,1.340345016523524890e+00,-2.459894580893476235e+00
1.289913625711415768e-01,7.703368036110589401e-01,-1.589734648285393848e-01,4.608676408808994873e-01,1.151830643453295666e+00,1.352188092696305244e+00,-2.467727436065800806e+00,-3.168502830486151778e-01,1.320092713865236078e+00,9.987872455310405906e-01,1.151830643453295666e+00,1.352188092696305244e+00,-2.467727436065800806e+00
1.299912956143287057e-01,7.702375880549640064e-01,-1.601411318858329824e-01,4.606472134018352316e-01,1.154638112947002693e+00,1.364022546413165227e+00,-2.474823608747358517e+00,-3.200132699892205834e-01,1.322123845614211479e+00,1.007668629482890488e+00,1.154638112947002693e+00,1.364022546413165227e+00,-2.474823608747358517e+00
1.309912286575158624e-01,7.701362580048086715e-01,-1.613126898118505959e-01,4.604246096879209826e-01,1.157410354229044369e+00,1.375611864117644911e+00,-2.481176804351934884e+00,-3.230560051999226134e-01,1.324138258342420604e+00,1.016393896789397733e+00,1.157410354229044369e+00,1.375611864117644911e+00,-2.481176804351934884e+00
1.319911617007029914e-01,7.700330333643606862e-01,-1.624875671897375584e-01,4.602004857486345912e-01,1.160025939765511938e+00,1.386472133554309316e+00,-2.486766146108672082e+00,-3.257458578750083711e-01,1.326063687518381329e+00,1.024637873574804514e+00,1.160025939765511938e+00,1.386472133554309316e+00,-2.486766146108672082e+00
1.329910947438901481e-01,7.699279725508684225e-01,-1.636651787603134456e-01,4.599746698040160231e-01,1.162415777943231365e+00,1.396359196925379020e+00,-2.491583903312971415e+00,-3.279654601972488148e-01,1.327861785563419827e+00,1.032234795147530138e+00,1.162415777943231365e+00,1.396359196925379020e+00,-2.491583903312971415e+00
1.339910277870772770e-01,7.698211993962713606e-01,-1.648449449414000623e-01,4.597472964302278808e-01,1.164575722052306750e+00,1.405274761853759102e+00,-2.495628680680790357e+00,-3.297165053941049084e-01,1.329529917914896942e+00,1.039184094886040688e+00,1.164575722052306750e+00,1.405274761853759102e+00,-2.495628680680790357e+00
1.349909608302644337e-01,7.697128420430752183e-01,-1.660262866399575543e-01,4.595185000287149713e-01,1.166501591320535436e+00,1.413220551449887008e+00,-2.498899084652923541e+00,-3.310007023768212764e-01,1.331065442848359481e+00,1.045485198845879538e+00,1.166501591320535436e+00,1.413220551449887008e+00,-2.498899084652923541e+00
1.359908938734515627e-01,7.696030329705000339e-01,-1.672086252730105860e-01,4.592884148198977945e-01,1.168189178290919727e+00,1.420198302568786541e+00,-2.501393723541842640e+00,-3.318197747820070265e-01,1.332465715151684105e+00,1.051137525832160691e+00,1.168189178290919727e+00,1.420198302568786541e+00,-2.501393723541842640e+00
1.369908269166387194e-01,7.694919090148780727e-01,-1.683913827873251279e-01,4.590571748370089189e-01,1.169634256170394515e+00,1.426209764013970815e+00,-2.503111207668884397e+00,-3.321754599769360938e-01,1.333728089770911396e+00,1.056140487473490985e+00,1.169634256170394515e+00,1.426209764013970815e+00,-2.503111207668884397e+00
1.379907599598258483e-01,7.693796113843086593e-01,-1.695739816777543374e-01,4.588249139200909488e-01,1.170832586149658239e+00,1.431256694687987219e+00,-2.504050149491666044e+00,-3.320695080286910073e-01,1.334849925427449735e+00,1.060493488297317155e+00,1.170832586149658239e+00,1.431256694687987219e+00,-2.504050149491666044e+00
1.389906930030130050e-01,7.692662856675931415e-01,-1.707558450041727349e-01,4.585917657101670208e-01,1.171779924694003050e+00,1.435340861689534453e+00,-2.504209163721645925e+00,-3.315036806373368172e-01,1.335828588206368517e+00,1.064195925806715515e+00,1.171779924694003050e+00,1.435340861689534453e+00,-2.504209163721645925e+00
1.399906260462001339e-01,7.691520818374577573e-01,-1.719363964069149930e-01,4.583578636436028142e-01,1.172472030805111309e+00,1.438464038357245567e+00,-2.503586867431717877e+00,-3.304797500334014648e-01,1.336661455115508490e+00,1.067247190558615610e+00,1.172472030805111309e+00,1.438464038357245567e+00,-2.503586867431717877e+00
1.409905590893872906e-01,7.690371542480890499e-01,-1.731150601206391526e-01,4.581233409466732853e-01,1.172904673253816421e+00,1.440628002260387674e+00,-2.502181880153744764e+00,-3.289994978400070935e-01,1.337345917615191615e+00,1.069646666243477817e+00,1.172904673253816421e+00,1.440628002260387674e+00,-2.502181880153744764e+00
1.419904921325744473e-01,7.689216616269948235e-01,-1.742912609865297779e-01,4.578883306303491163e-01,1.173073637783872858e+00,1.441834533136864493e+00,-2.499992823965935695e+00,-3.270647139000767423e-01,1.337879385118290188e+00,1.071393729766417557e+00,1.173073637783872858e+00,1.441834533136864493e+00,-2.499992823965935695e+00
1.429904251757615763e-01,7.688057670612082894e-01,-1.754644244627606431e-01,4.576529654853258577e-01,1.172974734286837517e+00,1.442085410779064603e+00,-2.497018323569946574e+00,-3.246771950691239028e-01,1.338259288460493579e+00,1.072487751329796790e+00,1.172974734286837517e+00,1.442085410779064603e+00,-2.497018323569946574e+00
1.439903582189487330e-01,7.686896379778586086e-01,-1.766339766331348760e-01,4.574173780772996523e-01,1.172603803948200740e+00,1.441382412868261298e+00,-2.493257006357625816e+00,-3.218387439741846601e-01,1.338483083340596069e+00,1.072928094517275666e+00,1.172603803948200740e+00,1.441382412868261298e+00,-2.493257006357625816e+00
1.449902912621358619e-01,7.685734461191224831e-01,-1.777993442138192104e-01,4.571817007425209023e-01,1.171956726364969725e+00,1.439727312758383837e+00,-2.488707502467281341e+00,-3.185511677395558849e-01,1.338548253730686088e+00,1.072714116379339444e+00,1.171956726364969725e+00,1.439727312758383837e+00,-2.488707502467281341e+00
1.459902243053230186e-01,7.684573675115782265e-01,-1.789599545580959628e-01,4.569460655836267149e-01,1.171029426634934811e+00,1.437121877210163490e+00,-2.483368444829388011e+00,-3.148162766800379764e-01,1.338452315256130731e+00,1.071845167520306008e+00,1.171029426634934811e+00,1.437121877210163490e+00,-2.483368444829388011e+00
1.469901573485101476e-01,7.683415824299817398e-01,-1.801152356590479675e-01,4.567106044657821551e-01,1.169817882417933719e+00,1.433567864076777498e+00,-2.477238469201623605e+00,-3.106358829624897289e-01,1.338192818545283380e+00,1.070320592186819297e+00,1.169817882417933719e+00,1.433567864076777498e+00,-2.477238469201623605e+00
1.479900903916973043e-01,7.682262753554863766e-01,-1.812646161501021425e-01,4.564754490131373577e-01,1.168318130969455471e+00,1.429067019942263039e+00,-2.470316214193129412e+00,-3.060117992365307682e-01,1.337767352548883348e+00,1.068139728357838436e+00,1.168318130969455471e+00,1.429067019942263039e+00,-2.470316214193129412e+00
1.489900234348844332e-01,7.681116323683270242e-01,-1.824075249871912052e-01,4.562407195890267886e-01,1.166592975860686110e+00,1.423856670534438873e+00,-2.462609148823496685e+00,-3.010593973416776925e-01,1.337211696399022598e+00,1.065461986600602540e+00,1.166592975860686110e+00,1.423856670534438873e+00,-2.462609148823496685e+00
1.499899564780715899e-01,7.679978305886254741e-01,-1.835433901037266113e-01,4.560064808289332472e-01,1.164775976428397364e+00,1.418418829734011233e+00,-2.454134411994474352e+00,-2.960118799378573806e-01,1.336602298576001768e+00,1.062613560339298768e+00,1.164775976428397364e+00,1.418418829734011233e+00,-2.454134411994474352e+00
1.509898895212587189e-01,7.678850373457405398e-01,-1.846716381860989131e-01,4.557727404107146940e-01,1.162935526599577329e+00,1.412999528236553726e+00,-2.444900997722240010e+00,-2.909885465708301200e-01,1.335978648089060528e+00,1.059760922150238871e+00,1.162935526599577329e+00,1.412999528236553726e+00,-2.444900997722240010e+00
1.519898225644458756e-01,7.677734204268603646e-01,-1.857916958732528656e-01,4.555394945127123063e-01,1.161070790515441598e+00,1.407599583874141747e+00,-2.434908900482903427e+00,-2.859904636081231355e-01,1.335340748769841213e+00,1.056904024544586873e+00,1.161070790515441598e+00,1.407599583874141747e+00,-2.434908900482903427e+00
1.529897556076330045e-01,7.676631506628672774e-01,-1.869029900684180401e-01,4.553067392822160997e-01,1.159180947635631620e+00,1.402219807626140291e+00,-2.424158114866934000e+00,-2.810186946540836894e-01,1.334688618595037291e+00,1.054042820223202614e+00,1.159180947635631620e+00,1.402219807626140291e+00,-2.424158114866934000e+00
1.539896886508201612e-01,7.675544018650395373e-01,-1.880049479277182967e-01,4.550744708356483925e-01,1.157265192593943670e+00,1.396861003450088123e+00,-2.412648635579521805e+00,-2.760743004599788275e-01,1.334022289486393120e+00,1.051177262079139307e+00,1.157265192593943670e+00,1.396861003450088123e+00,-2.412648635579521805e+00
1.549896216940073179e-01,7.674473507574703923e-01,-1.890969968472712981e-01,4.548426852587491576e-01,1.155322735048591509e+00,1.391523968108205445e+00,-2.400380457440954629e+00,-2.711583388360068181e-01,1.333341807102372378e+00,1.048307303200151752e+00,1.155322735048591509e+00,1.391523968108205445e+00,-2.400380457440954629e+00
1.559895547371944469e-01,7.673421690580365384e-01,-1.901785961108879985e-01,4.546113786067640938e-01,1.153352856725020636e+00,1.386209443399980090e+00,-2.387477361665371944e+00,-2.662718095775756244e-01,1.332647241608470257e+00,1.045432896871218986e+00,1.153352856725020636e+00,1.386209443399980090e+00,-2.387477361665371944e+00
1.569894877803816036e-01,7.672389835037286554e-01,-1.912493960284745442e-01,4.543805469046299783e-01,1.151355196656916213e+00,1.380917877526157689e+00,-2.374314267977993609e+00,-2.614153781963480805e-01,1.331938740685222111e+00,1.042553996577070485e+00,1.151355196656916213e+00,1.380917877526157689e+00,-2.374314267977993609e+00
1.579894208235687325e-01,7.671378499567671483e-01,-1.923093355288568451e-01,4.541501861471653467e-01,1.149329919740265327e+00,1.375649281007670810e+00,-2.361142360159544484e+00,-2.565892071429569099e-01,1.331216555997259743e+00,1.039670556004732793e+00,1.149329919740265327e+00,1.375649281007670810e+00,-2.361142360159544484e+00
1.589893538667558892e-01,7.670388079202805631e-01,-1.933584176787695730e-01,4.539202922992583433e-01,1.147277306062798097e+00,1.370403565907040599e+00,-2.347961633494610290e+00,-2.517933461849315435e-01,1.330480960402720347e+00,1.036782529046076151e+00,1.147277306062798097e+00,1.370403565907040599e+00,-2.347961633494610290e+00
1.599892869099430182e-01,7.669418963715995963e-01,-1.943966454220215079e-01,4.536908612960592335e-01,1.145197634399381270e+00,1.365180642586522719e+00,-2.334772083384886621e+00,-2.470278440710150791e-01,1.329732225241446297e+00,1.033889869800384220e+00,1.145197634399381270e+00,1.365180642586522719e+00,-2.334772083384886621e+00
1.609892199531301749e-01,7.668471537625333179e-01,-1.954240215767219513e-01,4.534618890431697524e-01,1.143091182219238444e+00,1.359980419731467549e+00,-2.321573705349596839e+00,-2.422927485552485161e-01,1.328970620327245777e+00,1.030992532576920473e+00,1.143091182219238444e+00,1.359980419731467549e+00,-2.321573705349596839e+00
1.619891529963173038e-01,7.667546180196344041e-01,-1.964405488325538518e-01,4.532333714168393923e-01,1.140958225693336825e+00,1.354802804373568259e+00,-2.308366495025939269e+00,-2.375881064209346416e-01,1.328196413940276877e+00,1.028090471897519009e+00,1.140958225693336825e+00,1.354802804373568259e+00,-2.308366495025939269e+00
1.629890860395044605e-01,7.666643265444448296e-01,-1.974462297480948092e-01,4.530053042641562500e-01,1.138799039701925642e+00,1.349647701913968989e+00,-2.295150448169536617e+00,-2.329139635044563672e-01,1.327409872819516501e+00,1.025183642499176928e+00,1.138799039701925642e+00,1.349647701913968989e+00,-2.295150448169536617e+00
1.639890190826915894e-01,7.665763162137301245e-01,-1.984410667481848467e-01,4.527776834032439801e-01,1.136613897842243315e+00,1.344515016146257569e+00,-2.281925560654892493e+00,-2.282703647189766039e-01,1.326611262155342308e+00,1.022271999336664683e+00,1.136613897842243315e+00,1.344515016146257569e+00,-2.281925560654892493e+00
1.649889521258787461e-01,7.664906233796968671e-01,-1.994250621213420893e-01,4.525505046234574169e-01,1.134403072436364290e+00,1.339404649279323678e+00,-2.268691828475861261e+00,-2.236573540779898117e-01,1.325800845582204124e+00,1.019355497585139103e+00,1.134403072436364290e+00,1.339404649279323678e+00,-2.268691828475861261e+00
1.659888851690658751e-01,7.664072838701936341e-01,-2.003982180172253491e-01,4.523237636855794719e-01,1.132166834539206857e+00,1.334316501960096879e+00,-2.255449247746129426e+00,-2.190749747187474838e-01,1.324978885171390397e+00,1.016434092642773956e+00,1.132166834539206857e+00,1.334316501960096879e+00,-2.255449247746129426e+00
1.669888182122530318e-01,7.663263329888982955e-01,-2.013605364441442280e-01,4.520974563220205855e-01,1.129905453946694172e+00,1.329250473296160084e+00,-2.242197814699695257e+00,-2.145232689255403558e-01,1.324145641423888353e+00,1.013507740133401613e+00,1.129905453946694172e+00,1.329250473296160084e+00,-2.242197814699695257e+00
1.679887512554401885e-01,7.662478055154868795e-01,-2.023120192666159889e-01,4.518715782370178458e-01,1.127619199204047185e+00,1.324206460878242231e+00,-2.228937525691379484e+00,-2.100022781528504412e-01,1.323301373263327863e+00,1.010576395909161374e+00,1.127619199204047185e+00,1.324206460878242231e+00,-2.228937525691379484e+00
1.689886842986273174e-01,7.661717357057863387e-01,-2.032526682029701381e-01,4.516461251068357718e-01,1.125308337614231657e+00,1.319184360802585498e+00,-2.215668377197320904e+00,-2.055120430483522997e-01,1.322446338029009905e+00,1.007640016053162890e+00,1.125308337614231657e+00,1.319184360802585498e+00,-2.215668377197320904e+00
1.699886173418144741e-01,7.660981572919109972e-01,-2.041824848230001932e-01,4.514210925799685414e-01,1.122973135246544851e+00,1.314184067693198843e+00,-2.202390365815499962e+00,-2.010526034757870728e-01,1.321580791469018745e+00,1.004698556882157146e+00,1.122973135246544851e+00,1.314184067693198843e+00,-2.202390365815499962e+00
1.709885503850016031e-01,7.660271034823816771e-01,-2.051014705456618847e-01,4.511964762773423288e-01,1.120613856945335218e+00,1.309205474723985185e+00,-2.189103488266265884e+00,-1.966239985376853627e-01,1.320704987733410496e+00,1.001751974949222301e+00,1.120613856945335218e+00,1.309205474723985185e+00,-2.189103488266265884e+00
1.719884834281887598e-01,7.659586069622278393e-01,-2.060096266368196261e-01,4.509722717925206958e-01,1.118230766338867088e+00,1.304248473640757133e+00,-2.175807741392871364e+00,-1.922262665979532770e-01,1.319819179367480944e+00,9.988002270464594323e-01,1.118230766338867088e+00,1.304248473640757133e+00,-2.175807741392871364e+00
1.729884164713758887e-01,7.658926998930709606e-01,-2.069069542070391676e-01,4.507484746919093177e-01,1.115824125848307924e+00,1.299312954783131246e+00,-2.162503122162022340e+00,-1.878594453043141987e-01,1.318923617305099327e+00,9.958432702076944754e-01,1.115824125848307924e+00,1.299312954783131246e+00,-2.162503122162022340e+00
1.739883495145630454e-01,7.658294139131912592e-01,-2.077934542094278525e-01,4.505250805149637605e-01,1.113394196696852578e+00,1.294398807106310390e+00,-2.149189627664430002e+00,-1.835235716106055071e-01,1.318018550862118943e+00,9.928810617112016068e-01,1.113394196696852578e+00,1.294398807106310390e+00,-2.149189627664430002e+00
1.749882825577501744e-01,7.657687716170387127e-01,-2.086691317569933646e-01,4.503020311226523797e-01,1.111026982636881266e+00,1.289800247541188050e+00,-2.135904663218362032e+00,-1.793688942633184236e-01,1.317158450399602998e+00,9.899958823166407074e-01,1.111026982636881266e+00,1.289800247541188050e+00,-2.135904663218362032e+00
1.759882156009373311e-01,7.657107609062412390e-01,-2.095340091337705990e-01,4.500790531699125907e-01,1.108810390035053217e+00,1.285814592321959271e+00,-2.122686585493094746e+00,-1.755464273657461605e-01,1.316398822862058449e+00,9.872711894039088998e-01,1.108810390035053217e+00,1.285814592321959271e+00,-2.122686585493094746e+00
1.769881486441244600e-01,7.656553602735878261e-01,-2.103881130032461133e-01,4.498558172319350734e-01,1.106747011274228365e+00,1.282444709657130311e+00,-2.109536610116468314e+00,-1.720564905389706523e-01,1.315741139410506078e+00,9.847082430512459350e-01,1.106747011274228365e+00,1.282444709657130311e+00,-2.109536610116468314e+00
1.779880816873116167e-01,7.656025476373523597e-01,-2.112314699502465531e-01,4.496319933441783601e-01,1.104838372440168470e+00,1.279690010372777298e+00,-2.096455512256896192e+00,-1.688976295559213581e-01,1.315186196399249274e+00,9.823073387731344752e-01,1.104838372440168470e+00,1.279690010372777298e+00,-2.096455512256896192e+00
1.789880147304987457e-01,7.655523004539961374e-01,-2.120641064411255272e-01,4.494072516377910498e-01,1.103085942611045533e+00,1.277549918654891092e+00,-2.083444065122249000e+00,-1.660683911988194983e-01,1.314734754198841893e+00,9.800687774423201271e-01,1.103085942611045533e+00,1.277549918654891092e+00,-2.083444065122249000e+00
1.799879477736859024e-01,7.655045957284166702e-01,-2.128860488343204682e-01,4.491812623427696716e-01,1.101491133947275491e+00,1.276023872269210102e+00,-2.070503039943609291e+00,-1.635673233614745037e-01,1.314387537379655413e+00,9.779928652642164710e-01,1.101491133947275491e+00,1.276023872269210102e+00,-2.070503039943609291e+00
1.809878808168730591e-01,7.654594100222116282e-01,-2.136973233903463054e-01,4.489536957913825010e-01,1.100055301776934780e+00,1.275111322775787315e+00,-2.057633205955387012e+00,-1.613929751481545383e-01,1.314145234893205672e+00,9.760799137473471498e-01,1.100055301776934780e+00,1.275111322775787315e+00,-2.057633205955387012e+00
1.819878138600601880e-01,7.654167194599598156e-01,-2.144979562812092677e-01,4.487242224218622733e-01,1.098779744676791736e+00,1.274811735738330398e+00,-2.044835330371758353e+00,-1.595438969690719522e-01,1.314008500251242495e+00,9.743302396698275691e-01,1.098779744676791736e+00,1.274811735738330398e+00,-2.044835330371758353e+00
1.829877469032473447e-01,7.653764997335339437e-01,-2.152879735992266341e-01,4.484925127823591873e-01,1.097665704548992149e+00,1.275124590928322421e+00,-2.032110178359367580e+00,-1.580186406324965431e-01,1.313977951702612224e+00,9.727441650418799934e-01,1.097665704548992149e+00,1.275124590928322421e+00,-2.032110178359367580e+00
1.839876799464344737e-01,7.653387261044443113e-01,-2.160674013652355285e-01,4.482582375351569226e-01,1.096714366693424036e+00,1.276049382523980480e+00,-2.019458513006297196e+00,-1.568157594335348737e-01,1.314054172407887577e+00,9.713220170643873663e-01,1.096714366693424036e+00,1.276049382523980480e+00,-2.019458513006297196e+00
1.849876129896216304e-01,7.653033734042274938e-01,-2.168362655361796842e-01,4.480210674611460608e-01,1.095926859875791193e+00,1.277585619304031361e+00,-2.006881095287218475e+00,-1.559338082395844149e-01,1.314237710611778187e+00,9.700641280834650937e-01,1.095926859875791193e+00,1.277585619304031361e+00,-2.006881095287218475e+00
1.859875460328087593e-01,7.652704160328859251e-01,-2.175945920120578858e-01,4.477806734645547460e-01,1.095304256391444131e+00,1.279732824836366190e+00,-1.994378684024725734e+00,-1.553713435725025405e-01,1.314529079813324897e+00,9.689708355410704410e-01,1.095304256391444131e+00,1.279732824836366190e+00,-1.994378684024725734e+00
1.869874790759959160e-01,7.652398279553819238e-01,-2.183424066422250676e-01,4.475367265779303105e-01,1.094847572124981738e+00,1.282490537661568730e+00,-1.981952035846795246e+00,-1.551269236874960877e-01,1.314928758933882058e+00,9.680424819216297827e-01,1.094847572124981738e+00,1.282490537661568730e+00,-1.981952035846795246e+00
1.879874121191830449e-01,7.652115826961961575e-01,-2.190797352310327462e-01,4.472888979673755316e-01,1.094557766605673610e+00,1.285858311471345328e+00,-1.969601905140342168e+00,-1.551991086487644056e-01,1.315437192482891371e+00,9.672794146946862570e-01,1.094557766605673610e+00,1.285858311471345328e+00,-1.969601905140342168e+00
1.889873451623702016e-01,7.651856533319586484e-01,-2.198066035427982401e-01,4.470368589380321334e-01,1.094435743058742361e+00,1.289835715281866246e+00,-1.957329044000829077e+00,-1.555864604019114861e-01,1.316054790721460366e+00,9.666819862535679375e-01,1.094435743058742361e+00,1.289835715281866246e+00,-1.957329044000829077e+00
1.899872782055573306e-01,7.651620124821536528e-01,-2.205230373060943216e-01,4.467802809398105368e-01,1.094482348452512799e+00,1.294422333602040620e+00,-1.945134202177904781e+00,-1.562875428431468317e-01,1.316781929823741315e+00,9.662505538500731905e-01,1.094482348452512799e+00,1.294422333602040620e+00,-1.945134202177904781e+00
1.909872112487444873e-01,7.651406322979124042e-01,-2.212290622173486987e-01,4.465188355733667458e-01,1.094698373541513892e+00,1.299617766596732116e+00,-1.933018127017020582e+00,-1.573009218852939872e-01,1.317618952036128332e+00,9.659854795251696657e-01,1.094698373541513892e+00,1.299617766596732116e+00,-1.933018127017020582e+00
1.919871442919316440e-01,7.651214844488904987e-01,-2.219247039437463875e-01,4.462521945963215386e-01,1.095084552905523534e+00,1.305421630244917530e+00,-1.920981563396996217e+00,-1.586251655206268318e-01,1.318566165834268444e+00,9.658871300357013689e-01,1.095084552905523534e+00,1.305421630244917530e+00,-1.920981563396996217e+00
1.929870773351187729e-01,7.651045485900397347e-01,-2.226099837737023635e-01,4.459800834205212006e-01,1.095550856195823375e+00,1.311541226264406612e+00,-1.908986997044923140e+00,-1.601116211436170444e-01,1.319567251411327469e+00,9.658724939578786639e-01,1.095550856195823375e+00,1.311541226264406612e+00,-1.908986997044923140e+00
1.939870103783059296e-01,7.650898378953138179e-01,-2.232849054839959602e-01,4.457024422167072397e-01,1.096005446876989975e+00,1.317680352676875888e+00,-1.896995901491143055e+00,-1.616107178757250074e-01,1.320564910562713745e+00,9.658572492752613980e-01,1.096005446876989975e+00,1.317680352676875888e+00,-1.896995901491143055e+00
1.949869434214930586e-01,7.650773739305499754e-01,-2.239494681819237665e-01,4.454192674489447779e-01,1.096446873649289611e+00,1.323835228632161076e+00,-1.885007736254946220e+00,-1.631205881964342685e-01,1.321558313648398819e+00,9.658403236437113071e-01,1.096446873649289611e+00,1.323835228632161076e+00,-1.885007736254946220e+00
1.959868764646802153e-01,7.650671778421886948e-01,-2.246036708172927387e-01,4.451305563029765433e-01,1.096874865278151479e+00,1.330005880910929417e+00,-1.873022456212342313e+00,-1.646412862184147285e-01,1.322547368050933869e+00,9.658217299110447573e-01,1.096874865278151479e+00,1.330005880910929417e+00,-1.873022456212342313e+00
1.969868095078673442e-01,7.650592702467099437e-01,-2.252475122374687500e-01,4.448363059896881522e-01,1.097289149896871319e+00,1.336192336024645044e+00,-1.861040016033040478e+00,-1.661728659202624248e-01,1.323531981057259665e+00,9.658014808220257708e-01,1.097289149896871319e+00,1.336192336024645044e+00,-1.861040016033040478e+00
1.979867425510545009e-01,7.650536712305355813e-01,-2.258809911858385977e-01,4.445365137453255455e-01,1.097689455006076509e+00,1.342394620195326294e+00,-1.849060370179798296e+00,-1.677153811373910952e-01,1.324512059855001311e+00,9.657795890183462628e-01,1.097689455006076509e+00,1.342394620195326294e+00,-1.849060370179798296e+00
1.989866755942416299e-01,7.650504003499247752e-01,-2.265041063003225830e-01,4.442311768317092069e-01,1.098075507473191603e+00,1.348612759335263700e+00,-1.837083472907792725e+00,-1.692688855529336789e-01,1.325487511528764761e+00,9.657560670386049484e-01,1.098075507473191603e+00,1.348612759335263700e+00,-1.837083472907792725e+00
1.999866086374287866e-01,7.650494766308623129e-01,-2.271168561119385199e-01,4.439202925364599261e-01,1.098447033531906314e+00,1.354846779026681158e+00,-1.825109278263973955e+00,-1.708334326886721821e-01,1.326458243056430675e+00,9.657309273182900222e-01,1.098447033531906314e+00,1.354846779026681158e+00,-1.825109278263973955e+00
2.009865416806159155e-01,7.650509185689366998e-01,-2.277192390434158442e-01,4.436038581732221764e-01,1.098803758781648821e+00,1.361096704501350896e+00,-1.813137740086439464e+00,-1.724090758959800906e-01,1.327424161305447825e+00,9.657041821897612843e-01,1.098803758781648821e+00,1.361096704501350896e+00,-1.813137740086439464e+00
2.019864747238030722e-01,7.650547441292145923e-01,-2.283112534078611533e-01,4.432818710818949848e-01,1.099145408187068851e+00,1.367362560620155598e+00,-1.801168812003798525e+00,-1.739958683467845990e-01,1.328385173029129840e+00,9.656758438822370394e-01,1.099145408187068851e+00,1.367362560620155598e+00,-1.801168812003798525e+00
2.029864077669902012e-01,7.650609707461014652e-01,-2.288928974074749267e-01,4.429543286288657455e-01,1.099471706077524980e+00,1.373644371852603685e+00,-1.789202447434548482e+00,-1.755938630245456600e-01,1.329341184862951497e+00,9.656459245217787757e-01,1.099471706077524980e+00,1.373644371852603685e+00,-1.789202447434548482e+00
2.039863408101773579e-01,7.650696153231989483e-01,-2.294641691323188182e-01,4.426212282072463089e-01,1.099782376146590579e+00,1.379942162256296623e+00,-1.777238599586448808e+00,-1.772031127152537966e-01,1.330292103320854347e+00,9.656144361312773983e-01,1.099782376146590579e+00,1.379942162256296623e+00,-1.777238599586448808e+00
2.049862738533645146e-01,7.650806942331508376e-01,-2.300250665591342114e-01,4.422825672371163419e-01,1.100077141451570650e+00,1.386255955456343614e+00,-1.765277221455902046e+00,-1.788236699984446787e-01,1.331237834791552999e+00,9.655813906304485661e-01,1.100077141451570650e+00,1.386255955456343614e+00,-1.765277221455902046e+00
2.059862068965516435e-01,7.650942233174812257e-01,-2.305755875502112917e-01,4.419383431657670780e-01,1.100355724413031755e+00,1.392585774624728545e+00,-1.753318265827336964e+00,-1.804555872382293535e-01,1.332178285534848738e+00,9.655467998358145953e-01,1.100355724413031755e+00,1.392585774624728545e+00,-1.753318265827336964e+00
2.069861399397388002e-01,7.651102178864229719e-01,-2.311157298523103809e-01,4.415885534679505064e-01,1.100617846814353706e+00,1.398931642459631419e+00,-1.741361685272592608e+00,-1.820989165743437943e-01,1.333113361677948472e+00,9.655106754607031272e-01,1.100617846814353706e+00,1.398931642459631419e+00,-1.741361685272592608e+00
2.079860729829259292e-01,7.651286927187397335e-01,-2.316454910956330104e-01,4.412331956461325033e-01,1.100863229801304577e+00,1.405293581164698491e+00,-1.729407432150312118e+00,-1.837537099132123264e-01,1.334042969211799878e+00,9.654730291152389121e-01,1.100863229801304577e+00,1.405293581164698491e+00,-1.729407432150312118e+00
2.089860060261130859e-01,7.651496620615352295e-01,-2.321648687928446753e-01,4.408722672307494594e-01,1.101091593881626807e+00,1.411671612428262002e+00,-1.717455458605333884e+00,-1.854200189190252646e-01,1.334967013987424789e+00,9.654338723063360383e-01,1.101091593881626807e+00,1.411671612428262002e+00,-1.717455458605333884e+00
2.099859390693002148e-01,7.651731396300569532e-01,-2.326738603381490744e-01,4.405057657804698490e-01,1.101302658924665945e+00,1.418065757402519056e+00,-1.705505716568092245e+00,-1.870978950048402534e-01,1.335885401712277432e+00,9.653932164376979319e-01,1.101302658924665945e+00,1.418065757402519056e+00,-1.705505716568092245e+00
2.109858721124873715e-01,7.651991386074871171e-01,-2.331724630064126447e-01,4.401336888824565752e-01,1.101496144161006274e+00,1.424476036682656543e+00,-1.693558157754012417e+00,-1.887873893236898248e-01,1.336798037946598239e+00,9.653510728098109173e-01,1.101496144161006274e+00,1.424476036682656543e+00,-1.693558157754012417e+00
2.119858051556745004e-01,7.652276716447273808e-01,-2.336606739523412746e-01,4.397560341526371985e-01,1.101671768182153066e+00,1.430902470285929651e+00,-1.681612733662926962e+00,-1.904885527597083850e-01,1.337704828099797627e+00,9.653074526199454386e-01,1.101671768182153066e+00,1.430902470285929651e+00,-1.681612733662926962e+00
2.129857381988616571e-01,7.652587508601718103e-01,-2.341384902097074505e-01,4.393727992359750534e-01,1.101829248940233708e+00,1.437345077630694634e+00,-1.669669395578473603e+00,-1.922014359192744659e-01,1.338605677426840224e+00,9.652623669621533953e-01,1.101829248940233708e+00,1.437345077630694634e+00,-1.669669395578473603e+00
2.139856712420487861e-01,7.652923878394710666e-01,-2.346059086906292501e-01,4.389839818067463595e-01,1.101968303747741018e+00,1.443803877515392742e+00,-1.657728094567518795e+00,-1.939260891221664118e-01,1.339500491024657958e+00,9.652158268272734709e-01,1.101968303747741018e+00,1.443803877515392742e+00,-1.657728094567518795e+00
2.149856042852359428e-01,7.653285936352872687e-01,-2.350629261849000173e-01,4.385895795688186660e-01,1.102088649277304100e+00,1.450278888097489061e+00,-1.645788781479568641e+00,-1.956625623927317204e-01,1.340389173828566038e+00,9.651678431029281358e-01,1.102088649277304100e+00,1.450278888097489061e+00,-1.645788781479568641e+00
2.159855373284230717e-01,7.653673787670378648e-01,-2.355095393593695241e-01,4.381895902559347356e-01,1.102190001561506705e+00,1.456770126872363402e+00,-1.633851406946197127e+00,-1.974109054510729266e-01,1.341271630608707355e+00,9.651184265735315293e-01,1.102190001561506705e+00,1.456770126872363402e+00,-1.633851406946197127e+00
2.169854703716102284e-01,7.654087532206302891e-01,-2.359457447573771183e-01,4.377840116320017572e-01,1.102272075992734246e+00,1.463277610652152338e+00,-1.621915921380468362e+00,-1.991711677042440343e-01,1.342147765966509754e+00,9.650675879202905705e-01,1.102272075992734246e+00,1.463277610652152338e+00,-1.621915921380468362e+00
2.179854034147973851e-01,7.654527264481876259e-01,-2.363715387982352478e-01,4.373728414913811147e-01,1.102334587323077653e+00,1.469801355544550603e+00,-1.609982274976369254e+00,-2.009433982374626559e-01,1.343017484331170186e+00,9.650153377212117300e-01,1.102334587323077653e+00,1.469801355544550603e+00,-1.609982274976369254e+00
2.189853364579845141e-01,7.654993073677628379e-01,-2.367869177767651934e-01,4.369560776591839280e-01,1.102377249664267200e+00,1.476341376931562088e+00,-1.598050417708247961e+00,-2.027276458053340891e-01,1.343880689956149954e+00,9.649616864511111336e-01,1.102377249664267200e+00,1.476341376931562088e+00,-1.598050417708247961e+00
2.199852695011716708e-01,7.655485043630431141e-01,-2.371918778628835656e-01,4.365337179915704802e-01,1.102399776487660077e+00,1.482897689448205103e+00,-1.586120299330249672e+00,-2.045239588230877703e-01,1.344737286915701713e+00,9.649066444816167820e-01,1.102399776487660077e+00,1.482897689448205103e+00,-1.586120299330249672e+00
2.209852025443587997e-01,7.656003252830457795e-01,-2.375864151012410108e-01,4.361057603760531975e-01,1.102401880624281461e+00,1.489470306961173662e+00,-1.574191869375767050e+00,-2.063323853578288292e-01,1.345587179101416231e+00,9.648502220811817631e-01,1.102401880624281461e+00,1.489470306961173662e+00,-1.574191869375767050e+00
2.219851355875459564e-01,7.656547774418011043e-01,-2.379705254109117651e-01,4.356722027318035151e-01,1.102383274264907342e+00,1.496059242547452817e+00,-1.562265077156886450e+00,-2.081529731197982458e-01,1.346430270218792247e+00,9.647924294150924673e-01,1.102383274264907342e+00,1.496059242547452817e+00,-1.562265077156886450e+00
2.229850686307330854e-01,7.657118676180278971e-01,-2.383442045851353053e-01,4.352330430099621283e-01,1.102343668960207967e+00,1.502664508472890681e+00,-1.550339871763846800e+00,-2.099857694536479413e-01,1.347266463783835855e+00,9.647332765454799119e-01,1.102343668960207967e+00,1.502664508472890681e+00,-1.550339871763846800e+00
2.239850016739202421e-01,7.657716020547979952e-01,-2.387074482911088202e-01,4.347882791939531311e-01,1.102282775620945010e+00,1.509286116170720504e+00,-1.538416202064497140e+00,-2.118308213297256382e-01,1.348095663119682541e+00,9.646727734313320646e-01,1.102282775620945010e+00,1.509286116170720504e+00,-1.538416202064497140e+00
2.249849347171073710e-01,7.658339864591886537e-01,-2.390602520698327793e-01,4.343379092998030377e-01,1.102200304518223373e+00,1.515924076220043215e+00,-1.526494016703764167e+00,-2.136881753353725988e-01,1.348917771353249861e+00,9.646109299285061667e-01,1.102200304518223373e+00,1.515924076220043215e+00,-1.526494016703764167e+00
2.259848677602945277e-01,7.658990260019281626e-01,-2.394026113360063768e-01,4.338819313764641361e-01,1.102095965283814483e+00,1.522578398324264448e+00,-1.514573264103119543e+00,-2.155578776662325780e-01,1.349732691411919205e+00,9.645477557897436105e-01,1.102095965283814483e+00,1.522578398324264448e+00,-1.514573264103119543e+00
2.269848008034816567e-01,7.659667253170286960e-01,-2.397345213779758788e-01,4.334203435061371179e-01,1.101969466910525774e+00,1.529249091289485829e+00,-1.502653892460061424e+00,-2.174399741175680467e-01,1.350540326020247761e+00,9.644832606646827067e-01,1.101969466910525774e+00,1.529249091289485829e+00,-1.502653892460061424e+00
2.279847338466688134e-01,7.660370885014091691e-01,-2.400559773577345402e-01,4.329531438046038683e-01,1.101820517752647000e+00,1.535936163002853627e+00,-1.490735849747590880e+00,-2.193345100755931809e-01,1.351340577696705791e+00,9.644174540998776690e-01,1.101820517752647000e+00,1.535936163002853627e+00,-1.490735849747590880e+00
2.289846668898559423e-01,7.661101191145096578e-01,-2.403669743109738688e-01,4.324803304215595889e-01,1.101648825526464037e+00,1.542639620410866330e+00,-1.478819083713703186e+00,-2.212415305088118456e-01,1.352133348750459207e+00,9.643503455388130474e-01,1.101648825526464037e+00,1.542639620410866330e+00,-1.478819083713703186e+00
2.299845999330430990e-01,7.661858201778939392e-01,-2.406675071471875427e-01,4.320019015409517493e-01,1.101454097310833324e+00,1.549359469497633590e+00,-1.466903541880875794e+00,-2.231610799593693462e-01,1.352918541278173237e+00,9.642819443219213804e-01,1.101454097310833324e+00,1.549359469497633590e+00,-1.466903541880875794e+00
2.309845329762302557e-01,7.662641941748420393e-01,-2.409575706498262859e-01,4.315178553813190931e-01,1.101236039547837997e+00,1.556095715263095647e+00,-1.454989171545572280e+00,-2.250932025344098975e-01,1.353696057160853172e+00,9.642122596866018469e-01,1.101236039547837997e+00,1.556095715263095647e+00,-1.454989171545572280e+00
2.319844660194173847e-01,7.663452430499329004e-01,-2.412371594765054805e-01,4.310281901961387496e-01,1.100994358043507315e+00,1.562848361701203004e+00,-1.443075919777742300e+00,-2.270379418974481367e-01,1.354465798060725534e+00,9.641413007672381408e-01,1.100994358043507315e+00,1.562848361701203004e+00,-1.443075919777742300e+00
2.329843990626045414e-01,7.664289682086192768e-01,-2.415062681592641258e-01,4.305329042741742329e-01,1.100728757968625793e+00,1.569617411778049254e+00,-1.431163733420333095e+00,-2.289953412597499072e-01,1.355227665418153205e+00,9.640690765952225627e-01,1.100728757968625793e+00,1.569617411778049254e+00,-1.431163733420333095e+00
2.339843321057916703e-01,7.665153705167881970e-01,-2.417648911048766724e-01,4.300319959398290481e-01,1.100438943859610497e+00,1.576402867409960606e+00,-1.419252559088807208e+00,-2.309654433717137079e-01,1.355981560448587864e+00,9.639955960989703421e-01,1.100438943859610497e+00,1.576402867409960606e+00,-1.419252559088807208e+00
2.349842651489788270e-01,7.666044503003143218e-01,-2.420130225952160652e-01,4.295254635535014076e-01,1.100124619619470057e+00,1.583204729441552105e+00,-1.407342343170662424e+00,-2.329482905142741811e-01,1.356727384139557291e+00,9.639208681039475035e-01,1.100124619619470057e+00,1.583204729441552105e+00,-1.407342343170662424e+00
2.359841981921659559e-01,7.666962073446038639e-01,-2.422506567876692996e-01,4.290133055119464411e-01,1.099785488518852716e+00,1.590022997623733669e+00,-1.395433031824961922e+00,-2.349439244903033797e-01,1.357465037247700179e+00,9.638449013326867432e-01,1.099785488518852716e+00,1.590022997623733669e+00,-1.395433031824961922e+00
2.369841312353531126e-01,7.667906408941270735e-01,-2.424777877156053807e-01,4.284955202486395165e-01,1.099421253197178316e+00,1.596857670591680378e+00,-1.383524570981867763e+00,-2.369523866160263559e-01,1.358194420295838256e+00,9.637677044048172936e-01,1.099421253197178316e+00,1.596857670591680378e+00,-1.383524570981867763e+00
2.379840642785402416e-01,7.668877496519420633e-01,-2.426944092888953797e-01,4.279721062341448334e-01,1.099031615663854211e+00,1.603708745842762351e+00,-1.371616906342183917e+00,-2.389737177124420242e-01,1.358915433570089260e+00,9.636892858370824655e-01,1.099031615663854211e+00,1.603708745842762351e+00,-1.371616906342183917e+00
2.389839973217273983e-01,7.669875317792079761e-01,-2.429005152944843371e-01,4.274430619764859607e-01,1.098616277299580890e+00,1.610576219714429769e+00,-1.359709983376902631e+00,-2.410079580967534052e-01,1.359627977117022768e+00,9.636096540433664037e-01,1.098616277299580890e+00,1.610576219714429769e+00,-1.359709983376902631e+00
2.399839303649145272e-01,7.670899848946900468e-01,-2.430960993970164019e-01,4.269083860215223125e-01,1.098174938857757077e+00,1.617460087362065702e+00,-1.347803747326760337e+00,-2.430551475738055855e-01,1.360331950740860663e+00,9.635288173347191787e-01,1.098174938857757077e+00,1.617460087362065702e+00,-1.347803747326760337e+00
2.409838634081016839e-01,7.671951060742541184e-01,-2.432811551395120120e-01,4.263680769533285675e-01,1.097707300465978308e+00,1.624360342736790530e+00,-1.335898143201795341e+00,-2.451153254275274529e-01,1.361027254000726439e+00,9.634467839193820993e-01,1.097707300465978308e+00,1.624360342736790530e+00,-1.335898143201795341e+00
2.419837964512888129e-01,7.673028918503527196e-01,-2.434556759440970053e-01,4.258221333945773068e-01,1.097213061627623221e+00,1.631276978563240165e+00,-1.323993115780919938e+00,-2.471885304123890292e-01,1.361713786207934929e+00,9.633635619028146913e-01,1.097213061627623221e+00,1.631276978563240165e+00,-1.323993115780919938e+00
2.429837294944759696e-01,7.674133382114997071e-01,-2.436196551127849108e-01,4.252705540069260381e-01,1.096691921223551969e+00,1.638209986317289868e+00,-1.312088609611492540e+00,-2.492748007448561398e-01,1.362391446423330876e+00,9.632791592877186782e-01,1.096691921223551969e+00,1.638209986317289868e+00,-1.312088609611492540e+00
2.439836625376631263e-01,7.675264406017394681e-01,-2.437730858283118918e-01,4.247133374914077164e-01,1.096143577513896350e+00,1.645159356203754086e+00,-1.300184569008899338e+00,-2.513741740948582937e-01,1.363060133454676137e+00,9.631935839740668470e-01,1.096143577513896350e+00,1.645159356203754086e+00,-1.300184569008899338e+00
2.449835955808502552e-01,7.676421939201044653e-01,-2.439159611550239526e-01,4.241504825888260943e-01,1.095567728139963615e+00,1.652125077134040776e+00,-1.288280938056146629e+00,-2.534866875772616157e-01,1.363719745854089949e+00,9.631068437591329134e-01,1.095567728139963615e+00,1.652125077134040776e+00,-1.288280938056146629e+00
2.459835286240374119e-01,7.677605925200645665e-01,-2.440482740398167705e-01,4.235819880801521276e-01,1.094964070126237976e+00,1.659107136703773300e+00,-1.276377660603450703e+00,-2.556123777433476074e-01,1.364370181915531388e+00,9.630189463375173897e-01,1.094964070126237976e+00,1.659107136703773300e+00,-1.276377660603450703e+00
2.469834616672245409e-01,7.678816302089669366e-01,-2.441700173131288454e-01,4.230078527869281513e-01,1.094332299882496917e+00,1.666105521170369475e+00,-1.264474680267847262e+00,-2.577512805722990130e-01,1.365011339672338453e+00,9.629298993011754515e-01,1.094332299882496917e+00,1.666105521170369475e+00,-1.264474680267847262e+00
2.479833947104116976e-01,7.680053002474700463e-01,-2.442811836899870248e-01,4.224280755716712799e-01,1.093672113206036300e+00,1.673120215430593749e+00,-1.252571940432799513e+00,-2.599034314626918474e-01,1.365643116894820430e+00,9.628397101394489122e-01,1.093672113206036300e+00,1.673120215430593749e+00,-1.252571940432799513e+00
2.489833277535988265e-01,7.681315953489666892e-01,-2.443817657711051805e-01,4.218426553382849664e-01,1.092983205284009829e+00,1.680151202998064308e+00,-1.240669384247816032e+00,-2.620688652239913097e-01,1.366265411087900006e+00,9.627483862390964209e-01,1.092983205284009829e+00,1.680151202998064308e+00,-1.240669384247816032e+00
2.499832607967859832e-01,7.682605076789996712e-01,-2.444717560440354265e-01,4.212515910324711177e-01,1.092265270695884194e+00,1.687198465980731532e+00,-1.228766954628077723e+00,-2.642476160680574671e-01,1.366878119488810661e+00,9.626559348843192199e-01,1.092265270695884194e+00,1.687198465980731532e+00,-1.228766954628077723e+00
2.509831938399731399e-01,7.683920288546691735e-01,-2.445511468843732106e-01,4.206548816421465942e-01,1.091518003416011906e+00,1.694261985058318487e+00,-1.216864594254071674e+00,-2.664397176006524925e-01,1.367481139064850915e+00,9.625623632567982257e-01,1.091518003416011906e+00,1.694261985058318487e+00,-1.216864594254071674e+00
2.519831268831602689e-01,7.685261499440330102e-01,-2.446199305570142257e-01,4.200525261978654279e-01,1.090741096816326916e+00,1.701341739459730107e+00,-1.204962245571232105e+00,-2.686452028129576730e-01,1.368074366511192297e+00,9.624676784357177883e-01,1.090741096816326916e+00,1.701341739459730107e+00,-1.204962245571232105e+00
2.529830599263473978e-01,7.686628614654991143e-01,-2.446780992174659164e-01,4.194445237732410403e-01,1.089934243669161695e+00,1.708437706940429512e+00,-1.193059850789589760e+00,-2.708641040730903060e-01,1.368657698248748389e+00,9.623718873978048816e-01,1.089934243669161695e+00,1.708437706940429512e+00,-1.193059850789589760e+00
2.539829929695345268e-01,7.688021533872103630e-01,-2.447256449132109712e-01,4.188308734853771753e-01,1.089097136150189549e+00,1.715549863759773919e+00,-1.181157351883429296e+00,-2.730964531176320875e-01,1.369231030422099149e+00,9.622749970173546386e-01,1.089097136150189549e+00,1.715549863759773919e+00,-1.181157351883429296e+00
2.549829260127217112e-01,7.689440151264210765e-01,-2.447625595851248559e-01,4.182115744952966674e-01,1.088229465841495269e+00,1.722678184658329448e+00,-1.169254690590954660e+00,-2.753422810431576662e-01,1.369794258897473416e+00,9.621770140662666559e-01,1.088229465841495269e+00,1.722678184658329448e+00,-1.169254690590954660e+00
2.559828590559088402e-01,7.690884355488689650e-01,-2.447888350689463866e-01,4.175866260083790360e-01,1.087330923734775245e+00,1.729822642835147306e+00,-1.157351808413966454e+00,-2.776016182977694702e-01,1.370347279260797357e+00,9.620779452140743038e-01,1.087330923734775245e+00,1.729822642835147306e+00,-1.157351808413966454e+00
2.569827920990959691e-01,7.692354029681379712e-01,-2.448044630968018998e-01,4.169560272747996899e-01,1.086401200234673015e+00,1.736983209925009763e+00,-1.145448646617537092e+00,-2.798744946726406391e-01,1.370889986815795991e+00,9.619777970279813628e-01,1.086401200234673015e+00,1.736983209925009763e+00,-1.145448646617537092e+00
2.579827251422831536e-01,7.693849051450153409e-01,-2.448094352987826294e-01,4.163197775899715736e-01,1.085439985162244270e+00,1.744159855975648155e+00,-1.133545146229705924e+00,-2.821609392935570115e-01,1.371422276582163535e+00,9.618765759728900022e-01,1.085439985162244270e+00,1.744159855975648155e+00,-1.133545146229705924e+00
2.589826581854702825e-01,7.695369292868438071e-01,-2.448037432045758188e-01,4.156778762949930317e-01,1.084446967758564639e+00,1.751352549424926464e+00,-1.121641248041181926e+00,-2.844609806124692164e-01,1.371944043293797266e+00,9.617742884114391932e-01,1.084446967758564639e+00,1.751352549424926464e+00,-1.121641248041181926e+00
2.599825912286574114e-01,7.696914620468647827e-01,-2.447873782451496505e-01,4.150303227770971159e-01,1.083421836688473583e+00,1.758561257078007367e+00,-1.109736892605043490e+00,-2.867746463990460959e-01,1.372455181397087554e+00,9.616709406040363506e-01,1.083421836688473583e+00,1.758561257078007367e+00,-1.109736892605043490e+00
2.609825242718445404e-01,7.698484895235578884e-01,-2.447603317544913837e-01,4.143771164701069987e-01,1.082364280044462612e+00,1.765785944084471204e+00,-1.097832020236459094e+00,-2.891019637322350677e-01,1.372955585049283833e+00,9.615665387088901950e-01,1.082364280044462612e+00,1.765785944084471204e+00,-1.097832020236459094e+00
2.619824573150317248e-01,7.700079972599745970e-01,-2.447225949713998649e-01,4.137182568548912753e-01,1.081273985350703404e+00,1.773026573915427173e+00,-1.085926571012415964e+00,-2.914429589918219876e-01,1.373445148116917869e+00,9.614610887820460583e-01,1.081273985350703404e+00,1.773026573915427173e+00,-1.085926571012415964e+00
2.629823903582188538e-01,7.701699702430655492e-01,-2.446741590413312184e-01,4.130537434598281488e-01,1.080150639567231785e+00,1.780283108340579901e+00,-1.074020484771448958e+00,-2.937976578500028357e-01,1.373923764174299844e+00,9.613545967774199674e-01,1.080150639567231785e+00,1.780283108340579901e+00,-1.074020484771448958e+00
2.639823234014059827e-01,7.703343929030048720e-01,-2.446150150182987981e-01,4.123835758612678370e-01,1.078993929094270277e+00,1.787555507405289568e+00,-1.062113701113388542e+00,-2.961660852629547369e-01,1.374391326502079513e+00,9.612470685468338383e-01,1.078993929094270277e+00,1.787555507405289568e+00,-1.062113701113388542e+00
2.649822564445931117e-01,7.705012491125065033e-01,-2.445451538668273472e-01,4.117077536840025864e-01,1.077803539776708508e+00,1.794843729407585853e+00,-1.050206159399110106e+00,-2.985482654624125876e-01,1.374847728085876852e+00,9.611385098400476723e-01,1.077803539776708508e+00,1.794843729407585853e+00,-1.050206159399110106e+00
2.659821894877802961e-01,7.706705221861402944e-01,-2.444645664639604754e-01,4.110262766017390157e-01,1.076579156908737067e+00,1.802147730875174103e+00,-1.038297798750298373e+00,-3.009442219472493463e-01,1.375292861614986206e+00,9.610289263047989694e-01,1.076579156908737067e+00,1.802147730875174103e+00,-1.038297798750298373e+00
2.669821225309674251e-01,7.708421948796393419e-01,-2.443732436013228704e-01,4.103391443375725145e-01,1.075320465238634338e+00,1.809467466542405090e+00,-1.026388558049220023e+00,-3.033539774750609319e-01,1.375726619481140833e+00,9.609183234868319268e-01,1.075320465238634338e+00,1.809467466542405090e+00,-1.026388558049220023e+00
2.679820555741545540e-01,7.710162493892075419e-01,-2.442711759872368826e-01,4.096463566644682475e-01,1.074027148973716095e+00,1.816802889327233883e+00,-1.014478375938501875e+00,-3.057775540537565062e-01,1.376148893777366489e+00,9.608067068299377400e-01,1.074027148973716095e+00,1.816802889327233883e+00,-1.014478375938501875e+00
2.689819886173417385e-01,7.711926673508207042e-01,-2.441583542488920955e-01,4.089479134057436016e-01,1.072698891785443864e+00,1.824153950308149419e+00,-1.002567190820921494e+00,-3.082149729331533083e-01,1.376559576296888743e+00,9.606940816759856894e-01,1.072698891785443864e+00,1.824153950308149419e+00,-1.002567190820921494e+00
2.699819216605288674e-01,7.713714298395261126e-01,-2.440347689345707949e-01,4.082438144355551302e-01,1.071335376814695373e+00,1.831520598701079194e+00,-9.906549408592124628e-01,-3.106662545965714894e-01,1.376958558532130006e+00,9.605804532649609984e-01,1.071335376814695373e+00,1.831520598701079194e+00,-9.906549408592124628e-01
2.709818547037159964e-01,7.715525173687387550e-01,-2.439004105159268410e-01,4.075340596793882164e-01,1.069936286677206416e+00,1.838902781836287526e+00,-9.787415639758697550e-01,-3.131314187524391057e-01,1.377345731673771834e+00,9.604658267349996947e-01,1.069936286677206416e+00,1.838902781836287526e+00,-9.787415639758697550e-01
2.719817877469031253e-01,7.717359098895337777e-01,-2.437552693903191070e-01,4.068186491145513450e-01,1.068501303469171049e+00,1.846300445135238499e+00,-9.668269978529708819e-01,-3.156104843258972226e-01,1.377720986609893394e+00,9.603502071224228054e-01,1.068501303469171049e+00,1.846300445135238499e+00,-9.668269978529708819e-01
2.729817207900903098e-01,7.719215867899388295e-01,-2.435993358831999855e-01,4.060975827706734265e-01,1.067030108773022068e+00,1.853713532087452265e+00,-9.549111799320084693e-01,-3.181034694504106808e-01,1.378084213925191870e+00,9.602335993617724386e-01,1.067030108773022068e+00,1.853713532087452265e+00,-9.549111799320084693e-01
2.739816538332774387e-01,7.721095268942238521e-01,-2.434326002505574627e-01,4.053708607302052291e-01,1.065522383663382922e+00,1.861141984227336899e+00,-9.429940474137301631e-01,-3.206103914593842474e-01,1.378435303900277020e+00,9.601160082858485323e-01,1.065522383663382922e+00,1.861141984227336899e+00,-9.429940474137301631e-01
2.749815868764645677e-01,7.722997084621873176e-01,-2.432550526814128977e-01,4.046384831289235873e-01,1.063977808713186590e+00,1.868585741111009835e+00,-9.310755372579871958e-01,-3.231312668777818753e-01,1.378774146511040355e+00,9.599974386257407177e-01,1.063977808713186590e+00,1.868585741111009835e+00,-9.310755372579871958e-01
2.759815199196516966e-01,7.724921091884445756e-01,-2.430666833003729821e-01,4.039004501564383842e-01,1.062396063999979656e+00,1.876044740293096202e+00,-9.191555861835992713e-01,-3.256661114137505697e-01,1.379100631428110901e+00,9.598778950108679542e-01,1.062396063999979656e+00,1.876044740293096202e+00,-9.191555861835992713e-01
2.769814529628388811e-01,7.726867062017135357e-01,-2.428674821702364872e-01,4.031567620567061971e-01,1.060776829112407116e+00,1.883518917303524498e+00,-9.072341306682234485e-01,-3.282149399502500287e-01,1.379414648016385581e+00,9.597573819690111696e-01,1.060776829112407116e+00,1.883518917303524498e+00,-9.072341306682234485e-01
2.779813860060260100e-01,7.728834760640990176e-01,-2.426574392946558578e-01,4.024074191285446078e-01,1.059119783156874828e+00,1.891008205624289840e+00,-8.953111069482404538e-01,-3.307777665366843922e-01,1.379716085334644404e+00,9.596359039263491209e-01,1.059119783156874828e+00,1.891008205624289840e+00,-8.953111069482404538e-01
2.789813190492131389e-01,7.730823947703805432e-01,-2.424365446208540942e-01,4.016524217261495111e-01,1.057424604764400922e+00,1.898512536666228545e+00,-8.833864510186422159e-01,-3.333546043805420966e-01,1.380004832135242943e+00,9.595134652074936987e-01,1.057424604764400922e+00,1.898512536666228545e+00,-8.833864510186422159e-01
2.799812520924002679e-01,7.732834377472964649e-01,-2.422047880423959243e-01,4.008917702596197508e-01,1.055690972097648173e+00,1.906031839745766510e+00,-8.714600986329418264e-01,-3.359454658390394477e-01,1.380280776863893610e+00,9.593900700355241229e-01,1.055690972097648173e+00,1.906031839745766510e+00,-8.714600986329418264e-01
2.809811851355874524e-01,7.734865798528310910e-01,-2.419621594020147648e-01,4.001254651954802011e-01,1.053918562858154440e+00,1.913566042061655814e+00,-8.595319853030851664e-01,-3.385503624107656928e-01,1.380543807659524447e+00,9.592657225320263548e-01,1.053918562858154440e+00,1.913566042061655814e+00,-8.595319853030851664e-01
2.819811181787745813e-01,7.736917953755034771e-01,-2.417086484944942215e-01,3.993535070572132306e-01,1.052107054293748289e+00,1.921115068671711779e+00,-8.476020462993794080e-01,-3.411693047273399726e-01,1.380793812354230710e+00,9.591404267171194098e-01,1.052107054293748289e+00,1.921115068671711779e+00,-8.476020462993794080e-01
2.829810512219617102e-01,7.738990580336567726e-01,-2.414442450696050180e-01,3.985758964257899439e-01,1.050256123206161796e+00,1.928678842469540244e+00,-8.356702166504268448e-01,-3.438023025450679948e-01,1.381030678473300854e+00,9.590141865095009877e-01,1.050256123206161796e+00,1.928678842469540244e+00,-8.356702166504268448e-01
2.839809842651488947e-01,7.741083409747494537e-01,-2.411689388350969077e-01,3.977926339402055311e-01,1.048365445958835185e+00,1.936257284161249537e+00,-8.237364311430804831e-01,-3.464493647366040929e-01,1.381254293235341324e+00,9.588870057264718971e-01,1.048365445958835185e+00,1.936257284161249537e+00,-8.237364311430804831e-01
2.849809173083360236e-01,7.743196167746492220e-01,-2.408827194597464305e-01,3.970037202980210012e-01,1.046434698484929315e+00,1.943850312242169087e+00,-8.118006243223968577e-01,-3.491104992826243869e-01,1.381464543552476831e+00,9.587588880839764682e-01,1.046434698484929315e+00,1.943850312242169087e+00,-8.118006243223968577e-01
2.859808503515231526e-01,7.745328574369318986e-01,-2.405855765764591259e-01,3.962091562559044156e-01,1.044463556295531781e+00,1.951457842973558288e+00,-7.998627304916113845e-01,-3.517857132635009987e-01,1.381661316030650344e+00,9.586298371966380794e-01,1.044463556295531781e+00,1.951457842973558288e+00,-7.998627304916113845e-01
2.869807833947102815e-01,7.747480343921793189e-01,-2.402774997854279504e-01,3.954089426301771182e-01,1.042451694488064851e+00,1.959079790359308237e+00,-7.879226837121232618e-01,-3.544750128509805420e-01,1.381844496970000336e+00,9.584998565777879120e-01,1.042451694488064851e+00,1.959079790359308237e+00,-7.879226837121232618e-01
2.879807164378974660e-01,7.749651184972858875e-01,-2.399584786573467632e-01,3.946030802973646834e-01,1.040398787754909904e+00,1.966716066122654150e+00,-7.759804178034870326e-01,-3.571784032998749914e-01,1.382013972365339294e+00,9.583689496395014773e-01,1.040398787754909904e+00,1.966716066122654150e+00,-7.759804178034870326e-01
2.889806494810845949e-01,7.751840800347662430e-01,-2.396285027366791553e-01,3.937915701947491964e-01,1.038304510392229041e+00,1.974366579682872436e+00,-7.640358663434236863e-01,-3.598958889397536609e-01,1.382169627906712606e+00,9.582371196926354751e-01,1.038304510392229041e+00,1.974366579682872436e+00,-7.640358663434236863e-01
2.899805825242717239e-01,7.754048887120692513e-01,-2.392875615449834570e-01,3.929744133209263635e-01,1.036168536309001409e+00,1.982031238131992001e+00,-7.520889626678375350e-01,-3.626274731666448981e-01,1.382311348980060028e+00,9.581043699468555497e-01,1.036168536309001409e+00,1.982031238131992001e+00,-7.520889626678375350e-01
2.909805155674588528e-01,7.756275101055664090e-01,-2.389356438772905489e-01,3.921516602115650008e-01,1.033954746450707951e+00,1.989529617365200620e+00,-7.401396015042256415e-01,-3.653131665080780466e-01,1.382427113186975642e+00,9.579707089660074448e-01,1.033954746450707951e+00,1.989529617365200620e+00,-7.401396015042256415e-01
2.919804486106460373e-01,7.758518953222768300e-01,-2.385727357597632325e-01,3.913235603846297872e-01,1.031626822418675538e+00,1.996677644234011506e+00,-7.281875245746554093e-01,-3.678919955999906954e-01,1.382504877420016598e+00,9.578361671423604173e-01,1.031626822418675538e+00,1.996677644234011506e+00,-7.281875245746554093e-01
2.929803816538331662e-01,7.760779921669798131e-01,-2.381988226919299623e-01,3.904904169579437312e-01,1.029184518854458164e+00,2.003471491365091506e+00,-7.162324359980596356e-01,-3.703630707869769445e-01,1.382544622572495996e+00,9.577007806680524205e-01,1.029184518854458164e+00,2.003471491365091506e+00,-7.162324359980596356e-01
2.939803146970202952e-01,7.763057490343773237e-01,-2.378138904276901333e-01,3.896525342669804326e-01,1.026628334809418952e+00,2.009910893898223527e+00,-7.042740433557546087e-01,-3.727266896152747755e-01,1.382546576884544187e+00,9.575645857770940239e-01,1.026628334809418952e+00,2.009910893898223527e+00,-7.042740433557546087e-01
2.949802477402074796e-01,7.765351149977588463e-01,-2.374179249970562178e-01,3.888102168803487801e-01,1.023958801234526428e+00,2.015995579206390609e+00,-6.923120584907926922e-01,-3.749831467944579333e-01,1.382510978399973611e+00,9.574276186556792689e-01,1.023958801234526428e+00,2.015995579206390609e+00,-6.923120584907926922e-01
2.959801807833946086e-01,7.767660398252255183e-01,-2.370109127132162541e-01,3.879637695947130704e-01,1.021176480999270053e+00,2.021725266991858838e+00,-6.803461975425302288e-01,-3.771327342347095546e-01,1.382438074922561100e+00,9.572899154591646420e-01,1.021176480999270053e+00,2.021725266991858838e+00,-6.803461975425302288e-01
2.969801138265817375e-01,7.769984739948567753e-01,-2.365928401791342339e-01,3.871134974295353803e-01,1.018281968910019764e+00,2.027099669386011271e+00,-6.683761809797521547e-01,-3.791757410853626720e-01,1.382328123972230260e+00,9.571515123276947978e-01,1.018281968910019764e+00,2.027099669386011271e+00,-6.683761809797521547e-01
2.979800468697688665e-01,7.772323687088142918e-01,-2.361636942936860550e-01,3.862597056216426350e-01,1.015275891727824398e+00,2.032118491052904208e+00,-6.564017336323324514e-01,-3.811124537746918284e-01,1.382181392741112846e+00,9.570124454004536041e-01,1.015275891727824398e+00,2.032118491052904208e+00,-6.564017336323324514e-01
2.989799799129560509e-01,7.774676759063872122e-01,-2.357234622573297078e-01,3.854026996196329158e-01,1.012158908185684325e+00,2.036781429296542711e+00,-6.444225847214091196e-01,-3.829431560509486410e-01,1.381998158049513759e+00,9.568727508285678196e-01,1.012158908185684325e+00,2.036781429296542711e+00,-6.444225847214091196e-01
2.999799129561431799e-01,7.777043482759724569e-01,-2.352721315773094179e-01,3.845427850781216739e-01,1.008931709005275179e+00,2.041088174171872716e+00,-6.324384678880694555e-01,-3.846681290246324880e-01,1.381778706301769688e+00,9.567324647866439769e-01,1.008931709005275179e+00,2.041088174171872716e+00,-6.324384678880694555e-01
3.009798459993303088e-01,7.779423392659884362e-01,-2.348096900723913860e-01,3.836802678518392296e-01,1.005595016913154449e+00,2.045038408599477275e+00,-6.204491212205094364e-01,-3.862876512119852723e-01,1.381523333442001622e+00,9.565916234829529019e-01,1.005595016913154449e+00,2.045038408599477275e+00,-6.204491212205094364e-01
3.019797790425174377e-01,7.781816030947272811e-01,-2.343361258771336497e-01,3.828154539895900488e-01,1.002149586656466917e+00,2.048631808483959649e+00,-6.084542872796654400e-01,-3.878019985796962721e-01,1.381232344909777865e+00,9.564502631682576528e-01,1.002149586656466917e+00,2.048631808483959649e+00,-6.084542872796654400e-01
3.029797120857046222e-01,7.784220947591328210e-01,-2.338514274456872655e-01,3.819486497280757953e-01,9.985962050181247385e-01,2.051868042836020312e+00,-5.964537131232969802e-01,-3.892114445908170794e-01,1.380906055595671145e+00,9.563084201432857645e-01,9.985962050181247385e-01,2.051868042836020312e+00,-5.964537131232969802e-01
3.039796451288917511e-01,7.786637700425118602e-01,-2.333555835551326674e-01,3.810801614855963138e-01,9.949356908315114545e-01,2.054746773898199486e+00,-5.844471503285091352e-01,-3.905162602518648107e-01,1.380544789796729344e+00,9.561661307648520181e-01,9.949356908315114545e-01,2.054746773898199486e+00,-5.844471503285091352e-01
3.049795781720788801e-01,7.789065855211719791e-01,-2.328485833083493994e-01,3.802102958556340395e-01,9.911688949946871885e-01,2.057267657274286066e+00,-5.724343550126758107e-01,-3.917167141611135883e-01,1.380148881171844089e+00,9.560234314506241837e-01,9.911688949946871885e-01,2.057267657274286066e+00,-5.724343550126758107e-01
3.059795112152660090e-01,7.791504985699863051e-01,-2.323304161364237730e-01,3.793393596003298285e-01,9.872967004841242122e-01,2.059430342062381847e+00,-5.604150878527882629e-01,-3.928130725580560867e-01,1.379718672697043180e+00,9.558803586825481702e-01,9.872967004841242122e-01,2.059430342062381847e+00,-5.604150878527882629e-01
3.069794442584531935e-01,7.793954673668801458e-01,-2.318010718005935333e-01,3.784676596438628637e-01,9.833200223679676721e-01,2.061234470991605505e+00,-5.483891141031700389e-01,-3.938055993740344207e-01,1.379254516620680437e+00,9.557369490089161479e-01,9.833200223679676721e-01,2.061234470991605505e+00,-5.483891141031700389e-01
3.079793773016403224e-01,7.796413851182506516e-01,-2.312607621489069232e-01,3.775955030657348610e-01,9.792403945114400710e-01,2.062679402034948151e+00,-5.364443357109758281e-01,-3.946941641210957585e-01,1.378756886682354743e+00,9.555932390450923020e-01,9.792403945114400710e-01,2.062679402034948151e+00,-5.364443357109758281e-01
3.089793103448274514e-01,7.798882764505362664e-01,-2.307092696338615134e-01,3.767231475608013858e-01,9.750925176776308323e-01,2.063945423929702372e+00,-5.249554868103382121e-01,-3.955394092143404428e-01,1.378237450284550247e+00,9.554492599896036165e-01,9.750925176776308323e-01,2.063945423929702372e+00,-5.249554868103382121e-01
3.099792433880146358e-01,7.801359055329332159e-01,-2.301472967581184303e-01,3.758506517652348555e-01,9.709135828269664925e-01,2.065215577145342429e+00,-5.142093635157198861e-01,-3.964014223776917145e-01,1.377708315553545448e+00,9.553050210389185670e-01,9.709135828269664925e-01,2.065215577145342429e+00,-5.142093635157198861e-01
3.109791764312017648e-01,7.803840777039958709e-01,-2.295754231839433890e-01,3.749780206433355190e-01,9.667058392132430455e-01,2.066492767520827556e+00,-5.042059575522706005e-01,-3.972804091505518498e-01,1.377169990375346709e+00,9.551605254535838752e-01,9.667058392132430455e-01,2.066492767520827556e+00,-5.042059575522706005e-01
3.119791094743888937e-01,7.806325996969485370e-01,-2.289942293892921199e-01,3.741052581167745306e-01,9.624708131769305064e-01,2.067776114478645066e+00,-4.949452614288220031e-01,-3.981753102767019992e-01,1.376622742436047986e+00,9.550157763798355903e-01,9.624708131769305064e-01,2.067776114478645066e+00,-4.949452614288220031e-01
3.129790425175760227e-01,7.808812796552581093e-01,-2.284042966616149362e-01,3.732323681075414568e-01,9.582100348780289156e-01,2.069064749096091838e+00,-4.864272676968511844e-01,-3.990850676681179099e-01,1.376066841560651843e+00,9.548707769649529276e-01,9.582100348780289156e-01,2.069064749096091838e+00,-4.864272676968511844e-01
3.139789755607632071e-01,7.811299272003514593e-01,-2.278062071008631062e-01,3.723593545379265124e-01,9.539250383471193917e-01,2.070357814304280453e+00,-4.786519689505309705e-01,-4.000086244694385784e-01,1.375502559830273475e+00,9.547255303571977603e-01,9.539250383471193917e-01,2.070357814304280453e+00,-4.786519689505309705e-01
3.149789086039503361e-01,7.813783534950042853e-01,-2.272005436209311724e-01,3.714862213304999106e-01,9.496173615289265069e-01,2.071654465075803753e+00,-4.716193578267738329e-01,-4.009449251205809972e-01,1.374930171691243208e+00,9.545800397057495612e-01,9.496173615289265069e-01,2.071654465075803753e+00,-4.716193578267738329e-01
3.159788416471374650e-01,7.816263713023925419e-01,-2.265878899495500920e-01,3.706129724080918786e-01,9.452885463185449755e-01,2.072953868601002281e+00,-4.653294270052803494e-01,-4.018929154174895602e-01,1.374349954056139911e+00,9.544343081606424528e-01,9.452885463185449755e-01,2.072953868601002281e+00,-4.653294270052803494e-01
3.169787746903245940e-01,7.818737950407943504e-01,-2.259688306266506852e-01,3.697396116937736177e-01,9.409401385904825332e-01,2.074255204452797763e+00,-4.597821692085838352e-01,-4.028515425709873199e-01,1.373762186396763285e+00,9.542883388727093630e-01,9.409401385904825332e-01,2.074255204452797763e+00,-4.597821692085838352e-01
3.179787077335117784e-01,7.821204408339279546e-01,-2.253439510012157365e-01,3.688661431108367639e-01,9.365736882206628922e-01,2.075557664740030006e+00,-4.549775772020981934e-01,-4.038197552636986210e-01,1.373167150829045502e+00,9.541421349935128582e-01,9.365736882206628922e-01,2.075557664740030006e+00,-4.549775772020981934e-01
3.189786407766989074e-01,7.823661265569190615e-01,-2.247138372266395401e-01,3.679925705827752358e-01,9.321907491015580804e-01,2.076860454249242594e+00,-4.509156437941626572e-01,-4.047965037050185733e-01,1.372565132189937032e+00,9.539956996752843033e-01,9.321907491015580804e-01,2.076860454249242594e+00,-4.509156437941626572e-01
3.199785738198860363e-01,7.826106718778824689e-01,-2.240790762546176484e-01,3.671188980332639740e-01,9.277928791505944961e-01,2.078162790574868524e+00,-4.475963618360879748e-01,-4.057807396840897862e-01,1.371956418106269115e+00,9.538490360708674620e-01,9.277928791505944961e-01,2.078162790574868524e+00,-4.475963618360879748e-01
3.209785068630732208e-01,7.828538982951068759e-01,-2.234402558275876693e-01,3.662451293861396784e-01,9.233816403120091998e-01,2.079463904237765171e+00,-4.450197242222000416e-01,-4.067714166207562210e-01,1.371341299055613083e+00,9.537021473336473321e-01,9.233816403120091998e-01,2.079463904237765171e+00,-4.450197242222000416e-01
3.219784399062603497e-01,7.830956291698349947e-01,-2.227979644697437867e-01,3.653712685653818237e-01,9.189585985523150979e-01,2.080763038792023512e+00,-4.431857238898855855e-01,-4.077674896144565797e-01,1.370720068419160054e+00,9.535550366174945225e-01,9.189585985523150979e-01,2.080763038792023512e+00,-4.431857238898855855e-01
3.229783729494474787e-01,7.833356897546240871e-01,-2.221527914766493472e-01,3.644973194950921203e-01,9.145253238495421044e-01,2.082059450920033417e+00,-4.420943538196382416e-01,-4.087679154910245360e-01,1.370093022526637228e+00,9.534077070767000839e-01,9.145253238495421044e-01,2.082059450920033417e+00,-4.420943538196382416e-01
3.239783059926346076e-01,7.835739072172764885e-01,-2.215053269034701622e-01,3.636232860994751404e-01,9.100833901764249223e-01,2.083352410515712627e+00,-4.417456070350994635e-01,-4.097716528473508979e-01,1.369460460693272097e+00,9.532601618659141129e-01,9.100833901764249223e-01,2.083352410515712627e+00,-4.417456070350994635e-01
3.249782390358217921e-01,7.838101106603347912e-01,-2.208561615518555010e-01,3.627491723028183901e-01,9.056343754777098631e-01,2.084641200755872337e+00,-4.421394766031053747e-01,-4.107776620938757284e-01,1.368822685248849869e+00,9.531124041400831359e-01,9.056343754777098631e-01,2.084641200755872337e+00,-4.421394766031053747e-01
3.259781720790089210e-01,7.840090780994549702e-01,-2.203306553262461831e-01,3.618749820294731578e-01,9.015118000335115012e-01,2.085781679850111647e+00,-4.431882754928159196e-01,-4.115671709490213437e-01,1.368245514831323062e+00,9.529644370543893794e-01,9.015118000335115012e-01,2.085781679850111647e+00,-4.431882754928159196e-01
3.269781051221960499e-01,7.840912009913637570e-01,-2.202134453061547759e-01,3.610007192038344193e-01,8.984733996988674143e-01,2.086449907677892401e+00,-4.445170721839990513e-01,-4.116441095783657800e-01,1.367878789902595926e+00,9.528162637641851562e-01,8.984733996988674143e-01,2.086449907677892401e+00,-4.445170721839990513e-01
3.279780381653831789e-01,7.841715347605029418e-01,-2.200957959879157599e-01,3.601263877503212973e-01,8.954320640273091270e-01,2.087117827509932688e+00,-4.458385651230475366e-01,-4.117221733863056232e-01,1.367508132852182534e+00,9.526678874249331352e-01,8.954320640273091270e-01,2.087117827509932688e+00,-4.458385651230475366e-01
3.289779712085703633e-01,7.842500792756624817e-01,-2.199777078778293316e-01,3.592519915933566899e-01,8.923878104821065804e-01,2.087785436608331935e+00,-4.471527475500050031e-01,-4.118013616216887329e-01,1.367133546005794731e+00,9.525193111921442801e-01,8.923878104821065804e-01,2.087785436608331935e+00,-4.471527475500050031e-01
3.299779042517574923e-01,7.843268344140783555e-01,-2.198591814838632696e-01,3.583775346573486176e-01,8.893406565436445810e-01,2.088452732238009091e+00,-4.484596127483218564e-01,-4.118816735180888533e-01,1.366755031709232515e+00,9.523705382213139004e-01,8.893406565436445810e-01,2.088452732238009091e+00,-4.484596127483218564e-01
3.309778372949446212e-01,7.844018000614322306e-01,-2.197402173156511873e-01,3.575030208666700737e-01,8.862906197093096683e-01,2.089119711666718615e+00,-4.497591540448985237e-01,-4.119631082938124411e-01,1.366372592328370938e+00,9.522215716678603670e-01,8.862906197093096683e-01,2.089119711666718615e+00,-4.497591540448985237e-01
3.319777703381317502e-01,7.844749761118514630e-01,-2.196208158844902003e-01,3.566284541456388180e-01,8.832377174933774278e-01,2.089786372165063355e+00,-4.510513648101291961e-01,-4.120456651519051605e-01,1.365986230249140121e+00,9.520724146870620519e-01,8.832377174933774278e-01,2.089786372165063355e+00,-4.510513648101291961e-01
3.329777033813189346e-01,7.845463624679100967e-01,-2.195009777033390397e-01,3.557538384184987246e-01,8.801819674269009131e-01,2.090452711006505204e+00,-4.523362384579396878e-01,-4.121293432801610979e-01,1.365595947877512151e+00,9.519230704339971538e-01,8.801819674269009131e-01,2.090452711006505204e+00,-4.523362384579396878e-01
3.339776364245060636e-01,7.846159590406281970e-01,-2.193807032868160534e-01,3.548791776093989103e-01,8.771233870576002900e-01,2.091118725467384643e+00,-4.536137684458313446e-01,-4.122141418511269806e-01,1.365201747639485319e+00,9.517735420634774179e-01,8.771233870576002900e-01,2.091118725467384643e+00,-4.536137684458313446e-01
3.349775694676931925e-01,7.846837657494726281e-01,-2.192599931511970413e-01,3.540044756423746941e-01,8.740619939497482616e-01,2.091784412826926953e+00,-4.548839482749210128e-01,-4.123000600221130019e-01,1.364803631981066356e+00,9.516238327299915145e-01,8.740619939497482616e-01,2.091784412826926953e+00,-4.548839482749210128e-01
3.359775025108803770e-01,7.847497825223558321e-01,-2.191388478144132845e-01,3.531297364413280016e-01,8.709978056840599336e-01,2.092449770367260875e+00,-4.561467714899802295e-01,-4.123870969351990379e-01,1.364401603368255778e+00,9.514739455876364271e-01,8.709978056840599336e-01,2.092449770367260875e+00,-4.561467714899802295e-01
3.369774355540675059e-01,7.848140092956372715e-01,-2.190172677960492698e-01,3.522549639300072144e-01,8.679308398575782402e-01,2.093114795373428816e+00,-4.574022316794789655e-01,-4.124752517172447508e-01,1.363995664287031673e+00,9.513238837900603873e-01,8.679308398575782402e-01,2.093114795373428816e+00,-4.574022316794789655e-01
3.379773685972546349e-01,7.848764460141220978e-01,-2.188952536173409125e-01,3.513801620319880192e-01,8.648611140835624767e-01,2.093779485133404172e+00,-4.586503224756199870e-01,-4.125645234798969718e-01,1.363585817243330611e+00,9.511736504903974820e-01,8.648611140835624767e-01,2.093779485133404172e+00,-4.586503224756199870e-01
3.389773016404417638e-01,7.849370926310627050e-01,-2.187728058011732812e-01,3.505053346706528128e-01,8.617886459913763897e-01,2.094443836938097547e+00,-4.598910375543839857e-01,-4.126549113195978058e-01,1.363172064763035651e+00,9.510232488412068141e-01,8.617886459913763897e-01,2.094443836938097547e+00,-4.598910375543839857e-01
3.399772346836289483e-01,7.849959491081558438e-01,-2.186499248720784605e-01,3.496304857691719392e-01,8.587134532263742681e-01,2.095107848081378510e+00,-4.611243706355653282e-01,-4.127464143175963995e-01,1.362754409391955246e+00,9.508726819944091080e-01,8.587134532263742681e-01,2.095107848081378510e+00,-4.611243706355653282e-01
3.409771677268160772e-01,7.850530154155451745e-01,-2.185266113562337187e-01,3.487556192504835950e-01,8.556355534497888105e-01,2.095771515860081369e+00,-4.623503154828113582e-01,-4.128390315399562693e-01,1.362332853695810142e+00,9.507219531012274238e-01,8.556355534497888105e-01,2.095771515860081369e+00,-4.623503154828113582e-01
3.419771007700032062e-01,7.851082915318196020e-01,-2.184028657814588992e-01,3.478807390372736785e-01,8.525549643386184373e-01,2.096434837574024712e+00,-4.635688659036631409e-01,-4.129327620375664032e-01,1.361907400260215617e+00,9.505710653121204334e-01,8.525549643386184373e-01,2.096434837574024712e+00,-4.635688659036631409e-01
3.429770338131903351e-01,7.851617774440126096e-01,-2.182786886772149770e-01,3.470058490519571381e-01,8.494717035855114950e-01,2.097097810526018513e+00,-4.647800157495903806e-01,-4.130276048461504201e-01,1.361478051690661051e+00,9.504200217767222458e-01,8.494717035855114950e-01,2.097097810526018513e+00,-4.647800157495903806e-01
3.439769668563775196e-01,7.852134731476037022e-01,-2.181540805746012834e-01,3.461309532166572112e-01,8.463857888986591194e-01,2.097760432021882782e+00,-4.659837589160331639e-01,-4.131235589862768398e-01,1.361044810612500822e+00,9.502688256437844538e-01,8.463857888986591194e-01,2.097760432021882782e+00,-4.659837589160331639e-01
3.449768998995646485e-01,7.852633786465156307e-01,-2.180290420063538681e-01,3.452560554531864945e-01,8.432972380016756642e-01,2.098422699370456890e+00,-4.671800893424362666e-01,-4.132206234633709063e-01,1.360607679670929659e+00,9.501174800611058568e-01,8.432972380016756642e-01,2.098422699370456890e+00,-4.671800893424362666e-01
3.459768329427517775e-01,7.853114939531148364e-01,-2.179035735068430846e-01,3.443811596830262389e-01,8.402060686334872353e-01,2.099084609883615560e+00,-4.683690010122886216e-01,-4.133187972677239697e-01,1.360166661530966659e+00,9.499659881754752844e-01,8.402060686334872353e-01,2.099084609883615560e+00,-4.683690010122886216e-01
3.469767659859389619e-01,7.853578190882126719e-01,-2.177776756120716195e-01,3.435062698273081416e-01,8.371122985482214451e-01,2.099746160876278633e+00,-4.695504879531594011e-01,-4.134180793745058646e-01,1.359721758877444175e+00,9.498143531326096456e-01,8.371122985482214451e-01,2.099746160876278633e+00,-4.695504879531594011e-01
3.479766990291260909e-01,7.854023540810617376e-01,-2.176513488596721335e-01,3.426313898067936403e-01,8.340159455150898404e-01,2.100407349666427059e+00,-4.707245442367343768e-01,-4.135184687437757911e-01,1.359272974414982293e+00,9.496625780770913128e-01,8.340159455150898404e-01,2.100407349666427059e+00,-4.707245442367343768e-01
3.489766320723132198e-01,7.854450989693581020e-01,-2.175245937889054848e-01,3.417565235418538183e-01,8.309170273182763244e-01,2.101068173575116660e+00,-4.718911639788547774e-01,-4.136199643204936938e-01,1.358820310867977499e+00,9.495106661523049496e-01,8.309170273182763244e-01,2.101068173575116660e+00,-4.718911639788547774e-01
3.499765651155003487e-01,7.854860537992387481e-01,-2.173974109406580646e-01,3.408816749524506418e-01,8.278155617568223601e-01,2.101728629926486125e+00,-4.730503413395506507e-01,-4.137225650345329742e-01,1.358363770980582030e+00,9.493586205003751166e-01,8.278155617568223601e-01,2.101728629926486125e+00,-4.730503413395506507e-01
3.509764981586875332e-01,7.855252186252817959e-01,-2.172698008574398543e-01,3.400068479581170866e-01,8.247115666445132831e-01,2.102388716047776995e+00,-4.742020705230761690e-01,-4.138262698006932583e-01,1.357903357516685450e+00,9.492064442621066522e-01,8.247115666445132831e-01,2.102388716047776995e+00,-4.742020705230761690e-01
3.519764312018746621e-01,7.855625935105051694e-01,-2.171417640833826490e-01,3.391320464779374322e-01,8.216050598097673907e-01,2.103048429269339437e+00,-4.753463457779487644e-01,-4.139310775187106106e-01,1.357439073259901319e+00,9.490541405769208350e-01,8.216050598097673907e-01,2.103048429269339437e+00,-4.753463457779487644e-01
3.529763642450617911e-01,7.855981785263664863e-01,-2.170133011642371712e-01,3.382572744305266665e-01,8.184960590955145943e-01,2.103707766924652223e+00,-4.764831613969799928e-01,-4.140369870732735769e-01,1.356970921013542775e+00,9.489017125827929888e-01,8.184960590955145943e-01,2.103707766924652223e+00,-4.764831613969799928e-01
3.539762972882489200e-01,7.856319737527618363e-01,-2.168844126473713496e-01,3.373825357340125008e-01,8.153845823590909481e-01,2.104366726350330730e+00,-4.776125117173136703e-01,-4.141439973340340641e-01,1.356498903600612316e+00,9.487491634161919762e-01,8.153845823590909481e-01,2.104366726350330730e+00,-4.776125117173136703e-01
3.549762303314361045e-01,7.856639792780252263e-01,-2.167550990817679879e-01,3.365078343060133870e-01,8.122706474721179681e-01,2.105025304886142035e+00,-4.787343911204591240e-01,-4.142521071556207746e-01,1.356023023863777155e+00,9.485964962120184696e-01,8.122706474721179681e-01,2.105025304886142035e+00,-4.787343911204591240e-01
3.559761633746232334e-01,7.856941951989271367e-01,-2.166253610180225442e-01,3.356331740636218641e-01,8.091542723203934973e-01,2.105683499875015130e+00,-4.798487940323240553e-01,-4.143613153776539715e-01,1.355543284665355230e+00,9.484437141035403362e-01,8.091542723203934973e-01,2.105683499875015130e+00,-4.798487940323240553e-01
3.569760964178103624e-01,7.857226216206733005e-01,-2.164951990083410771e-01,3.347585589233817993e-01,8.060354748037714678e-01,2.106341308663060463e+00,-4.809557149232518425e-01,-4.144716208247596900e-01,1.355059688887294334e+00,9.482908202223342409e-01,8.060354748037714678e-01,2.106341308663060463e+00,-4.809557149232518425e-01
3.579760294609974913e-01,7.857492586569050363e-01,-2.163646136065377201e-01,3.338839928012707903e-01,8.029142728360525449e-01,2.106998728599573489e+00,-4.820551483080491861e-01,-4.145830223065822273e-01,1.354572239431155234e+00,9.481378176982211414e-01,8.029142728360525449e-01,2.106998728599573489e+00,-4.820551483080491861e-01
3.589759625041846758e-01,7.857741064296965838e-01,-2.162336053680327663e-01,3.330094796126794598e-01,7.997906843448671088e-01,2.107655757037055100e+00,-4.831470887460279640e-01,-4.146955186178002406e-01,1.354080939218094137e+00,9.479847096592053379e-01,7.997906843448671088e-01,2.107655757037055100e+00,-4.831470887460279640e-01
3.599758955473718047e-01,7.857971650695547705e-01,-2.161021748498502815e-01,3.321350232723923601e-01,7.966647272715603467e-01,2.108312391331220947e+00,-4.842315308410296559e-01,-4.148091085381404586e-01,1.353585791188840703e+00,9.478314992314152976e-01,7.966647272715603467e-01,2.108312391331220947e+00,-4.842315308410296559e-01
3.609758285905589337e-01,7.858184347154180127e-01,-2.159703226106159668e-01,3.312606276945681549e-01,7.935364195710798985e-01,2.108968628841015658e+00,-4.853084692414629808e-01,-4.149237908323936685e-01,1.353086798303684724e+00,9.476781895390361532e-01,7.935364195710798985e-01,2.108968628841015658e+00,-4.853084692414629808e-01
3.619757616337461181e-01,7.858379155146548722e-01,-2.158380492105547444e-01,3.303862967927194139e-01,7.904057792118570624e-01,2.109624466928623931e+00,-4.863778986403349269e-01,-4.150395642504295934e-01,1.352583963542452361e+00,9.475247837042546362e-01,7.904057792118570624e-01,2.109624466928623931e+00,-4.863778986403349269e-01
3.629756946769332471e-01,7.858556076230621690e-01,-2.157053552114888695e-01,3.295120344796939604e-01,7.872728241756963286e-01,2.110279902959484311e+00,-4.874398137752822269e-01,-4.151564275272126014e-01,1.352077289904490609e+00,9.473712848471921300e-01,7.872728241756963286e-01,2.110279902959484311e+00,-4.874398137752822269e-01
3.639756277201203760e-01,7.858715112048647589e-01,-2.155722411768352109e-01,3.286378446676542775e-01,7.841375724576564732e-01,2.110934934302301613e+00,-4.884942094286034431e-01,-4.152743793828170271e-01,1.351566780408647306e+00,9.472176960858451622e-01,7.841375724576564732e-01,2.110934934302301613e+00,-4.884942094286034431e-01
3.649755607633075050e-01,7.858856264327136465e-01,-2.154387076716030580e-01,3.277637312680580228e-01,7.810000420659377607e-01,2.111589558329061589e+00,-4.895410804272904981e-01,-4.153934185224446018e-01,1.351052438093251595e+00,9.470640205360257857e-01,7.810000420659377607e-01,2.111589558329061589e+00,-4.895410804272904981e-01
3.659754938064946894e-01,7.858979534876840978e-01,-2.153047552623924277e-01,3.268896981916392108e-01,7.778602510217661470e-01,2.112243772415040244e+00,-4.905804216430587061e-01,-4.155135436364398305e-01,1.350534266016095275e+00,9.469102613112962974e-01,7.778602510217661470e-01,2.112243772415040244e+00,-4.905804216430587061e-01
3.669754268496818184e-01,7.859084925592754178e-01,-2.151703845173910945e-01,3.260157493483872848e-01,7.747182173592790377e-01,2.112897573938816720e+00,-4.916122279923795801e-01,-4.156347534003065891e-01,1.350012267254415921e+00,9.467564215229107294e-01,7.747182173592790377e-01,2.112897573938816720e+00,-4.916122279923795801e-01
3.679753598928689473e-01,7.859172438454080645e-01,-2.150355960063725369e-01,3.251418886475288539e-01,7.715739591254081597e-01,2.113550960282291502e+00,-4.926364944365084764e-01,-4.157570464747265548e-01,1.349486444904874016e+00,9.466025042797510114e-01,7.715739591254081597e-01,2.113550960282291502e+00,-4.926364944365084764e-01
3.689752929360560763e-01,7.859242075524229820e-01,-2.149003903006939942e-01,3.242681199975071538e-01,7.684274943797646529e-01,2.114203928830690415e+00,-4.936532159815168463e-01,-4.158804215055750264e-01,1.348956802083534745e+00,9.464485126882689059e-01,7.684274943797646529e-01,2.114203928830690415e+00,-4.936532159815168463e-01
3.699752259792432607e-01,7.859293838950792699e-01,-2.147647679732935244e-01,3.233944473059612856e-01,7.652788411945237179e-01,2.114856476972584609e+00,-4.946623876783206031e-01,-4.160048771239384102e-01,1.348423341925848673e+00,9.462944498524210601e-01,7.652788411945237179e-01,2.114856476972584609e+00,-4.946623876783206031e-01
3.709751590224303897e-01,7.859327730965538494e-01,-2.146287295986882560e-01,3.225208744797100624e-01,7.621280176543117069e-01,2.115508602099898994e+00,-4.956640046227098750e-01,-4.161304119461334827e-01,1.347886067586633985e+00,9.461403188736083880e-01,7.621280176543117069e-01,2.115508602099898994e+00,-4.956640046227098750e-01
3.719750920656175186e-01,7.859343753884383554e-01,-2.144922757529718060e-01,3.216474054247286385e-01,7.589750418560849976e-01,2.116160301607924676e+00,-4.966580619553792042e-01,-4.162570245737248764e-01,1.347344982240056055e+00,9.459861228506205588e-01,7.589750418560849976e-01,2.116160301607924676e+00,-4.966580619553792042e-01
3.729750251088047031e-01,7.859341910107380258e-01,-2.143554070138120327e-01,3.207740440461308573e-01,7.558199319090190826e-01,2.116811572895334947e+00,-4.976445548619551351e-01,-4.163847135935407340e-01,1.346800089079604357e+00,9.458318648795629446e-01,7.558199319090190826e-01,2.116811572895334947e+00,-4.976445548619551351e-01
3.739749581519918320e-01,7.859322202118701473e-01,-2.142181239604487863e-01,3.199007942481491562e-01,7.526627059343897752e-01,2.117462413364194607e+00,-4.986234785730244701e-01,-4.165134775776971332e-01,1.346251391318077140e+00,9.456775480538087697e-01,7.526627059343897752e-01,2.117462413364194607e+00,-4.986234785730244701e-01
3.749748911951789609e-01,7.859284632486616129e-01,-2.140804271736914954e-01,3.190276599341154706e-01,7.495033820654606327e-01,2.118112820419971953e+00,-4.995948283641632459e-01,-4.166433150836110211e-01,1.345698892187559892e+00,9.455231754639286113e-01,7.495033820654606327e-01,2.118112820419971953e+00,-4.995948283641632459e-01
3.759748242383660899e-01,7.859229203863472568e-01,-2.139423172359166958e-01,3.181546450064408615e-01,7.463419784473641627e-01,2.118762791471555218e+00,-5.005585995559640455e-01,-4.167742246540238060e-01,1.345142594939405356e+00,9.453687501976348884e-01,7.463419784473641627e-01,2.118762791471555218e+00,-5.005585995559640455e-01
3.769747572815532743e-01,7.859155918985682998e-01,-2.138037947310660880e-01,3.172817533665963641e-01,7.431785132369852498e-01,2.119412323931259223e+00,-5.015147875140643086e-01,-4.169062048170187884e-01,1.344582502844212435e+00,9.452142753397160257e-01,7.431785132369852498e-01,2.119412323931259223e+00,-5.015147875140643086e-01
3.779746903247404033e-01,7.859064780673700179e-01,-2.136648602446437895e-01,3.164089889150928370e-01,7.400130046028485786e-01,2.120061415214843148e+00,-5.024633876491714224e-01,-4.170392540860398123e-01,1.344018619191806652e+00,9.450597539719800544e-01,7.400130046028485786e-01,2.120061415214843148e+00,-5.024633876491714224e-01
3.789746233679275322e-01,7.858955791831996329e-01,-2.135255143637141695e-01,3.155363555514623664e-01,7.368454707249991742e-01,2.120710062741518076e+00,-5.034043954170924762e-01,-4.171733709599138584e-01,1.343450947291221942e+00,9.449051891731909958e-01,7.368454707249991742e-01,2.120710062741518076e+00,-5.034043954170924762e-01
3.799745564111146612e-01,7.858828955449045361e-01,-2.133857576768994346e-01,3.146638571742380597e-01,7.336759297948882708e-01,2.121358263933965205e+00,-5.043378063187581306e-01,-4.173085539228708618e-01,1.342879490470676895e+00,9.447505840190101312e-01,7.336759297948882708e-01,2.121358263933965205e+00,-5.043378063187581306e-01
3.809744894543018456e-01,7.858684274597299568e-01,-2.132455907743774082e-01,3.137914976809340062e-01,7.305044000152555173e-01,2.122006016218341617e+00,-5.052636159002513727e-01,-4.174448014445615307e-01,1.342304252077556326e+00,9.445959415819339400e-01,7.305044000152555173e-01,2.122006016218341617e+00,-5.052636159002513727e-01
3.819744224974889746e-01,7.858521752433168528e-01,-2.131050142478789489e-01,3.129192809680268472e-01,7.273308996000142912e-01,2.122653317024297159e+00,-5.061818197528301644e-01,-4.175821119800813830e-01,1.341725235478390621e+00,9.444412649312325936e-01,7.273308996000142912e-01,2.122653317024297159e+00,-5.061818197528301644e-01
3.829743555406761035e-01,7.858341392196996900e-01,-2.129640286906856472e-01,3.120472109309354036e-01,7.241554467741337930e-01,2.123300163784985983e+00,-5.070924135129561972e-01,-4.177204839699912298e-01,1.341142444058834649e+00,9.442865571328917795e-01,7.241554467741337930e-01,2.123300163784985983e+00,-5.070924135129561972e-01
3.839742885838632880e-01,7.858143197213045550e-01,-2.128226346976274663e-01,3.111752914640008028e-01,7.209780597735221397e-01,2.123946553937074988e+00,-5.079953928623197612e-01,-4.178599158403360492e-01,1.340555881223647550e+00,9.441318212495504181e-01,7.209780597735221397e-01,2.123946553937074988e+00,-5.079953928623197612e-01
3.849742216270504169e-01,7.857927170889458246e-01,-2.126808328650803825e-01,3.103035264604685484e-01,7.177987568449137878e-01,2.124592484920761581e+00,-5.088907535278610617e-01,-4.180004060026709101e-01,1.339965550396671201e+00,9.439770603404409322e-01,7.177987568449137878e-01,2.124592484920761581e+00,-5.088907535278610617e-01
3.859741546702375459e-01,7.857693316718248333e-01,-2.125386237909637765e-01,3.094319198124663717e-01,7.146175562457459662e-01,2.125237954179783895e+00,-5.097784912817998615e-01,-4.181419528540786801e-01,1.339371455020808677e+00,9.438222774613280741e-01,7.146175562457459662e-01,2.125237954179783895e+00,-5.097784912817998615e-01
3.869740877134246748e-01,7.857441638275269868e-01,-2.123960080747384627e-01,3.085604754109872450e-01,7.114344762440494296e-01,2.125882959161429220e+00,-5.106586019416559097e-01,-4.182845547771947836e-01,1.338773598558006039e+00,9.436674756644489737e-01,7.114344762440494296e-01,2.125882959161429220e+00,-5.106586019416559097e-01
3.879740207566118593e-01,7.857172139220196527e-01,-2.122529863174037745e-01,3.076891971458688979e-01,7.082495351183277776e-01,2.126527497316551774e+00,-5.115310813702753645e-01,-4.184282101402293508e-01,1.338171984489229249e+00,9.435126579984542960e-01,7.082495351183277776e-01,2.126527497316551774e+00,-5.115310813702753645e-01
3.889739537997989882e-01,7.856884823296493847e-01,-2.121095591214954834e-01,3.068180889057727789e-01,7.050627511574394379e-01,2.127171566099581135e+00,-5.123959254758534421e-01,-4.185729172969887557e-01,1.337566616314442403e+00,9.433578275083459586e-01,7.050627511574394379e-01,2.127171566099581135e+00,-5.123959254758534421e-01
3.899738868429861172e-01,7.856579694331391472e-01,-2.119657270910833280e-01,3.059471545781674573e-01,7.018741426604845346e-01,2.127815162968535567e+00,-5.132531302119562877e-01,-4.187186745868998194e-01,1.336957497552587526e+00,9.432029872354185107e-01,7.018741426604845346e-01,2.127815162968535567e+00,-5.132531302119562877e-01
3.909738198861732461e-01,7.856256756235859839e-01,-2.118214908317682665e-01,3.050763980493066962e-01,6.986837279366857612e-01,2.128458285385034010e+00,-5.141026915775469552e-01,-4.188654803350321809e-01,1.336344631741562594e+00,9.430481402171976280e-01,6.986837279366857612e-01,2.128458285385034010e+00,-5.141026915775469552e-01
3.919737529293604306e-01,7.855916013004591303e-01,-2.116768509506807283e-01,3.042058232042111343e-01,6.954915253052718072e-01,2.129100930814308512e+00,-5.149446056170065011e-01,-4.190133328521231104e-01,1.335728022438202878e+00,9.428932894873820469e-01,6.954915253052718072e-01,2.129100930814308512e+00,-5.149446056170065011e-01
3.929736859725475595e-01,7.855557468715956837e-01,-2.115318080564772829e-01,3.033354339266485233e-01,6.922975530953600076e-01,2.129743096725214002e+00,-5.157788684201549678e-01,-4.191622304346006578e-01,1.335107673218253854e+00,9.427384380757823923e-01,6.922975530953600076e-01,2.129743096725214002e+00,-5.157788684201549678e-01
3.939736190157346885e-01,7.855181127531991603e-01,-2.113863627593389471e-01,3.024652340991134114e-01,6.891018296458392145e-01,2.130384780590242944e+00,-5.166054761222769187e-01,-4.193121713646055793e-01,1.334483587676354110e+00,9.425835890082618906e-01,6.891018296458392145e-01,2.130384780590242944e+00,-5.166054761222769187e-01
3.949735520589218174e-01,7.854786993698364972e-01,-2.112405156709683818e-01,3.015952276028098233e-01,6.859043733052551106e-01,2.131025979885536881e+00,-5.174244249041379806e-01,-4.194631539100207029e-01,1.333855769426012916e+00,9.424287453066761966e-01,6.859043733052551106e-01,2.131025979885536881e+00,-5.174244249041379806e-01
3.959734851021090019e-01,7.854375071544347220e-01,-2.110942674045873657e-01,3.007254183176287232e-01,6.827052024316891954e-01,2.131666692090896653e+00,-5.182357109920121552e-01,-4.196151763244895250e-01,1.333224222099586687e+00,9.422739099888135517e-01,6.827052024316891954e-01,2.131666692090896653e+00,-5.182357109920121552e-01
3.969734181452961308e-01,7.853945365482786212e-01,-2.109476185749345756e-01,2.998558101221315830e-01,6.795043353926439877e-01,2.132306914689794830e+00,-5.190393306576981391e-01,-4.197682368474461301e-01,1.332588949348259000e+00,9.421190860683367196e-01,6.795043353926439877e-01,2.132306914689794830e+00,-5.190393306576981391e-01
3.979733511884832597e-01,7.853497880010078536e-01,-2.108005697982628657e-01,2.989864068935286778e-01,6.763017905649255646e-01,2.132946645169390365e+00,-5.198352802185431942e-01,-4.199223337041371740e-01,1.331949954842017947e+00,9.419642765547227015e-01,6.763017905649255646e-01,2.132946645169390365e+00,-5.198352802185431942e-01
3.989732842316704442e-01,7.853032619706131756e-01,-2.106531216923370475e-01,2.981172125076605450e-01,6.730975863345248777e-01,2.133585881020535258e+00,-5.206235560374607996e-01,-4.200774651056486397e-01,1.331307242269633040e+00,9.418094844532023391e-01,6.730975863345248777e-01,2.133585881020535258e+00,-5.206235560374607996e-01
3.999732172748575731e-01,7.852549589234345540e-01,-2.105052748764309756e-01,2.972482308389794992e-01,6.698917410965041785e-01,2.134224619737790984e+00,-5.214041545229530783e-01,-4.202336292489323166e-01,1.330660815338634784e+00,9.416547127647028059e-01,6.698917410965041785e-01,2.134224619737790984e+00,-5.214041545229530783e-01
4.009731503180447021e-01,7.852048793341567245e-01,-2.103570299713256042e-01,2.963794657605278715e-01,6.666842732548736716e-01,2.134862858819436493e+00,-5.221770721291292272e-01,-4.203908243168286152e-01,1.330010677775291583e+00,9.414999644857858785e-01,6.666842732548736716e-01,2.134862858819436493e+00,-5.221770721291292272e-01
4.019730833612318310e-01,7.851530236858080825e-01,-2.102083875993061290e-01,2.955109211439201911e-01,6.634752012224791606e-01,2.135500595767485521e+00,-5.229423053557253898e-01,-4.205490484780967098e-01,1.329356833324587761e+00,9.413452426085925362e-01,6.634752012224791606e-01,2.135500595767485521e+00,-5.229423053557253898e-01
4.029730164044190155e-01,7.850993924697555748e-01,-2.100593483841594611e-01,2.946426008593238666e-01,6.602645434208815889e-01,2.136137828087690593e+00,-5.236998507481240850e-01,-4.207082998874376867e-01,1.328699285750199577e+00,9.411905501207806779e-01,6.602645434208815889e-01,2.136137828087690593e+00,-5.236998507481240850e-01
4.039729494476061444e-01,7.850439861857023693e-01,-2.099099129511719508e-01,2.937745087754393136e-01,6.570523182802424644e-01,2.136774553289561673e+00,-5.244497048973718600e-01,-4.208685766855240207e-01,1.328038038834476353e+00,9.410358900054671683e-01,6.570523182802424644e-01,2.136774553289561673e+00,-5.244497048973718600e-01
4.049728824907932734e-01,7.849868053416844127e-01,-2.097600819271266404e-01,2.929066487594799706e-01,6.538385442392016245e-01,2.137410768886373713e+00,-5.251918644401990521e-01,-4.210298769990239998e-01,1.327373096378412720e+00,9.408812652411697730e-01,6.538385442392016245e-01,2.137410768886373713e+00,-5.251918644401990521e-01
4.059728155339804023e-01,7.849278504540674328e-01,-2.096098559403008765e-01,2.920390246771542020e-01,6.506232397447643256e-01,2.138046472395179087e+00,-5.259263260590369971e-01,-4.211921989406315348e-01,1.326704462201630630e+00,9.407266788017466519e-01,6.506232397447643256e-01,2.138046472395179087e+00,-5.259263260590369971e-01
4.069727485771675868e-01,7.848671220475432753e-01,-2.094592356204636741e-01,2.911716403926450369e-01,6.474064232521818951e-01,2.138681661336820472e+00,-5.266530864820366808e-01,-4.213555406090912503e-01,1.326032140142353821e+00,9.405721336563410695e-01,6.474064232521818951e-01,2.138681661336820472e+00,-5.266530864820366808e-01
4.079726816203547157e-01,7.848046206551266835e-01,-2.093082215988733841e-01,2.903044997685909068e-01,6.441881132248327146e-01,2.139316333235941947e+00,-5.273721424830857263e-01,-4.215199000892279613e-01,1.325356134057387836e+00,9.404176327693171134e-01,6.441881132248327146e-01,2.139316333235941947e+00,-5.273721424830857263e-01
4.089726146635418447e-01,7.847403468181521902e-01,-2.091568145082749186e-01,2.894376066660668823e-01,6.409683281341067573e-01,2.139950485620997434e+00,-5.280834908818251572e-01,-4.216852754519746505e-01,1.324676447822093373e+00,9.402631791002095119e-01,6.409683281341067573e-01,2.139950485620997434e+00,-5.280834908818251572e-01
4.099725477067290291e-01,7.846743010862690104e-01,-2.090050149828970583e-01,2.885709649445634684e-01,6.377470864592839073e-01,2.140584116024270234e+00,-5.287871285436660518e-01,-4.218516647543993914e-01,1.323993085330363861e+00,9.401087756036554666e-01,6.377470864592839073e-01,2.140584116024270234e+00,-5.287871285436660518e-01
4.109724807499161581e-01,7.846064840174400423e-01,-2.088528236584506759e-01,2.877045784619699509e-01,6.345244066874219380e-01,2.141217221981872587e+00,-5.294830523798080835e-01,-4.220190660397348803e-01,1.323306050494606367e+00,9.399544252293435820e-01,6.345244066874219380e-01,2.141217221981872587e+00,-5.294830523798080835e-01
4.119724137931032870e-01,7.845368961779365380e-01,-2.087002411721249617e-01,2.868384510745533023e-01,6.313003073132347209e-01,2.141849801033768763e+00,-5.301712593472540647e-01,-4.221874773374086898e-01,1.322615347245714723e+00,9.398001309219542465e-01,6.313003073132347209e-01,2.141849801033768763e+00,-5.301712593472540647e-01
4.129723468362904160e-01,7.844655381423346618e-01,-2.085472681625860081e-01,2.859725866369389191e-01,6.280748068389737648e-01,2.142481850723779058e+00,-5.308517464488253790e-01,-4.223568966630683597e-01,1.321920979533046214e+00,9.396458956210992364e-01,6.280748068389737648e-01,2.142481850723779058e+00,-5.308517464488253790e-01
4.139722798794776004e-01,7.843924104935127151e-01,-2.083939052699735617e-01,2.851069890020918041e-01,6.248479237743127523e-01,2.143113368599595336e+00,-5.315245107331776353e-01,-4.225273220186157586e-01,1.321222951324399153e+00,9.394917222612670926e-01,6.248479237743127523e-01,2.143113368599595336e+00,-5.315245107331776353e-01
4.149722129226647294e-01,7.843175138226459175e-01,-2.082401531358986091e-01,2.842416620212973588e-01,6.216196766362288573e-01,2.143744352212787696e+00,-5.321895492948176543e-01,-4.226987513922331186e-01,1.320521266605989563e+00,9.393376137717606156e-01,6.216196766362288573e-01,2.143744352212787696e+00,-5.321895492948176543e-01
4.159721459658518583e-01,7.842408487292045205e-01,-2.080860124034407954e-01,2.833766095441413446e-01,6.183900839488836176e-01,2.144374799118822672e+00,-5.328468592741174570e-01,-4.228711827584141214e-01,1.319815929382429420e+00,9.391835730766455725e-01,6.183900839488836176e-01,2.144374799118822672e+00,-5.328468592741174570e-01
4.169720790090389873e-01,7.841624158209481443e-01,-2.079314837171459540e-01,2.825118354184911751e-01,6.151591642435054741e-01,2.145004706877068568e+00,-5.334964378573264776e-01,-4.230446140779931530e-01,1.319106943676697785e+00,9.390296030946866379e-01,6.151591642435054741e-01,2.145004706877068568e+00,-5.334964378573264776e-01
4.179720120522261717e-01,7.840822157139232251e-01,-2.077765677230231645e-01,2.816473434904769313e-01,6.119269360582730855e-01,2.145634073050807888e+00,-5.341382822765896599e-01,-4.232190432981782768e-01,1.318394313530123263e+00,9.388757067392923261e-01,6.119269360582730855e-01,2.145634073050807888e+00,-5.341382822765896599e-01
4.189719450954133007e-01,7.840002490324586848e-01,-2.076212650685426153e-01,2.807831376044711558e-01,6.086934179381953136e-01,2.146262895207251553e+00,-5.347723898099584483e-01,-4.233944683525783237e-01,1.317678043002355803e+00,9.387218869184613679e-01,6.086934179381953136e-01,2.146262895207251553e+00,-5.347723898099584483e-01
4.199718781386004296e-01,7.839165164091618232e-01,-2.074655764026326621e-01,2.799192216030701452e-01,6.054586284349934289e-01,2.146891170917546443e+00,-5.353987577814072196e-01,-4.235708871612359205e-01,1.316958136171344496e+00,9.385681465347183172e-01,6.054586284349934289e-01,2.146891170917546443e+00,-5.353987577814072196e-01
4.209718111817875585e-01,7.838310184849144324e-01,-2.073095023756772182e-01,2.790555993270753543e-01,6.022225861069849806e-01,2.147518897756789613e+00,-5.360173835608413873e-01,-4.237482976306594651e-01,1.316234597133314255e+00,9.384144884850609269e-01,6.022225861069849806e-01,2.147518897756789613e+00,-5.360173835608413873e-01
4.219717442249747430e-01,7.837437559088686889e-01,-2.071530436395133401e-01,2.781922746154721349e-01,5.989853095189614507e-01,2.148146073304038062e+00,-5.366282645641176074e-01,-4.239266976538517695e-01,1.315507430002740064e+00,9.382609156609016399e-01,5.989853095189614507e-01,2.148146073304038062e+00,-5.366282645641176074e-01
4.229716772681618719e-01,7.836547293384432677e-01,-2.069962008474283688e-01,2.773292513054134156e-01,5.957468172420758989e-01,2.148772695142317612e+00,-5.372313982530502185e-01,-4.241060851103438667e-01,1.314776638912324769e+00,9.381074309480121887e-01,5.957468172420758989e-01,2.148772695142317612e+00,-5.372313982530502185e-01
4.239716103113490009e-01,7.835639394393195678e-01,-2.068389746541574592e-01,2.764665332321978863e-01,5.925071278537195063e-01,2.149398760858639790e+00,-5.378267821354261180e-01,-4.242864578662264297e-01,1.314042228012973768e+00,9.379540372264643100e-01,5.925071278537195063e-01,2.149398760858639790e+00,-5.378267821354261180e-01
4.249715433545361853e-01,7.834713868854362717e-01,-2.066813657158807771e-01,2.756041242292520677e-01,5.892662599374044463e-01,2.150024268044008036e+00,-5.384144137650177520e-01,-4.244678137741824675e-01,1.313304201473769917e+00,9.378007373705751215e-01,5.892662599374044463e-01,2.150024268044008036e+00,-5.384144137650177520e-01
4.259714763977233143e-01,7.833770723589861262e-01,-2.065233746902211953e-01,2.747420281281112153e-01,5.860242320826494211e-01,2.150649214293427924e+00,-5.389942907415918860e-01,-4.246501506735179121e-01,1.312562563481951772e+00,9.376475342488475029e-01,5.860242320826494211e-01,2.150649214293427924e+00,-5.389942907415918860e-01
4.269714094409104432e-01,7.832809965718421363e-01,-2.063650022400808637e-01,2.738802490557336600e-01,5.827808684783422066e-01,2.151272509657519372e+00,-5.395664106393952553e-01,-4.248331045764090486e-01,1.311817253566406549e+00,9.374944307570011182e-01,5.827808684783422066e-01,2.151272509657519372e+00,-5.395664106393952553e-01
4.279713424840975722e-01,7.831831639989284000e-01,-2.062062497025720920e-01,2.730188424598335994e-01,5.795032022604564848e-01,2.151709614228518141e+00,-5.401307589452879476e-01,-4.249552813018218078e-01,1.311057302361644084e+00,9.373414354938476301e-01,5.795032022604564848e-01,2.151709614228518141e+00,-5.401307589452879476e-01
4.289712755272847566e-01,7.830835942435969699e-01,-2.060471211254232271e-01,2.721580646154903027e-01,5.761587563236316711e-01,2.151776997223300736e+00,-5.406872753467387716e-01,-4.249558522207242395e-01,1.310271944734042293e+00,9.371885793809566767e-01,5.761587563236316711e-01,2.151776997223300736e+00,-5.406872753467387716e-01
4.299712085704718856e-01,7.829823117500833707e-01,-2.058876214236908531e-01,2.712982217733559409e-01,5.727480008582477300e-01,2.151474575340850848e+00,-5.412358922610005507e-01,-4.248351338161609481e-01,1.309461397249360282e+00,9.370358988615754559e-01,5.727480008582477300e-01,2.151474575340850848e+00,-5.412358922610005507e-01
4.309711416136590145e-01,7.828793422379048961e-01,-2.057277557408860036e-01,2.704396199837150183e-01,5.692714068409867600e-01,2.150802265144297287e+00,-5.417765471083152429e-01,-4.245934422865106916e-01,1.308625876711135616e+00,9.368834303130300079e-01,5.692714068409867600e-01,2.150802265144297287e+00,-5.417765471083152429e-01
4.319710746568461435e-01,7.827747126978074066e-01,-2.055675294482465776e-01,2.695825650899711934e-01,5.657294460054754781e-01,2.149759983066159563e+00,-5.423091823110246512e-01,-4.242310935480091416e-01,1.307765600151053365e+00,9.367312100412396036e-01,5.657294460054754781e-01,2.149759983066159563e+00,-5.423091823110246512e-01
4.329710077000333279e-01,7.826684513865710402e-01,-2.054069481438040579e-01,2.687273627222435124e-01,5.621225908127356341e-01,2.148347645413633877e+00,-5.428337452908089666e-01,-4.237484032374224663e-01,1.306880784819280938e+00,9.365792742739373899e-01,5.621225908127356341e-01,2.148347645413633877e+00,-5.428337452908089666e-01
4.339709407432204569e-01,7.825605878206750576e-01,-2.052460176512470591e-01,2.678743182910903187e-01,5.584513144214831026e-01,2.146565168373902655e+00,-5.433501884640508095e-01,-4.231456867148747913e-01,1.305971648174775179e+00,9.364276591525831916e-01,5.584513144214831026e-01,2.146565168373902655e+00,-5.433501884640508095e-01
4.349708737864075858e-01,7.824511527688251533e-01,-2.050847440185802339e-01,2.670237369813610595e-01,5.547160906582992990e-01,2.144412468019471607e+00,-5.438584692353185535e-01,-4.224232590668255960e-01,1.305038407875574791e+00,9.362764007229869012e-01,5.547160906582992990e-01,2.144412468019471607e+00,-5.438584692353185535e-01
4.359708068295947703e-01,7.823401782433420104e-01,-2.049231335165797308e-01,2.661759237461915895e-01,5.509173939877175519e-01,2.141889460313516569e+00,-5.443585499889622703e-01,-4.215814351091977108e-01,1.304081281769086553e+00,9.361255349246317969e-01,5.509173939877175519e-01,2.141889460313516569e+00,-5.443585499889622703e-01
4.369707398727818992e-01,7.822276974904178726e-01,-2.047611926370451196e-01,2.653311833011452459e-01,5.470556994822489694e-01,2.138996061115244984e+00,-5.448503980788264034e-01,-4.206205293906439824e-01,1.303100487882381087e+00,9.359750975787107796e-01,5.470556994822489694e-01,2.138996061115244984e+00,-5.448503980788264034e-01
4.379706729159690282e-01,7.821137449792364693e-01,-2.045989280908483976e-01,2.644898201185121311e-01,5.431314827923844346e-01,2.135732186185257397e+00,-5.453339858160669573e-01,-4.195408561959629301e-01,1.302096244412501269e+00,9.358251243748632042e-01,5.431314827923844346e-01,2.135732186185257397e+00,-5.453339858160669573e-01
4.389706059591561571e-01,7.819983563899622903e-01,-2.044363468057800448e-01,2.636521384217712649e-01,5.391452201166039293e-01,2.132097751190916490e+00,-5.458092904550760904e-01,-4.183427295496464637e-01,1.301068769716799967e+00,9.356756508566269614e-01,5.391452201166039293e-01,2.132097751190916490e+00,-5.458092904550760904e-01
4.399705390023433416e-01,7.818815686006008736e-01,-2.042734559241926595e-01,2.628184421802264303e-01,5.350973881714214953e-01,2.128092671711696582e+00,-5.462762941775112235e-01,-4.170264632195685439e-01,1.300018282303315287e+00,9.355267124055995920e-01,5.350973881714214953e-01,2.128092671711696582e+00,-5.462762941775112235e-01
4.409704720455304705e-01,7.817634196727292206e-01,-2.041102628004426989e-01,2.619890351038215437e-01,5.309884641615058021e-01,2.123716863244532682e+00,-5.467349840744226697e-01,-4.155923707208036832e-01,1.298945000821194018e+00,9.353783442243147617e-01,5.309884641615058021e-01,2.123716863244532682e+00,-5.467349840744226697e-01
4.419704050887175995e-01,7.816439488361018872e-01,-2.039467749981299094e-01,2.611642206381437070e-01,5.268189257499001910e-01,2.118970241209142902e+00,-5.471853521264775644e-01,-4.140407653195746773e-01,1.297849144051169468e+00,9.352305813178258820e-01,5.268189257499001910e-01,2.118970241209142902e+00,-5.471853521264775644e-01
4.429703381319047284e-01,7.815231964721321978e-01,-2.037830002871361124e-01,2.603443019596221042e-01,5.225892510283773884e-01,2.113852720953328213e+00,-5.476273951822903108e-01,-4.123719600373247918e-01,1.296730930896116796e+00,9.350834584740173039e-01,5.225892510283773884e-01,2.113852720953328213e+00,-5.476273951822903108e-01
4.439702711750919129e-01,7.814012040962505790e-01,-2.036189466404620951e-01,2.595295819709275698e-01,5.182999184879587551e-01,2.108364217758247339e+00,-5.480611149348357802e-01,-4.105862676549130730e-01,1.295590580371673850e+00,9.349370102426204365e-01,5.182999184879587551e-01,2.108364217758247339e+00,-5.480611149348357802e-01
4.449702042182790418e-01,7.812780143177258108e-01,-2.034546222270268989e-01,2.587203630607984306e-01,5.139515616286055577e-01,2.102505511939433802e+00,-5.484865179355358222e-01,-4.086842885242828460e-01,1.294428363043445662e+00,9.347912708869529075e-01,5.139515616286055577e-01,2.102505511939433802e+00,-5.484865179355358222e-01
4.459701372614661707e-01,7.811536661583621255e-01,-2.032900345728866631e-01,2.579168963545223625e-01,5.095776449301808730e-01,2.096461056204782736e+00,-5.489036238756030972e-01,-4.067277274098277107e-01,1.293255471731521000e+00,9.346462687696092120e-01,5.095776449301808730e-01,2.096461056204782736e+00,-5.489036238756030972e-01
4.469700703046532997e-01,7.810281809105169559e-01,-2.031251880273224619e-01,2.571192323182811545e-01,5.052111809384050023e-01,2.090414516948229551e+00,-5.493124884200151214e-01,-4.047777979428210382e-01,1.292082907697419847e+00,9.345020099163903193e-01,5.052111809384050023e-01,2.090414516948229551e+00,-5.493124884200151214e-01
4.479700033478404841e-01,7.809015752522610043e-01,-2.029600861127665856e-01,2.563273712814637673e-01,5.008521949099675741e-01,2.084365890679310773e+00,-5.497131757355269155e-01,-4.028344944432834529e-01,1.290910677198370937e+00,9.343584946697875981e-01,5.008521949099675741e-01,2.084365890679310773e+00,-5.497131757355269155e-01
4.489699363910276131e-01,7.807738657456817499e-01,-2.027947323307902894e-01,2.555413135145570558e-01,4.965007117958357141e-01,2.078315173967177465e+00,-5.501057498848469507e-01,-4.008978112556151330e-01,1.289738786409596383e+00,9.342157232170826830e-01,4.965007117958357141e-01,2.078315173967177465e+00,-5.501057498848469507e-01
4.499698694342147420e-01,7.806450688367562174e-01,-2.026291301620797569e-01,2.547610592297319676e-01,4.921567562432411780e-01,2.072262363440236399e+00,-5.504902748252132882e-01,-3.989677427486003070e-01,1.288567241424995569e+00,9.340736955905258876e-01,4.921567562432411780e-01,2.072262363440236399e+00,-5.504902748252132882e-01
4.509698024774019265e-01,7.805152008552294074e-01,-2.024632830664120919e-01,2.539866085814226349e-01,4.878203525976625432e-01,2.066207455785769032e+00,-5.508668144069890360e-01,-3.970442833154009254e-01,1.287396048257836600e+00,9.339324116675098431e-01,4.878203525976625432e-01,2.066207455785769032e+00,-5.508668144069890360e-01
4.519697355205890554e-01,7.803842780144951696e-01,-2.022971944826320589e-01,2.532179616669063549e-01,4.834915249048144514e-01,2.060150447749578451e+00,-5.512354323722683525e-01,-3.951274273735521092e-01,1.286225212841445753e+00,9.337918711707543507e-01,4.834915249048144514e-01,2.060150447749578451e+00,-5.512354323722683525e-01
4.529696685637761844e-01,7.802523164114770760e-01,-2.021308678286294347e-01,2.524551185268757436e-01,4.791702969126270251e-01,2.054091336135615453e+00,-5.515961923535024347e-01,-3.932171693649435529e-01,1.285054741029889591e+00,9.336520736684765787e-01,4.791702969126270251e-01,2.054091336135615453e+00,-5.515961923535024347e-01
4.539696016069633133e-01,7.801193320265178421e-01,-2.019643065013167760e-01,2.516980791460080580e-01,4.748566920732311125e-01,2.048030117805611727e+00,-5.519491578721342773e-01,-3.913135037558016505e-01,1.283884638598663752e+00,9.335130185745791342e-01,4.748566920732311125e-01,2.048030117805611727e+00,-5.519491578721342773e-01
4.549695346501504978e-01,7.799853407232677505e-01,-2.017975138766079923e-01,2.509468434535341297e-01,4.705507335449427009e-01,2.041966789678720584e+00,-5.522943923372541919e-01,-3.894164250366647373e-01,1.282714911245375733e+00,9.333747051488248125e-01,4.705507335449427009e-01,2.041966789678720584e+00,-5.522943923372541919e-01
4.559694676933376267e-01,7.798503582485771801e-01,-2.016304933093970575e-01,2.502014113237977511e-01,4.662524441942434428e-01,2.035901348731140814e+00,-5.526319590442643204e-01,-3.875259277223505050e-01,1.281545564590427677e+00,9.332371324970171189e-01,4.662524441942434428e-01,2.035901348731140814e+00,-5.526319590442643204e-01
4.569694007365247557e-01,7.797144002323922463e-01,-2.014632481335375258e-01,2.494617825768153940e-01,4.619618465977576305e-01,2.029833791995760972e+00,-5.529619211735622430e-01,-3.856420063519181984e-01,1.280376604177695832e+00,9.331002995711836778e-01,4.619618465977576305e-01,2.029833791995760972e+00,-5.529619211735622430e-01
4.579693337797118846e-01,7.795774821876537697e-01,-2.012957816618228812e-01,2.487279569788317379e-01,4.576789630442384404e-01,2.023764116561785009e+00,-5.532843417892374660e-01,-3.837646554886298134e-01,1.279208035475211114e+00,9.329642051697519811e-01,4.576789630442384404e-01,2.023764116561785009e+00,-5.532843417892374660e-01
4.589692668228990691e-01,7.794396195101986891e-01,-2.011280971859664701e-01,2.479999342428690356e-01,4.534038155365416323e-01,2.017692319574369009e+00,-5.535992838377787884e-01,-3.818938697198969168e-01,1.278039863875835902e+00,9.328288479377342401e-01,4.534038155365416323e-01,2.017692319574369009e+00,-5.535992838377787884e-01
4.599691998660861980e-01,7.793008274786633605e-01,-2.009601979765832103e-01,2.472777140292754527e-01,4.491364257936060755e-01,2.011618398234258809e+00,-5.539068101468020977e-01,-3.800296436572302983e-01,1.276872094697942162e+00,9.326942263669090183e-01,4.491364257936060755e-01,2.011618398234258809e+00,-5.539068101468020977e-01
4.609691329092733270e-01,7.791611212543928522e-01,-2.007920872831707171e-01,2.465612959462680220e-01,4.448768152524258945e-01,2.005542349797422741e+00,-5.542069834237883796e-01,-3.781719719361818499e-01,1.275704733186084239e+00,9.325603387960004209e-01,4.448768152524258945e-01,2.005542349797422741e+00,-5.542069834237883796e-01
4.619690659524605114e-01,7.790205158813495734e-01,-2.006237683340913736e-01,2.458506795504705189e-01,4.406250050700272203e-01,1.999464171574684812e+00,-5.544998662548359381e-01,-3.763208492162752883e-01,1.274537784511672323e+00,9.324271834108621704e-01,4.406250050700272203e-01,1.999464171574684812e+00,-5.544998662548359381e-01
4.629689989956476404e-01,7.788790262860257885e-01,-2.004552443365553993e-01,2.451458643474514476e-01,4.363810161254430553e-01,1.993383860931362106e+00,-5.547855211034260492e-01,-3.744762701809403738e-01,1.273371253773643463e+00,9.322947582446576842e-01,4.363810161254430553e-01,1.993383860931362106e+00,-5.547855211034260492e-01
4.639689320388347693e-01,7.787366672773616827e-01,-2.002865184766035034e-01,2.444468497922534234e-01,4.321448690216805888e-01,1.987301415286899076e+00,-5.550640103092081556e-01,-3.726382295374343068e-01,1.272205145999135478e+00,9.321630611780482578e-01,4.321448690216805888e-01,1.987301415286899076e+00,-5.550640103092081556e-01
4.649688650820218982e-01,7.785934535466614292e-01,-2.001175939190906194e-01,2.437536352899224434e-01,4.279165840876957283e-01,1.981216832114503168e+00,-5.553353960867883909e-01,-3.708067220167617362e-01,1.271039466144147312e+00,9.320320899393680358e-01,4.279165840876957283e-01,1.981216832114503168e+00,-5.553353960867883909e-01
4.659687981252090827e-01,7.784493996675162508e-01,-1.999484738076701407e-01,2.430662201960303026e-01,4.236961813803561405e-01,1.975130108940782225e+00,-5.555997405245434173e-01,-3.689817423735864965e-01,1.269874219094213830e+00,9.319018421048126388e-01,4.236961813803561405e-01,1.975130108940782225e+00,-5.555997405245434173e-01
4.669687311683962117e-01,7.783045200957271481e-01,-1.997791612647782933e-01,2.423846038171959816e-01,4.194836806864131740e-01,1.969041243345379000e+00,-5.558571055834379271e-01,-3.671632853861415136e-01,1.268709409665064181e+00,9.317723150986229053e-01,4.194836806864131740e-01,1.969041243345379000e+00,-5.558571055834379271e-01
4.679686642115833406e-01,7.781588291692326242e-01,-1.996096593916195094e-01,2.417087854115997358e-01,4.152791015244613471e-01,1.962950232960608332e+00,-5.561075530958634605e-01,-3.653513458561271632e-01,1.267545042603287708e+00,9.316435061932647477e-01,4.152791015244613471e-01,1.962950232960608332e+00,-5.561075530958634605e-01
4.689685972547704695e-01,7.780123411080381857e-01,-1.994399712681516335e-01,2.410387641894975452e-01,4.110824631469042756e-01,1.956857075471093887e+00,-5.563511447644857721e-01,-3.635459186086132943e-01,1.266381122586996089e+00,9.315154125096163362e-01,4.110824631469042756e-01,1.956857075471093887e+00,-5.563511447644857721e-01
4.699685302979576540e-01,7.778650700141468421e-01,-1.992700999530722661e-01,2.403745393137263764e-01,4.068937845419128285e-01,1.950761768613405112e+00,-5.565879421611066302e-01,-3.617469984919235992e-01,1.265217654226479249e+00,9.313880310171525068e-01,4.068937845419128285e-01,1.950761768613405112e+00,-5.565879421611066302e-01
4.709684633411447829e-01,7.777170298714961572e-01,-1.991000484838053586e-01,2.397161099002114160e-01,4.027130844353856709e-01,1.944664310175697519e+00,-5.568180067255412702e-01,-3.599545803775287545e-01,1.264054642064866618e+00,9.312613585341262823e-01,4.027130844353856709e-01,1.944664310175697519e+00,-5.568180067255412702e-01
4.719683963843319119e-01,7.775682345458942990e-01,-1.989298198764878067e-01,2.390634750184633117e-01,3.985403812929038114e-01,1.938564697997344988e+00,-5.570413997645058402e-01,-3.581686591599194669e-01,1.262892090578781268e+00,9.311353917277566117e-01,3.985403812929038114e-01,1.938564697997344988e+00,-5.570413997645058402e-01
4.729683294275190408e-01,7.774186977849597557e-01,-1.987594171259570719e-01,2.384166336920776619e-01,3.943756933216855387e-01,1.932462929968584486e+00,-5.572581824505192793e-01,-3.563892297564882905e-01,1.261730004178993170e+00,9.310101271144134438e-01,3.943756933216855387e-01,1.932462929968584486e+00,-5.572581824505192793e-01
4.739682624707062253e-01,7.772684332180639366e-01,-1.985888432057394959e-01,2.377755848992242071e-01,3.902190384725361394e-01,1.926359004030147037e+00,-5.574684158208189633e-01,-3.546162871073932354e-01,1.260568387211070451e+00,9.308855610597975838e-01,3.902190384725361394e-01,1.926359004030147037e+00,-5.574684158208189633e-01
4.749681955138933542e-01,7.771174543562775483e-01,-1.984181010680381441e-01,2.371403275731366889e-01,3.860704344418015022e-01,1.920252918172906886e+00,-5.576721607762893385e-01,-3.528498261754248744e-01,1.259407243956033540e+00,9.307616897791350929e-01,3.860704344418015022e-01,1.920252918172906886e+00,-5.576721607762893385e-01
4.759681285570804832e-01,7.769657745923165271e-01,-1.982471936437218141e-01,2.365108606025979054e-01,3.819298986733106749e-01,1.914144670437510687e+00,-5.578694780804009934e-01,-3.510898419458651776e-01,1.258246578631000423e+00,9.306385093373545914e-01,3.819298986733106749e-01,1.914144670437510687e+00,-5.578694780804009934e-01
4.769680616002676676e-01,7.768134072004920787e-01,-1.980761238423144888e-01,2.358871828324183295e-01,3.777974483603201428e-01,1.908034258914025783e+00,-5.580604283581644953e-01,-3.493363294263386876e-01,1.257086395389829026e+00,9.305160156492773282e-01,3.777974483603201428e-01,1.908034258914025783e+00,-5.580604283581644953e-01
4.779679946434547966e-01,7.766603653366647153e-01,-1.979048945519848723e-01,2.352692930639136426e-01,3.736731004474586060e-01,1.901921681741574499e+00,-5.582450720950993261e-01,-3.475892836466626390e-01,1.255926698323769575e+00,9.303942044798030331e-01,3.736731004474586060e-01,1.901921681741574499e+00,-5.582450720950993261e-01
4.789679276866419255e-01,7.765066620381977369e-01,-1.977335086395365926e-01,2.346571900553777179e-01,3.695568716326638192e-01,1.895806937107978207e+00,-5.584234696362094796e-01,-3.458486996586881412e-01,1.254767491462100093e+00,9.302730714440934356e-01,3.695568716326638192e-01,1.895806937107978207e+00,-5.584234696362094796e-01
4.799678607298290545e-01,7.763523102239154872e-01,-1.975619689503988752e-01,2.340508725225484699e-01,3.654487783691178771e-01,1.889690023249397832e+00,-5.585956811849766002e-01,-3.441145725361378638e-01,1.253608778772769883e+00,9.301526120077622251e-01,3.654487783691178771e-01,1.889690023249397832e+00,-5.585956811849766002e-01
4.809677937730162389e-01,7.761973226940629411e-01,-1.973902783086174950e-01,2.334503391390764238e-01,3.613488368671843864e-01,1.883570938449974141e+00,-5.587617668023625583e-01,-3.423868973744383926e-01,1.252450564163037017e+00,9.300328214870593468e-01,3.613488368671843864e-01,1.883570938449974141e+00,-5.587617668023625583e-01
4.819677268162033679e-01,7.760417121302674026e-01,-1.972184395168463666e-01,2.328555885369804901e-01,3.572570630963347593e-01,1.877449681041474472e+00,-5.589217864058275698e-01,-3.406656692905457584e-01,1.251292851480103163e+00,9.299136950490586306e-01,3.572570630963347593e-01,1.877449681041474472e+00,-5.589217864058275698e-01
4.829676598593904968e-01,7.758854910955039763e-01,-1.970464553563394672e-01,2.322666193071071805e-01,3.531846315869637820e-01,1.871339057664374472e+00,-5.589388878393115601e-01,-3.389808363646665268e-01,1.250032008349168944e+00,9.298073642580289011e-01,3.531846315869637820e-01,1.871339057664374472e+00,-5.589388878393115601e-01
4.839675929025776258e-01,7.757286720340619279e-01,-1.968743285869427317e-01,2.316834299995825519e-01,3.491738086719651801e-01,1.865285151281639076e+00,-5.583171547155169057e-01,-3.374406226172551038e-01,1.248293129391386369e+00,9.297578793976797318e-01,3.491738086719651801e-01,1.865285151281639076e+00,-5.583171547155169057e-01
4.849675259457648102e-01,7.755712672715137090e-01,-1.967020619470875309e-01,2.311060191242594875e-01,3.452591171333663222e-01,1.859320632657431416e+00,-5.566977514270492478e-01,-3.361227404680891540e-01,1.245806051230174738e+00,9.297973071410847723e-01,3.452591171333663222e-01,1.859320632657431416e+00,-5.566977514270492478e-01
4.859674589889519392e-01,7.754132890146872015e-01,-1.965296581537830933e-01,2.305343851511628961e-01,3.414464811216225693e-01,1.853444444339660047e+00,-5.540811602764390553e-01,-3.350261894945624208e-01,1.242572789423841417e+00,9.299258955477034405e-01,3.414464811216225693e-01,1.853444444339660047e+00,-5.540811602764390553e-01
4.869673920321390681e-01,7.752547493516382948e-01,-1.963571199026104830e-01,2.299685265109296106e-01,3.377417838336629341e-01,1.847655538527905206e+00,-5.504678850001318846e-01,-3.341499723285532020e-01,1.238595359547124408e+00,9.301438881958709048e-01,3.377417838336629341e-01,1.847655538527905206e+00,-5.504678850001318846e-01
4.879673250753262526e-01,7.750956602516286820e-01,-1.961844498677166315e-01,2.294084415952442335e-01,3.341508674589725447e-01,1.841952877075576644e+00,-5.458584503576715541e-01,-3.334930946934918095e-01,1.233875777177340982e+00,9.304515242127775476e-01,3.341508674589725447e-01,1.841952877075576644e+00,-5.458584503576715541e-01
4.889672581185133815e-01,7.749360335651021003e-01,-1.960116507018083432e-01,2.288541287572722072e-01,3.306795331279656081e-01,1.836335431491620263e+00,-5.402534017228192154e-01,-3.330545654410148604e-01,1.228416057881047685e+00,9.308490383044676353e-01,3.306795331279656081e-01,1.836335431491620263e+00,-5.402534017228192154e-01
4.899671911617005104e-01,7.747758810236671234e-01,-1.958387250361473264e-01,2.283055863120860562e-01,3.273335408626221188e-01,1.830802182941775769e+00,-5.336533046766297472e-01,-3.328333965872172784e-01,1.222218217201218149e+00,9.313366607858700741e-01,3.273335408626221188e-01,1.830802182941775769e+00,-5.336533046766297472e-01
4.909671242048876394e-01,7.746152142400772878e-01,-1.956656754805453369e-01,2.277628125370910472e-01,3.241186095293577263e-01,1.825352122249403575e+00,-5.260587446024951319e-01,-3.328286033485029494e-01,1.215284270644920728e+00,9.319146176108474844e-01,3.241186095293577263e-01,1.825352122249403575e+00,-5.260587446024951319e-01
4.919670572480748238e-01,7.744540447082183254e-01,-1.954925046233597641e-01,2.272258056724446307e-01,3.210404167941002807e-01,1.819984249895871820e+00,-5.174703262831532591e-01,-3.330392041770394718e-01,1.207616233671494177e+00,9.325831304022714763e-01,3.210404167941002807e-01,1.819984249895871820e+00,-5.174703262831532591e-01
4.929669902912619528e-01,7.742923838030936201e-01,-1.953192150314894404e-01,2.266945639214723307e-01,3.181045990795469125e-01,1.814697576020519287e+00,-5.078886734996856944e-01,-3.334642207958118387e-01,1.199216121681205172e+00,9.333424164821065849e-01,3.181045990795469125e-01,1.814697576020519287e+00,-5.078886734996856944e-01
4.939669233344490817e-01,7.741302427808142150e-01,-1.951458092503710606e-01,2.261690854510778892e-01,3.153167515245662300e-01,1.809491120420192223e+00,-4.973144286325036911e-01,-3.341026782332849332e-01,1.190085950004381221e+00,9.341926889015129687e-01,3.153167515245662300e-01,1.809491120420192223e+00,-4.973144286325036911e-01
4.949668563776362107e-01,7.739676327785894872e-01,-1.949722898039759345e-01,2.256493683921544369e-01,3.126824279457350308e-01,1.804363912548360593e+00,-4.857482522643341016e-01,-3.349536048576747804e-01,1.180227733891014985e+00,9.351341564709507725e-01,3.126824279457350308e-01,1.804363912548360593e+00,-4.857482522643341016e-01
4.959667894208233951e-01,7.738045648147208189e-01,-1.947986591948069890e-01,2.251354108399838960e-01,3.102071408009559050e-01,1.799314991513831119e+00,-4.731908227852099080e-01,-3.360160324108277807e-01,1.169643488500819339e+00,9.361670237902999236e-01,3.102071408009559050e-01,1.799314991513831119e+00,-4.731908227852099080e-01
4.969667224640105241e-01,7.736410497805620290e-01,-1.946249199024565335e-01,2.246272107946930552e-01,3.078964009260511947e-01,1.794343628531060997e+00,-4.596428359984765510e-01,-3.372890700487469196e-01,1.158335242124996833e+00,9.372914912737045912e-01,3.078964009260511947e-01,1.794343628531060997e+00,-4.596428359984765510e-01
4.979666555071976530e-01,7.734770934809306331e-01,-1.944510661726672474e-01,2.241247155220579823e-01,3.060075709961208035e-01,1.789572775349329348e+00,-4.451567884438337730e-01,-3.388042372097725408e-01,1.146426155659418855e+00,9.385009714143536241e-01,3.060075709961208035e-01,1.789572775349329348e+00,-4.451567884438337730e-01
4.989665885503847820e-01,7.733126826854660463e-01,-1.942770549329078666e-01,2.236276698685085162e-01,3.049115310127814005e-01,1.785073462409977996e+00,-4.299919977976689456e-01,-3.405379619820136927e-01,1.134237320984586628e+00,9.397692842808267333e-01,3.049115310127814005e-01,1.785073462409977996e+00,-4.299919977976689456e-01
4.999665215935719664e-01,7.731478027771567785e-01,-1.941028171501229249e-01,2.231357663581106376e-01,3.046419481658649286e-01,1.780729511623256878e+00,-4.150883710308228558e-01,-3.422781261732765756e-01,1.122515607531111126e+00,9.410112176187435118e-01,3.046419481658649286e-01,1.780729511623256878e+00,-4.150883710308228558e-01
5.009664546367591509e-01,7.729824394656232833e-01,-1.939282786785622992e-01,2.226486971627349709e-01,3.050942909431874073e-01,1.776464537296805757e+00,-4.013362043235557119e-01,-3.438351668020350194e-01,1.111925335888714894e+00,9.421470549946476813e-01,3.050942909431874073e-01,1.776464537296805757e+00,-4.013362043235557119e-01
5.019663876799462798e-01,7.728165777383455559e-01,-1.937533645254173043e-01,2.221661546007191457e-01,3.062633143407430536e-01,1.772281196549983395e+00,-3.887325625696642639e-01,-3.452109088697987160e-01,1.102462208269101129e+00,9.431775274577081092e-01,3.062633143407430536e-01,1.772281196549983395e+00,-3.887325625696642639e-01
5.029663207231334088e-01,7.726502018766840951e-01,-1.935779988575029309e-01,2.216878311413199298e-01,3.081438193101871392e-01,1.768182114378831216e+00,-3.772744662996337373e-01,-3.464071632993940830e-01,1.094121923465380508e+00,9.441033535375799035e-01,3.081438193101871392e-01,1.768182114378831216e+00,-3.772744662996337373e-01
5.039662537663205377e-01,7.724832954708709121e-01,-1.934021050077198711e-01,2.212134194097728490e-01,3.107306502319128749e-01,1.764169891449738792e+00,-3.669588953067347004e-01,-3.474257296854036392e-01,1.086900176714373334e+00,9.449252448664660076e-01,3.107306502319128749e-01,1.764169891449738792e+00,-3.669588953067347004e-01
5.049661868095076667e-01,7.723158414339771349e-01,-1.932256054812959145e-01,2.207426121929690899e-01,3.140186923963488863e-01,1.760247111894630567e+00,-3.577827922325337862e-01,-3.482683990272210650e-01,1.080792659558360791e+00,9.456439118089927653e-01,3.140186923963488863e-01,1.760247111894630567e+00,-3.577827922325337862e-01
5.059661198526947956e-01,7.721478133504822150e-01,-1.930484569962687691e-01,2.202751065518581408e-01,3.179609626676543899e-01,1.756427304596843708e+00,-3.497341688795450043e-01,-3.489420747919521615e-01,1.075774789521899866e+00,9.462609199502027835e-01,3.179609626676543899e-01,1.756427304596843708e+00,-3.497341688795450043e-01
5.069660528958819246e-01,7.719792073367142127e-01,-1.928705217697598562e-01,2.198105887463432384e-01,3.220767648561303487e-01,1.752844423583359346e+00,-3.426976067441744322e-01,-3.495106354863919962e-01,1.071604464521475286e+00,9.467921693797985982e-01,3.220767648561303487e-01,1.752844423583359346e+00,-3.426976067441744322e-01
5.079659859390690535e-01,7.718099671127200967e-01,-1.926918707176958068e-01,2.193487697883577670e-01,3.255867899646339159e-01,1.749710253890242928e+00,-3.364944606678393901e-01,-3.500740201974077426e-01,1.067896040689891413e+00,9.472598729749788227e-01,3.255867899646339159e-01,1.749710253890242928e+00,-3.364944606678393901e-01
5.089659189822562935e-01,7.716400422086426847e-01,-1.925125485809843773e-01,2.188893579460153282e-01,3.283632854937517109e-01,1.747057680827651893e+00,-3.310981420644027451e-01,-3.506474935391177272e-01,1.064588960512943716e+00,9.476666048443852519e-01,3.283632854937517109e-01,1.747057680827651893e+00,-3.310981420644027451e-01
5.099658520254434224e-01,7.714693777683471199e-01,-1.923326152355249175e-01,2.184320635870050098e-01,3.303992744957658934e-01,1.744886232694710770e+00,-3.265106351687976360e-01,-3.512305290325816731e-01,1.061683124211889595e+00,9.480111187722083388e-01,3.303992744957658934e-01,1.744886232694710770e+00,-3.265106351687976360e-01
5.109657850686305514e-01,7.712979181567176656e-01,-1.921521311419826794e-01,2.179765974727589373e-01,3.316878150744584364e-01,1.743195470212733245e+00,-3.227339231027026023e-01,-3.518226140443738159e-01,1.059178436933248868e+00,9.482922056423404022e-01,3.316878150744584364e-01,1.743195470212733245e+00,-3.227339231027026023e-01
5.119657181118176803e-01,7.711256069680973990e-01,-1.919711573436267693e-01,2.175226707583389207e-01,3.322219957200316376e-01,1.741984980056274557e+00,-3.197699841759532036e-01,-3.524232480633223696e-01,1.057074806612327000e+00,9.485086874939387958e-01,3.322219957200316376e-01,1.741984980056274557e+00,-3.197699841759532036e-01
5.129656511550048092e-01,7.709523870338176321e-01,-1.917897554639377555e-01,2.170699949929743022e-01,3.319949306369128217e-01,1.741254368357422866e+00,-3.176207881245547981e-01,-3.530319409911440443e-01,1.055372141827792820e+00,9.486594115580035957e-01,3.319949306369128217e-01,1.741254368357422866e+00,-3.176207881245547981e-01
5.139655841981919382e-01,7.707690120767056730e-01,-1.916116346346730670e-01,2.165871642627861804e-01,3.309369058471641201e-01,1.741018834362115575e+00,-3.162819916975109225e-01,-3.535909360592985884e-01,1.054032636350452634e+00,9.487429263776604449e-01,3.309369058471641201e-01,1.741018834362115575e+00,-3.162819916975109225e-01
5.149655172413790671e-01,7.705936747165752498e-01,-1.915799519791626104e-01,2.154076219915837254e-01,3.298944886971714174e-01,1.741044787057414389e+00,-3.158394882554042549e-01,-3.523000012409958082e-01,1.053059889720513009e+00,9.487009856513342054e-01,3.298944886971714174e-01,1.741044787057414389e+00,-3.158394882554042549e-01
5.159654596812403016e-01,7.703674841273491225e-01,-1.909151246301396265e-01,2.143214665355002158e-01,6.248713410334427731e-01,3.058238151917646697e+00,-5.580510688942095232e-01,-7.762739653824444197e-01,1.228770460250728558e+00,1.389676962785882486e+00,6.248713410334427731e-01,3.058238151917646697e+00,-5.580510688942095232e-01
5.169654021211015360e-01,7.701389819220338939e-01,-1.902500414296486309e-01,2.132365876320211073e-01,6.175318429279308408e-01,3.060513116125015642e+00,-5.552409967930582724e-01,-7.766325033366947572e-01,1.224644066919224006e+00,1.390218848764171566e+00,6.175318429279308408e-01,3.060513116125015642e+00,-5.552409967930582724e-01
5.179653445609627704e-01,7.699082203122867840e-01,-1.895843980745189894e-01,2.121530332583130007e-01,6.092315969745734083e-01,3.063359537908588059e+00,-5.507566487155700630e-01,-7.773736402423103709e-01,1.219345271113905671e+00,1.391068103379599297e+00,6.092315969745734083e-01,3.063359537908588059e+00,-5.507566487155700630e-01
5.189652870008238938e-01,7.696752505940159805e-01,-1.889178915140140858e-01,2.110708516618359787e-01,5.999751459379203400e-01,3.066771905864038139e+00,-5.445974354003557671e-01,-7.784923346628795926e-01,1.212877663062921441e+00,1.392223176393303952e+00,5.999751459379203400e-01,3.066771905864038139e+00,-5.445974354003557671e-01
5.199652294406851283e-01,7.694401231684181441e-01,-1.882502199565574685e-01,2.099900914329884682e-01,5.897670452053832557e-01,3.070744730196218075e+00,-5.367628401578543595e-01,-7.799835491336598592e-01,1.205244867828050293e+00,1.393682541718181511e+00,5.897670452053832557e-01,3.070744730196218075e+00,-5.367628401578543595e-01
5.209651718805463627e-01,7.692028875407382893e-01,-1.875810828865481228e-01,2.089108015117779604e-01,5.786118655356626839e-01,3.075272548165267406e+00,-5.272524237940200420e-01,-7.818422476090356454e-01,1.196450546214643751e+00,1.395444707748974000e+00,5.786118655356626839e-01,3.075272548165267406e+00,-5.272524237940200420e-01
5.219651143204075971e-01,7.689635923171450615e-01,-1.869101810832587141e-01,2.078330311970285893e-01,5.665141957629407088e-01,3.080349929601351455e+00,-5.160658295682604146e-01,-7.840633928792477558e-01,1.186498395690196217e+00,1.397508227682487725e+00,5.665141957629407088e-01,3.080349929601351455e+00,-5.160658295682604146e-01
5.229650567602688316e-01,7.687222851997782547e-01,-1.862372166418184150e-01,2.067568301581572676e-01,5.534786454551234858e-01,3.085971482487139372e+00,-5.032027881869998165e-01,-7.866419439570468963e-01,1.175392151313098488e+00,1.399871709826202348e+00,5.534786454551234858e-01,3.085971482487139372e+00,-5.032027881869998165e-01
5.239649992001300660e-01,7.684790129800312952e-01,-1.855618929962837282e-01,2.056822484495489101e-01,5.395098475242010583e-01,3.092131858607179318e+00,-4.886631228346788869e-01,-7.895728534350238137e-01,1.163135586673512911e+00,1.402533827893461149e+00,5.395098475242010583e-01,3.092131858607179318e+00,-4.886631228346788869e-01
5.249649416399913004e-01,7.682338215301288686e-01,-1.848839149447982499e-01,2.046093365275561404e-01,5.246124607865391143e-01,3.098825759263419410e+00,-4.724467542444062973e-01,-7.928510648144382333e-01,1.149732514848680331e+00,1.405493331283378833e+00,5.246124607865391143e-01,3.098825759263419410e+00,-4.724467542444062973e-01
5.259648840798525349e-01,7.679867526453628690e-01,-1.842030021394975292e-01,2.035381468533540572e-01,5.088048344617110974e-01,3.106044168228574875e+00,-4.545573347141687592e-01,-7.964697359880024141e-01,1.135193736481035165e+00,1.408748509564097251e+00,5.088048344617110974e-01,3.106044168228574875e+00,-4.545573347141687592e-01
5.269648265197136583e-01,7.677378632316345097e-01,-1.835188069368951791e-01,2.024687242506092166e-01,4.928232282017285248e-01,3.113591540636886812e+00,-4.351711696686516029e-01,-8.003354567477929393e-01,1.119881807879940183e+00,1.412277520787162288e+00,4.928232282017285248e-01,3.113591540636886812e+00,-4.351711696686516029e-01
5.279647689595748927e-01,7.674872215607370096e-01,-1.828309290204635229e-01,2.014011076336977291e-01,4.773411628481670776e-01,3.121292084695276081e+00,-4.144508911716087152e-01,-8.043642545492430962e-01,1.104127157874031040e+00,1.416061101097918495e+00,4.773411628481670776e-01,3.121292084695276081e+00,-4.144508911716087152e-01
5.289647113994361272e-01,7.672349031886157578e-01,-1.821389318306916028e-01,2.003353319420269063e-01,4.623646389050030114e-01,3.129146209604146023e+00,-3.923977039860369054e-01,-8.085541006664567210e-01,1.087931307709567363e+00,1.420099974438149282e+00,4.623646389050030114e-01,3.129146209604146023e+00,-3.923977039860369054e-01
5.299646538392973616e-01,7.669809823921445169e-01,-1.814423789090484906e-01,1.992714324179113983e-01,4.478996726571589648e-01,3.137154365529077449e+00,-3.690129529285103294e-01,-8.129029249437937921e-01,1.071295828632884639e+00,1.424394903098983312e+00,4.478996726571589648e-01,3.137154365529077449e+00,-3.690129529285103294e-01
5.309645962791585960e-01,7.667255321266618351e-01,-1.807408339427931665e-01,1.982094446172156799e-01,4.339522960191977141e-01,3.145317041574138273e+00,-3.442981296850808892e-01,-8.174086120351673479e-01,1.054222344214894580e+00,1.428946684566828162e+00,4.339522960191977141e-01,3.145317041574138273e+00,-3.442981296850808892e-01
5.319645387190198305e-01,7.664686239802643852e-01,-1.800338608117871830e-01,1.971494044210810315e-01,4.205285563627142453e-01,3.153634763839084254e+00,-3.182548796773393973e-01,-8.220689977007210603e-01,1.036712532728302882e+00,1.433756148365696426e+00,4.205285563627142453e-01,3.153634763839084254e+00,-3.182548796773393973e-01
5.329644811588810649e-01,7.662103281248856534e-01,-1.793210236373181388e-01,1.960913480487338489e-01,4.076345163222493961e-01,3.162108093559188315e+00,-2.908850089771335967e-01,-8.268818651633231820e-01,1.018768129578098591e+00,1.438824152895266995e+00,4.076345163222493961e-01,3.162108093559188315e+00,-2.908850089771335967e-01
5.339644235987422993e-01,7.659507029105997455e-01,-1.786019499203436167e-01,1.950353059125008448e-01,3.953844564002100270e-01,3.170547394504977579e+00,-2.629404348534197799e-01,-8.317048736192746983e-01,1.000797216783466448e+00,1.444006699954303752e+00,3.953844564002100270e-01,3.170547394504977579e+00,-2.629404348534197799e-01
5.349643660386034227e-01,7.656897641636198903e-01,-1.778765196395734050e-01,1.939812840931146032e-01,3.838891279796367018e-01,3.178764021568648346e+00,-2.351734185616239925e-01,-8.363977862256677387e-01,9.832064842472953980e-01,1.449159696062298330e+00,3.838891279796367018e-01,3.178764021568648346e+00,-2.351734185616239925e-01
5.359643084784646572e-01,7.654275169483416574e-01,-1.771446757348333345e-01,1.929292827814945710e-01,3.731488222556823553e-01,3.186760443316623892e+00,-2.075860750903068264e-01,-8.409616718153001269e-01,9.659952772528899168e-01,1.454283975034035059e+00,3.731488222556823553e-01,3.186760443316623892e+00,-2.075860750903068264e-01
5.369642509183258916e-01,7.651639658441546921e-01,-1.764063613938642860e-01,1.918793022832886996e-01,3.631514124187536496e-01,3.194542856502676109e+00,-1.801767220685089044e-01,-8.453993095050917894e-01,9.491565205905454494e-01,1.459380967935778761e+00,3.631514124187536496e-01,3.194542856502676109e+00,-1.801767220685089044e-01
5.379641933581871260e-01,7.648991117178625121e-01,-1.756615345238264903e-01,1.908313446767664900e-01,3.535192520347223977e-01,3.202209003022187694e+00,-1.528514080999330560e-01,-8.497556524361460362e-01,9.325042309675224406e-01,1.464462504081242233e+00,3.535192520347223977e-01,3.202209003022187694e+00,-1.528514080999330560e-01
5.389641357980483605e-01,7.646329444438947354e-01,-1.749102012064986944e-01,1.897854177972350675e-01,3.439378163581490178e-01,3.209838798883742239e+00,-1.255318956993546897e-01,-8.540672442738113102e-01,9.158843397150483456e-01,1.469538096829378970e+00,3.439378163581490178e-01,3.209838798883742239e+00,-1.255318956993546897e-01
5.399640782379095949e-01,7.643654513192899014e-01,-1.741523784669116170e-01,1.887415308392977886e-01,3.344072321593196673e-01,3.217432416078674251e+00,-9.821929022733921766e-02,-8.583337996310081985e-01,8.992972722852035083e-01,1.474608038522735143e+00,3.344072321593196673e-01,3.217432416078674251e+00,-9.821929022733921766e-02
5.409640206777708293e-01,7.640966194363745245e-01,-1.733880836605655729e-01,1.876996931000746716e-01,3.249276222734268638e-01,3.224990032146638264e+00,-7.091470001801913892e-02,-8.625550352145695543e-01,8.827434559162863348e-01,1.479672621618572492e+00,3.249276222734268638e-01,3.224990032146638264e+00,-7.091470001801913892e-02
5.419639631176320638e-01,7.638264356861065307e-01,-1.726173344730844439e-01,1.866599139796097928e-01,3.154991055538474143e-01,3.232511830130045727e+00,-4.361923636859754705e-02,-8.667306698831945821e-01,8.662233196614095299e-01,1.484732138645173727e+00,3.154991055538474143e-01,3.232511830130045727e+00,-4.361923636859754705e-02
5.429639055574931872e-01,7.635548867614555535e-01,-1.718401489198543575e-01,1.856222029812794883e-01,3.061217968249857480e-01,3.239997998526943146e+00,-1.633401352869473522e-02,-8.708604247055995451e-01,8.497372944167767006e-01,1.489786882158172787e+00,3.061217968249857480e-01,3.239997998526943146e+00,-1.633401352869473522e-02
5.439638479973544216e-01,7.632819591608224208e-01,-1.710565453456489304e-01,1.845865697122018312e-01,2.967958068347034128e-01,3.247448731242334130e+00,1.093985131047658932e-02,-8.749440230188733070e-01,8.332858129496323318e-01,1.494837144696922637e+00,2.967958068347034128e-01,3.247448731242334130e+00,1.093985131047658932e-02
5.449637904372156560e-01,7.630076391914960565e-01,-1.702665424242380543e-01,1.835530238836481920e-01,2.875212422063619377e-01,3.254864227537913379e+00,3.820123802711467009e-02,-8.789811904870286074e-01,8.168693099258705903e-01,1.499883218740879931e+00,2.875212422063619377e-01,3.254864227537913379e+00,3.820123802711467009e-02
5.459637328770768905e-01,7.627319129731491287e-01,-1.694701591579816369e-01,1.825215753114564077e-01,2.782982053904974884e-01,3.262244691980230371e+00,6.544902358002108178e-02,-8.829716551597613927e-01,8.004882219372935204e-01,1.504925396666024096e+00,2.782982053904974884e-01,3.262244691980230371e+00,6.544902358002108178e-02
5.469636753169381249e-01,7.624547664413710013e-01,-1.686674148774067739e-01,1.814922339164445897e-01,2.691267946161561841e-01,3.269590334387240116e+00,9.268208201999048046e-02,-8.869151475314034361e-01,7.841429875285057527e-01,1.509963970701292402e+00,2.691267946161561841e-01,3.269590334387240116e+00,9.268208201999048046e-02
5.479636177567993593e-01,7.621761853512372120e-01,-1.678583292407674621e-01,1.804650097248280405e-01,2.600071038419040081e-01,3.276901369773248973e+00,1.198992845014079933e-01,-8.908114006000855678e-01,7.678340472234330694e-01,1.514999232885032132e+00,2.600071038419040081e-01,3.276901369773248973e+00,1.198992845014079933e-01
5.489635601966605938e-01,7.618961552809184745e-01,-1.670429222335877428e-01,1.794399128686369471e-01,2.509392227065483372e-01,3.284178018292239098e+00,1.470994992940617696e-01,-8.946601499270941948e-01,7.515618435514586082e-01,1.520031475021471401e+00,2.509392227065483372e-01,3.284178018292239098e+00,1.470994992940617696e-01
5.499635026365217172e-01,7.616146616353217658e-01,-1.662212141681858046e-01,1.784169535861367395e-01,2.419232364795884105e-01,3.291420505179554645e+00,1.742815917951833493e-01,-8.984611336964376527e-01,7.353268210731561672e-01,1.525060988637198189e+00,2.419232364795884105e-01,3.291420505179554645e+00,1.742815917951833493e-01
5.509634450763829516e-01,7.613316896497743791e-01,-1.653932256831801006e-01,1.773961422222492534e-01,2.329592260114186075e-01,3.298629060691948389e+00,2.014444245417216783e-01,-9.022140927746082895e-01,7.191294264056182772e-01,1.530088064937656700e+00,2.329592260114186075e-01,3.298629060691948389e+00,2.014444245417216783e-01
5.519633875162441861e-01,7.610472243937363990e-01,-1.645589777429754819e-01,1.763774892289770579e-01,2.240472676833170640e-01,3.305803920045972788e+00,2.285868572228632323e-01,-9.059187707705508297e-01,7.029701082473596152e-01,1.535112994763640826e+00,2.240472676833170640e-01,3.305803920045972788e+00,2.285868572228632323e-01
5.529633299561054205e-01,7.607612507745564745e-01,-1.637184916372303733e-01,1.753610051658280322e-01,2.151874333572384446e-01,3.312945323354698157e+00,2.557077466928044940e-01,-9.095749140958289125e-01,6.868493174027907600e-01,1.540136068547800496e+00,2.151874333572384446e-01,3.312945323354698157e+00,2.557077466928044940e-01
5.539632723959666549e-01,7.604737535412565697e-01,-1.628717889803022456e-01,1.743467007002443836e-01,2.063797903254478983e-01,3.320053515562760627e+00,2.828059469837929107e-01,-9.131822720249969105e-01,6.707675068062441959e-01,1.545157576271141364e+00,2.063797903254478983e-01,3.320053515562760627e+00,2.828059469837929107e-01
5.549632148358278894e-01,7.601847172883556825e-01,-1.620188917106733795e-01,1.733345866080312492e-01,1.976244012600090749e-01,3.327128746379717228e+00,3.098803093194345548e-01,-9.167405967561695901e-01,6.547251315455460130e-01,1.550177807419530485e+00,1.976244012600090749e-01,3.327128746379717228e+00,3.098803093194345548e-01
5.559631572756891238e-01,7.598941264597274259e-01,-1.611598220903539269e-01,1.723246737737885725e-01,1.889213241621693906e-01,3.334171270211708560e+00,3.369296821282902754e-01,-9.202496434717930551e-01,6.387226488851197592e-01,1.555197050940191783e+00,1.889213241621693906e-01,3.334171270211708560e+00,3.369296821282902754e-01
5.569630997155503582e-01,7.596019071553433699e-01,-1.602949333959003964e-01,1.713170276279512017e-01,1.803867227590881805e-01,3.341164098829843443e+00,3.639745546843927149e-01,-9.237030760373207139e-01,6.228007653326241844e-01,1.560214982013650609e+00,1.803867227590881805e-01,3.341164098829843443e+00,3.639745546843927149e-01
5.579630421554114816e-01,7.593081777209468308e-01,-1.594234877833145547e-01,1.703115340883878948e-01,1.722626135076024134e-01,3.348075515953853998e+00,3.910679043856679638e-01,-9.270908172462745123e-01,6.070368822191889446e-01,1.565233308659479405e+00,1.722626135076024134e-01,3.348075515953853998e+00,3.910679043856679638e-01
5.589629845952727161e-01,7.590128854105340217e-01,-1.585457106223585322e-01,1.693082374709216631e-01,1.646765293252301365e-01,3.354888731288903969e+00,4.182316747273364665e-01,-9.304067242303558638e-01,5.914748681306822853e-01,1.570251906144321641e+00,1.646765293252301365e-01,3.354888731288903969e+00,4.182316747273364665e-01
5.599629270351339505e-01,7.587160397177488136e-01,-1.576614710634785810e-01,1.683071234417979900e-01,1.576289384744297140e-01,3.361605995098517319e+00,4.454639439936580181e-01,-9.336513712379638230e-01,5.761145724119142164e-01,1.575271299326886032e+00,1.576289384744297140e-01,3.361605995098517319e+00,4.454639439936580181e-01
5.609628694749951849e-01,7.584176491649907703e-01,-1.567706384494239880e-01,1.673081776098677698e-01,1.511202925515004458e-01,3.368229577078428516e+00,4.727628327867655078e-01,-9.368253323898690921e-01,5.609558309941471421e-01,1.580291986889101219e+00,1.511202925515004458e-01,3.368229577078428516e+00,4.727628327867655078e-01
5.619628119148564194e-01,7.581177212923666531e-01,-1.558730822971789443e-01,1.663113855121095552e-01,1.451510265584268766e-01,3.374761766494323467e+00,5.001265040714326648e-01,-9.399291818382102814e-01,5.459984665010804150e-01,1.585314441374354955e+00,1.451510265584268766e-01,3.374761766494323467e+00,5.001265040714326648e-01
5.629627543547176538e-01,7.578162626462945362e-01,-1.549686722799516747e-01,1.653167325998849690e-01,1.397215589704347005e-01,3.381204872319945487e+00,5.275531632225340939e-01,-9.429634939214839306e-01,5.312422883490235392e-01,1.590339109226738046e+00,1.397215589704347005e-01,3.381204872319945487e+00,5.275531632225340939e-01
5.639626967945788882e-01,7.575132787677625323e-01,-1.540572782092256288e-01,1.643242042259289715e-01,1.348322917992617054e-01,3.387561223375465946e+00,5.550410580749440825e-01,-9.459288433154272591e-01,5.166870928414940556e-01,1.595366410831177362e+00,1.348322917992617054e-01,3.387561223375465946e+00,5.550410580749440825e-01
5.649626392344401227e-01,7.572087741802470129e-01,-1.531387700168806154e-01,1.633337856320707382e-01,1.304836106521484740e-01,3.393833168465969941e+00,5.825884789756331505e-01,-9.488258051796841785e-01,5.023326632584803608e-01,1.600396740554389963e+00,1.304836106521484740e-01,3.393833168465969941e+00,5.825884789756331505e-01
5.659625816743012461e-01,7.569027523772907662e-01,-1.522130177373880733e-01,1.623454619376905050e-01,1.266758847865571691e-01,3.400023076519934850e+00,6.101937588377044364e-01,-9.516549553001690809e-01,4.881787699406113235e-01,1.605430466786541777e+00,1.266758847865571691e-01,3.400023076519934850e+00,6.101937588377044364e-01
5.669625241141624805e-01,7.565952158097456470e-01,-1.512798914900881364e-01,1.613592181289080496e-01,1.234094671606110749e-01,3.406133336727555694e+00,6.378552731961324440e-01,-9.544168702270107163e-01,4.742251703684700059e-01,1.610467931983525336e+00,1.234094671606110749e-01,3.406133336727555694e+00,6.378552731961324440e-01
5.679624665540237149e-01,7.562860480474046243e-01,-1.503393012937647433e-01,1.603747258587654989e-01,1.206435739039081190e-01,3.411917572580912328e+00,6.656186159421595416e-01,-9.570364664750632411e-01,4.604435121588785762e-01,1.615427227811443434e+00,1.206435739039081190e-01,3.411917572580912328e+00,6.656186159421595416e-01
5.689624089938849494e-01,7.559755865497054250e-01,-1.493910034129189990e-01,1.593928661365107136e-01,1.183303875459857379e-01,3.417074872801717067e+00,6.935396235613320304e-01,-9.594250575358905797e-01,4.468004702200244482e-01,1.620208697266997788e+00,1.183303875459857379e-01,3.417074872801717067e+00,6.935396235613320304e-01
5.699623514337461838e-01,7.556638002951723276e-01,-1.484348783332680999e-01,1.584135361543099751e-01,1.164637878232233081e-01,3.421553127749917600e+00,7.216276484752773834e-01,-9.615671562655727644e-01,4.332903310699377508e-01,1.624794754918791551e+00,1.164637878232233081e-01,3.421553127749917600e+00,7.216276484752773834e-01
5.709622938736074182e-01,7.553507930324596664e-01,-1.474707605825796297e-01,1.574369908788476602e-01,1.150467957275034814e-01,3.425354469754641418e+00,7.498817381270477256e-01,-9.634643750688018926e-01,4.199136775291916757e-01,1.629185761521803277e+00,1.150467957275034814e-01,3.425354469754641418e+00,7.498817381270477256e-01
5.719622363134686527e-01,7.550366687213045935e-01,-1.464984841742699717e-01,1.564634838566266173e-01,1.140824211517641462e-01,3.428481062914736199e+00,7.783009986822670978e-01,-9.651183194987995595e-01,4.066710677294501641e-01,1.633382056474561583e+00,1.140824211517641462e-01,3.428481062914736199e+00,7.783009986822670978e-01
5.729621787533298871e-01,7.547215315079996989e-01,-1.455178825690391919e-01,1.554932671985568005e-01,1.135736635794970528e-01,3.430935102747444176e+00,8.068845928183776550e-01,-9.665305880130853344e-01,3.935630361054474058e-01,1.637383957676326940e+00,1.135736635794970528e-01,3.430935102747444176e+00,8.068845928183776550e-01
5.739621211931910105e-01,7.544054856982747026e-01,-1.445287886384904463e-01,1.545265915663770473e-01,1.135235127596349591e-01,3.432718815836338866e+00,8.356317375097357392e-01,-9.677027717303940957e-01,3.805900943799863656e-01,1.641191761380436098e+00,1.135235127596349591e-01,3.432718815836338866e+00,8.356317375097357392e-01
5.749620636330522450e-01,7.540886357276251895e-01,-1.435310346307457074e-01,1.535637061609238518e-01,1.139349493672133784e-01,3.433834459477950851e+00,8.645417018080256977e-01,-9.686364541886716140e-01,3.677527325424876370e-01,1.644805742043644825e+00,1.139349493672133784e-01,3.433834459477950851e+00,8.645417018080256977e-01
5.759620060729134794e-01,7.537710861291260223e-01,-1.425244521380724660e-01,1.526048587122764144e-01,1.148109456501771874e-01,3.434284321326550149e+00,8.936138046174681993e-01,-9.693332111041172983e-01,3.550514198216183637e-01,1.648226152171324843e+00,1.148109456501771874e-01,3.434284321326550149e+00,8.936138046174681993e-01
5.769619485127747138e-01,7.534529414987651830e-01,-1.415088720665350075e-01,1.516502954717914298e-01,1.161544660627084058e-01,3.434070719036576236e+00,9.228474124642875864e-01,-9.697946101312294731e-01,3.424866056525232016e-01,1.651453222158364875e+00,1.161544660627084058e-01,3.434070719036576236e+00,9.228474124642875864e-01
5.779618909526359483e-01,7.531343064583373437e-01,-1.404841246076833639e-01,1.507002612060547864e-01,1.179684678854457380e-01,3.433195999902240558e+00,9.522419372599052467e-01,-9.700222106238503006e-01,3.300587206391835116e-01,1.654487160125648781e+00,1.179684678854457380e-01,3.433195999902240558e+00,9.522419372599052467e-01
5.789618333924971827e-01,7.528152856159355810e-01,-1.394500392122951515e-01,1.497549991927688284e-01,1.202559018329653062e-01,3.431662540493853886e+00,9.817968340573195452e-01,-9.700175633972125677e-01,3.177681775124233665e-01,1.657328151751980672e+00,1.202559018329653062e-01,3.431662540493853886e+00,9.817968340573195452e-01
5.799617758323584171e-01,7.524959835240823125e-01,-1.384064445661832010e-01,1.488147512185937771e-01,1.230197126488805637e-01,3.429472746290456620e+00,1.011511598800143297e+00,-9.697822104909953334e-01,3.056153720840800170e-01,1.659976360101342641e+00,1.230197126488805637e-01,3.429472746290456620e+00,1.011511598800143297e+00
5.809617182722195405e-01,7.521765046355365358e-01,-1.373531685680842163e-01,1.478797575789669305e-01,1.262628396889290960e-01,3.426629051308371476e+00,1.041385766063747109e+00,-9.693176849334337319e-01,2.936006841978568427e-01,1.662431925445370995e+00,1.262628396889290960e-01,3.426629051308371476e+00,1.041385766063747109e+00
5.819616607120807750e-01,7.518569532568218916e-01,-1.362900383096428691e-01,1.469502570799177121e-01,1.299882174924016920e-01,3.423133917725299291e+00,1.071418906787974912e+00,-9.686255105065230131e-01,2.817244786773691612e-01,1.664694965080953049e+00,1.299882174924016920e-01,3.423133917725299291e+00,1.071418906787974912e+00
5.829616031519420094e-01,7.515374334995144068e-01,-1.352168800575067054e-01,1.460264870418963301e-01,1.341987763422631819e-01,3.418989835499655072e+00,1.101610626000885329e+00,-9.677072015123850957e-01,2.699871062718967041e-01,1.666765573142856560e+00,1.341987763422631819e-01,3.418989835499655072e+00,1.101610626000885329e+00
5.839615455918032438e-01,7.512180492293329959e-01,-1.341335192375469887e-01,1.451086833056359215e-01,1.388974428143227580e-01,3.414199321984817015e+00,1.131960560532980997e+00,-9.665642625408719102e-01,2.583889046003473022e-01,1.668643820411299217e+00,1.388974428143227580e-01,3.414199321984817015e+00,1.131960560532980997e+00
5.849614880316644783e-01,7.508989040130757964e-01,-1.330397804212215540e-01,1.441970802400684426e-01,1.440871403157965580e-01,3.408764921538036230e+00,1.162468376721366603e+00,-9.651981882385100020e-01,2.469301990939432034e-01,1.670329754114385112e+00,1.440871403157965580e-01,3.408764921538036230e+00,1.162468376721366603e+00
5.859614304715257127e-01,7.505801999537159430e-01,-1.319354534799048184e-01,1.432921545640535865e-01,1.498046320956249455e-01,3.402938521445678433e+00,1.193085384230687884e+00,-9.636848299158765618e-01,2.356372960798675253e-01,1.671905314693306277e+00,1.498046320956249455e-01,3.402938521445678433e+00,1.193085384230687884e+00
5.869613729113869471e-01,7.502618740288768961e-01,-1.308204179201824524e-01,1.423937276551288655e-01,1.560925755609824939e-01,3.397026920992181065e+00,1.223752088973172114e+00,-9.621146300745986313e-01,2.245415265321919485e-01,1.673470228627089940e+00,1.560925755609824939e-01,3.397026920992181065e+00,1.223752088973172114e+00
5.879613153512481816e-01,7.499438970532360527e-01,-1.296945408949818357e-01,1.415017096937357666e-01,1.629584696263275401e-01,3.391087791480544400e+00,1.254457166680179814e+00,-9.605042258765357222e-01,2.136479827070940085e-01,1.675042312006880030e+00,1.629584696263275401e-01,3.391087791480544400e+00,1.254457166680179814e+00
5.889612577911094160e-01,7.496264633669686983e-01,-1.285564951170797554e-01,1.406160642876715938e-01,1.703968801999099503e-01,3.385124350468940779e+00,1.284998932476525191e+00,-9.588544592414447454e-01,2.029545258326735380e-01,1.676621379389434452e+00,1.703968801999099503e-01,3.385124350468940779e+00,1.284998932476525191e+00
5.899612002309705394e-01,7.493090860616445914e-01,-1.274089089209139714e-01,1.397367548756640598e-01,1.784202304083813972e-01,3.379138943394822903e+00,1.315001785925794531e+00,-9.571650903005521904e-01,1.924640726671716928e-01,1.678207218894696595e+00,1.784202304083813972e-01,3.379138943394822903e+00,1.315001785925794531e+00
5.909611426708317738e-01,7.489918808842511710e-01,-1.262509212405023562e-01,1.388637447399319325e-01,1.870251509400294720e-01,3.373134682795120742e+00,1.344291103092974726e+00,-9.554368808869045937e-01,1.821750641257003922e-01,1.679799592234234806e+00,1.870251509400294720e-01,3.373134682795120742e+00,1.344291103092974726e+00
5.919610851106930083e-01,7.486747438112771880e-01,-1.250829510723795723e-01,1.379969970195328022e-01,1.962140364981345975e-01,3.367114392517737365e+00,1.372866277824996040e+00,-9.536702578866712576e-01,1.720875709685434907e-01,1.681398234738072706e+00,1.962140364981345975e-01,3.367114392517737365e+00,1.372866277824996040e+00
5.929610275505542427e-01,7.483575712018154524e-01,-1.239054285561343727e-01,1.371364768637188536e-01,2.058724542359239851e-01,3.361091638003887994e+00,1.400707725826989769e+00,-9.518692519600472357e-01,1.621628233626567495e-01,1.683002851134441480e+00,2.058724542359239851e-01,3.361091638003887994e+00,1.400707725826989769e+00
5.939609699904154771e-01,7.480402539584124488e-01,-1.227188456695082752e-01,1.362821602504304119e-01,2.157569119379847411e-01,3.355090856844433311e+00,1.427775155499190207e+00,-9.500415154661734363e-01,1.523194028701538583e-01,1.684613102900752946e+00,2.157569119379847411e-01,3.355090856844433311e+00,1.427775155499190207e+00
5.949609124302767116e-01,7.477226776839632771e-01,-1.215237601818032059e-01,1.354340347390014798e-01,2.257405199704368148e-01,3.349124464492282627e+00,1.454047470259360875e+00,-9.481907013966101028e-01,1.425150701307210110e-01,1.686228620594478533e+00,2.257405199704368148e-01,3.349124464492282627e+00,1.454047470259360875e+00
5.959608548701378350e-01,7.474047294466898972e-01,-1.203207424929018388e-01,1.345920902925059059e-01,2.358252887022555533e-01,3.343192753492194580e+00,1.479524490851243046e+00,-9.463164609634655555e-01,1.327505830056181779e-01,1.687849029553171620e+00,2.358252887022555533e-01,3.343192753492194580e+00,1.479524490851243046e+00
5.969607973099990694e-01,7.470862995043515697e-01,-1.191103620098648563e-01,1.337563169206286706e-01,2.460132093271189258e-01,3.337295989994267131e+00,1.504206043528207859e+00,-9.444184792066065981e-01,1.230266951734861613e-01,1.689473955181498788e+00,2.460132093271189258e-01,3.337295989994267131e+00,1.504206043528207859e+00
5.979607397498603039e-01,7.467672813623120742e-01,-1.178931871454148156e-01,1.329267046806532626e-01,2.563062541328754440e-01,3.331434412960589064e+00,1.528091960014938522e+00,-9.424964746733911491e-01,1.133441559685413880e-01,1.691103022976120362e+00,2.563062541328754440e-01,3.331434412960589064e+00,1.528091960014938522e+00
5.989606821897215383e-01,7.464475718272739480e-01,-1.166697853155010539e-01,1.321032436784387865e-01,2.667063767754254133e-01,3.325608233361199595e+00,1.551182077469055010e+00,-9.405501990925970723e-01,1.037037102146758927e-01,1.692735858550374006e+00,2.667063767754254133e-01,3.325608233361199595e+00,1.551182077469055010e+00
5.999606246295827727e-01,7.461270710566910713e-01,-1.154407229359838277e-01,1.312859240693864393e-01,2.772155125566911904e-01,3.319817633359603448e+00,1.573476238442678143e+00,-9.385794370425968314e-01,9.410609805596220623e-02,1.694372087658741810e+00,2.772155125566911904e-01,3.319817633359603448e+00,1.573476238442678143e+00
6.009605670694440072e-01,7.458056826038746978e-01,-1.142065654184779427e-01,1.304747360593964123e-01,2.878355787063410776e-01,3.314062765488102524e+00,1.594974290843951481e+00,-9.365840056138223790e-01,8.455205478405108943e-02,1.696011336221115995e+00,2.878355787063410776e-01,3.314062765488102524e+00,1.594974290843951481e+00
6.019605095093052416e-01,7.454833134588069177e-01,-1.129678771653947894e-01,1.296696699058153546e-01,2.985684746669103329e-01,3.308343751813194622e+00,1.615676087898512359e+00,-9.345637540655815645e-01,7.504231066294014818e-02,1.697653230346871878e+00,2.985684746669103329e-01,3.308343751813194622e+00,1.615676087898512359e+00
6.029604519491664760e-01,7.451598740846744340e-01,-1.117252215642255964e-01,1.288707159183719586e-01,3.094160823819472328e-01,3.302660683091269256e+00,1.635581488110924520e+00,-9.325185634772669152e-01,6.557759075159053097e-02,1.699297396358733891e+00,3.094160823819472328e-01,3.302660683091269256e+00,1.635581488110924520e+00
6.039603943890277105e-01,7.448352784501384161e-01,-1.104791609811066055e-01,1.280778644601057170e-01,3.203802665867924171e-01,3.297013617914840822e+00,1.654690355226082099e+00,-9.304483463940373955e-01,5.615861472485256245e-02,1.700943460816446651e+00,3.203802665867924171e-01,3.297013617914840822e+00,1.654690355226082099e+00
6.049603368288888339e-01,7.445094440573518657e-01,-1.092302567537100783e-01,1.272911059482828566e-01,3.314628751015820662e-01,3.291402581849544706e+00,1.673002558190578082e+00,-9.283530464670122218e-01,4.678609669316052821e-02,1.702591050540257722e+00,3.314628751015820662e-01,3.291402581849544706e+00,1.673002558190578082e+00
6.059602792687500683e-01,7.441822863783483788e-01,-1.079791270405072168e-01,1.265104409735366975e-01,3.425892620906871855e-01,3.285832964524287192e+00,1.690506160738962649e+00,-9.262344157419393209e-01,3.743558456152362712e-02,1.704239804456082474e+00,3.425892620906871855e-01,3.285832964524287192e+00,1.690506160738962649e+00
6.069602217086113027e-01,7.438537342570892275e-01,-1.067262900539416998e-01,1.257358528943464393e-01,3.535144352850316807e-01,3.280321347576754309e+00,1.707165132376593952e+00,-9.240980110415634163e-01,2.802537735586069223e-02,1.705889347150287838e+00,3.535144352850316807e-01,3.280321347576754309e+00,1.707165132376593952e+00
6.079601641484725372e-01,7.435236985238676821e-01,-1.054724922896307926e-01,1.249673652476757102e-01,3.640699472405557469e-01,3.274877487578640611e+00,1.722953866909519460e+00,-9.219470838102492571e-01,1.850047885826838767e-02,1.707539362745965184e+00,3.640699472405557469e-01,3.274877487578640611e+00,1.722953866909519460e+00
6.089601065883337716e-01,7.431920978724192439e-01,-1.042184475954606310e-01,1.242049961320760704e-01,3.742573949108620734e-01,3.269498848707375060e+00,1.737872423726129156e+00,-9.197808542158077971e-01,8.862352895520730911e-03,1.709189556848915714e+00,3.742573949108620734e-01,3.269498848707375060e+00,1.737872423726129156e+00
6.099600490281950060e-01,7.428588557403865700e-01,-1.029648689033510478e-01,1.234487637451970599e-01,3.840783715898329342e-01,3.264182891668713893e+00,1.751920843395856409e+00,-9.175985918067373071e-01,-8.875350527277059420e-04,1.710839661701072600e+00,3.840783715898329342e-01,3.264182891668713893e+00,1.751920843395856409e+00
6.109599914680562405e-01,7.425239003075293498e-01,-1.017124682117577089e-01,1.226986863719714826e-01,3.935344671117023685e-01,3.258927076386838095e+00,1.765099147660505574e+00,-9.153996162061425190e-01,-1.074771813270608556e-02,1.712489436173622925e+00,3.935344671117023685e-01,3.258927076386838095e+00,1.765099147660505574e+00
6.119599339079173639e-01,7.421871644872169993e-01,-1.004619565675208825e-01,1.219547823735551012e-01,4.026272680172437446e-01,3.253728864679259480e+00,1.777407339428975330e+00,-9.131832977873509671e-01,-2.071672840639798840e-02,1.714138665753566659e+00,4.026272680172437446e-01,3.253728864679259480e+00,1.777407339428975330e+00
6.129598763477785983e-01,7.418485859112284864e-01,-9.921404404713544956e-02,1.212170701770311498e-01,4.113583576866193248e-01,3.248585722916373708e+00,1.788845402775125937e+00,-9.109490583311181666e-01,-3.079309715131645087e-02,1.715787162523691789e+00,4.113583576866193248e-01,3.248585722916373708e+00,1.788845402775125937e+00
6.139598187876398327e-01,7.415081069078703901e-01,-9.796943973751963408e-02,1.204855682658780569e-01,4.197293164395048959e-01,3.243495124665560780e+00,1.799413302938504211e+00,-9.086963716642983968e-01,-4.097535516896894103e-02,1.717434765135948727e+00,4.197293164395048959e-01,3.243495124665560780e+00,1.799413302938504211e+00
6.149597612275010672e-01,7.411656744734340663e-01,-9.672885171635745016e-02,1.197602951712011254e-01,4.277417216031393910e-01,3.238454553319705997e+00,1.809110986327675086e+00,-9.064247642798833882e-01,-5.126203310079341380e-02,1.719081338778223556e+00,4.277417216031393910e-01,3.238454553319705997e+00,1.809110986327675086e+00
6.159597036673623016e-01,7.408212402370065730e-01,-9.549298703209016526e-02,1.190412694637315860e-01,4.353971475490113763e-01,3.233461504710033019e+00,1.817938380525887077e+00,-9.041338159383165429e-01,-6.165166175033526264e-02,1.720726775134477249e+00,4.353971475490113763e-01,3.233461504710033019e+00,1.817938380525887077e+00
6.169596461072235360e-01,7.404747604186581178e-01,-9.426255168363113779e-02,1.183285097465971714e-01,4.426971656989350246e-01,3.228513489703150441e+00,1.825895394298808982e+00,-9.018231602500221822e-01,-7.214277241043065558e-02,1.722370992338253082e+00,4.426971656989350246e-01,3.228513489703150441e+00,1.825895394298808982e+00
6.179595885470847705e-01,7.401261957810177927e-01,-9.303825059987722024e-02,1.176220346488586338e-01,4.496433445013235386e-01,3.223608036782207087e+00,1.832981917604080468e+00,-8.994924852390628889e-01,-8.273389719415102928e-02,1.724013934919524482e+00,4.496433445013235386e-01,3.223608036782207087e+00,1.832981917604080468e+00
6.189595309869460049e-01,7.397755115742637999e-01,-9.182078761908897546e-02,1.169218628198227111e-01,4.562372493785142868e-01,3.218742694612087618e+00,1.839197821602413185e+00,-8.971415338879048518e-01,-9.342356936826545777e-02,1.725655573744881988e+00,4.562372493785142868e-01,3.218742694612087618e+00,1.839197821602413185e+00
6.199594734268072393e-01,7.394226774745421560e-01,-9.061086546821042753e-02,1.162280129241262949e-01,4.624804426460444873e-01,3.213915034588553876e+00,1.844542958669993293e+00,-8.947701046632335897e-01,-1.042103236879599049e-01,1.727295905951031774e+00,4.624804426460444873e-01,3.213915034588553876e+00,1.844542958669993293e+00
6.209594158666683628e-01,7.390676675158368569e-01,-8.940918574219790249e-02,1.155405036375950628e-01,4.683744834048310102e-01,3.209122653371275113e+00,1.849017162411922044e+00,-8.923780520228061786e-01,-1.150926967315633598e-01,1.728934954871601759e+00,4.683744834048310102e-01,3.209122653371275113e+00,1.849017162411922044e+00
6.219593583065295972e-01,7.387104600153094891e-01,-8.821644888342550228e-02,1.148593536438812790e-01,4.739209274072481159e-01,3.204363175400693819e+00,1.852620247676451726e+00,-8.899652869033344293e-01,-1.260692272340107056e-01,1.730572769957231749e+00,4.739209274072481159e-01,3.204363175400693819e+00,1.852620247676451726e+00
6.229593007463908316e-01,7.383510374921319341e-01,-8.703335416123268720e-02,1.141845816318758783e-01,4.789543570151175711e-01,3.199604849143507845e+00,1.855039757808776058e+00,-8.875012430433113497e-01,-1.369269696539874293e-01,1.732173182600966310e+00,4.789543570151175711e-01,3.199604849143507845e+00,1.855039757808776058e+00
6.239592431862520661e-01,7.379893249519297038e-01,-8.586155885421313527e-02,1.135163743128883157e-01,4.833148157351993546e-01,3.194800859474894672e+00,1.855841302941398707e+00,-8.849439041252334937e-01,-1.473380803504665826e-01,1.733686240483554020e+00,4.833148157351993546e-01,3.194800859474894672e+00,1.855841302941398707e+00
6.249591856261133005e-01,7.376252525743348665e-01,-8.470284589090383565e-02,1.128549492437411622e-01,4.871769418729633983e-01,3.189927274409794844e+00,1.855125706013987408e+00,-8.822813134630105303e-01,-1.571300373358758273e-01,1.735098593668015443e+00,4.871769418729633983e-01,3.189927274409794844e+00,1.855125706013987408e+00
6.259591280659745349e-01,7.372589979240844471e-01,-8.355532285642931767e-02,1.121999223890039754e-01,4.907020313758649332e-01,3.184973975340627206e+00,1.853311107776817401e+00,-8.795149071965848719e-01,-1.662620870368470283e-01,1.736408320359672741e+00,4.907020313758649332e-01,3.184973975340627206e+00,1.853311107776817401e+00
6.269590705058356583e-01,7.368906229690517229e-01,-8.241901768898621250e-02,1.115512849038247933e-01,4.938816960037326620e-01,3.179939778969874009e+00,1.850576508212043336e+00,-8.766487043444272098e-01,-1.747384327772384394e-01,1.737615454111317792e+00,4.938816960037326620e-01,3.179939778969874009e+00,1.850576508212043336e+00
6.279590129456968928e-01,7.365201940153159876e-01,-8.129391509072557420e-02,1.109090279311193000e-01,4.967074198474853430e-01,3.174823509041230452e+00,1.846926178712709365e+00,-8.736866336584730997e-01,-1.825633517503832959e-01,1.738720033275049648e+00,4.967074198474853430e-01,3.174823509041230452e+00,1.846926178712709365e+00
6.289589553855581272e-01,7.361477767061037625e-01,-8.017999952644389028e-02,1.102731426022943995e-01,4.991707454737250860e-01,3.169623969803962993e+00,1.842364426692054469e+00,-8.706325427159836705e-01,-1.897411428081614004e-01,1.739722100986549780e+00,4.991707454737250860e-01,3.169623969803962993e+00,1.842364426692054469e+00
6.299588978254193616e-01,7.357734360226516612e-01,-7.907725523055381123e-02,1.096436200379653086e-01,5.012632739415329164e-01,3.164339947620913307e+00,1.836895594863803272e+00,-8.674901984329038696e-01,-1.962761258148383869e-01,1.740621705149423493e+00,5.012632739415329164e-01,3.164339947620913307e+00,1.836895594863803272e+00
6.309588402652805961e-01,7.353972362851076694e-01,-7.798566621398519971e-02,1.090204513486655591e-01,5.029766648052901301e-01,3.158970212564517155e+00,1.830524060525768437e+00,-8.642632875817852778e-01,-2.021726410130854079e-01,1.741418898419609063e+00,5.029766648052901301e-01,3.158970212564517155e+00,1.830524060525768437e+00
6.319587827051418305e-01,7.350192411534722803e-01,-7.690521627101611080e-02,1.084036276355523215e-01,5.043026361038694949e-01,3.153513520000748471e+00,1.823254234846793054e+00,-8.609554173141561462e-01,-2.074350484021109664e-01,1.742113738189863703e+00,5.043026361038694949e-01,3.153513520000748471e+00,1.823254234846793054e+00
6.329587251450030649e-01,7.346395136285771565e-01,-7.583588898603339790e-02,1.077931399911063737e-01,5.052329643365439660e-01,3.147968612160897628e+00,1.815090562157049670e+00,-8.575701156872166386e-01,-2.120677271278216258e-01,1.742706286574312369e+00,5.052329643365439660e-01,3.147968612160897628e+00,1.815090562157049670e+00
6.339586675848642994e-01,7.342581160531029827e-01,-7.477766774022387430e-02,1.071889794998244355e-01,5.057594844259567513e-01,3.142334219701119036e+00,1.806037519241718403e+00,-8.541108321947301629e-01,-2.160750748849361580e-01,1.743196610393081158e+00,5.057594844259567513e-01,3.142334219701119036e+00,1.806037519241718403e+00
6.349586100247255338e-01,7.338751101126304022e-01,-7.373053571819504493e-02,1.065911372389069800e-01,5.058740896684876809e-01,3.136609063249665041e+00,1.796099614638056785e+00,-8.505809383020074277e-01,-2.194615073309741926e-01,1.743584781156994890e+00,5.058740896684876809e-01,3.136609063249665041e+00,1.796099614638056785e+00
6.359585524645866572e-01,7.334905568367299233e-01,-7.269447591452621316e-02,1.059996042789411730e-01,5.055687316723602720e-01,3.130791854941747054e+00,1.785281387935896191e+00,-8.469837279848632106e-01,-2.222314575120387103e-01,1.743870875052365266e+00,5.055687316723602720e-01,3.130791854941747054e+00,1.785281387935896191e+00
6.369584949044478916e-01,7.331045166000834667e-01,-7.166947114024957433e-02,1.054143716845745427e-01,5.048354202838193361e-01,3.124881299941963508e+00,1.773587409081560429e+00,-8.433224182724267104e-01,-2.243893753003130542e-01,1.744054972925848768e+00,5.048354202838193361e-01,3.124881299941963508e+00,1.773587409081560429e+00
6.379584373443091261e-01,7.327170491236391081e-01,-7.065550402926164264e-02,1.048354305151874694e-01,5.036662235017199674e-01,3.118876097954218274e+00,1.761022277685247994e+00,-8.396001497937112257e-01,-2.259397268431860839e-01,1.744137160269387588e+00,5.036662235017199674e-01,3.118876097954218274e+00,1.761022277685247994e+00
6.389583797841703605e-01,7.323282134758012374e-01,-6.965255704466484510e-02,1.042627718255561414e-01,5.020532673808524304e-01,3.112774944719099768e+00,1.747590622331875121e+00,-8.358199873278184810e-01,-2.268869940239309213e-01,1.744117527205235607e+00,5.020532673808524304e-01,3.112774944719099768e+00,1.747590622331875121e+00
6.399583222240315949e-01,7.319380680736463640e-01,-6.866061248503957382e-02,1.036963866665110146e-01,4.999887359243384011e-01,3.106576533498652370e+00,1.733297099895413140e+00,-8.319849203576838992e-01,-2.272356739338425302e-01,1.743996168471066976e+00,4.999887359243384011e-01,3.106576533498652370e+00,1.733297099895413140e+00
6.409582646638928294e-01,7.315466706841763367e-01,-6.767965249064650246e-02,1.031362660855911356e-01,4.974648709654199696e-01,3.100279556548501958e+00,1.718146394856724379e+00,-8.280978636272581239e-01,-2.269902783557644632e-01,1.743773183405170846e+00,4.974648709654199696e-01,3.100279556548501958e+00,1.718146394856724379e+00
6.419582071037540638e-01,7.311540784255948777e-01,-6.670965904955961090e-02,1.025824011276885855e-01,4.944739720389723647e-01,3.093882706577290254e+00,1.702143218624916354e+00,-8.241616577020116630e-01,-2.261553332589029131e-01,1.743448675931730696e+00,4.944739720389723647e-01,3.093882706577290254e+00,1.702143218624916354e+00
6.429581495436151872e-01,7.307603477686162030e-01,-6.575061400372979314e-02,1.020347828356924086e-01,4.910083962430551452e-01,3.087384678193382026e+00,1.685292308862236688e+00,-8.201790695326880432e-01,-2.247353783048565701e-01,1.743022754546196484e+00,4.910083962430551452e-01,3.087384678193382026e+00,1.685292308862236688e+00
6.439580919834764217e-01,7.303655345377997321e-01,-6.480249905497903473e-02,1.014934022511222722e-01,4.870605580908291543e-01,3.080784169338817602e+00,1.667598428812506528e+00,-8.161527930221820215e-01,-2.227349663647669731e-01,1.742495532300744943e+00,4.870605580908291543e-01,3.080784169338817602e+00,1.667598428812506528e+00
6.449580344233376561e-01,7.299696939129121098e-01,-6.386529577092550647e-02,1.009582504147583382e-01,4.826229293531512088e-01,3.074079882710459621e+00,1.649066366633126890e+00,-8.120854495954643593e-01,-2.201586630475054207e-01,1.741867126789829578e+00,4.826229293531512088e-01,3.074079882710459621e+00,1.649066366633126890e+00
6.459579768631988905e-01,7.295728804303146520e-01,-6.293898559083978272e-02,1.004293183672659573e-01,4.776880388921646015e-01,3.067270527168335370e+00,1.629700934730662132e+00,-8.079795887724614545e-01,-2.170110462388081252e-01,1.741137660135827270e+00,4.776880388921646015e-01,3.067270527168335370e+00,1.629700934730662132e+00
6.469579193030601250e-01,7.291751479843753270e-01,-6.202354983143169853e-02,9.990659714981330042e-02,4.722484724861953365e-01,3.060354819131127613e+00,1.609506969100004348e+00,-8.038376887437892471e-01,-2.132967056512692361e-01,1.740307258974776783e+00,4.722484724861953365e-01,3.060354819131127613e+00,1.609506969100004348e+00
6.479578617429213594e-01,7.287765498289063837e-01,-6.111896969256898349e-02,9.939007780468399333e-02,4.662968726462666802e-01,3.053331483958811265e+00,1.588489328667155975e+00,-7.996621569492627923e-01,-2.090202423851066360e-01,1.739376054442211661e+00,4.662968726462666802e-01,3.053331483958811265e+00,1.588489328667155975e+00
6.489578041827825938e-01,7.283771385786229624e-01,-6.022522626292645120e-02,9.887975137588354835e-02,4.598259384245373949e-01,3.046199257322409260e+00,1.566652894635613524e+00,-7.954553306590889106e-01,-2.041862684996038069e-01,1.738344182159095697e+00,4.598259384245373949e-01,3.046199257322409260e+00,1.566652894635613524e+00
6.499577466226438283e-01,7.279769662106249095e-01,-5.934230052556752066e-02,9.837560890974129946e-02,4.528284252149695766e-01,3.038956886560864934e+00,1.544002569836392835e+00,-7.912194775576660843e-01,-1.987994065951422806e-01,1.737211782217848999e+00,4.528284252149695766e-01,3.038956886560864934e+00,1.544002569836392835e+00
6.509576890625050627e-01,7.275760840659003525e-01,-5.847017336345652211e-02,9.787764145550376105e-02,4.452971445465278566e-01,3.031603132025002534e+00,1.520543278081682992e+00,-7.869567963298947921e-01,-1.928642894057334134e-01,1.735978999168477532e+00,4.452971445465278566e-01,3.031603132025002534e+00,1.520543278081682992e+00
6.519576315023661861e-01,7.271745428508495923e-01,-5.760882556490344586e-02,9.738584006592664044e-02,4.372249638692093932e-01,3.024136768408606457e+00,1.496279963522160861e+00,-7.826694172499412128e-01,-1.863855594019552808e-01,1.734645982004804576e+00,4.372249638692093932e-01,3.024136768408606457e+00,1.496279963522160861e+00
6.529575739422274205e-01,7.267723926388287570e-01,-5.675823782893989894e-02,9.690019579785677517e-02,4.286048063332009717e-01,3.016556586066565959e+00,1.471217590007956044e+00,-7.783594027723497177e-01,-1.793678684042032123e-01,1.733212884150799660e+00,4.286048063332009717e-01,3.016556586066565959e+00,1.471217590007956044e+00
6.539575163820886550e-01,7.263696828717112197e-01,-5.591839077062784463e-02,9.642069971281126695e-02,4.194296505614620307e-01,3.008861392320137718e+00,1.445361140453296445e+00,-7.740287481254493063e-01,-1.718158772061619821e-01,1.731679863447012524e+00,4.194296505614620307e-01,3.008861392320137718e+00,1.445361140453296445e+00
6.549574588219498894e-01,7.259664623614707768e-01,-5.508926492629989680e-02,9.594734287754982938e-02,4.096925304160172754e-01,3.001050012749291174e+00,1.418715616204828889e+00,-7.696793819069716047e-01,-1.637342552084057323e-01,1.730047082137116332e+00,4.096925304160172754e-01,3.001050012749291174e+00,1.418715616204828889e+00
6.559574012618111238e-01,7.255627792917762608e-01,-5.427084075873251506e-02,9.548011636464112661e-02,3.993865347582551961e-01,2.993121292472159301e+00,1.391286036413634797e+00,-7.653131666818044909e-01,-1.551276800620315366e-01,1.728314706854541916e+00,3.993865347582551961e-01,2.993121292472159301e+00,1.391286036413634797e+00
6.569573437016723583e-01,7.251586812196092469e-01,-5.346309866225133073e-02,9.501901125302480988e-02,3.885048072035159894e-01,2.985074097411605454e+00,1.363077437410937343e+00,-7.609318995818219467e-01,-1.460008373222330125e-01,1.726482908609233924e+00,3.885048072035159894e-01,2.985074097411605454e+00,1.363077437410937343e+00
6.579572861415334817e-01,7.247542150768916391e-01,-5.266601896776956088e-02,9.456401862856558815e-02,3.770405458702514312e-01,2.976907315548912081e+00,1.334094872087525641e+00,-7.565373129077083147e-01,-1.363584201117200023e-01,1.724551862774502897e+00,3.770405458702514312e-01,2.976907315548912081e+00,1.334094872087525641e+00
6.589572285813947161e-01,7.243494271721331312e-01,-5.187958194775909443e-02,9.411512958460531431e-02,3.651851629927292398e-01,2.968655087222748623e+00,1.304634960041061831e+00,-7.521495158518607393e-01,-1.263976635811877025e-01,1.722557547673224665e+00,3.651851629927292398e-01,2.968655087222748623e+00,1.304634960041061831e+00
6.599571710212559505e-01,7.239443631920892130e-01,-5.110376782115465255e-02,9.367233522250460742e-02,3.532151934995581555e-01,2.960366739878970144e+00,1.275111649076453357e+00,-7.477950022755025516e-01,-1.163926478062694003e-01,1.720550598140477616e+00,3.532151934995581555e-01,2.960366739878970144e+00,1.275111649076453357e+00
6.609571134611171850e-01,7.235390682034353871e-01,-5.033855675819143283e-02,9.323562665218283751e-02,3.412120435812630581e-01,2.952056953225638214e+00,1.245645286456443568e+00,-7.434808703939095320e-01,-1.064230395960404918e-01,1.718545804460407167e+00,3.412120435812630581e-01,2.952056953225638214e+00,1.245645286456443568e+00
6.619570559009784194e-01,7.231335866544512658e-01,-4.958392888517602209e-02,9.280499499265142116e-02,3.291759610086498200e-01,2.943725989467312232e+00,1.216236076743558714e+00,-7.392065302729365905e-01,-9.648910597634957620e-02,1.716543228360247531e+00,3.291759610086498200e-01,2.943725989467312232e+00,1.216236076743558714e+00
6.629569983408396538e-01,7.227279623767201011e-01,-4.883986428919093181e-02,9.238043137253984516e-02,3.171071916524895729e-01,2.935374117491075463e+00,1.186884219881053415e+00,-7.349713950652553285e-01,-8.659111032312793998e-02,1.714542931236472167e+00,3.171071916524895729e-01,2.935374117491075463e+00,1.186884219881053415e+00
6.639569407807008883e-01,7.223222385868374174e-01,-4.810634302273326945e-02,9.196192693061808199e-02,3.050059794575110672e-01,2.927001612806467090e+00,1.157589911215020306e+00,-7.307748810381622384e-01,-7.672931241997354990e-02,1.712544974155495670e+00,3.050059794575110672e-01,2.927001612806467090e+00,1.157589911215020306e+00
6.649568832205621227e-01,7.219164578881300809e-01,-4.738334510828697693e-02,9.154947281631302392e-02,2.928725664176306531e-01,2.918608757485469773e+00,1.128353341516536767e+00,-7.266164076009286044e-01,-6.690396851535507228e-02,1.710549417854370535e+00,2.928725664176306531e-01,2.918608757485469773e+00,1.128353341516536767e+00
6.659568256604233571e-01,7.215106622723858054e-01,-4.667085054282985729e-02,9.114306019021836680e-02,2.807071925524208811e-01,2.910195840102600684e+00,1.099174697003867163e+00,-7.224953973317049805e-01,-5.711533137944585503e-02,1.708556322741501043e+00,2.807071925524208811e-01,2.910195840102600684e+00,1.099174697003867163e+00
6.669567681002845916e-01,7.211048931215936486e-01,-4.596883930227455700e-02,9.074268022459915095e-02,2.685100958847947417e-01,2.901763155675086914e+00,1.070054159364697277e+00,-7.184112760039846890e-01,-4.736365036057138544e-02,1.706565748897358903e+00,2.685100958847947417e-01,2.901763155675086914e+00,1.070054159364697277e+00
6.679567105401457150e-01,7.206991912096893937e-01,-4.527729134584464882e-02,9.034832410389266599e-02,2.562815124199077643e-01,2.893311005603155017e+00,1.040991905778422044e+00,-7.143634726126423251e-01,-3.764917144127372106e-02,1.704577756075197348e+00,2.562815124199077643e-01,2.893311005603155017e+00,1.040991905778422044e+00
6.689566529800069494e-01,7.202935967043118115e-01,-4.459618662038512815e-02,8.995998302520048784e-02,2.440216761252538835e-01,2.884839697610434239e+00,1.011988108938461695e+00,-7.103514193995412729e-01,-2.797213729398750903e-02,1.702592403701776336e+00,2.440216761252538835e-01,2.884839697610434239e+00,1.011988108938461695e+00
6.699565954198681839e-01,7.198881491685655831e-01,-4.392550506460847493e-02,8.957764819877779561e-02,2.317308189119577089e-01,2.876349545684495190e+00,9.830429370746243123e-01,-7.063745518787352129e-01,-1.833278733632481838e-02,1.700609750878093518e+00,2.317308189119577089e-01,2.876349545684495190e+00,9.830429370746243123e-01
6.709565378597294183e-01,7.194828875627892195e-01,-4.326522661327555225e-02,8.920131084851547210e-02,2.194091706172404677e-01,2.867840870017517307e+00,9.541565539754975900e-01,-7.024323088612569599e-01,-8.731357785963178575e-03,1.698629856380115655e+00,2.194091706172404677e-01,2.867840870017517307e+00,9.541565539754975900e-01
6.719564802995906527e-01,7.190778502463305299e-01,-4.261533120131237584e-02,8.883096221241748580e-02,2.070569589880591754e-01,2.859313996947110859e+00,9.253291190108799968e-01,-6.985241324795086193e-01,8.319182848629536053e-04,1.696652778659513805e+00,2.070569589880591754e-01,2.859313996947110859e+00,9.253291190108799968e-01
6.729564227394518872e-01,7.186730749793279749e-01,-4.197579876786233094e-02,8.846659354307255529e-02,1.946744096658988010e-01,2.850769258897290381e+00,8.965607871542379259e-01,-6.946494682112629437e-01,1.035681089527479282e-02,1.694678575844408064e+00,1.946744096658988010e-01,2.850769258897290381e+00,8.965607871542379259e-01
6.739563651793130106e-01,7.182685989244943503e-01,-4.134660926027455830e-02,8.810819610811986002e-02,1.822617461727164823e-01,2.842206994319617763e+00,8.678517090052003669e-01,-6.908077649032785539e-01,1.984309310206291976e-02,1.692707305740107859e+00,1.822617461727164823e-01,2.842206994319617763e+00,8.678517090052003669e-01
6.749563076191742450e-01,7.178644586489064672e-01,-4.072774263802834971e-02,8.775576119070999104e-02,1.698191898980168091e-01,2.833627547634520294e+00,8.392020308120746730e-01,-6.869984747945392378e-01,2.929054094641420081e-02,1.690739025829866904e+00,1.698191898980168091e-01,2.833627547634520294e+00,8.392020308120746730e-01
6.759562500590354794e-01,7.174606901257969405e-01,-4.011917887659405962e-02,8.740928008996021181e-02,1.573469600870573415e-01,2.825031269172790793e+00,8.106118944943955240e-01,-6.832210535391257666e-01,3.869893340104502144e-02,1.688773793275629487e+00,1.573469600870573415e-01,2.825031269172790793e+00,8.106118944943955240e-01
6.769561924988967139e-01,7.170573287363521953e-01,-3.952089797123049114e-02,8.706874412140322428e-02,1.448452738301641562e-01,2.816418515117272037e+00,7.820814376654909861e-01,-6.794749602287221135e-01,4.806805231775190812e-02,1.686811664918789866e+00,1.448452738301641562e-01,2.816418515117272037e+00,7.820814376654909861e-01
6.779561349387579483e-01,7.166544092715068093e-01,-3.893287994071924912e-02,8.673414461743204906e-02,1.323143460531543136e-01,2.807789647444757897e+00,7.536107936550798803e-01,-6.757596574147732849e-01,5.739768237537704043e-02,1.684852697280949663e+00,1.323143460531543136e-01,2.807789647444757897e+00,7.536107936550798803e-01
6.789560773786191827e-01,7.162519659337464040e-01,-3.835510483103617141e-02,8.640547292773832766e-02,1.197543895088513388e-01,2.799145033868085441e+00,7.252000915318879137e-01,-6.720746111302923209e-01,6.668761102819431574e-02,1.682896946564681251e+00,1.197543895088513388e-01,2.799145033868085441e+00,7.252000915318879137e-01
6.799560198184804172e-01,7.158500323389054287e-01,-3.778755271895989365e-02,8.608272041974571187e-02,1.072056197006192590e-01,2.790492161455921494e+00,6.969014983744873382e-01,-6.684218698252352153e-01,7.590381774294008288e-02,1.680951072668974255e+00,1.072056197006192590e-01,2.790492161455921494e+00,6.969014983744873382e-01
6.809559622583416516e-01,7.154486415179714953e-01,-3.723020371561819308e-02,8.576587847903682782e-02,9.497262153473781665e-02,2.781885509307227888e+00,6.691079996714266453e-01,-6.648200791617666638e-01,8.479115049307656138e-02,1.679065093537945197e+00,9.497262153473781665e-02,2.781885509307227888e+00,6.691079996714266453e-01
6.819559046982028860e-01,7.150478259188850494e-01,-3.668303796997180594e-02,8.545493850977703421e-02,8.332394553622554656e-02,2.773373080555159742e+00,6.421574365629539871e-01,-6.612843880552667919e-01,9.313106112603272702e-02,1.677282319979837455e+00,8.332394553622554656e-02,2.773373080555159742e+00,6.421574365629539871e-01
6.829558471380640094e-01,7.146476174083412625e-01,-3.614603567223655806e-02,8.514989193512978449e-02,7.226608420384250664e-02,2.764956246413551977e+00,6.160448652856462814e-01,-6.578128334017963041e-01,1.009278812312284501e-01,1.675602629468026850e+00,7.226608420384250664e-02,2.764956246413551977e+00,6.160448652856462814e-01
6.839557895779252439e-01,7.142480472735894814e-01,-3.561917705724337163e-02,8.485073019766899149e-02,6.180547616606614503e-02,2.756636347841777912e+00,5.907653271606374545e-01,-6.544035131848930931e-01,1.081859511841002375e-01,1.674025894684522342e+00,6.180547616606614503e-02,2.756636347841777912e+00,5.907653271606374545e-01
6.849557320177864783e-01,7.138491462242335661e-01,-3.510244240773710556e-02,8.455744475978400898e-02,5.194850647073236821e-02,2.748414694424939242e+00,5.663138491849464273e-01,-6.510545858879787096e-01,1.149096198823024162e-01,1.672551983532370112e+00,5.194850647073236821e-02,2.748414694424939242e+00,5.663138491849464273e-01
6.859556744576477127e-01,7.134509443940273421e-01,-3.459581205761368128e-02,8.427002710408176833e-02,4.270150687671759454e-02,2.740292563266548242e+00,5.426854446190410020e-01,-6.477642699051701092e-01,1.211032444904605737e-01,1.671180759147937733e+00,4.270150687671759454e-02,2.740292563266548242e+00,5.426854446190410020e-01
6.869556168975089472e-01,7.130534713426687210e-01,-3.409926639509651414e-02,8.398846873378076894e-02,3.407075614742897246e-02,2.732271197893694215e+00,5.198751135706509707e-01,-6.445308429505264280e-01,1.267711901933749885e-01,1.669912079913082437e+00,3.407075614742897246e-02,2.732271197893694215e+00,5.198751135706509707e-01
6.879555593373701816e-01,7.126567560575927107e-01,-3.361278586585184774e-02,8.371276117310137710e-02,2.606248034585799053e-02,2.724351807174614226e+00,4.978778435748116293e-01,-6.413526414657854113e-01,1.319178299575832214e-01,1.668745799467204582e+00,2.606248034585799053e-02,2.724351807174614226e+00,4.978778435748116293e-01
6.889555017772313050e-01,7.122608269557578753e-01,-3.313635097604357427e-02,8.344289596765004646e-02,1.868285313097090353e-02,2.716535564248651724e+00,4.766886101701537926e-01,-6.382280600266224679e-01,1.365475443011792689e-01,1.667681766719184555e+00,1.868285313097090353e-02,2.716535564248651724e+00,4.766886101701537926e-01
6.899554442170925395e-01,7.118657118854314625e-01,-3.266994229532770022e-02,8.317886468479888940e-02,1.193799605519631039e-02,2.708823605468528850e+00,4.563023774714198288e-01,-6.351555507474723195e-01,1.406647210717976992e-01,1.666719825859200421e+00,1.193799605519631039e-02,2.708823605468528850e+00,4.563023774714198288e-01
6.909553866569537739e-01,7.114714381279688693e-01,-3.221354045978660346e-02,8.292065891405926703e-02,5.833978862788220289e-03,2.701217029354894272e+00,4.367140987382246986e-01,-6.321336226849497697e-01,1.442737552326601724e-01,1.665859816370429680e+00,5.833978862788220289e-03,2.701217029354894272e+00,4.367140987382246986e-01
6.919553290968150083e-01,7.110780323995887775e-01,-3.176712617480348388e-02,8.266827026744960616e-02,3.768197888311519000e-04,2.693716895563096347e+00,4.179187169400405688e-01,-6.291608412399033456e-01,1.473790486565907942e-01,1.665101573040630667e+00,3.768197888311519000e-04,2.693716895563096347e+00,4.179187169400405688e-01
6.929552715366762428e-01,7.106855208531430712e-01,-3.133068021787712570e-02,8.242169037985916380e-02,-4.427514141328664499e-03,2.686324223862122107e+00,3.999111653174235448e-01,-6.262358275581415556e-01,1.499850099278995652e-01,1.664444925973608491e+00,-4.427514141328664499e-03,2.686324223862122107e+00,3.999111653174235448e-01
6.939552139765374772e-01,7.102939290798805372e-01,-3.090418344137707204e-02,8.218091090940608801e-02,-8.573106812454350800e-03,2.679039993125647445e+00,3.826863679394664208e-01,-6.233572579298587435e-01,1.520960541520378073e-01,1.663889700600559074e+00,-8.573106812454350800e-03,2.679039993125647445e+00,3.826863679394664208e-01
6.949551564163987116e-01,7.099032821112063463e-01,-3.048761677523996461e-02,8.194592353778878957e-02,-1.205409271980364960e-02,2.671865140335154987e+00,3.662392402574915495e-01,-6.205238631877910693e-01,1.537166027729264528e-01,1.663435717691297500e+00,-1.205409271980364960e-02,2.671865140335154987e+00,3.662392402574915495e-01
6.959550988562599461e-01,7.095136044204324310e-01,-3.008096122960640662e-02,8.171671997063427451e-02,-1.486465666974807684e-02,2.664800559595039697e+00,3.505646896549716729e-01,-6.177344281041389218e-01,1.548510833978578027e-01,1.663082793365364020e+00,-1.486465666974807684e-02,2.664800559595039697e+00,3.505646896549716729e-01
6.969550412961211805e-01,7.091249199245228674e-01,-2.968419789739963621e-02,8.149329193783873271e-02,-1.699903348083551050e-02,2.657847101159674263e+00,3.356576159936907611e-01,-6.149877907862764115e-01,1.555039296298741103e-01,1.662830739103012156e+00,-1.699903348083551050e-02,2.657847101159674263e+00,3.356576159936907611e-01
6.979549837359824149e-01,7.087372519858314845e-01,-2.929730795684525740e-02,8.127563119390573965e-02,-1.849361211618856526e-02,2.650998171719800567e+00,3.214632761796016869e-01,-6.122807865325087251e-01,1.557113377089522632e-01,1.662672884438056498e+00,-1.849361211618856526e-02,2.650998171719800567e+00,3.214632761796016869e-01
6.989549261758435383e-01,7.083506234138315927e-01,-2.892027267393300349e-02,8.106372951827636730e-02,-1.966541143409425429e-02,2.644197912355541025e+00,3.075989545019452986e-01,-6.095969090776367505e-01,1.557190386280883632e-01,1.662559649852743515e+00,-1.966541143409425429e-02,2.644197912355541025e+00,3.075989545019452986e-01
6.999548686157047728e-01,7.079650564668382717e-01,-2.855307340482032830e-02,8.085757871565553423e-02,-2.079308957735263169e-02,2.637397408754820649e+00,2.937347134002935012e-01,-6.069223742430509549e-01,1.557381879627807164e-01,1.662448056288918563e+00,-2.079308957735263169e-02,2.637397408754820649e+00,2.937347134002935012e-01
7.009548110555660072e-01,7.075805728537220007e-01,-2.819569159817820331e-02,8.065717061633283225e-02,-2.187691572473007828e-02,2.630596714397609670e+00,2.798705548590893488e-01,-6.042571819774517072e-01,1.557686606242837390e-01,1.662338113994786370e+00,-2.187691572473007828e-02,2.630596714397609670e+00,2.798705548590893488e-01
7.019547534954272416e-01,7.071971937356122950e-01,-2.784810879747939144e-02,8.046249707649846816e-02,-2.291715907730843341e-02,2.623795880667616931e+00,2.660064808757160448e-01,-6.016013316575568037e-01,1.558103323685423314e-01,1.662229832990372635e+00,-2.291715907730843341e-02,2.623795880667616931e+00,2.660064808757160448e-01
7.029546959352884761e-01,7.068149397275951262e-01,-2.751030664322934999e-02,8.027354997855344620e-02,-2.391408885463083139e-02,2.616994956870058342e+00,2.521424934606467660e-01,-5.989548220979303839e-01,1.558630797960831593e-01,1.662123223067593081e+00,-2.391408885463083139e-02,2.616994956870058342e+00,2.521424934606467660e-01
7.039546383751497105e-01,7.064338309003980187e-01,-2.718226687514001261e-02,8.009032123141440751e-02,-2.486797429100805548e-02,2.610193990249429774e+00,2.382785946375890473e-01,-5.963176515607134798e-01,1.559267803518593620e-01,1.662018293790310741e+00,-2.486797429100805548e-02,2.610193990249429774e+00,2.382785946375890473e-01
7.049545808150108339e-01,7.060538867820662645e-01,-2.686397133424673830e-02,7.991280277081387606e-02,-2.577908463198397976e-02,2.603393026007280842e+00,2.244147864436377704e-01,-5.936898177652591979e-01,1.560013123250520994e-01,1.661915054494410571e+00,-2.577908463198397976e-02,2.603393026007280842e+00,2.244147864436377704e-01
7.059545232548720683e-01,7.056751263596314772e-01,-2.655540196496843780e-02,7.974098655959531434e-02,-2.664768913095864888e-02,2.596592107319991349e+00,2.105510709294212690e-01,-5.910713178976734206e-01,1.560865548488293564e-01,1.661813514287858062e+00,-2.664768913095864888e-02,2.596592107319991349e+00,2.105510709294212690e-01
7.069544656947333028e-01,7.052975680807644920e-01,-2.625654081711160243e-02,7.957486458800222540e-02,-2.747405704596771539e-02,2.589791275356541966e+00,1.966874501592545399e-01,-5.884621486202540330e-01,1.561823879000622251e-01,1.661713682050763197e+00,-2.747405704596771539e-02,2.589791275356541966e+00,1.966874501592545399e-01
7.079544081345945372e-01,7.049212298554237144e-01,-2.596737004781764918e-02,7.941442887396238381e-02,-2.825845763661579899e-02,2.582990569296289340e+00,1.828239262112885122e-01,-5.858623060808375582e-01,1.562886922990007199e-01,1.661615566435443281e+00,-2.825845763661579899e-02,2.582990569296289340e+00,1.828239262112885122e-01
7.089543505744557716e-01,7.045461290574867030e-01,-2.568787192345470954e-02,7.925967146336769520e-02,-2.900116016116280684e-02,2.576190026346741657e+00,1.689605011776633692e-01,-5.832717859220487577e-01,1.564053497089097633e-01,1.661519175866483566e+00,-2.900116016116280684e-02,2.576190026346741657e+00,1.689605011776633692e-01
7.099542930143170061e-01,7.041722825263758700e-01,-2.541802882145344569e-02,7.911058443034807430e-02,-2.970243387376087299e-02,2.569389681761335087e+00,1.550971771646627029e-01,-5.806905832904540876e-01,1.565322426356672292e-01,1.661424518540798978e+00,-2.970243387376087299e-02,2.569389681761335087e+00,1.550971771646627029e-01
7.109542354541782405e-01,7.037997065686679710e-01,-2.515782323208724108e-02,7.896715987754029942e-02,-3.036254802184145882e-02,2.562589568857199129e+00,1.412339562928638936e-01,-5.781186928456171215e-01,1.566692544273232124e-01,1.661331602427693399e+00,-3.036254802184145882e-02,2.562589568857199129e+00,1.412339562928638936e-01
7.119541778940394749e-01,7.034284169596944913e-01,-2.490723776019738295e-02,7.882938993635196789e-02,-3.098177184364952347e-02,2.555789719032937057e+00,1.273708406972977047e-01,-5.755561087690602706e-01,1.568162692736229658e-01,1.661240435268914961e+00,-3.098177184364952347e-02,2.555789719032937057e+00,1.273708406972977047e-01
7.129541203339007094e-01,7.030584289451289326e-01,-2.466625512686262262e-02,7.869726676721960912e-02,-3.156037456592444834e-02,2.548990161786390374e+00,1.135078325275988287e-01,-5.730028247731269175e-01,1.569731722054950318e-01,1.661151024578718438e+00,-3.156037456592444834e-02,2.548990161786390374e+00,1.135078325275988287e-01
7.139540627737618328e-01,7.026897572425626626e-01,-2.443485817101447022e-02,7.857078255986349458e-02,-3.209862540172477019e-02,2.542190924732410373e+00,9.964493394816659189e-02,-5.704588341097526216e-01,1.571398490945034310e-01,1.661063377643918759e+00,-3.209862540172477019e-02,2.542190924732410373e+00,9.964493394816659189e-02
7.149540052136230672e-01,7.023224160430664442e-01,-2.421302985099716906e-02,7.844992953353514820e-02,-3.259679354839633419e-02,2.535392033620623486e+00,8.578214713831877614e-02,-5.679241295791352950e-01,1.573161866522667096e-01,1.660977501523946298e+00,-3.259679354839633419e-02,2.535392033620623486e+00,8.578214713831877614e-02
7.159539476534843017e-01,7.019564190127405290e-01,-2.400075324607368887e-02,7.833469993726123459e-02,-3.305514818568158764e-02,2.528593512353199735e+00,7.191947429245204582e-02,-5.653987035383125637e-01,1.575020724298447916e-01,1.660893403050902606e+00,-3.305514818568158764e-02,2.528593512353199735e+00,7.191947429245204582e-02
7.169538900933455361e-01,7.015917792942514275e-01,-2.379801155787722097e-02,7.822508605008131333e-02,-3.347395847396849450e-02,2.521795383002612745e+00,5.805691762019826729e-02,-5.628825479096413176e-01,1.576973948170931894e-01,1.660811088829613480e+00,-3.347395847396849450e-02,2.521795383002612745e+00,5.805691762019826729e-02
7.179538325332067705e-01,7.012285095083556907e-01,-2.360478811180866110e-02,7.812108018128219311e-02,-3.385349355267656957e-02,2.514997665829399764e+00,4.419447934658654598e-02,-5.603756541891837806e-01,1.579020430419866838e-01,1.660730565237681366e+00,-3.385349355267656957e-02,2.514997665829399764e+00,4.419447934658654598e-02
7.189537749730680050e-01,7.008666217554088140e-01,-2.342106635838027764e-02,7.802267467062508344e-02,-3.419402253878104508e-02,2.508200379299924787e+00,3.033216171220137758e-02,-5.578780134549951031e-01,1.581159071699125840e-01,1.660651838425536653e+00,-3.419402253878104508e-02,2.508200379299924787e+00,3.033216171220137758e-02
7.199537174129291284e-01,7.005061621007021566e-01,-2.324579073573477400e-02,7.792986188856934615e-02,-3.449952513585170105e-02,2.501403488929893282e+00,1.648157646546127841e-02,-5.553898512563977263e-01,1.583380542314969108e-01,1.660574914316488737e+00,-3.449952513585170105e-02,2.501403488929893282e+00,1.648157646546127841e-02
7.209536598527903628e-01,7.001470758249631610e-01,-2.308091974816319988e-02,7.784263423649058489e-02,-3.476320969632033103e-02,2.494607106444211464e+00,3.017661123390857902e-03,-5.529107119982648033e-01,1.585699452474612636e-01,1.660499798606772659e+00,-3.476320969632033103e-02,2.494607106444211464e+00,3.017661123390857902e-03
7.219536022926515972e-01,6.997894224658530726e-01,-2.292496070261929725e-02,7.776098414689366911e-02,-3.499061654249572412e-02,2.487811172354939426e+00,-9.696213102952710994e-03,-5.504409193866114380e-01,1.588103025834900484e-01,1.660426496765601945e+00,-3.499061654249572412e-02,2.487811172354939426e+00,-9.696213102952710994e-03
7.229535447325128317e-01,6.994332288015998600e-01,-2.277737390358898495e-02,7.768490408362076216e-02,-3.518385937056706797e-02,2.481015671323727467e+00,-2.166004390914111344e-02,-5.479805827635237936e-01,1.590586144349000752e-01,1.660355014035211241e+00,-3.518385937056706797e-02,2.481015671323727467e+00,-2.166004390914111344e-02
7.239534871723740661e-01,6.990785207229789355e-01,-2.263762084390464474e-02,7.761438654205500554e-02,-3.534503146950810498e-02,2.474220586001847799e+00,-3.287382897437524099e-02,-5.455298119013268776e-01,1.593143771390868602e-01,1.660285355430903831e+00,-3.534503146950810498e-02,2.474220586001847799e+00,-3.287382897437524099e-02
7.249534296122353005e-01,6.987253232952195248e-01,-2.250516419456135772e-02,7.754942404931794431e-02,-3.547620572372001124e-02,2.467425897291564585e+00,-4.333756596132309902e-02,-5.430887170662045405e-01,1.595770951035341001e-01,1.660217525741097377e+00,-3.547620572372001124e-02,2.467425897291564585e+00,-4.333756596132309902e-02
7.259533720520965350e-01,6.983736608157672388e-01,-2.237946779424187377e-02,7.749000916446262266e-02,-3.557943461567510124e-02,2.460631584590202703e+00,-5.305125251595160796e-02,-5.406574090773440533e-01,1.598462807330540136e-01,1.660151529527368552e+00,-3.557943461567510124e-02,2.460631584590202703e+00,-5.305125251595160796e-02
7.269533144919577694e-01,6.980235568679177272e-01,-2.225999663856592647e-02,7.743613447866287691e-02,-3.565675022852403397e-02,2.453837626017194129e+00,-6.201488626736217924e-02,-5.382359993617118477e-01,1.601214543562551884e-01,1.660087371124491895e+00,-3.565675022852403397e-02,2.453837626017194129e+00,-6.201488626736217924e-02
7.279532569318190038e-01,6.976750343703379542e-01,-2.214621686907825016e-02,7.738779261539538434e-02,-3.571016424863570488e-02,2.447043998624375938e+00,-7.022846482762246101e-02,-5.358246000045780999e-01,1.604021441512339941e-01,1.660025054640485109e+00,-3.571016424863570488e-02,2.447043998624375938e+00,-7.022846482762246101e-02
7.289531993716802383e-01,6.973281156224934163e-01,-2.203759576198833364e-02,7.734497623061796501e-02,-3.574166796804064544e-02,2.440250678589789057e+00,-7.769198579159930507e-02,-5.334233237958946328e-01,1.606878860704826217e-01,1.659964583956649475e+00,-3.574166796804064544e-02,2.440250678589789057e+00,-7.769198579159930507e-02
7.299531418115413617e-01,6.969828223459946237e-01,-2.193360171667439740e-02,7.730767801294416430e-02,-3.575323228675635068e-02,2.433457641395260218e+00,-8.440544673678990195e-02,-5.310322842726479253e-01,1.609782237650086156e-01,1.659905962727604711e+00,-3.575323228675635068e-02,2.433457641395260218e+00,-8.440544673678990195e-02
7.309530842514025961e-01,6.966391757218798331e-01,-2.183370424396284190e-02,7.727589068380998072e-02,-3.574680771497574377e-02,2.426664861988035771e+00,-9.036884522315247192e-02,-5.286515957572802682e-01,1.612727085076554046e-01,1.659849194381332715e+00,-3.574680771497574377e-02,2.426664861988035771e+00,-9.036884522315247192e-02
7.319530266912638305e-01,6.962971964238522382e-01,-2.173737395419316626e-02,7.724960699763877559e-02,-3.572432437510293657e-02,2.419872314926724055e+00,-9.558217879293628982e-02,-5.262813733923005222e-01,1.615708991156196705e-01,1.659794282119211983e+00,-3.572432437510293657e-02,2.419872314926724055e+00,-9.558217879293628982e-02
7.329529691311250650e-01,6.959569046474802789e-01,-2.164408254507903945e-02,7.722881974199888311e-02,-3.568769200362591903e-02,2.413079974511823433e+00,-1.000454449705120430e-01,-5.239217331711751857e-01,1.618723618721498725e-01,1.659741228916053135e+00,-3.568769200362591903e-02,2.413079974511823433e+00,-1.000454449705120430e-01
7.339529115709862994e-01,6.956183201353852708e-01,-2.155330278937328536e-02,7.721352173775787586e-02,-3.563879995281511032e-02,2.406287814901102884e+00,-1.037586412621990251e-01,-5.215727919656170108e-01,1.621766704474217613e-01,1.659690037520133332e+00,-3.563879995281511032e-02,2.406287814901102884e+00,-1.037586412621990251e-01
7.349528540108475338e-01,6.952814621984230170e-01,-2.146450852234647183e-02,7.720370583923126528e-02,-3.557951719224373283e-02,2.399495810210097169e+00,-1.067217651560942726e-01,-5.192346675493618724e-01,1.624834058185749275e-01,1.659640710453234025e+00,-3.557951719224373283e-02,2.399495810210097169e+00,-1.067217651560942726e-01
7.359527964507086573e-01,6.949463497328789430e-01,-2.137717462908613614e-02,7.719936493432659474e-02,-3.551169231012494404e-02,2.392703934597985249e+00,-1.089348141218995369e-01,-5.169074786185383630e-01,1.627921561889031643e-01,1.659593250010665155e+00,-3.551169231012494404e-02,2.392703934597985249e+00,-1.089348141218995369e-01
7.369527388905698917e-01,6.946130012336897419e-01,-2.129077703162473786e-02,7.720049194468160680e-02,-3.543715351446472678e-02,2.385912162339133946e+00,-1.103977856107482003e-01,-5.145913448087273689e-01,1.631025169061828539e-01,1.659547658261304015e+00,-3.543715351446472678e-02,2.385912162339133946e+00,-1.103977856107482003e-01
7.379526813304311261e-01,6.942813457392869037e-01,-2.120770859767805855e-02,7.720707982579987083e-02,-3.534771653357648979e-02,2.379120616358882501e+00,-1.111218980162089476e-01,-5.122857003792528063e-01,1.634162419371938124e-01,1.659503937047623223e+00,-3.534771653357648979e-02,2.379120616358882501e+00,-1.111218980162089476e-01
7.389526237702923606e-01,6.939486076992312791e-01,-2.121902642248819915e-02,7.721912156717920805e-02,-3.493216851643800303e-02,2.372333900949288310e+00,-1.114820839965992294e-01,-5.099690500064407717e-01,1.638002157970436246e-01,1.659462087985715595e+00,-3.493216851643800303e-02,2.372333900949288310e+00,-1.114820839965992294e-01
7.399525662101535950e-01,6.936176810690728445e-01,-2.123015758136392872e-02,7.723661019243661940e-02,-3.451534814154186281e-02,2.365547169533483984e+00,-1.118420984000696727e-01,-5.076635948412936417e-01,1.641843762114522376e-01,1.659422112465328114e+00,-3.451534814154186281e-02,2.365547169533483984e+00,-1.118420984000696727e-01
7.409525086500148294e-01,6.932885673465059018e-01,-2.124110190218844035e-02,7.725953875942771776e-02,-3.409724907321754622e-02,2.358760422468317408e+00,-1.122019386017327203e-01,-5.053693342012026690e-01,1.645687247603607739e-01,1.659384011649882806e+00,-3.409724907321754622e-02,2.358760422468317408e+00,-1.122019386017327203e-01
7.419524510898760639e-01,6.929612679030949796e-01,-2.125185921955178442e-02,7.728790036036178868e-02,-3.367786496924484591e-02,2.351973660111396747e+00,-1.125616019572559801e-01,-5.030862674402052370e-01,1.649532630223260743e-01,1.659347786476505604e+00,-3.367786496924484591e-02,2.351973660111396747e+00,-1.125616019572559801e-01
7.429523935297372983e-01,6.926357839845073139e-01,-2.126242937474057126e-02,7.732168812191225760e-02,-3.325718948097124150e-02,2.345186882821086449e+00,-1.129210858026850062e-01,-5.008143939490161678e-01,1.653379925744824508e-01,1.659313437656049661e+00,-3.325718948097124150e-02,2.345186882821086449e+00,-1.129210858026850062e-01
7.439523359695985327e-01,6.923121167107403329e-01,-2.127281221572792716e-02,7.736089520532170305e-02,-3.283521625342938899e-02,2.338400090956497923e+00,-1.132803874542651357e-01,-4.985537131550483170e-01,1.657229149925047718e-01,1.659280965673117780e+00,-3.283521625342938899e-02,2.338400090956497923e+00,-1.132803874542651357e-01
7.449522784094596561e-01,6.919902670763515840e-01,-2.128300759716339821e-02,7.740551480650179061e-02,-3.241193892545572719e-02,2.331613284877483760e+00,-1.136395042082632978e-01,-4.963042245224254523e-01,1.661080318505713804e-01,1.659250370786083506e+00,-3.241193892545572719e-02,2.331613284877483760e+00,-1.136395042082632978e-01
7.459522208493208906e-01,6.916702359506865516e-01,-2.129301538036288549e-02,7.745554015613043131e-02,-3.198735112980891776e-02,2.324826464944636850e+00,-1.139984333407892958e-01,-4.940659275519928006e-01,1.664933447213279294e-01,1.659221653027112886e+00,-3.198735112980891776e-02,2.324826464944636850e+00,-1.139984333407892958e-01
7.469521632891821250e-01,6.913520240781055870e-01,-2.130283543329858365e-02,7.751096451974152923e-02,-3.156144649328960355e-02,2.318039631519279276e+00,-1.143571721076157566e-01,-4.918388217813123853e-01,1.668788551758499383e-01,1.659194812202184233e+00,-3.156144649328960355e-02,2.318039631519279276e+00,-1.143571721076157566e-01
7.479521057290433594e-01,6.910356320782090611e-01,-2.131246763058914501e-02,7.757178119781227288e-02,-3.113421863685971597e-02,2.311252784963458762e+00,-1.147157177439973030e-01,-4.896229067846576410e-01,1.672645647836069616e-01,1.659169847891103222e+00,-3.113421863685971597e-02,2.311252784963458762e+00,-1.147157177439973030e-01
7.489520481689045939e-01,6.907210604460627401e-01,-2.132191185348970841e-02,7.763798352584332096e-02,-3.070566117576381537e-02,2.304465925639944679e+00,-1.150740674644913364e-01,-4.874181821729944852e-01,1.676504751124267834e-01,1.659146759447525321e+00,-3.070566117576381537e-02,2.304465925639944679e+00,-1.150740674644913364e-01
7.499519906087658283e-01,6.904083095524224944e-01,-2.133116798988195922e-02,7.770956487443755889e-02,-3.027576771964919644e-02,2.297679053912218716e+00,-1.154322184627750159e-01,-4.852246475939607229e-01,1.680365877284586418e-01,1.659125545998964890e+00,-3.027576771964919644e-02,2.297679053912218716e+00,-1.154322184627750159e-01
7.509519330486269517e-01,6.900973796439555663e-01,-2.134023593426448775e-02,7.778651864936977911e-02,-2.984453187268850533e-02,2.290892170144473106e+00,-1.157901679114642368e-01,-4.830423027318315743e-01,1.684229041961382012e-01,1.659106206446816056e+00,-2.984453187268850533e-02,2.290892170144473106e+00,-1.157901679114642368e-01
7.519518754884881861e-01,6.897882708434643906e-01,-2.134911558774281112e-02,7.786883829165655579e-02,-2.941194723370099684e-02,2.284105274701600852e+00,-1.161479129619303330e-01,-4.808711473074838705e-01,1.688094260781514144e-01,1.659088739466361373e+00,-2.941194723370099684e-02,2.284105274701600852e+00,-1.161479129619303330e-01
7.529518179283494206e-01,6.894809831501056419e-01,-2.135780685801981146e-02,7.795651727761672423e-02,-2.897800739627611616e-02,2.277318367949192623e+00,-1.165054507441177778e-01,-4.787111810783470367e-01,1.691961549353996064e-01,1.659073143506786918e+00,-2.897800739627611616e-02,2.277318367949192623e+00,-1.165054507441177778e-01
7.539517603682106550e-01,6.891755164396126121e-01,-2.136630965938599025e-02,7.804954911893063896e-02,-2.854270594889653234e-02,2.270531450253528316e+00,-1.168627783663597763e-01,-4.765624038383501349e-01,1.695830923269640300e-01,1.659059416791190733e+00,-2.854270594889653234e-02,2.270531450253528316e+00,-1.168627783663597763e-01
7.549517028080718895e-01,6.888718704645118152e-01,-2.137462391270978507e-02,7.814792736269327023e-02,-2.810603647506218494e-02,2.263744521981575275e+00,-1.172198929151946067e-01,-4.744248154178609123e-01,1.699702398100709499e-01,1.659047557316596810e+00,-2.810603647506218494e-02,2.263744521981575275e+00,-1.172198929151946067e-01
7.559516452479331239e-01,6.885700448543423668e-01,-2.138274954542815701e-02,7.825164559146277621e-02,-2.766799255341510777e-02,2.256957583500977194e+00,-1.175767914551802407e-01,-4.722984156836156910e-01,1.703575989400566426e-01,1.659037562853958425e+00,-2.766799255341510777e-02,2.256957583500977194e+00,-1.175767914551802407e-01
7.569515876877943583e-01,6.882700391158727005e-01,-2.139068649153684498e-02,7.836069742330400989e-02,-2.722856775786451633e-02,2.250170635180052781e+00,-1.179334710287095467e-01,-4.701832045386415970e-01,1.707451712703331181e-01,1.659029430948171013e+00,-2.722856775786451633e-02,2.250170635180052781e+00,-1.179334710287095467e-01
7.579515301276555928e-01,6.879718526333162831e-01,-2.139843469158103639e-02,7.847507651182880628e-02,-2.678775565771271405e-02,2.243383677387786435e+00,-1.182899286558243557e-01,-4.680791819221747363e-01,1.711329583523532316e-01,1.659023158918074170e+00,-2.678775565771271405e-02,2.243383677387786435e+00,-1.182899286558243557e-01
7.589514725675168272e-01,6.876754846685466660e-01,-2.140599409264584696e-02,7.859477654622970544e-02,-2.634554981778165772e-02,2.236596710493822027e+00,-1.186461613340289156e-01,-4.659863478095646050e-01,1.715209617355766269e-01,1.659018743856458311e+00,-2.634554981778165772e-02,2.236596710493822027e+00,-1.186461613340289156e-01
7.599514150073780616e-01,6.873809343613112022e-01,-2.141336464834697056e-02,7.871979125131070565e-02,-2.590194379854010923e-02,2.229809734868462012e+00,-1.190021660381029578e-01,-4.639047022121781660e-01,1.719091829674355143e-01,1.659016182630070668e+00,-2.590194379854010923e-02,2.229809734868462012e+00,-1.190021660381029578e-01
7.609513574472391850e-01,6.870882007294440985e-01,-2.142054631882132909e-02,7.885011438751195201e-02,-2.545693115623151245e-02,2.223022750882652776e+00,-1.193579397199147352e-01,-4.618342451772888824e-01,1.722976235933006139e-01,1.659015471879613512e+00,-2.545693115623151245e-02,2.223022750882652776e+00,-1.193579397199147352e-01
7.619512998871004195e-01,6.867972826690781352e-01,-2.142753907071777431e-02,7.898573975093156618e-02,-2.501050544300236628e-02,2.216235758907986853e+00,-1.197134793082327842e-01,-4.597749767879650840e-01,1.726862851564477941e-01,1.659016608019751260e+00,-2.501050544300236628e-02,2.216235758907986853e+00,-1.197134793082327842e-01
7.629512423269616539e-01,6.865081789548557190e-01,-2.143434287718785566e-02,7.912666117334127280e-02,-2.456266020703129493e-02,2.209448759316690047e+00,-1.200687817085376863e-01,-4.577268971629461780e-01,1.730751691980239038e-01,1.659019587239107141e+00,-2.456266020703129493e-02,2.209448759316690047e+00,-1.200687817085376863e-01
7.639511847668228883e-01,6.862208882401381604e-01,-2.144095771787662627e-02,7.927287252219766822e-02,-2.411338899265915228e-02,2.202661752481619217e+00,-1.204238438028330249e-01,-4.556900064565109765e-01,1.734642772570135771e-01,1.659024405500263644e+00,-2.411338899265915228e-02,2.202661752481619217e+00,-1.204238438028330249e-01
7.649511272066841228e-01,6.859354090572142848e-01,-2.144738357891348701e-02,7.942436770065018636e-02,-2.366268534051914688e-02,2.195874738776254276e+00,-1.207786624494563421e-01,-4.536643048583435256e-01,1.738536108702058436e-01,1.659031058539761183e+00,-2.366268534051914688e-02,2.195874738776254276e+00,-1.207786624494563421e-01
7.659510696465452462e-01,6.856517398175088207e-01,-2.145362045290308967e-02,7.958114064754263917e-02,-2.321054278766824033e-02,2.189087718574695085e+00,-1.211332344828891794e-01,-4.516497925933841695e-01,1.742431715721612095e-01,1.659039541868095213e+00,-2.321054278766824033e-02,2.189087718574695085e+00,-1.211332344828891794e-01
7.669510120864064806e-01,6.853698788117882357e-01,-2.145966833891635103e-02,7.974318533741214798e-02,-2.275695486771888223e-02,2.182300692251649021e+00,-1.214875567135663414e-01,-4.496464699216802252e-01,1.746329608951780465e-01,1.659049850769711565e+00,-2.275695486771888223e-02,2.182300692251649021e+00,-1.214875567135663414e-01
7.679509545262677150e-01,6.850898242103666824e-01,-2.146552724248137339e-02,7.991049578048139979e-02,-2.230191511097174770e-02,2.175513660182427866e+00,-1.218416259276866587e-01,-4.476543371382217251e-01,1.750229803692607833e-01,1.659061980303002226e+00,-2.230191511097174770e-02,2.175513660182427866e+00,-1.218416259276866587e-01
7.689508969661289495e-01,6.848115740633101689e-01,-2.147119717557455926e-02,8.008306602264807228e-02,-2.184541704454889474e-02,2.168726622742943810e+00,-1.221954388870196695e-01,-4.456733945727761603e-01,1.754132315220860161e-01,1.659075925300297127e+00,-2.184541704454889474e-02,2.168726622742943810e+00,-1.221954388870196695e-01
7.699508394059901839e-01,6.845351263006403952e-01,-2.147667815661169835e-02,8.026089014546960998e-02,-2.138745419252757393e-02,2.161939580309701014e+00,-1.225489923287156613e-01,-4.437036425897131209e-01,1.758037158789708398e-01,1.659091680367860588e+00,-2.138745419252757393e-02,2.161939580309701014e+00,-1.225489923287156613e-01
7.709507818458514183e-01,6.842604787325369253e-01,-2.148197021043912053e-02,8.044396226614226875e-02,-2.092802007607530088e-02,2.155152533259785397e+00,-1.229022829651128523e-01,-4.417450815878190551e-01,1.761944349628400408e-01,1.659109239885879550e+00,-2.092802007607530088e-02,2.155152533259785397e+00,-1.229022829651128523e-01
7.719507242857126528e-01,6.839876290495373601e-01,-2.148707336832492848e-02,8.063227653747576107e-02,-2.046710821358514731e-02,2.148365481970863300e+00,-1.232553074835450735e-01,-4.397977120001055895e-01,1.765853902941940112e-01,1.659128598008452693e+00,-2.046710821358514731e-02,2.148365481970863300e+00,-1.232553074835450735e-01
7.729506667255738872e-01,6.837165748227402862e-01,-2.149198766795018534e-02,8.082582714786609723e-02,-2.000471212081174344e-02,2.141578426821174386e+00,-1.236080625461492000e-01,-4.378615342936160171e-01,1.769765833910765807e-01,1.659149748663587109e+00,-2.000471212081174344e-02,2.141578426821174386e+00,-1.236080625461492000e-01
7.739506091654351216e-01,6.834473135040011194e-01,-2.149671315340030697e-02,8.102460832125923940e-02,-1.954082531100850492e-02,2.134791368189520533e+00,-1.239605447896710011e-01,-4.359365489692124673e-01,1.773680157690427084e-01,1.659172685553176763e+00,-1.954082531100850492e-02,2.134791368189520533e+00,-1.239605447896710011e-01
7.749505516052963561e-01,6.831798424261336100e-01,-2.150124987515638492e-02,8.122861431711522751e-02,-1.907544129506504038e-02,2.128004306455264949e+00,-1.243127508252722113e-01,-4.340227565613689054e-01,1.777596889411273695e-01,1.659197402152999379e+00,-1.907544129506504038e-02,2.128004306455264949e+00,-1.243127508252722113e-01
7.759504940451575905e-01,6.829141588031034660e-01,-2.150559789008654743e-02,8.143783943036403405e-02,-1.860855358164581475e-02,2.121217241998321512e+00,-1.246646772383361856e-01,-4.321201576379450349e-01,1.781516044178130809e-01,1.659223891712693799e+00,-1.860855358164581475e-02,2.121217241998321512e+00,-1.246646772383361856e-01
7.769504364850187139e-01,6.826502597302270825e-01,-2.150975726143750100e-02,8.165227799135829634e-02,-1.814015567732936082e-02,2.114430175199149886e+00,-1.250163205882730000e-01,-4.302287527999581473e-01,1.785437637069987038e-01,1.659252147255752208e+00,-1.814015567732936082e-02,2.114430175199149886e+00,-1.250163205882730000e-01
7.779503789248799484e-01,6.823881421843648321e-01,-2.151372805882598160e-02,8.187192436582273192e-02,-1.767024108674800087e-02,2.107643106438746639e+00,-1.253676774083250511e-01,-4.283485426813492536e-01,1.789361683139676085e-01,1.659282161579500592e+00,-1.767024108674800087e-02,2.107643106438746639e+00,-1.253676774083250511e-01
7.789503213647411828e-01,6.821278030241157975e-01,-2.151751035823033092e-02,8.209677295479718417e-02,-1.719880331272890389e-02,2.100856036098641688e+00,-1.257187442053716575e-01,-4.264795279487367807e-01,1.793288197413572815e-01,1.659313927255083643e+00,-1.719880331272890389e-02,2.100856036098641688e+00,-1.257187442053716575e-01
7.799502638046024172e-01,6.818692389900098405e-01,-2.152110424198209332e-02,8.232681819457642047e-02,-1.672583585643558010e-02,2.094068964560887203e+00,-1.260695174597329660e-01,-4.246217093011647181e-01,1.797217194891266578e-01,1.659347436627444994e+00,-1.672583585643558010e-02,2.094068964560887203e+00,-1.260695174597329660e-01
7.809502062444635406e-01,6.816124467047002256e-01,-2.152450979875766487e-02,8.256205455664479553e-02,-1.625133221751016294e-02,2.087281892208057155e+00,-1.264199936249746359e-01,-4.227750874698444905e-01,1.801148690545262832e-01,1.659382681815310789e+00,-1.625133221751016294e-02,2.087281892208057155e+00,-1.264199936249746359e-01
7.819501486843247751e-01,6.813574226731533567e-01,-2.152772712357006041e-02,8.280247654760750087e-02,-1.577528589421679783e-02,2.080494819423231334e+00,-1.267701691277111076e-01,-4.209396632178869502e-01,1.805082699320666173e-01,1.659419654711168146e+00,-1.577528589421679783e-02,2.080494819423231334e+00,-1.267701691277111076e-01
7.829500911241860095e-01,6.811041632828384040e-01,-2.153075631776059026e-02,8.304807870911652679e-02,-1.529769038358533284e-02,2.073707746589996681e+00,-1.271200403674091484e-01,-4.191154373400295396e-01,1.809019236134875031e-01,1.659458346981243837e+00,-1.529769038358533284e-02,2.073707746589996681e+00,-1.271200403674091484e-01
7.839500335640472439e-01,6.808526648039171514e-01,-2.153359748899073139e-02,8.329885561779186431e-02,-1.481853918155644212e-02,2.066920674092433963e+00,-1.274696037161901496e-01,-4.173024106623514640e-01,1.812958315877273019e-01,1.659498750065484751e+00,-1.481853918155644212e-02,2.066920674092433963e+00,-1.274696037161901496e-01
7.849499760039084784e-01,6.806029233894295150e-01,-2.153625075123393948e-02,8.355480188513947359e-02,-1.433782578312721087e-02,2.060133602315118218e+00,-1.278188555186333397e-01,-4.155005840419864760e-01,1.816899953408916968e-01,1.659540855177533913e+00,-1.433782578312721087e-02,2.060133602315118218e+00,-1.278188555186333397e-01
7.859499184437697128e-01,6.803549350754818370e-01,-2.153871622476763448e-02,8.381591215746470036e-02,-1.385554368249734825e-02,2.053346531643101880e+00,-1.281677920915787749e-01,-4.137099583668243374e-01,1.820844163562247431e-01,1.659584653304708057e+00,-1.385554368249734825e-02,2.053346531643101880e+00,-1.281677920915787749e-01
7.869498608836309472e-01,6.801086957814304057e-01,-2.154099403616500930e-02,8.408218111577979437e-02,-1.337168637321698925e-02,2.046559462461915668e+00,-1.285164097239271386e-01,-4.119305345552058406e-01,1.824790961140760615e-01,1.659630135207968760e+00,-1.337168637321698925e-02,2.046559462461915668e+00,-1.285164097239271386e-01
7.879498033234921817e-01,6.798642013100675285e-01,-2.154308431828724779e-02,8.435360347570920736e-02,-1.288624734833453481e-02,2.039772395157555263e+00,-1.288647046764440918e-01,-4.101623135556106692e-01,1.828740360918726937e-01,1.659677291421903567e+00,-1.288624734833453481e-02,2.039772395157555263e+00,-1.288647046764440918e-01
7.889497457633534161e-01,6.796214473478038309e-01,-2.154498721027535424e-02,8.463017398738857666e-02,-1.239922010054605311e-02,2.032985330116481748e+00,-1.292126731815598506e-01,-4.084052963463360997e-01,1.832692377640874615e-01,1.659726112254695130e+00,-1.239922010054605311e-02,2.032985330116481748e+00,-1.292126731815598506e-01
7.899496882032146505e-01,6.793804294648501108e-01,-2.154670285754246156e-02,8.491188743536128014e-02,-1.191059812234486828e-02,2.026198267725605628e+00,-1.295603114431709835e-01,-4.066594839351711510e-01,1.836647026022094620e-01,1.659776587788095892e+00,-1.191059812234486828e-02,2.026198267725605628e+00,-1.295603114431709835e-01
7.909496306430758850e-01,6.791411431153998590e-01,-2.154823141176583079e-02,8.519873863846869066e-02,-1.142037490617264089e-02,2.019411208372283717e+00,-1.299076156364408208e-01,-4.049248773590590211e-01,1.840604320747135092e-01,1.659828707877398557e+00,-1.142037490617264089e-02,2.019411208372283717e+00,-1.299076156364408208e-01
7.919495730829371194e-01,6.789035836378078947e-01,-2.154957303087916276e-02,8.549072244973780765e-02,-1.092854394457097589e-02,2.012624152444313363e+00,-1.302545819076007250e-01,-4.032014776837555270e-01,1.844564276470309350e-01,1.659882462151408333e+00,-1.092854394457097589e-02,2.012624152444313363e+00,-1.302545819076007250e-01
7.929495155227982428e-01,6.786677462547703321e-01,-2.155072787906477799e-02,8.578783375626287955e-02,-1.043509873033419619e-02,2.005837100329922240e+00,-1.306012063737499174e-01,-4.014892860034771083e-01,1.848526907815188081e-01,1.659937840012414068e+00,-1.043509873033419619e-02,2.005837100329922240e+00,-1.306012063737499174e-01
7.939494579626594772e-01,6.784336260735025492e-01,-2.155169612674597696e-02,8.609006747908461155e-02,-9.940032756662615931e-03,1.999050052417761014e+00,-1.309474851226552494e-01,-3.997883034405437241e-01,1.852492229374307076e-01,1.659994830636157381e+00,-9.940032756662615931e-03,1.999050052417761014e+00,-1.309474851226552494e-01
7.949494004025207117e-01,6.782012180859160466e-01,-2.155247795057932403e-02,8.639741857306382222e-02,-9.443339517317198006e-03,1.992263009096897131e+00,-1.312934142125513071e-01,-3.980985311450132569e-01,1.856460255708867746e-01,1.660053422971798476e+00,-9.443339517317198006e-03,1.992263009096897131e+00,-1.312934142125513071e-01
7.959493428423819461e-01,6.779705171687941956e-01,-2.155307353344711532e-02,8.670988202675040946e-02,-8.945012506774801392e-03,1.985475970756804820e+00,-1.316389896719402930e-01,-3.964199702943053127e-01,1.860431001348440694e-01,1.660113605741887044e+00,-8.945012506774801392e-03,1.985475970756804820e+00,-1.316389896719402930e-01
7.969492852822430695e-01,6.777415180839680975e-01,-2.155348306444978407e-02,8.702745286224917998e-02,-8.445045220384576889e-03,1.978688937787362212e+00,-1.319842074993904935e-01,-3.947526220928232465e-01,1.864404480790672058e-01,1.660175367442330074e+00,-8.445045220384576889e-03,1.978688937787362212e+00,-1.319842074993904935e-01
7.979492277221043040e-01,6.775142154784895565e-01,-2.155370673889839966e-02,8.735012613508115475e-02,-7.943431154525146948e-03,1.971901910578837125e+00,-1.323290636633359663e-01,-3.930964877715633077e-01,1.868380708500985421e-01,1.660238696342356990e+00,-7.943431154525146948e-03,1.971901910578837125e+00,-1.323290636633359663e-01
7.989491701619655384e-01,6.772886038848043855e-01,-2.155374475830719450e-02,8.767789693403958695e-02,-7.440163806762770810e-03,1.965114889521885067e+00,-1.326735541018752851e-01,-3.914515685877187345e-01,1.872359698912288983e-01,1.660303580484483232e+00,-7.440163806762770810e-03,1.965114889521885067e+00,-1.326735541018752851e-01
7.999491126018267728e-01,6.770646777209247125e-01,-2.155359733038619136e-02,8.801076038104325983e-02,-6.935236676010453349e-03,1.958327875007536800e+00,-1.330176747225702838e-01,-3.898178658242767991e-01,1.876341466424681359e-01,1.660370007684479621e+00,-6.935236676010453349e-03,1.958327875007536800e+00,-1.330176747225702838e-01
8.009490550416880073e-01,6.768424312905991780e-01,-2.155326466903379964e-02,8.834871163098383107e-02,-6.428643262688396587e-03,1.951540867427195236e+00,-1.333614214022443289e-01,-3.881953807896040831e-01,1.880326025405160140e-01,1.660437965531333715e+00,-6.428643262688396587e-03,1.951540867427195236e+00,-1.333614214022443289e-01
8.019489974815492417e-01,6.766218587834837983e-01,-2.155274699432952953e-02,8.869174587157066525e-02,-5.920377068884530997e-03,1.944753867172622996e+00,-1.337047899867807033e-01,-3.865841148170310881e-01,1.884313390187330461e-01,1.660507441387214733e+00,-5.920377068884530997e-03,1.944753867172622996e+00,-1.337047899867807033e-01
8.029489399214104761e-01,6.764029542753101643e-01,-2.155204453252670266e-02,8.903985832316979598e-02,-5.410431598517104201e-03,1.937966874635937531e+00,-1.340477762909203507e-01,-3.849840692644214690e-01,1.888303575071106910e-01,1.660578422387436026e+00,-5.410431598517104201e-03,1.937966874635937531e+00,-1.340477762909203507e-01
8.039488823612717106e-01,6.761857117280534180e-01,-2.155115751604517668e-02,8.939304423864032068e-02,-4.898800357497358135e-03,1.931179890209600902e+00,-1.343903760980604822e-01,-3.833952455137409898e-01,1.892296594322426806e-01,1.660650895440416441e+00,-4.898800357497358135e-03,1.931179890209600902e+00,-1.343903760980604822e-01
8.049488248011329450e-01,6.759701249900998965e-01,-2.155008618346431620e-02,8.975129890316421721e-02,-4.385476853893942664e-03,1.924392914286412903e+00,-1.347325851600522095e-01,-3.818176449706109366e-01,1.896292462172965987e-01,1.660724847227646128e+00,-4.385476853893942664e-03,1.924392914286412903e+00,-1.347325851600522095e-01
8.059487672409941794e-01,6.757561877964125552e-01,-2.154883077951565834e-02,9.011461763407521697e-02,-3.870454598097690033e-03,1.917605947259503507e+00,-1.350743991969970970e-01,-3.802512690638629733e-01,1.900291192819832942e-01,1.660800264203642129e+00,-3.870454598097690033e-03,1.917605947259503507e+00,-1.350743991969970970e-01
8.069487096808554139e-01,6.755438937686963907e-01,-2.154739155507598425e-02,9.048299578068053073e-02,-3.353727102987744124e-03,1.910818989522325095e+00,-1.354158138970460723e-01,-3.786961192450790659e-01,1.904292800425294030e-01,1.660877132595914185e+00,-3.353727102987744124e-03,1.910818989522325095e+00,-1.354158138970460723e-01
8.079486521207165373e-01,6.753332364155616441e-01,-2.154576876716017553e-02,9.085642872407909132e-02,-2.835287884099136485e-03,1.904032041468640468e+00,-1.357568249161957841e-01,-3.771521969881246328e-01,1.908297299116473722e-01,1.660955438404920770e+00,-2.835287884099136485e-03,1.904032041468640468e+00,-1.357568249161957841e-01
8.089485945605777717e-01,6.751242091326882244e-01,-2.154396267891428574e-02,9.123491187697713167e-02,-2.315130459790201017e-03,1.897245103492517515e+00,-1.360974278780862079e-01,-3.756195037886793098e-01,1.912304702985075100e-01,1.661035167404031343e+00,-2.315130459790201017e-03,1.897245103492517515e+00,-1.360974278780862079e-01
8.099485370004390061e-01,6.749168052029874687e-01,-2.154197355960852517e-02,9.161844068349761505e-02,-1.793248351412316671e-03,1.890458175988323219e+00,-1.364376183737972537e-01,-3.740980411637541136e-01,1.916315026087081763e-01,1.661116305139485716e+00,-1.793248351412316671e-03,1.890458175988323219e+00,-1.364376183737972537e-01
8.109484794403002406e-01,6.747110177967626798e-01,-2.153980168463038788e-02,9.200701061898683419e-02,-1.269635083479938101e-03,1.883671259350710336e+00,-1.367773919616466216e-01,-3.725878106512042209e-01,1.920328282442479439e-01,1.661198836930350531e+00,-1.269635083479938101e-03,1.883671259350710336e+00,-1.367773919616466216e-01
8.119484218801613640e-01,6.745068399718699981e-01,-2.153744733547777179e-02,9.240061718981548711e-02,-7.442841838420938966e-04,1.876884353974611841e+00,-1.371167441669857712e-01,-3.710888138092321986e-01,1.924344486034957891e-01,1.661282747868478626e+00,-7.442841838420938966e-04,1.876884353974611841e+00,-1.371167441669857712e-01
8.129483643200225984e-01,6.743042646738776069e-01,-2.153491079975211608e-02,9.279925593317736587e-02,-2.171891838545440129e-04,1.870097460255229826e+00,-1.374556704819965280e-01,-3.696010522158855172e-01,1.928363650811628915e-01,1.661368022818466406e+00,-2.171891838545440129e-04,1.870097460255229826e+00,-1.374556704819965280e-01
8.139483067598838328e-01,6.741032847362251612e-01,-2.153219237115170520e-02,9.320292241688225843e-02,3.116563814466507404e-04,1.863310578588033728e+00,-1.377941663654890792e-01,-3.681245274685449043e-01,1.932385790682745463e-01,1.661454646417613201e+00,3.116563814466507404e-04,1.863310578588033728e+00,-1.377941663654890792e-01
8.149482491997450673e-01,6.739039021540427221e-01,-2.152929261998733079e-02,9.361160965335441064e-02,8.453223448778510174e-04,1.856317728846095028e+00,-1.380996710936375216e-01,-3.666128389249042607e-01,1.936186266921324228e-01,1.661396100694562117e+00,8.453223448778510174e-04,1.856317728846095028e+00,-1.380996710936375216e-01
8.159481916396063017e-01,6.737061688095391521e-01,-2.152621361404327693e-02,9.402529657101138527e-02,1.391091650813115754e-03,1.848625194612500744e+00,-1.382940491564158547e-01,-3.649543847159535392e-01,1.939225749558394774e-01,1.660841159126432043e+00,1.391091650813115754e-03,1.848625194612500744e+00,-1.382940491564158547e-01
8.169481340794675361e-01,6.735101973807002818e-01,-2.152295933950365558e-02,9.444394443483936086e-02,1.953080369997103535e-03,1.839945204327813277e+00,-1.383315685843396203e-01,-3.630834063938858103e-01,1.941188192011091829e-01,1.659584989241410957e+00,1.953080369997103535e-03,1.839945204327813277e+00,-1.383315685843396203e-01
8.179480765193287706e-01,6.733161131166111035e-01,-2.151953435483472399e-02,9.486750998220380704e-02,2.531094157354472560e-03,1.830277798450407500e+00,-1.382119530474577029e-01,-3.609988564676618883e-01,1.942071125010971788e-01,1.657627444854589127e+00,2.531094157354472560e-03,1.830277798450407500e+00,-1.382119530474577029e-01
8.189480189591900050e-01,6.731240408719060264e-01,-2.151594341713735856e-02,9.529594902454122107e-02,3.124932521621251805e-03,1.819623017255285635e+00,-1.379349272230270540e-01,-3.586996588769645888e-01,1.941872068424142228e-01,1.654968376244986938e+00,3.124932521621251805e-03,1.819623017255285635e+00,-1.379349272230270540e-01
8.199479613990512394e-01,6.729341051061756840e-01,-2.151219148157610533e-02,9.572921646125162609e-02,3.734388806361201713e-03,1.807980900832467874e+00,-1.375002168138459713e-01,-3.561847089835397107e-01,1.940588531235791780e-01,1.651607630226626489e+00,3.734388806361201713e-03,1.807980900832467874e+00,-1.375002168138459713e-01
8.209479038389124739e-01,6.727464298839067602e-01,-2.150828370058527686e-02,9.616726629487040712e-02,4.359250170153181753e-03,1.795351489085279528e+00,-1.369075485674331460e-01,-3.534528735623925777e-01,1.938218011536792518e-01,1.647545050220982299e+00,4.359250170153181753e-03,1.795351489085279528e+00,-1.369075485674331460e-01
8.219478462787737083e-01,6.725611388749686004e-01,-2.150422542285223421e-02,9.661005164751970686e-02,4.999297565943293734e-03,1.781734821728541585e+00,-1.361566502960369629e-01,-3.505029907928615129e-01,1.934757996512270761e-01,1.642780476330813144e+00,4.999297565943293734e-03,1.781734821728541585e+00,-1.361566502960369629e-01
8.229477887186349427e-01,6.723783553556583747e-01,-2.150002219207806931e-02,9.705752477862783500e-02,5.654305719557037313e-03,1.767130938286672892e+00,-1.352472508974759957e-01,-3.473338702495610830e-01,1.930205962432054445e-01,1.637313745415368116e+00,5.654305719557037313e-03,1.767130938286672892e+00,-1.352472508974759957e-01
8.239477311584960662e-01,6.721982022103245580e-01,-2.149567974551607266e-02,9.750963710391477579e-02,6.324043107365784344e-03,1.751539878091687319e+00,-1.341790803767903828e-01,-3.439442928932006094e-01,1.924559374642849097e-01,1.631144691166979133e+00,6.324043107365784344e-03,1.751539878091687319e+00,-1.341790803767903828e-01
8.249476735983573006e-01,6.720208019335789373e-01,-2.149120401228819116e-02,9.796633921563913106e-02,7.008271933105157322e-03,1.734961680281104091e+00,-1.329518698687049694e-01,-3.403330110612950432e-01,1.917815687562082760e-01,1.624273144189027906e+00,7.008271933105157322e-03,1.734961680281104091e+00,-1.329518698687049694e-01
8.259476160382185350e-01,6.718462766331120273e-01,-2.148660111147995475e-02,9.842758090409806093e-02,7.706748103838315794e-03,1.717396383795769310e+00,-1.315653516608911999e-01,-3.364987484587604882e-01,1.909972344673274702e-01,1.616698932075306461e+00,7.706748103838315794e-03,1.717396383795769310e+00,-1.315653516608911999e-01
8.269475584780797695e-01,6.716747480331231035e-01,-2.148187735001411136e-02,9.889331118037755775e-02,8.419221205062461105e-03,1.698844027377588883e+00,-1.300192592180217654e-01,-3.324402001484081381e-01,1.901026778522869887e-01,1.608421879490759876e+00,8.419221205062461105e-03,1.698844027377588883e+00,-1.300192592180217654e-01
8.279475009179408929e-01,6.715063374783800665e-01,-2.147703922030346629e-02,9.936347830034605866e-02,9.145434474953622467e-03,1.679304649567170626e+00,-1.283133272066091235e-01,-3.281560325413361290e-01,1.890976410718387124e-01,1.599441808253613262e+00,9.145434474953622467e-03,1.679304649567170626e+00,-1.283133272066091235e-01
8.289474433578021273e-01,6.713411659389162400e-01,-2.147209339768331449e-02,9.983802978988950971e-02,9.885124777747720734e-03,1.658778288701379999e+00,-1.264472915206218129e-01,-3.236448833872328512e-01,1.879818651927819273e-01,1.589758537418892725e+00,9.885124777747720734e-03,1.658778288701379999e+00,-1.264472915206218129e-01
8.299473857976633617e-01,6.711793540153803139e-01,-2.146704673762402787e-02,1.003169124713787080e-01,1.063802257625307869e-02,1.637264982910823230e+00,-1.244208893078735390e-01,-3.189053617645905003e-01,1.867550901880189185e-01,1.579371883363336782e+00,1.063802257625307869e-02,1.637264982910823230e+00,-1.244208893078735390e-01
8.309473282375245962e-01,6.710210219450436497e-01,-2.146190627272398510e-02,1.008000724913688528e-01,1.140385190349456519e-02,1.614764770117237402e+00,-1.222338589971730949e-01,-3.139360480708402457e-01,1.854170549367128995e-01,1.568281659871698430e+00,1.140385190349456519e-02,1.614764770117237402e+00,-1.222338589971730949e-01
8.319472706773858306e-01,6.708662896084793825e-01,-2.145667920948374913e-02,1.012874553495231866e-01,1.218233033348408573e-02,1.591277688030803272e+00,-1.198859403262369228e-01,-3.087354940124094060e-01,1.839674972245443907e-01,1.556487678224441451e+00,1.218233033348408573e-02,1.591277688030803272e+00,-1.198859403262369228e-01
8.329472131172470650e-01,6.707152673726823888e-01,-2.145137259622985348e-02,1.017790087938701404e-01,1.297031639883904075e-02,1.567009209372436374e+00,-1.174095802883933226e-01,-3.033499227204991544e-01,1.824287864097403900e-01,1.544136069853466298e+00,1.297031639883904075e-02,1.567009209372436374e+00,-1.174095802883933226e-01
8.339471555571082995e-01,6.705680157971822819e-01,-2.144599184364519989e-02,1.022746955982011818e-01,1.376074857365841564e-02,1.542453008223283462e+00,-1.148832017239390380e-01,-2.978929237370854244e-01,1.808551318355264004e-01,1.531578304698715032e+00,1.376074857365841564e-02,1.542453008223283462e+00,-1.148832017239390380e-01
8.349470979969695339e-01,6.704245346886035239e-01,-2.144054023350463328e-02,1.027744974667342132e-01,1.454954597881958148e-02,1.517897360015544983e+00,-1.123526694068702203e-01,-2.924310534634623204e-01,1.792782507475101372e-01,1.519019650306052682e+00,1.454954597881958148e-02,1.517897360015544983e+00,-1.123526694068702203e-01
8.359470404368307683e-01,6.702848109180838954e-01,-2.143502057576246456e-02,1.032784003623409830e-01,1.533665973110155678e-02,1.493342263719807939e+00,-1.098179882474956681e-01,-2.869640557682507365e-01,1.776981335734313106e-01,1.506460065246918445e+00,1.533665973110155678e-02,1.493342263719807939e+00,-1.098179882474956681e-01
8.369469828766920028e-01,6.701488312890466759e-01,-2.142943566526002430e-02,1.037863905055030345e-01,1.612204072392425802e-02,1.468787718286052701e+00,-1.072791633373641196e-01,-2.814916744613169541e-01,1.761147707414627561e-01,1.493899508501780993e+00,1.612204072392425802e-02,1.468787718286052701e+00,-1.072791633373641196e-01
8.379469253165532372e-01,6.700165825390331786e-01,-2.142378828166320928e-02,1.042984543735246128e-01,1.690563962694411129e-02,1.444233722643754048e+00,-1.047361999502598173e-01,-2.760136532929147180e-01,1.745281526796359506e-01,1.481337939468868381e+00,1.690563962694411129e-02,1.444233722643754048e+00,-1.047361999502598173e-01
8.389468677564143606e-01,6.698880513415100824e-01,-2.141808118940183997e-02,1.048145786997431994e-01,1.768740688567253458e-02,1.419680275701951988e+00,-1.021891035432163364e-01,-2.705297359528446299e-01,1.729382698152743814e-01,1.468775317972901728e+00,1.768740688567253458e-02,1.419680275701951988e+00,-1.021891035432163364e-01
8.399468101962755950e-01,6.697632243076371283e-01,-2.141231713761077710e-02,1.053347504727387696e-01,1.846729272111462955e-02,1.395127376349336812e+00,-9.963787975754975768e-02,-2.650396660696426876e-01,1.713451125744309134e-01,1.456211604273821569e+00,1.846729272111462955e-02,1.395127376349336812e+00,-9.963787975754975768e-02
8.409467526361368295e-01,6.696420879880083943e-01,-2.140649886007266883e-02,1.058589569355421200e-01,1.924524712942933535e-02,1.370575023454339458e+00,-9.708253441991471222e-02,-2.595431872097959114e-01,1.697486713813368131e-01,1.443646759075531527e+00,1.924524712942933535e-02,1.370575023454339458e+00,-9.708253441991471222e-02
8.419466950759980639e-01,6.695246288743595953e-01,-2.140062907516249863e-02,1.063871855848417119e-01,2.002121988161100624e-02,1.346023215865211009e+00,-9.452307354337816103e-02,-2.540400428769793995e-01,1.681489366578547973e-01,1.431080743534632882e+00,2.002121988161100624e-02,1.346023215865211009e+00,-9.452307354337816103e-02
8.429466375158591873e-01,6.694108334012445205e-01,-2.139471048579369428e-02,1.069194241701889592e-01,2.079516052319130975e-02,1.321471952410109507e+00,-9.195950332851676734e-02,-2.485299765113209991e-01,1.665458988229418236e-01,1.418513519269168244e+00,2.079516052319130975e-02,1.321471952410109507e+00,-9.195950332851676734e-02
8.439465799557204218e-01,6.693006879476776083e-01,-2.138874577936596827e-02,1.074556606932057512e-01,2.156701837396312813e-02,1.296921231897181226e+00,-8.939183016453150499e-02,-2.430127314886955658e-01,1.649395482921169609e-01,1.405945048367360117e+00,2.156701837396312813e-02,1.296921231897181226e+00,-8.939183016453150499e-02
8.449465223955816562e-01,6.691941788387483214e-01,-2.138273762771472977e-02,1.079958834067878681e-01,2.233674252772399615e-02,1.272371053114653039e+00,-8.682006063038624766e-02,-2.374880511200403443e-01,1.633298754769392236e-01,1.393375293396365677e+00,2.233674252772399615e-02,1.272371053114653039e+00,-8.682006063038624766e-02
8.459464648354428906e-01,6.690912923472016605e-01,-2.137668868706205441e-02,1.085400808143128504e-01,2.310428185204155965e-02,1.247821414830914577e+00,-8.424420149596623109e-02,-2.319556786507050161e-01,1.617168707844916231e-01,1.380804217411019774e+00,2.310428185204155965e-02,1.247821414830914577e+00,-8.424420149596623109e-02
8.469464072753041251e-01,6.689920146949875912e-01,-2.137060159796918060e-02,1.090882416688453149e-01,2.386958498803928158e-02,1.223272315794604825e+00,-8.166425972325649929e-02,-2.264153572598238962e-01,1.601005246168721308e-01,1.368231783962588155e+00,2.386958498803928158e-02,1.223272315794604825e+00,-8.166425972325649929e-02
8.479463497151653595e-01,6.688963320547807179e-01,-2.136447898529076489e-02,1.096403549723436177e-01,2.463260035020279140e-02,1.198723754734695834e+00,-7.908024246754236097e-02,-2.208668300597168566e-01,1.584808273706935777e-01,1.355657957107522682e+00,2.463260035020279140e-02,1.198723754734695834e+00,-7.908024246754236097e-02
8.489462921550265939e-01,6.688042305514654284e-01,-2.135832345813030303e-02,1.101964099748683479e-01,2.539327612620678395e-02,1.174175730360585534e+00,-7.649215707863152303e-02,-2.153098400953226965e-01,1.568577694365899389e-01,1.343082701416215441e+00,2.539327612620678395e-02,1.174175730360585534e+00,-7.649215707863152303e-02
8.499462345948878284e-01,6.687156962635950608e-01,-2.135213760979732395e-02,1.107563961737916824e-01,2.615156027676322076e-02,1.149628241362179670e+00,-7.390001110209706847e-02,-2.097441303436592408e-01,1.552313411987316649e-01,1.330505981981763508e+00,2.615156027676322076e-02,1.149628241362179670e+00,-7.390001110209706847e-02
8.509461770347490628e-01,6.686307152248140984e-01,-2.134592401776586740e-02,1.113203033130073655e-01,2.690740053548900529e-02,1.125081286409982173e+00,-7.130381228054138987e-02,-2.041694437133111661e-01,1.536015330343468155e-01,1.317927764428725057e+00,2.690740053548900529e-02,1.125081286409982173e+00,-7.130381228054138987e-02
8.519461194746102972e-01,6.685492734252541647e-01,-2.133968524363451247e-02,1.118881213821438514e-01,2.766074440879515151e-02,1.100534864155178871e+00,-6.870356855488152226e-02,-1.985855230439505237e-01,1.519683353132511017e-01,1.305348014921885458e+00,2.766074440879515151e-02,1.100534864155178871e+00,-6.870356855488152226e-02
8.529460619144715317e-01,6.684713568128964889e-01,-2.133342383308770018e-02,1.124598406157781838e-01,2.841153917579566229e-02,1.075988973229728307e+00,-6.609928806565801285e-02,-1.929921111058867100e-01,1.503317383973859500e-01,1.292766700175025596e+00,2.841153917579566229e-02,1.075988973229728307e+00,-6.609928806565801285e-02
8.539460043543327661e-01,6.683969512949050618e-01,-2.132714231585858267e-02,1.130354514926527887e-01,2.915973188823715173e-02,1.051443612246451442e+00,-6.349097915436247019e-02,-1.873889505996462479e-01,1.486917326403627837e-01,1.280183787459691303e+00,2.915973188823715173e-02,1.051443612246451442e+00,-6.349097915436247019e-02
8.549459467941938895e-01,6.683260427389281499e-01,-2.132084320569312130e-02,1.136149447348955011e-01,2.990526937044915221e-02,1.026898779799114925e+00,-6.087865036478917746e-02,-1.817757841555867060e-01,1.470483083870167962e-01,1.267599244613964338e+00,2.990526937044915221e-02,1.026898779799114925e+00,-6.087865036478917746e-02
8.559458892340551239e-01,6.682586169743693905e-01,-2.131452900031553105e-02,1.141983113072401052e-01,3.064809821931419737e-02,1.002354474462520795e+00,-5.826231044440668971e-02,-1.761523543335366815e-01,1.454014559729670530e-01,1.255013040051234263e+00,3.064809821931419737e-02,1.002354474462520795e+00,-5.826231044440668971e-02
8.569458316739163584e-01,6.681946597936285759e-01,-2.130820218139509170e-02,1.147855424162519677e-01,3.138816480425821176e-02,9.778106947925967463e-01,-5.564196834575288464e-02,-1.705184036224733357e-01,1.437511657241853646e-01,1.242425142768978308e+00,3.138816480425821176e-02,9.778106947925967463e-01,-5.564196834575288464e-02
8.579457741137775928e-01,6.681341569533127966e-01,-2.130186521451424286e-02,1.153766295095558780e-01,3.212541526726214042e-02,9.532674393264849444e-01,-5.301763322785116306e-02,-1.648736744402307386e-01,1.420974279565731524e-01,1.229835522357541455e+00,3.212541526726214042e-02,9.532674393264849444e-01,-5.301763322785116306e-02
8.589457165536387162e-01,6.680770941754147207e-01,-2.129552054913792791e-02,1.159715642750670378e-01,3.285979552289230998e-02,9.287247065826305104e-01,-5.038931445764832651e-02,-1.592179091332388829e-01,1.404402329755449208e-01,1.217244149008914311e+00,3.285979552289230998e-02,9.287247065826305104e-01,-5.038931445764832651e-02
8.599456589934999506e-01,6.680234571484638950e-01,-2.128917061858416615e-02,1.165703386402267144e-01,3.359125125835267511e-02,9.041824950608639000e-01,-4.775702161147432623e-02,-1.535508499762973655e-01,1.387795710756208889e-01,1.204650993525516967e+00,3.359125125835267511e-02,9.041824950608639000e-01,-4.775702161147432623e-02
8.609456014333611851e-01,6.679732315286455169e-01,-2.128281783999583926e-02,1.171729447712396704e-01,3.431972793355585194e-02,8.796408032425013790e-01,-4.512076447652546562e-02,-1.478722391723836793e-01,1.371154325400275598e-01,1.192056027328987744e+00,3.431972793355585194e-02,8.796408032425013790e-01,-4.512076447652546562e-02
8.619455438732224195e-01,6.679264029408891190e-01,-2.127646461431379268e-02,1.177793750723179766e-01,3.504517078121537066e-02,8.550996295904264022e-01,-4.248055305236850265e-02,-1.421818188524952009e-01,1.354478076403051456e-01,1.179459222468970392e+00,3.504517078121537066e-02,8.550996295904264022e-01,-4.248055305236850265e-02
8.629454863130836539e-01,6.678829569799293875e-01,-2.127011332625094314e-02,1.183896221849272123e-01,3.576752480695769704e-02,8.305589725491818731e-01,-3.983639755246692893e-02,-1.364793310755244848e-01,1.337766866359243190e-01,1.166860551631903054e+00,3.576752480695769704e-02,8.305589725491818731e-01,-3.983639755246692893e-02
8.639454287529448884e-01,6.678428792113347834e-01,-2.126376634426766637e-02,1.190036789870378142e-01,3.648673478945445997e-02,8.060188305450556312e-01,-3.718830840572989738e-02,-1.307645178281694742e-01,1.321020597739101521e-01,1.154259988149811234e+00,3.648673478945445997e-02,8.060188305450556312e-01,-3.718830840572989738e-02
8.649453711928061228e-01,6.678061551725069656e-01,-2.125742602054827429e-02,1.196215385923807967e-01,3.720274528057496144e-02,7.814792019861753758e-01,-3.453629625808307679e-02,-1.250371210248816534e-01,1.304239172884740783e-01,1.141657506009103207e+00,3.720274528057496144e-02,7.814792019861753758e-01,-3.453629625808307679e-02
8.659453136326673572e-01,6.677727703736504594e-01,-2.125109469097859541e-02,1.202431943497078159e-01,3.791550060555888557e-02,7.569400852625945975e-01,-3.188037197406309864e-02,-1.192968825078461470e-01,1.287422494006552620e-01,1.129053079859367203e+00,3.791550060555888557e-02,7.569400852625945975e-01,-3.188037197406309864e-02
8.669452560725285917e-01,6.677427102987131269e-01,-2.124477467512469325e-02,1.208686398420570768e-01,3.862494486320912357e-02,7.324014787463846154e-01,-2.922054663843187683e-02,-1.135435440470017876e-01,1.270570463179680476e-01,1.116446685022168817e+00,3.862494486320912357e-02,7.324014787463846154e-01,-2.922054663843187683e-02
8.679451985123898261e-01,6.677159604062964382e-01,-2.123846827621255623e-02,1.214978688860229999e-01,3.933102192610490877e-02,7.078633807917193987e-01,-2.655683155781490834e-02,-1.077768473400934762e-01,1.253682982340589280e-01,1.103838297499851961e+00,3.933102192610490877e-02,7.078633807917193987e-01,-2.655683155781490834e-02
8.689451409522510605e-01,6.676925061305364340e-01,-2.123217778110898096e-02,1.221308755310323985e-01,4.003367544083514390e-02,6.833257897349713783e-01,-2.388923826236286074e-02,-1.019965340127663989e-01,1.236759953283719515e-01,1.091227893984342279e+00,4.003367544083514390e-02,6.833257897349713783e-01,-2.388923826236286074e-02
8.699450833921121840e-01,6.676723328819536007e-01,-2.122590546030335423e-02,1.227676540586243037e-01,4.073284882825148334e-02,6.587887038947999319e-01,-2.121777850743339355e-02,-9.620234561869348000e-02,1.219801277658211780e-01,1.078615451865952757e+00,4.073284882825148334e-02,6.587887038947999319e-01,-2.121777850743339355e-02
8.709450258319734184e-01,6.676554260482772118e-01,-2.121965356789051738e-02,1.234081989817381320e-01,4.142848528374291905e-02,6.342521215722340955e-01,-1.854246427529662733e-02,-9.039402363974240184e-02,1.202806856964722393e-01,1.066000949242184470e+00,4.142848528374291905e-02,6.342521215722340955e-01,-1.854246427529662733e-02
8.719449682718346528e-01,6.676417709952360280e-01,-2.121342434155458825e-02,1.240525050440041133e-01,4.212052777752894883e-02,6.097160410507737049e-01,-1.586330777686367766e-02,-8.457130948618248045e-02,1.185776592552322262e-01,1.053384364926542860e+00,4.212052777752894883e-02,6.097160410507737049e-01,-1.586330777686367766e-02
8.729449107116958873e-01,6.676313530673219088e-01,-2.120722000255374773e-02,1.247005672190421438e-01,4.280891905497441474e-02,5.851804605964712191e-01,-1.318032145343611683e-02,-7.873394449692641683e-02,1.168710385615474023e-01,1.040765678457340915e+00,4.280891905497441474e-02,5.851804605964712191e-01,-1.318032145343611683e-02
8.739448531515570107e-01,6.676241575885246693e-01,-2.120104275570598718e-02,1.253523807097650100e-01,4.349360163692381209e-02,5.606453784580255340e-01,-1.049351797848036005e-02,-7.288166993981483321e-02,1.151608137191103276e-01,1.028144870106515896e+00,4.349360163692381209e-02,5.606453784580255340e-01,-1.049351797848036005e-02
8.749447955914182451e-01,6.676201698630359616e-01,-2.119489478937585519e-02,1.260079409476889956e-01,4.417451782005653305e-02,5.361107928668670253e-01,-7.802910259420592354e-03,-6.701422701193721077e-02,1.134469748155731428e-01,1.015521920888435847e+00,4.417451782005653305e-02,5.361107928668670253e-01,-7.802910259420592354e-03
8.759447380312794795e-01,6.676193751759248451e-01,-2.118877827546195025e-02,1.266672435922489848e-01,4.485160967726190689e-02,5.115767020372536944e-01,-5.108511439459284542e-03,-6.113135683999559866e-02,1.117295119222723870e-01,1.002896812568719653e+00,4.485160967726190689e-02,5.115767020372536944e-01,-5.108511439459284542e-03
8.769446804711407140e-01,6.676217587937854914e-01,-2.118269536938544723e-02,1.273302845301218233e-01,4.552481905803512641e-02,4.870431041663583205e-01,-2.410334899416166632e-03,-5.523280048070677156e-02,1.100084150939599076e-01,9.902695276730506535e-01,4.552481905803512641e-02,4.870431041663583205e-01,-2.410334899416166632e-03
8.779446229110019484e-01,6.676273059653550224e-01,-2.117664821007945314e-02,1.279970598745541754e-01,4.619408758889327615e-02,4.625099974343578335e-01,2.916057404076244364e-04,-4.931829892124524328e-02,1.082836743685435393e-01,9.776400494959956999e-01,4.619408758889327615e-02,4.625099974343578335e-01,2.916057404076244364e-04
8.789445653508631828e-01,6.676360019221012632e-01,-2.117063891997917821e-02,1.286675659646988046e-01,4.685935667381233710e-02,4.379773800045210219e-01,2.997296618345635100e-03,-4.338759307972812201e-02,1.065552797668348345e-01,9.650083621098188846e-01,4.685935667381233710e-02,4.379773800045210219e-01,2.997296618345635100e-03
8.799445077907244173e-01,6.676478318787837374e-01,-2.116466960501305061e-02,1.293417993649560171e-01,4.752056749468420299e-02,4.134452500233042338e-01,5.706723629455984215e-03,-3.744042380574175155e-02,1.048232212923077555e-01,9.523744503733074795e-01,4.752056749468420299e-02,4.134452500233042338e-01,5.706723629455984215e-03
8.809444502305856517e-01,6.676627810339843538e-01,-2.115874235459454938e-02,1.300197568643220170e-01,4.817766101179444399e-02,3.889136056204368086e-01,8.419872423591517885e-03,-3.147653188090868137e-02,1.030874889308638909e-01,9.397382999405878845e-01,4.817766101179444399e-02,3.889136056204368086e-01,8.419872423591517885e-03
8.819443926704468861e-01,6.676808345706104486e-01,-2.115285924161481104e-02,1.307014354757455588e-01,4.883057796432104664e-02,3.643824449090137807e-01,1.113672840344623327e-02,-2.549565801950028077e-02,1.013480726506075236e-01,9.270998972699523444e-01,4.883057796432104664e-02,3.643824449090137807e-01,1.113672840344623327e-02
8.829443351103081206e-01,6.677019776563681841e-01,-2.114702232243616600e-02,1.313868324354888761e-01,4.947925887085359575e-02,3.398517659855795348e-01,1.385727672258024734e-02,-1.949754286908616380e-02,9.960496240162808324e-02,9.144592296326743419e-01,4.947925887085359575e-02,3.398517659855795348e-01,1.385727672258024734e-02
8.839442775501693550e-01,6.677261954442079706e-01,-2.114123363688632726e-02,1.320759452024987679e-01,5.012364402993305795e-02,3.153215669302262270e-01,1.658150228342000765e-02,-1.348192701123571841e-02,9.785814811579349182e-02,9.018162851218403109e-01,5.012364402993305795e-02,3.153215669302262270e-01,1.658150228342000765e-02
8.849442199900305894e-01,6.677534730727407997e-01,-2.113549520825333539e-02,1.327687714577815148e-01,5.076367352061282590e-02,2.907918458066778844e-01,1.930938973523843583e-02,-7.448550962254548574e-03,9.610761970655005981e-02,8.891710526611693588e-01,5.076367352061282590e-02,2.907918458066778844e-01,1.930938973523843583e-02
8.859441624298917128e-01,6.677837956666268227e-01,-2.112980904328132931e-02,1.334653091037877881e-01,5.139928720304027393e-02,2.662626006623829977e-01,2.204092347211061842e-02,-1.397155173970880638e-03,9.435336706873298507e-02,8.765235220138400951e-01,5.139928720304027393e-02,2.662626006623829977e-01,2.204092347211061842e-02
8.869441048697529473e-01,6.678171483369346184e-01,-2.112417713216683743e-02,1.341655562638031374e-01,5.203042471905976879e-02,2.417338295285979821e-01,2.477608763084929167e-02,4.672519965437513766e-03,9.259538007838359619e-02,8.638736837913136846e-01,5.203042471905976879e-02,2.417338295285979821e-01,2.477608763084929167e-02
8.879440473096141817e-01,6.678535161814727061e-01,-2.111860144855603333e-02,1.348695112813459995e-01,5.265702549283610839e-02,2.172055304204865422e-01,2.751486608891459684e-02,1.076073413056741895e-02,9.083364859257851698e-02,8.512215294621646722e-01,5.265702549283610839e-02,2.172055304204865422e-01,2.751486608891459684e-02
8.889439897494754161e-01,6.678928842850909708e-01,-2.111308394954252918e-02,1.355771727195730358e-01,5.327902873149967938e-02,1.926777013372021341e-01,3.025724246230487857e-02,1.686774705787300738e-02,8.906816244926431259e-02,8.385670513609029264e-01,5.327902873149967938e-02,1.926777013372021341e-01,3.025724246230487857e-02
8.899439321893365396e-01,6.679352377199578861e-01,-2.110762657566573469e-02,1.362885393606933226e-01,5.389637342581256318e-02,1.681503402619802801e-01,3.300320010342175370e-02,2.299381854469905589e-02,8.729891146710469507e-02,8.259102426968043531e-01,5.389637342581256318e-02,1.681503402619802801e-01,3.300320010342175370e-02
8.909438746291977740e-01,6.679805615458037638e-01,-2.110223125091014590e-02,1.370036102053865945e-01,5.450899835085584039e-02,1.436234451622241393e-01,3.575272209891672270e-02,2.913920844827395940e-02,8.552588544533283599e-02,8.132510975627330607e-01,5.450899835085584039e-02,1.436234451622241393e-01,3.575272209891672270e-02
8.919438170690590084e-01,6.680288408101404674e-01,-2.109689988270503636e-02,1.377223844722331447e-01,5.511684206673871794e-02,1.190970139896003616e-01,3.850579126751077497e-02,3.530417668464717884e-02,8.374907416361659918e-02,8.005896109439734065e-01,5.511684206673871794e-02,1.190970139896003616e-01,3.850579126751077497e-02
8.929437595089202429e-01,6.680800605484502608e-01,-2.109163436192484919e-02,1.384448615971480834e-01,5.571984291932857020e-02,9.457104468012333953e-02,4.126239015779542552e-02,4.148898322758858004e-02,8.196846738193032389e-02,7.879257787270540492e-01,5.571984291932857020e-02,9.457104468012333953e-02,4.126239015779542552e-02
8.939437019487814773e-01,6.681342057843473459e-01,-2.108643656289027613e-02,1.391710412328240332e-01,5.631793904100301784e-02,7.004553515424716270e-02,4.402250104600971548e-02,4.769388810743530049e-02,8.018405484043653053e-02,7.752595977085754431e-01,5.631793904100301784e-02,7.004553515424716270e-02,4.402250104600971548e-02
8.949436443886427117e-01,6.681912615297117553e-01,-2.108130834336982562e-02,1.399009232481829568e-01,5.691106835142371867e-02,4.552048331695013328e-02,4.678610593379553539e-02,5.391915140989279182e-02,7.839582625937678573e-02,7.625910656040347790e-01,5.691106835142371867e-02,4.552048331695013328e-02,4.678610593379553539e-02
8.959435868285039462e-01,6.682512127847932693e-01,-2.107625154458200867e-02,1.406345077278332578e-01,5.749916855833149543e-02,2.099588705783155679e-02,4.955318654593021677e-02,6.016503327478526369e-02,7.660377133897244839e-02,7.499201810566552551e-01,5.749916855833149543e-02,2.099588705783155679e-02,4.955318654593021677e-02
8.969435292683651806e-01,6.683140445382895756e-01,-2.107126799119813862e-02,1.413717949715348199e-01,5.808217715836386241e-02,-3.528255748806065004e-03,5.232372432803727991e-02,6.643179389476230878e-02,7.480787975933342326e-02,7.372469436462085746e-01,5.808217715836386241e-02,-3.528255748806065004e-03,5.232372432803727991e-02
8.979434717082264150e-01,6.683797417673956742e-01,-2.106635949134560287e-02,1.421127854936748702e-01,5.866003143789427082e-02,-2.805194724386302074e-02,5.509770044427542146e-02,7.271969351394906578e-02,7.300814118037762812e-02,7.245713538978419965e-01,5.866003143789427082e-02,-2.805194724386302074e-02,5.509770044427542146e-02
8.989434141480876495e-01,6.684482894378229734e-01,-2.106152783661181804e-02,1.428574800227465080e-01,5.923266847389378059e-02,-5.257518958335983400e-02,5.787509577500485336e-02,7.902899242655647694e-02,7.120454524175844069e-02,7.118934132908988355e-01,5.923266847389378059e-02,-5.257518958335983400e-02,5.787509577500485336e-02
8.999433565879488839e-01,6.685196725037938492e-01,-2.105677480204852514e-02,1.436058795008386402e-01,5.980002513481454812e-02,-7.709798493834166266e-02,6.065589091443202019e-02,8.535995097543232213e-02,6.939708156280272044e-02,6.992131242677457337e-01,5.980002513481454812e-02,-7.709798493834166266e-02,6.065589091443202019e-02
9.009432990278100073e-01,6.685938759080068960e-01,-2.105210214617674394e-02,1.443579850831320788e-01,6.036203808149610828e-02,-1.016203354947916859e-01,6.344006616823161249e-02,9.171282955056761499e-02,6.758573974245843385e-02,6.865304902425931610e-01,6.036203808149610828e-02,-1.016203354947916859e-01,6.344006616823161249e-02
9.019432414676712417e-01,6.686708845815718671e-01,-2.104751161099228940e-02,1.451137981374034380e-01,6.091864376809384696e-02,-1.261422434535468817e-01,6.622760155114851277e-02,9.808788858755206064e-02,6.577050935924999564e-02,6.738455156103129173e-01,6.091864376809384696e-02,-1.261422434535468817e-01,6.622760155114851277e-02
9.029431839075324762e-01,6.687506834439209680e-01,-2.104300492197147196e-02,1.458733202435374687e-01,6.146977844303042754e-02,-1.506637110302025684e-01,6.901847678457526114e-02,1.044853885659743353e-01,6.395137997124572538e-02,6.611582057552627401e-01,6.146977844303042754e-02,-1.506637110302025684e-01,6.901847678457526114e-02
9.039431263473937106e-01,6.688332574026886190e-01,-2.103858378807773460e-02,1.466365531930453880e-01,6.201537814996969933e-02,-1.751847404550284093e-01,7.181267129410998096e-02,1.109055900077760559e-01,6.212834111603315890e-02,6.484685670601010310e-01,6.201537814996969933e-02,-1.751847404550284093e-01,7.181267129410998096e-02
9.049430687872548340e-01,6.689185913535654615e-01,-2.103424990176838011e-02,1.474034989885913138e-01,6.255537872881340722e-02,-1.997053339728756816e-01,7.461016420709171149e-02,1.173487534755505990e-01,6.030138231070439336e-02,6.357766069146042476e-01,6.255537872881340722e-02,-1.997053339728756816e-01,7.461016420709171149e-02
9.059430112271160684e-01,6.690066701801228310e-01,-2.103000493900189158e-02,1.481741598435288298e-01,6.308971581672159767e-02,-2.242254938430979783e-01,7.741093435011442425e-02,1.238151395707911273e-01,5.847049305185141738e-02,6.230823337244784099e-01,6.308971581672159767e-02,-2.242254938430979783e-01,7.741093435011442425e-02
9.069429536669773029e-01,6.690974787536115853e-01,-2.102585055924584279e-02,1.489485381814409093e-01,6.361832484915524999e-02,-2.487452223394505113e-01,8.021496024651830759e-02,1.303050089320831328e-01,5.663566281557159965e-02,6.103857569201761590e-01,6.361832484915524999e-02,-2.487452223394505113e-01,8.021496024651830759e-02
9.079428961068385373e-01,6.691910019327291792e-01,-2.102178840548494382e-02,1.497266366356899969e-01,6.414114106094304102e-02,-2.732645217500113133e-01,8.302222011386156675e-02,1.368186222332483382e-01,5.479688105748183047e-02,5.976868869657037120e-01,6.414114106094304102e-02,-2.732645217500113133e-01,8.302222011386156675e-02
9.089428385466997717e-01,6.692872245633643136e-01,-2.101782010422984306e-02,1.505084580489746138e-01,6.465809948737105683e-02,-2.977833943770870073e-01,8.583269186136885387e-02,1.433562401814309217e-01,5.295413721274391111e-02,5.849857353674305926e-01,6.465809948737105683e-02,-2.977833943770870073e-01,8.583269186136885387e-02
9.099427809865610062e-01,6.693861314783088323e-01,-2.101394726552607145e-02,1.512940054728946770e-01,6.516913496529677663e-02,-3.223018425371317885e-01,8.864635308736040775e-02,1.499181235151327840e-01,5.110742069609854055e-02,5.722823146828927010e-01,6.516913496529677663e-02,-3.223018425371317885e-01,8.864635308736040775e-02
9.109427234264222406e-01,6.694877074969437514e-01,-2.101017148296357648e-02,1.520832821675219271e-01,6.567418213428577456e-02,-3.468198685606507792e-01,9.146318107665740715e-02,1.565045330021912762e-01,4.925672090191063335e-02,5.595766385295978251e-01,6.567418213428577456e-02,-3.468198685606507792e-01,9.146318107665740715e-02
9.119426658662834750e-01,6.695916555803448356e-01,-2.100647901049158134e-02,1.528763943067434072e-01,6.617328632282749867e-02,-3.713375047304808274e-01,9.428296573161208671e-02,1.631157378273117298e-01,4.740219259549515590e-02,5.468687000973780910e-01,6.617328632282749867e-02,-3.713375047304808274e-01,9.428296573161208671e-02
9.129426083061447095e-01,6.696985047694165027e-01,-2.100290096811119681e-02,1.536731471045541253e-01,6.666376679203184219e-02,-3.953627755312312808e-01,9.702583096291846065e-02,1.696132704717701056e-01,4.560038573062413086e-02,5.345115297995380876e-01,6.666376679203184219e-02,-3.953627755312312808e-01,9.702583096291846065e-02
9.139425507460059439e-01,6.698078456241579604e-01,-2.099941746890714861e-02,1.544736880860682338e-01,6.714362352830730019e-02,-4.184023426683078362e-01,9.961097406331134718e-02,1.758566636566092078e-01,4.390871740285849645e-02,5.228592508421692209e-01,6.714362352830730019e-02,-4.184023426683078362e-01,9.961097406331134718e-02
9.149424931858671783e-01,6.699195350026661000e-01,-2.099602301289749465e-02,1.552780675701428692e-01,6.761331814115556504e-02,-4.404547070641293138e-01,1.020379439011221689e-01,1.818433059500299542e-01,4.232764958912165615e-02,5.119131269784712446e-01,6.761331814115556504e-02,-4.404547070641293138e-01,1.020379439011221689e-01
9.159424356257284128e-01,6.700334274683882319e-01,-2.099271191518885943e-02,1.560863366192384583e-01,6.807332807663842023e-02,-4.615198976934597463e-01,1.043065395510664323e-01,1.875709866536847958e-01,4.085747010779741673e-02,5.016733230027751178e-01,6.807332807663842023e-02,-4.615198976934597463e-01,1.043065395510664323e-01
9.169423780655895362e-01,6.701493774672347969e-01,-2.098947842825512819e-02,1.568985462130235153e-01,6.852413807797509693e-02,-4.815979432531202198e-01,1.064165626654197533e-01,1.930374660877804127e-01,3.949846791348420039e-02,4.921400011444777012e-01,6.852413807797509693e-02,-4.815979432531202198e-01,1.064165626654197533e-01
9.179423205054507706e-01,6.702672393174171628e-01,-2.098631674505720829e-02,1.577147472204929179e-01,6.896624020959674084e-02,-5.006888721601672199e-01,1.083678175181438108e-01,1.982404755899155047e-01,3.825093309865335023e-02,4.833133209103372407e-01,6.896624020959674084e-02,-5.006888721601672199e-01,1.083678175181438108e-01
9.189422629453120051e-01,6.703868671998207684e-01,-2.098322100195023493e-02,1.585349903733457300e-01,6.940013388012034046e-02,-5.187927125501629044e-01,1.101601110489514590e-01,2.031777175143669179e-01,3.711515689541148438e-02,4.751934389252490676e-01,6.940013388012034046e-02,-5.187927125501629044e-01,1.101601110489514590e-01
9.199422053851732395e-01,6.705081151489135083e-01,-2.098018528137798183e-02,1.593593262406209354e-01,6.982632586423884180e-02,-5.359094922755530677e-01,1.117932529073123321e-01,2.078468652318406773e-01,3.609143167736136859e-02,4.677805087714924093e-01,6.982632586423884180e-02,-5.359094922755530677e-01,1.117932529073123321e-01
9.209421478250343629e-01,6.706308370441924627e-01,-2.097720361435490011e-02,1.601878052045922485e-01,7.024533032352509032e-02,-5.520392389041444137e-01,1.132670554964000376e-01,2.122455631296965850e-01,3.518005096155779610e-02,4.610746808264580832e-01,7.024533032352509032e-02,-5.520392389041444137e-01,1.132670554964000376e-01
9.219420902648955973e-01,6.707548866021671996e-01,-2.097426998273518167e-02,1.610204774379217219e-01,7.065766882614593625e-02,-5.671819797176839151e-01,1.145813340169801048e-01,2.163714266126606500e-01,3.438130941055425605e-02,4.550761020988520200e-01,7.065766882614593625e-02,-5.671819797176839151e-01,1.145813340169801048e-01
9.229420327047568318e-01,6.708801173688797581e-01,-2.097137832126926005e-02,1.618573928820715158e-01,7.106387036548467151e-02,-5.813377417105295430e-01,1.157359065112381485e-01,2.202220421040336495e-01,3.369550283453716377e-02,4.497849160633821675e-01,7.106387036548467151e-02,-5.813377417105295430e-01,1.157359065112381485e-01
9.239419751446180662e-01,6.710063827129603142e-01,-2.096852251944748141e-02,1.626986012269770188e-01,7.146447137766943902e-02,-5.945065515884291329e-01,1.167305939065488712e-01,2.237949670474121966e-01,3.312292819354394069e-02,4.452012624939246099e-01,7.146447137766943902e-02,-5.945065515884291329e-01,1.167305939065488712e-01
9.249419175844793006e-01,6.711335358192160871e-01,-2.096569642313097365e-02,1.635441518919783788e-01,7.186001575800506080e-02,-6.066884357673932859e-01,1.175652200591828928e-01,2.270877299089324453e-01,3.266388359976149514e-02,4.413252772951722913e-01,7.186001575800506080e-02,-6.066884357673932859e-01,1.175652200591828928e-01
9.259418600243405351e-01,6.712614296827521532e-01,-2.096289383596961625e-02,1.643940940080145796e-01,7.225105487630713308e-02,-6.178834203726725205e-01,1.182396117979514910e-01,2.300978301800502834e-01,3.231866831990254374e-02,4.381570923327671729e-01,7.225105487630713308e-02,-6.178834203726725205e-01,1.182396117979514910e-01
9.269418024642017695e-01,6.713899171036198377e-01,-2.096010852060701396e-02,1.652484764010803409e-01,7.263814759113601527e-02,-6.280915312378233528e-01,1.187535989677856313e-01,2.328227383808668394e-01,3.208758277765717815e-02,4.356968352619204343e-01,7.263814759113601527e-02,-6.280915312378233528e-01,1.187535989677856313e-01
9.279417449040630039e-01,6.715188506819914638e-01,-2.095733419967273775e-02,1.661073475769460905e-01,7.302186026292921406e-02,-6.373127939038822909e-01,1.191070144732487152e-01,2.352598960640172598e-01,3.197092855621608276e-02,4.339446293545157207e-01,7.302186026292921406e-02,-6.373127939038822909e-01,1.191070144732487152e-01
9.289416873439242384e-01,6.716480828138556847e-01,-2.095456455656125039e-02,1.669707557071436199e-01,7.340276676603110784e-02,-6.455472336186307558e-01,1.192996943219793299e-01,2.374067158191314475e-01,3.196900840086359941e-02,4.329005933247035975e-01,7.340276676603110784e-02,-6.455472336186307558e-01,1.192996943219793299e-01
9.299416297837854728e-01,6.717774656872307348e-01,-2.095179323599800220e-02,1.678387486162189191e-01,7.378144849961823515e-02,-6.527948753359650302e-01,1.193314776680613198e-01,2.392605812778813568e-01,3.208212622163816863e-02,4.325648411529831594e-01,7.378144849961823515e-02,-6.527948753359650302e-01,1.193314776680613198e-01
9.309415722236467072e-01,6.719842594000100533e-01,-2.095333587543751763e-02,1.686841117483945940e-01,7.412848821032165525e-02,-6.595388541835606189e-01,1.193334333698811284e-01,2.409625807279894005e-01,3.220737824966035667e-02,4.325903845504529555e-01,7.412848821032165525e-02,-6.595388541835606189e-01,1.193334333698811284e-01
9.319415146635078306e-01,6.721914112935339913e-01,-2.095489445639699827e-02,1.695341455219940008e-01,7.447559762707114950e-02,-6.662807540288808728e-01,1.193355458870732771e-01,2.426610141916311358e-01,3.233260006032973727e-02,4.326168766479887018e-01,7.447559762707114950e-02,-6.662807540288808728e-01,1.193355458870732771e-01
9.329414571033690651e-01,6.723985827055859454e-01,-2.095645192104251403e-02,1.703889662057796461e-01,7.482290867284907554e-02,-6.730226483870344056e-01,1.193379380308913218e-01,2.443564969586205782e-01,3.245774286467273395e-02,4.326428166584460611e-01,7.482290867284907554e-02,-6.730226483870344056e-01,1.193379380308913218e-01
9.339413995432302995e-01,6.726057560129593549e-01,-2.095800914230970535e-02,1.712485765991090814e-01,7.517042131999512877e-02,-6.797645372593819069e-01,1.193406102288546156e-01,2.460490293974331444e-01,3.258280667143328979e-02,4.326681934368563076e-01,7.517042131999512877e-02,-6.797645372593819069e-01,1.193406102288546156e-01
9.349413419830915339e-01,6.728129134920325383e-01,-2.095956699810869531e-02,1.721129794787590039e-01,7.551813553487081443e-02,-6.865064206475804953e-01,1.193435629138444171e-01,2.477386119022844668e-01,3.270779148863513924e-02,4.326929957789885650e-01,7.551813553487081443e-02,-6.865064206475804953e-01,1.193435629138444171e-01
9.359412844229526574e-01,6.730200373187217311e-01,-2.096112637132631004e-02,1.729821775983184373e-01,7.586605127783951907e-02,-6.932482985535841635e-01,1.193467965241037654e-01,2.494252448935081468e-01,3.283269732359340304e-02,4.327172124213923277e-01,7.586605127783951907e-02,-6.932482985535841635e-01,1.193467965241037654e-01
9.369412268628138918e-01,6.732271095684378981e-01,-2.096268814982824372e-02,1.738561736875766373e-01,7.621416850324616576e-02,-6.999901709796461091e-01,1.193503115032356621e-01,2.511089288179352286e-01,3.295752418292680064e-02,4.327408320414442011e-01,7.621416850324616576e-02,-6.999901709796461091e-01,1.193503115032356621e-01
9.379411693026751262e-01,6.734341122160437676e-01,-2.096425322646119221e-02,1.747349704519081670e-01,7.656248715939670269e-02,-7.067320379283179577e-01,1.193541083002020858e-01,2.527896641492760610e-01,3.308227207256973779e-02,4.327638432573933103e-01,7.656248715939670269e-02,-7.067320379283179577e-01,1.193541083002020858e-01
9.389411117425363607e-01,6.736410271358139745e-01,-2.096582249905477174e-02,1.756185705716548084e-01,7.691100718853727258e-02,-7.134738994024510950e-01,1.193581873693220080e-01,2.544674513885040734e-01,3.320694099778430386e-02,4.327862346284101491e-01,7.691100718853727258e-02,-7.134738994024510950e-01,1.193581873693220080e-01
9.399410541823975951e-01,6.738478361013950924e-01,-2.096739687042359357e-02,1.765069767015031155e-01,7.725972852683349323e-02,-7.202157554051976662e-01,1.193625491702697272e-01,2.561422910642408013e-01,3.333153096317241493e-02,4.328079946546364298e-01,7.725972852683349323e-02,-7.202157554051976662e-01,1.193625491702697272e-01
9.409409966222588295e-01,6.740545207857699950e-01,-2.096897724836902996e-02,1.774001914698604965e-01,7.760865110434900238e-02,-7.269576059400144619e-01,1.193671941680727322e-01,2.578141837331441866e-01,3.345604197268793600e-02,4.328291117772357088e-01,7.760865110434900238e-02,-7.269576059400144619e-01,1.193671941680727322e-01
9.419409390621200640e-01,6.742610627612201091e-01,-2.097056454568094544e-02,1.782982174782244134e-01,7.795777484502418309e-02,-7.336994510106591427e-01,1.193721228331090650e-01,2.594831299802971003e-01,3.358047402964885186e-02,4.328495743784454564e-01,7.795777484502418309e-02,-7.336994510106591427e-01,1.193721228331090650e-01
9.429408815019812984e-01,6.744674434992925516e-01,-2.097215968013944887e-02,1.792010573005524687e-01,7.830709966665461153e-02,-7.404412906211944589e-01,1.193773356411052949e-01,2.611491304195991958e-01,3.370482713674938235e-02,4.328693707816320124e-01,7.830709966665461153e-02,-7.404412906211944589e-01,1.193773356411052949e-01
9.439408239418425328e-01,6.746736443707680442e-01,-2.097376357451648937e-02,1.801087134826252767e-01,7.865662548086897743e-02,-7.471831247759885830e-01,1.193828330731333265e-01,2.628121856941596501e-01,3.382910129607215322e-02,4.328884892513448768e-01,7.865662548086897743e-02,-7.471831247759885830e-01,1.193828330731333265e-01
9.449407663817037673e-01,6.748796466456309373e-01,-2.097537715657725454e-02,1.810211885414081401e-01,7.900635219310728208e-02,-7.539249534797172192e-01,1.193886156156072353e-01,2.644722964766934581e-01,3.395329650910054731e-02,4.329069179933748845e-01,7.900635219310728208e-02,-7.539249534797172192e-01,1.193886156156072353e-01
9.459407088215650017e-01,6.750854314930397893e-01,-2.097700135908169700e-02,1.819384849644080093e-01,7.935627970259828690e-02,-7.606667767373620492e-01,1.193946837602803679e-01,2.661294634699166717e-01,3.407741277673065339e-02,4.329246451548113828e-01,7.935627970259828690e-02,-7.606667767373620492e-01,1.193946837602803679e-01
9.469406512614262361e-01,6.752909799813014979e-01,-2.097863711978580764e-02,1.828606052090282486e-01,7.970640790233708695e-02,-7.674085945542145071e-01,1.194010380042416636e-01,2.677836874069467465e-01,3.420145009928382551e-02,4.329416588241032926e-01,7.970640790233708695e-02,-7.674085945542145071e-01,1.194010380042416636e-01
9.479405937012873595e-01,6.754962730778466540e-01,-2.098028538144281266e-02,1.837875517019186833e-01,8.005673667906250401e-02,-7.741504069358757789e-01,1.194076788499118524e-01,2.694349690517027218e-01,3.432540847651870120e-02,4.329579470311203937e-01,8.005673667906250401e-02,-7.741504069358757789e-01,1.194076788499118524e-01
9.489405361411485940e-01,6.757012916492055599e-01,-2.098194709180436351e-02,1.847193268383228171e-01,8.040726591323378580e-02,-7.808922138882585795e-01,1.194146068050394444e-01,2.710833091993086197e-01,3.444928790764362203e-02,4.329734977472158852e-01,8.040726591323378580e-02,-7.808922138882585795e-01,1.194146068050394444e-01
9.499404785810098284e-01,6.759060164609893562e-01,-2.098362320362151187e-02,1.856559329814223280e-01,8.075799547900777697e-02,-7.876340154175871522e-01,1.194218223826966768e-01,2.727287086764967339e-01,3.457308839132877676e-02,4.329882988852922221e-01,8.075799547900777697e-02,-7.876340154175871522e-01,1.194218223826966768e-01
9.509404210208710628e-01,6.761104281778690384e-01,-2.098531467464567063e-02,1.865973724616756257e-01,8.110892524421517424e-02,-7.943758115303984901e-01,1.194293261012747548e-01,2.743711683420160252e-01,3.469680992571880229e-02,4.330023382998667292e-01,8.110892524421517424e-02,-7.943758115303984901e-01,1.194293261012747548e-01
9.519403634607321862e-01,6.763145073635604687e-01,-2.098702246762945700e-02,1.875436475761569910e-01,8.146005507033714232e-02,-8.011176022335454450e-01,1.194371184844794515e-01,2.760106890870382967e-01,3.482045250844478107e-02,4.330156037871398800e-01,8.146005507033714232e-02,-8.011176022335454450e-01,1.194371184844794515e-01
9.529403059005934207e-01,6.765182344808082782e-01,-2.098874755032739681e-02,1.884947605878883881e-01,8.181138481248133310e-02,-8.078593875341965047e-01,1.194452000613257930e-01,2.776472718355706970e-01,3.494401613663694617e-02,4.330280830850648521e-01,8.181138481248133310e-02,-8.078593875341965047e-01,1.194452000613257930e-01
9.539402483404546551e-01,6.767215898913744310e-01,-2.099049089549657673e-02,1.894507137251698337e-01,8.216291431935775214e-02,-8.146011674398357938e-01,1.194535713661332016e-01,2.792809175448661696e-01,3.506750080693668559e-02,4.330397638734199139e-01,8.216291431935775214e-02,-8.146011674398357938e-01,1.194535713661332016e-01
9.549401907803158895e-01,6.769245538560257902e-01,-2.099225348089716475e-02,1.904115091809066018e-01,8.251464343325452810e-02,-8.213429419582665147e-01,1.194622329385197218e-01,2.809116272058375663e-01,3.519090651550926818e-02,4.330506337738793121e-01,8.251464343325452810e-02,-8.213429419582665147e-01,1.194622329385197218e-01
9.559401332201771240e-01,6.771271065345274565e-01,-2.099403628929282298e-02,1.913771491119310719e-01,8.286657199001346008e-02,-8.280847110976107261e-01,1.194711853233965532e-01,2.825394018434747023e-01,3.531423325805602143e-02,4.330606803500907098e-01,8.286657199001346008e-02,-8.280847110976107261e-01,1.194711853233965532e-01
9.569400756600383584e-01,6.773292279856354403e-01,-2.099584030845101298e-02,1.923476356383239660e-01,8.321869981900516244e-02,-8.348264748663117851e-01,1.194804290709619854e-01,2.841642425172608566e-01,3.543748102982693243e-02,4.330698911077495161e-01,8.321869981900516244e-02,-8.348264748663117851e-01,1.194804290709619854e-01
9.579400180998995928e-01,6.775308981670934427e-01,-2.099766653114323520e-02,1.933229708427295357e-01,8.357102674310395996e-02,-8.415682332731333481e-01,1.194899647366951534e-01,2.857861503215926580e-01,3.556064982563298532e-02,4.330782534946788775e-01,8.357102674310395996e-02,-8.415682332731333481e-01,1.194899647366951534e-01
9.589399605397608273e-01,6.777320969356303015e-01,-2.099951595514504277e-02,1.943031567696692496e-01,8.392355257866307428e-02,-8.483099863271643670e-01,1.194997928813494870e-01,2.874051263862014149e-01,3.568373963985865122e-02,4.330857549009084484e-01,8.392355257866307428e-02,-8.483099863271643670e-01,1.194997928813494870e-01
9.599399029796220617e-01,6.779328040469604355e-01,-2.100138958323609015e-02,1.952881954248504581e-01,8.427627713548883903e-02,-8.550517340378150921e-01,1.195099140709462715e-01,2.890211718765762217e-01,3.580675046647439907e-02,4.330923826587572134e-01,8.427627713548883903e-02,-8.550517340378150921e-01,1.195099140709462715e-01
9.609398454194832961e-01,6.781329991557875081e-01,-2.100328842319998390e-02,1.962780887744729752e-01,8.462920021681538674e-02,-8.617934764148247329e-01,1.195203288767673622e-01,2.906342879943897284e-01,3.592968229904919264e-02,4.330981240429164214e-01,8.462920021681538674e-02,-8.617934764148247329e-01,1.195203288767673622e-01
9.619397878593445306e-01,6.783326618158087573e-01,-2.100521348782394618e-02,1.972728387445319143e-01,8.498232161927846140e-02,-8.685352134682557956e-01,1.195310378753481201e-01,2.922444759779239121e-01,3.605253513076292493e-02,4.331029662705360161e-01,8.498232161927846140e-02,-8.685352134682557956e-01,1.195310378753481201e-01
9.629397302992056540e-01,6.785317714797221011e-01,-2.100716579489859959e-02,1.982724472201163879e-01,8.533564113288974462e-02,-8.752769452085018553e-01,1.195420416484699461e-01,2.938517371024987890e-01,3.617530895441907479e-02,4.331068965013109562e-01,8.533564113288974462e-02,-8.752769452085018553e-01,1.195420416484699461e-01
9.639396727390668884e-01,6.787303074992374619e-01,-2.100914636721734965e-02,1.992769160447058763e-01,8.568915854101016860e-02,-8.820186716462842247e-01,1.195533407831522038e-01,2.954560726809042359e-01,3.629800376245723853e-02,4.331099018375714760e-01,8.568915854101016860e-02,-8.820186716462842247e-01,1.195533407831522038e-01
9.649396151789281229e-01,6.789282491250880902e-01,-2.101115623257579848e-02,2.002862470194624323e-01,8.604287362032377040e-02,-8.887603927926558400e-01,1.195649358716447119e-01,2.970574840638308678e-01,3.642061954696564074e-02,4.331119693243736246e-01,8.604287362032377040e-02,-8.887603927926558400e-01,1.195649358716447119e-01
9.659395576187893573e-01,6.791255755070447764e-01,-2.101319642377103003e-02,2.013004419025194724e-01,8.639678614081074126e-02,-8.955021086590011503e-01,1.195768275114189316e-01,2.986559726403045234e-01,3.654315629969361046e-02,4.331130859495921359e-01,8.639678614081074126e-02,-8.955021086590011503e-01,1.195768275114189316e-01
9.669395000586504807e-01,6.793222656939348347e-01,-2.101526797860077400e-02,2.023195024082679594e-01,8.675089586572055922e-02,-9.022438192570373383e-01,1.195890163051597371e-01,3.002515398381221945e-01,3.666561401206449439e-02,4.331132386440166848e-01,8.675089586572055922e-02,-9.022438192570373383e-01,1.195890163051597371e-01
9.679394424985117151e-01,6.795182986336608666e-01,-2.101737193986237540e-02,2.033434302066391142e-01,8.710520255154498293e-02,-9.089855245988184285e-01,1.196015028607564923e-01,3.018441871242897312e-01,3.678799267518804983e-02,4.331124142814474776e-01,8.710520255154498293e-02,-9.089855245988184285e-01,1.196015028607564923e-01
9.689393849383729496e-01,6.797136531732230758e-01,-2.101950935535168083e-02,2.043722269223815502e-01,8.745970594799036546e-02,-9.157272246967325113e-01,1.196142877912939745e-01,3.034339160054614348e-01,3.691029227987301792e-02,4.331105996787947277e-01,8.745970594799036546e-02,-9.157272246967325113e-01,1.196142877912939745e-01
9.699393273782341840e-01,6.799083080587449146e-01,-2.102168127786185892e-02,2.054058941343391287e-01,8.781440579795037060e-02,-9.224689195635066286e-01,1.196273717150429100e-01,3.050207280283805944e-01,3.703251281664000916e-02,4.331077815961794641e-01,8.781440579795037060e-02,-9.224689195635066286e-01,1.196273717150429100e-01
9.709392698180954184e-01,6.801022419355011728e-01,-2.102388876518195698e-02,2.064444333747212923e-01,8.816930183747805072e-02,-9.292106092122045524e-01,1.196407552554504261e-01,3.066046247803231872e-01,3.715465427573397261e-02,4.331039467370374485e-01,8.816930183747805072e-02,-9.292106092122045524e-01,1.196407552554504261e-01
9.719392122579566529e-01,6.802954333479463989e-01,-2.102613288009545084e-02,2.074878461283728992e-01,8.852439379575782752e-02,-9.359522936562327811e-01,1.196544390411302672e-01,3.081856078895421902e-01,3.727671664713687327e-02,4.330990817482225363e-01,8.852439379575782752e-02,-9.359522936562327811e-01,1.196544390411302672e-01
9.729391546978178873e-01,6.804878607397503165e-01,-2.102841469037855515e-02,2.085361338320396718e-01,8.887968139507725074e-02,-9.426939729093377629e-01,1.196684237058521921e-01,3.097636790257136674e-01,3.739869992058057757e-02,4.330931732201150908e-01,8.887968139507725074e-02,-9.426939729093377629e-01,1.196684237058521921e-01
9.739390971376791217e-01,6.806795024538324634e-01,-2.103073526879848179e-02,2.095892978736292600e-01,8.923516435079872910e-02,-9.494356469856101155e-01,1.196827098885321211e-01,3.113388399003863549e-01,3.752060408555929483e-02,4.330862076867304511e-01,8.923516435079872910e-02,-9.494356469856101155e-01,1.196827098885321211e-01
9.749390395775403562e-01,6.808703367324011602e-01,-2.103309569311153163e-02,2.106473395914720270e-01,8.959084237133058126e-02,-9.561773158994830712e-01,1.196972982332207142e-01,3.129110922674292472e-01,3.764242913134252522e-02,4.330781716258305103e-01,8.959084237133058126e-02,-9.561773158994830712e-01,1.196972982332207142e-01
9.759389820174015906e-01,6.810603417169945883e-01,-2.103549704606098858e-02,2.117102602735738692e-01,8.994671515809850304e-02,-9.629189796657382505e-01,1.197121893890928379e-01,3.144804379234862890e-01,3.776417504698775796e-02,4.330690514590369578e-01,8.994671515809850304e-02,-9.629189796657382505e-01,1.197121893890928379e-01
9.769389244572628250e-01,6.812494954485254217e-01,-2.103794041537501713e-02,2.127780611568705904e-01,9.030278240551625757e-02,-9.696606382995027751e-01,1.197273840104359915e-01,3.160468787084266262e-01,3.788584182135312090e-02,4.330588335519468535e-01,9.030278240551625757e-02,-9.696606382995027751e-01,1.197273840104359915e-01
9.779388668971240595e-01,6.814377758673282326e-01,-2.104042689376421638e-02,2.138507434264752538e-01,9.065904380095642090e-02,-9.764022918162534870e-01,1.197428827566388854e-01,3.176104165058020734e-01,3.800742944311012728e-02,4.330475042142500341e-01,9.065904380095642090e-02,-9.764022918162534870e-01,1.197428827566388854e-01
9.789388093369851829e-01,6.816251608132090078e-01,-2.104295757891923302e-02,2.149283082149243129e-01,9.101549902472097497e-02,-9.831439402318161713e-01,1.197586862921794365e-01,3.191710532433022496e-01,3.812893790075671391e-02,4.330350496998497944e-01,9.101549902472097497e-02,-9.831439402318161713e-01,1.197586862921794365e-01
9.799387517768464173e-01,6.818116280254988837e-01,-2.104553357350805176e-02,2.160107566014196068e-01,9.137214775001165079e-02,-9.898855835623702193e-01,1.197747952866126536e-01,3.207287908932146547e-01,3.825036718262976587e-02,4.330214562069839013e-01,9.137214775001165079e-02,-9.898855835623702193e-01,1.197747952866126536e-01
9.809386942167076517e-01,6.819971551431097678e-01,-2.104815598517327524e-02,2.170980896110668856e-01,9.172898964289977197e-02,-9.966272218244466297e-01,1.197912104145580497e-01,3.222836314728828033e-01,3.837171727691798817e-02,4.330067098783497159e-01,9.172898964289977197e-02,-9.966272218244466297e-01,1.197912104145580497e-01
9.819386366565688862e-01,6.821817197045935144e-01,-2.105082592652916806e-02,2.181903082141116723e-01,9.208602436229638977e-02,-1.003368855034932006e+00,1.198079323556869996e-01,3.238355770451702975e-01,3.849298817167493003e-02,4.329907968012298713e-01,9.208602436229638977e-02,-1.003368855034932006e+00,1.198079323556869996e-01
9.829385790964300096e-01,6.823652991482045405e-01,-2.105354451515860370e-02,2.192874133251710711e-01,9.244325155992190457e-02,-1.010110483211067889e+00,1.198249617947099444e-01,3.253846297189223469e-01,3.861417985483141246e-02,4.329737030076225013e-01,9.244325155992190457e-02,-1.010110483211067889e+00,1.198249617947099444e-01
9.839385215362912440e-01,6.825478708119644411e-01,-2.105631287360975462e-02,2.203894058024636060e-01,9.280067088027538214e-02,-1.016852106370455200e+00,1.198422994213623471e-01,3.269307916494321176e-01,3.873529231420888563e-02,4.329554144743710808e-01,9.280067088027538214e-02,-1.016852106370455200e+00,1.198422994213623471e-01
9.849384639761524785e-01,6.827294119337310452e-01,-2.105913212939282061e-02,2.214962864470333970e-01,9.315828196060403632e-02,-1.023593724531053573e+00,1.198599459303918424e-01,3.284740650389073591e-01,3.885632553753185642e-02,4.329359171232983750e-01,9.315828196060403632e-02,-1.023593724531053573e+00,1.198599459303918424e-01
9.859384064160137129e-01,6.829098996512696917e-01,-2.106200341497634423e-02,2.226080560019740862e-01,9.351608443087201794e-02,-1.030335337711182575e+00,1.198779020215437474e-01,3.300144521369382522e-01,3.897727951244099598e-02,4.329151968213419965e-01,9.351608443087201794e-02,-1.030335337711182575e+00,1.198779020215437474e-01
9.869383488558749473e-01,6.830893110023281700e-01,-2.106492786778365461e-02,2.237247151516469357e-01,9.387407791372960608e-02,-1.037076945929523930e+00,1.198961683995471011e-01,3.315519552409678661e-01,3.909815422650600447e-02,4.328932393806929624e-01,9.387407791372960608e-02,-1.037076945929523930e+00,1.198961683995471011e-01
9.879382912957361818e-01,6.832676229247145461e-01,-2.106790663018885332e-02,2.248462645208973432e-01,9.423226202448152511e-02,-1.043818549205125290e+00,1.199147457741000511e-01,3.330865766967644470e-01,3.921894966723839249e-02,4.328700305589354147e-01,9.423226202448152511e-02,-1.043818549205125290e+00,1.199147457741000511e-01
9.889382337355974162e-01,6.834448122563794303e-01,-2.107094084951289387e-02,2.259727046742665002e-01,9.459063637105567801e-02,-1.050560147557398016e+00,1.199336348598550039e-01,3.346183188988937074e-01,3.933966582210458862e-02,4.328455560591908391e-01,9.459063637105567801e-02,-1.050560147557398016e+00,1.199336348598550039e-01
9.899381761754586506e-01,6.836208557354990223e-01,-2.107403167801929697e-02,2.271040361152021347e-01,9.494920055397111647e-02,-1.057301741006119622e+00,1.199528363764033462e-01,3.361471842911941121e-01,3.946030267853870011e-02,4.328198015302619495e-01,9.494920055397111647e-02,-1.057301741006119622e+00,1.199528363764033462e-01
9.909381186153198851e-01,6.837957300005650385e-01,-2.107718027290987964e-02,2.282402592852637302e-01,9.530795416630628847e-02,-1.064043329571437546e+00,1.199723510482602756e-01,3.376731753672531644e-01,3.958086022395550241e-02,4.327927525667807918e-01,9.530795416630628847e-02,-1.064043329571437546e+00,1.199723510482602756e-01
9.919380610551811195e-01,6.839694115904751959e-01,-2.108038779632014428e-02,2.293813745633256074e-01,9.566689679366689736e-02,-1.070784913273870265e+00,1.199921796048487033e-01,3.391962946708865778e-01,3.970133844576344273e-02,4.327643947093604004e-01,9.566689679366689736e-02,-1.070784913273870265e+00,1.199921796048487033e-01
9.929380034950423539e-01,6.841418769446278025e-01,-2.108365541531460885e-02,2.305273822647769533e-01,9.602602801415331679e-02,-1.077526492134306180e+00,1.200123227804834464e-01,3.407165447966161720e-01,3.982173733137757410e-02,4.327347134447450672e-01,9.602602801415331679e-02,-1.077526492134306180e+00,1.200123227804834464e-01
9.939379459349035884e-01,6.843131024030211229e-01,-2.108698430188197040e-02,2.316782826407176865e-01,9.638534739832835263e-02,-1.084268066174007838e+00,1.200327813143545475e-01,3.422339283901527640e-01,3.994205686823237844e-02,4.327036942059681035e-01,9.638534739832835263e-02,-1.084268066174007838e+00,1.200327813143545475e-01
9.949378883747647118e-01,6.844830642063544079e-01,-2.109037563292995993e-02,2.328340758771527685e-01,9.674485450918415830e-02,-1.091009635414611489e+00,1.200535559505108707e-01,3.437484481488770616e-01,4.006229704379499906e-02,4.326713223725073276e-01,9.674485450918415830e-02,-1.091009635414611489e+00,1.200535559505108707e-01
9.959378308146259462e-01,6.846517384961341435e-01,-2.109383059028022145e-02,2.339947620941817963e-01,9.710454890210970524e-02,-1.097751199878133299e+00,1.200746474378429213e-01,3.452601068223261072e-01,4.018245784557807759e-02,4.326375832704473234e-01,9.710454890210970524e-02,-1.097751199878133299e+00,1.200746474378429213e-01
9.969377732544871806e-01,6.848191013147819639e-01,-2.109735036066284763e-02,2.351603413451857361e-01,9.746443012485712931e-02,-1.104492759586964912e+00,1.200960565300654426e-01,3.467689072126775018e-01,4.030253926115277829e-02,4.326024621726407005e-01,9.746443012485712931e-02,-1.104492759586964912e+00,1.200960565300654426e-01
9.979377156943483040e-01,6.849851286057486721e-01,-2.110093613571081828e-02,2.363308136160114092e-01,9.782449771750892364e-02,-1.111234314563877223e+00,1.201177839856996804e-01,3.482748521752368487e-01,4.042254127816188869e-02,4.325659442988749048e-01,9.782449771750892364e-02,-1.111234314563877223e+00,1.201177839856996804e-01
9.989376581342095385e-01,6.851497962136297026e-01,-2.110458911195425835e-02,2.375061788241515093e-01,9.818475121244400750e-02,-1.117975864832026156e+00,1.201398305680558137e-01,3.497779446189281938e-01,4.054246388433262183e-02,4.325280148160396410e-01,9.818475121244400750e-02,-1.117975864832026156e+00,1.201398305680558137e-01
9.999376005740707729e-01,6.853130798842850258e-01,-2.110831049081444283e-02,2.386864368179227036e-01,9.854519013430423913e-02,-1.124717410414947771e+00,1.201621970452140670e-01,3.512781875067818582e-01,4.066230706748996671e-02,4.324886588382976793e-01,9.854519013430423913e-02,-1.124717410414947771e+00,1.201621970452140670e-01
1.000937543013932007e+00,6.854749552649642697e-01,-2.111210147859767655e-02,2.398715873756399608e-01,9.890581399996040135e-02,-1.131458951336564045e+00,1.201848841900063775e-01,3.527755838564283764e-01,4.078207081556951136e-02,4.324478614272583843e-01,9.890581399996040135e-02,-1.131458951336564045e+00,1.201848841900063775e-01
1.001937485453793242e+00,6.856353979044321756e-01,-2.111596328648901108e-02,2.410616302047873249e-01,9.926662231847810380e-02,-1.138200487621183754e+00,1.202078927799974939e-01,3.542701367405903801e-01,4.090175511663052960e-02,4.324056075921537956e-01,9.926662231847810380e-02,-1.138200487621183754e+00,1.202078927799974939e-01
1.002937427893654476e+00,6.857943832531019357e-01,-2.111989713054572212e-02,2.422565649411870248e-01,9.962761459108360196e-02,-1.144942019293504254e+00,1.202312235974653115e-01,3.557618492875788685e-01,4.102135995886907471e-02,4.323618822900174297e-01,9.962761459108360196e-02,-1.144942019293504254e+00,1.202312235974653115e-01
1.003937370333515711e+00,6.859518866631697520e-01,-2.112390423169054759e-02,2.434563911481634479e-01,9.998879031112919979e-02,-1.151683546378611922e+00,1.202548774293818040e-01,3.572507246817876458e-01,4.114088533063107317e-02,4.323166704258658566e-01,9.998879031112919979e-02,-1.151683546378611922e+00,1.202548774293818040e-01
1.004937312773376945e+00,6.861078833887532813e-01,-2.112798581570490483e-02,2.446611083157062549e-01,1.003501489640585970e-01,-1.158425068901986155e+00,1.202788550673923457e-01,3.587367661641923666e-01,4.126033122042538359e-02,4.322699568528831082e-01,1.003501489640585970e-01,-1.158425068901986155e+00,1.202788550673923457e-01
1.005937255213238180e+00,6.862623485860361860e-01,-2.113214311322169497e-02,2.458707158596289966e-01,1.007116900273720833e-01,-1.165166586889498479e+00,1.203031573077959215e-01,3.602199770328483597e-01,4.137969761693688353e-02,4.322217263726073622e-01,1.007116900273720833e-01,-1.165166586889498479e+00,1.203031573077959215e-01
1.006937197653099414e+00,6.864152573134137958e-01,-2.113637735971805875e-02,2.470852131207243452e-01,1.010734129705916085e-01,-1.171908100367416994e+00,1.203277849515243941e-01,3.617003606433927820e-01,4.149898450903945213e-02,4.321719637351217891e-01,1.010734129705916085e-01,-1.171908100367416994e+00,1.203277849515243941e-01
1.007937140092960648e+00,6.865665845316453186e-01,-2.114068979550794841e-02,2.483045993639183546e-01,1.014353172552253241e-01,-1.178649609362405926e+00,1.203527388041212842e-01,3.631779204095445523e-01,4.161819188580939688e-02,4.321206536392454556e-01,1.014353172552253241e-01,-1.178649609362405926e+00,1.203527388041212842e-01
1.008937082532821883e+00,6.867163051040081623e-01,-2.114508166573433184e-02,2.495288737774186139e-01,1.017974023347323898e-01,-1.185391113901528293e+00,1.203780196757205656e-01,3.646526598036097244e-01,4.173731973653829752e-02,4.320677807327311659e-01,1.017974023347323898e-01,-1.185391113901528293e+00,1.203780196757205656e-01
1.009937024972682895e+00,6.868643937964581392e-01,-2.114955422036138288e-02,2.507580354718629279e-01,1.021596676544872517e-01,-1.192132614012246572e+00,1.204036283810251545e-01,3.661245823569832525e-01,4.185636805074602340e-02,4.320133296124621380e-01,1.021596676544872517e-01,-1.192132614012246572e+00,1.204036283810251545e-01
1.010936967412544352e+00,6.870108252777912261e-01,-2.115410871416635585e-02,2.519920834794615594e-01,1.025221126517440740e-01,-1.198874109722428694e+00,1.204295657392845109e-01,3.675936916606581950e-01,4.197533681819430595e-02,4.319572848246538976e-01,1.025221126517440740e-01,-1.198874109722428694e+00,1.204295657392845109e-01
1.011936909852405364e+00,6.871555741198130951e-01,-2.115874640673131440e-02,2.532310167531387490e-01,1.028847367556006143e-01,-1.205615601060342934e+00,1.204558325742726421e-01,3.690599913657310327e-01,4.209422602889934667e-02,4.318996308650585592e-01,1.028847367556006143e-01,-1.205615601060342934e+00,1.204558325742726421e-01
1.012936852292266821e+00,6.872986147975098659e-01,-2.116346856243452729e-02,2.544748341656705715e-01,1.032475393869622393e-01,-1.212357088054665022e+00,1.204824297142650102e-01,3.705234851839109833e-01,4.221303567314544508e-02,4.318403521791723265e-01,1.032475393869622393e-01,-1.212357088054665022e+00,1.204824297142650102e-01
1.013936794732127833e+00,6.874399216892239650e-01,-2.116827645044189188e-02,2.557235345088205714e-01,1.036105199585055925e-01,-1.219098570734478360e+00,1.205093579920158003e-01,3.719841768880292610e-01,4.233176574149781490e-02,4.317794331624447701e-01,1.036105199585055925e-01,-1.219098570734478360e+00,1.205093579920158003e-01
1.014936737171989067e+00,6.875794690768353146e-01,-2.117317134469792056e-02,2.569771164924699036e-01,1.039736778746420537e-01,-1.225840049129276244e+00,1.205366182447342033e-01,3.734420703125517771e-01,4.245041622481583038e-02,4.317168581604927113e-01,1.039736778746420537e-01,-1.225840049129276244e+00,1.205366182447342033e-01
1.015936679611850302e+00,6.877172311459445186e-01,-2.117815452391654668e-02,2.582355787437479178e-01,1.043370125314812685e-01,-1.232581523268961199e+00,1.205642113140607402e-01,3.748971693540904537e-01,4.256898711426622406e-02,4.316526114693154947e-01,1.043370125314812685e-01,-1.232581523268961199e+00,1.205642113140607402e-01
1.016936622051711536e+00,6.878531819860642660e-01,-2.118322727157186808e-02,2.594989198061584679e-01,1.047005233167942334e-01,-1.239322993183851418e+00,1.205921380460431430e-01,3.763494779719176453e-01,4.268747840133630539e-02,4.315866773355155894e-01,1.047005233167942334e-01,-1.239322993183851418e+00,1.205921380460431430e-01
1.017936564491572771e+00,6.879872955908105103e-01,-2.118839087588843956e-02,2.607671381387018927e-01,1.050642096099763806e-01,-1.246064458904678096e+00,1.206203992911115547e-01,3.777990001884812821e-01,4.280589007784703359e-02,4.315190399565191903e-01,1.050642096099763806e-01,-1.246064458904678096e+00,1.206203992911115547e-01
1.018936506931434005e+00,6.881195458581018665e-01,-2.119364662983159314e-02,2.620402321149961633e-01,1.054280707820103580e-01,-1.252805920462589206e+00,1.206489959040541043e-01,3.792457400899210684e-01,4.292422213596626401e-02,4.314496834808024817e-01,1.054280707820103580e-01,-1.252805920462589206e+00,1.206489959040541043e-01
1.019936449371295240e+00,6.882499065903608937e-01,-2.119899583109727953e-02,2.633182000223946440e-01,1.057921061954287950e-01,-1.259547377889152386e+00,1.206779287439913029e-01,3.806897018265856802e-01,4.304247456822184875e-02,4.313785920081195102e-01,1.057921061954287950e-01,-1.259547377889152386e+00,1.206779287439913029e-01
1.020936391811156474e+00,6.883783514947227067e-01,-2.120443978210195118e-02,2.646010400611000790e-01,1.061563152042768188e-01,-1.266288831216355382e+00,1.207071986743505493e-01,3.821308896135529598e-01,4.316064736751490383e-02,4.313057495897338889e-01,1.061563152042768188e-01,-1.266288831216355382e+00,1.207071986743505493e-01
1.021936334251017708e+00,6.885048541832452518e-01,-2.120997978997196665e-02,2.658887503432769694e-01,1.065206971540743619e-01,-1.273030280476607601e+00,1.207368065628400128e-01,3.835693077311483901e-01,4.327874052713315267e-02,4.312311402286537754e-01,1.065206971540743619e-01,-1.273030280476607601e+00,1.207368065628400128e-01
1.022936276690878943e+00,6.886293881731254674e-01,-2.121561716653292545e-02,2.671813288921599527e-01,1.068852513817784150e-01,-1.279771725702742557e+00,1.207667532814225009e-01,3.850049605254671214e-01,4.339675404076372839e-02,4.311547478798692379e-01,1.068852513817784150e-01,-1.279771725702742557e+00,1.207667532814225009e-01
1.023936219130740177e+00,6.887519268869211064e-01,-2.122135322829871856e-02,2.684787736411610171e-01,1.072499772157450432e-01,-1.286513166928020091e+00,1.207970397062884949e-01,3.864378524088961098e-01,4.351468790250678786e-02,4.310765564505927294e-01,1.072499772157450432e-01,-1.286513166928020091e+00,1.207970397062884949e-01
1.024936161570601190e+00,6.888724436527752237e-01,-2.122718929646039837e-02,2.697810824329720525e-01,1.076148739756913192e-01,-1.293254604186129697e+00,1.208276667178292130e-01,3.878679878606381415e-01,4.363254210688850832e-02,4.309965498005047801e-01,1.076148739756913192e-01,-1.293254604186129697e+00,1.208276667178292130e-01
1.025936104010462646e+00,6.889909079535762038e-01,-2.123312688269660131e-02,2.710882113382433456e-01,1.079709356021098660e-01,-1.299814275440015487e+00,1.208586325601950923e-01,3.892348707655271522e-01,4.374731915382910896e-02,4.309147143604195596e-01,1.079709356021098660e-01,-1.299814275440015487e+00,1.208586325601950923e-01
1.026936046450323659e+00,6.891072747001036891e-01,-2.123916822056421891e-02,2.723999483111348985e-01,1.083088800447169070e-01,-1.306004942998366669e+00,1.208899248258882009e-01,3.904762868548637966e-01,4.385593485170354716e-02,4.308310474651719790e-01,1.083088800447169070e-01,-1.306004942998366669e+00,1.208899248258882009e-01
1.027935988890185115e+00,6.892214962907965425e-01,-2.124531566807737193e-02,2.737160343504937421e-01,1.086284271005288765e-01,-1.311821109804061303e+00,1.209215281099757233e-01,3.915905707002476643e-01,4.395830407100927151e-02,4.307455504527685219e-01,1.086284271005288765e-01,-1.311821109804061303e+00,1.209215281099757233e-01
1.028935931330046127e+00,6.893335269031714008e-01,-2.125157149511763127e-02,2.750362089377028085e-01,1.089295689052261762e-01,-1.317262776246671763e+00,1.209534268841447602e-01,3.925778882466684494e-01,4.405443240686669759e-02,4.306582259342789931e-01,1.089295689052261762e-01,-1.317262776246671763e+00,1.209534268841447602e-01
1.029935873769907584e+00,6.894433226256907465e-01,-2.125793787690142753e-02,2.763602113045616759e-01,1.092122976353523400e-01,-1.322329942713747153e+00,1.209856055759179899e-01,3.934384053658303015e-01,4.414432546440663629e-02,4.305690777251431900e-01,1.092122976353523400e-01,-1.322329942713747153e+00,1.209856055759179899e-01
1.030935816209768596e+00,6.895508414728026558e-01,-2.126441689323502193e-02,2.776877804409988992e-01,1.094766055093631257e-01,-1.327022609590759794e+00,1.210180485680973222e-01,3.941722878496357607e-01,4.422798885879772324e-02,4.304781108535381540e-01,1.094766055093631257e-01,-1.327022609590759794e+00,1.210180485680973222e-01
1.031935758649629831e+00,6.896560433989957772e-01,-2.127101052781832369e-02,2.790186551030293671e-01,1.097224847886203725e-01,-1.331340777261056818e+00,1.210507401982392345e-01,3.947797014036394381e-01,4.430542821525382258e-02,4.303853315681094860e-01,1.097224847886203725e-01,-1.331340777261056818e+00,1.210507401982392345e-01
1.032935701089491065e+00,6.897588903118613279e-01,-2.127772066759768890e-02,2.803525738209324270e-01,1.099499277783293483e-01,-1.335284446105814427e+00,1.210836647581610415e-01,3.952608116404817684e-01,4.437664916902157863e-02,4.302907473450634512e-01,1.099499277783293483e-01,-1.335284446105814427e+00,1.210836647581610415e-01
1.033935643529352300e+00,6.898593460841728753e-01,-2.128454910216759713e-02,2.816892749076513325e-01,1.101589268284206558e-01,-1.338853616503989707e+00,1.211168064934774330e-01,3.956157840733059428e-01,4.444165736534901046e-02,4.301943668946263122e-01,1.101589268284206558e-01,-1.338853616503989707e+00,1.211168064934774330e-01
1.034935585969213534e+00,6.899573765649681389e-01,-2.129149752322170158e-02,2.830284964673897563e-01,1.103494743343751416e-01,-1.342048288832287106e+00,1.211501496031683056e-01,3.958447841091721764e-01,4.450045845943422645e-02,4.300962001668656720e-01,1.103494743343751416e-01,-1.342048288832287106e+00,1.211501496031683056e-01
1.035935528409074768e+00,6.900529495896414733e-01,-2.129856752405275694e-02,2.843699764044030909e-01,1.105215627379921295e-01,-1.344868463465113795e+00,1.211836782391759459e-01,3.959479770424705336e-01,4.455305811635583424e-02,4.299962583568764929e-01,1.105215627379921295e-01,-1.344868463465113795e+00,1.211836782391759459e-01
1.036935470848936003e+00,6.901460349890399248e-01,-2.130576059910212205e-02,2.857134524319616675e-01,1.106751845281009339e-01,-1.347314140774549251e+00,1.212173765060332031e-01,3.959255280483470751e-01,4.459946201098459462e-02,4.298945539093333434e-01,1.106751845281009339e-01,-1.347314140774549251e+00,1.212173765060332031e-01
1.037935413288797237e+00,6.902366045975615316e-01,-2.131307814355849067e-02,2.870586620814825074e-01,1.108103322412142683e-01,-1.349385321130309290e+00,1.212512284605200413e-01,3.957776021761445495e-01,4.463967582787697896e-02,4.297911005224068770e-01,1.108103322412142683e-01,-1.349385321130309290e+00,1.212512284605200413e-01
1.038935355728658472e+00,6.903246322602590856e-01,-2.132052145300608603e-02,2.884053427118070667e-01,1.109269984621248928e-01,-1.351082004899718081e+00,1.212852181113506234e-01,3.955043643428735045e-01,4.467370526115037321e-02,4.296859131510477048e-01,1.109269984621248928e-01,-1.351082004899718081e+00,1.212852181113506234e-01
1.039935298168519484e+00,6.904100938389402531e-01,-2.132809172312239571e-02,2.897532315186215901e-01,1.110251758244435588e-01,-1.352404192447682618e+00,1.213193294188890520e-01,3.951059793267148734e-01,4.470155601434112891e-02,4.295790080096365537e-01,1.110251758244435588e-01,-1.352404192447682618e+00,1.213193294188890520e-01
1.040935240608380941e+00,6.904929672172701594e-01,-2.133579004942543628e-02,2.911020655439965354e-01,1.111048570110790001e-01,-1.353351884136665628e+00,1.213535462948931859e-01,3.945826117605678585e-01,4.472323380024527395e-02,4.294704025740024300e-01,1.111048570110790001e-01,-1.353351884136665628e+00,1.213535462948931859e-01
1.041935183048241953e+00,6.905732323048686672e-01,-2.134361742707068313e-02,2.924515816860425721e-01,1.111660347546592903e-01,-1.353925080326668695e+00,1.213878526022884180e-01,3.939344261256468860e-01,4.473874434074155693e-02,4.293601155828078442e-01,1.111660347546592903e-01,-1.353925080326668695e+00,1.213878526022884180e-01
1.042935125488103409e+00,6.906508710404091200e-01,-2.135157475069777988e-02,2.938015167086595603e-01,1.112087018378940806e-01,-1.354123781375210944e+00,1.214222321549680295e-01,3.931615867451396795e-01,4.474809336659853892e-02,4.292481670383069270e-01,1.112087018378940806e-01,-1.354123781375210944e+00,1.214222321549680295e-01
1.043935067927964422e+00,6.907258696843935342e-01,-2.135966270084995594e-02,2.951516489919281394e-01,1.112418468151723516e-01,-1.354129555682807684e+00,1.214566713903339756e-01,3.923246939646975462e-01,4.475428090582689311e-02,4.291345746829308139e-01,1.112418468151723516e-01,-1.354129555682807684e+00,1.214566713903339756e-01
1.044935010367825878e+00,6.907982251070460267e-01,-2.136788143248237459e-02,2.965019250921867577e-01,1.112747437341826268e-01,-1.354129641337177947e+00,1.214911674861051116e-01,3.914861313277318011e-01,4.476039686368629700e-02,4.290193429113020041e-01,1.112747437341826268e-01,-1.354129641337177947e+00,1.214911674861051116e-01
1.045934952807686891e+00,6.908679369599237674e-01,-2.137623096276751455e-02,2.978523385136178647e-01,1.113076744083950076e-01,-1.354129729819329997e+00,1.215257206219961250e-01,3.906477981208545947e-01,4.476653528310048369e-02,4.289024722809174350e-01,1.113076744083950076e-01,-1.354129729819329997e+00,1.215257206219961250e-01
1.046934895247548125e+00,6.909350049791054271e-01,-2.138471130469076636e-02,2.992028840681390522e-01,1.113406387397950226e-01,-1.354129821134105960e+00,1.215603310612743682e-01,3.898096975538706821e-01,4.477269629008306939e-02,4.287839632467255746e-01,1.113406387397950226e-01,-1.354129821134105960e+00,1.215603310612743682e-01
1.047934837687409360e+00,6.909994289108262189e-01,-2.139332247073444382e-02,3.005535565671563214e-01,1.113736366294672542e-01,-1.354129915286393704e+00,1.215949990670402991e-01,3.889718328356943644e-01,4.477888001030279341e-02,4.286638162699830668e-01,1.113736366294672542e-01,-1.354129915286393704e+00,1.215949990670402991e-01
1.048934780127270594e+00,6.910612085114790082e-01,-2.140206447287763131e-02,3.019043508215821792e-01,1.114066679775955193e-01,-1.354130012281124174e+00,1.216297249022249422e-01,3.881342071743375532e-01,4.478508656908290753e-02,4.285420318182525112e-01,1.114066679775955193e-01,-1.354130012281124174e+00,1.216297249022249422e-01
1.049934722567131828e+00,6.911203435476146462e-01,-2.141093732259616994e-02,3.032552616418581204e-01,1.114397326834632440e-01,-1.354130112123273610e+00,1.216645088295871813e-01,3.872968237768965039e-01,4.479131609140078740e-02,4.284186103654007427e-01,1.114397326834632440e-01,-1.354130112123273610e+00,1.216645088295871813e-01
1.050934665006993063e+00,6.911768337959443009e-01,-2.141994103086267837e-02,3.046062838379726134e-01,1.114728306454536855e-01,-1.354130214817863331e+00,1.216993511117115123e-01,3.864596858495401022e-01,4.479756870188746076e-02,4.282935523915972764e-01,1.114728306454536855e-01,-1.354130214817863331e+00,1.216993511117115123e-01
1.051934607446854297e+00,6.912306790433384585e-01,-2.142907560814637929e-02,3.059574122194816947e-01,1.115059617610502513e-01,-1.354130320369958618e+00,1.217342520110052256e-01,3.856227965974975413e-01,4.480384452482693430e-02,4.281668583833116437e-01,1.115059617610502513e-01,-1.354130320369958618e+00,1.217342520110052256e-01
1.052934549886715532e+00,6.912818790868300312e-01,-2.143834106441315154e-02,3.073086415955285089e-01,1.115391259268368046e-01,-1.354130428784669382e+00,1.217692117896962134e-01,3.847861592250457208e-01,4.481014368415568716e-02,4.280385288333126703e-01,1.115391259268368046e-01,-1.354130428784669382e+00,1.217692117896962134e-01
1.053934492326576766e+00,6.913304337336129146e-01,-2.144773740912550575e-02,3.086599667748649023e-01,1.115723230384980669e-01,-1.354130540067149502e+00,1.218042307098301247e-01,3.839497769354958678e-01,4.481646630346242111e-02,4.279085642406653678e-01,1.115723230384980669e-01,-1.354130540067149502e+00,1.218042307098301247e-01
1.054934434766437779e+00,6.913763428010443191e-01,-2.145726465124244906e-02,3.100113825658684652e-01,1.116055529908197425e-01,-1.354130654222598817e+00,1.218393090332680478e-01,3.831136529311836569e-01,4.482281250598721400e-02,4.277769651107298232e-01,1.116055529908197425e-01,-1.354130654222598817e+00,1.218393090332680478e-01
1.055934377206299235e+00,6.914196061166444363e-01,-2.146692279921954064e-02,3.113628837765652357e-01,1.116388156776889906e-01,-1.354130771256260246e+00,1.218744470216839154e-01,3.822777904134541105e-01,4.482918241462123532e-02,4.276437319551583127e-01,1.116388156776889906e-01,-1.354130771256260246e+00,1.218744470216839154e-01
1.056934319646160247e+00,6.914602235180982159e-01,-2.147671186100880841e-02,3.127144652146481851e-01,1.116721109920947724e-01,-1.354130891173422002e+00,1.219096449365620477e-01,3.814421925826507187e-01,4.483557615190611467e-02,4.275088652918947463e-01,1.116721109920947724e-01,-1.354130891173422002e+00,1.219096449365620477e-01
1.057934262086021704e+00,6.914981948532549216e-01,-2.148663184405876642e-02,3.140661216874975348e-01,1.117054388261280728e-01,-1.354131013979416043e+00,1.219449030391945993e-01,3.806068626381027831e-01,4.484199384003356714e-02,4.273723656451711150e-01,1.117054388261280728e-01,-1.354131013979416043e+00,1.219449030391945993e-01
1.058934204525882716e+00,6.915335199801293520e-01,-2.149668275531430722e-02,3.154178480022002962e-01,1.117387990709823309e-01,-1.354131139679618956e+00,1.219802215906789083e-01,3.797718037781133704e-01,4.484843560084475489e-02,4.272342335455061035e-01,1.117387990709823309e-01,-1.354131139679618956e+00,1.219802215906789083e-01
1.059934146965744173e+00,6.915661987669023958e-01,-2.150686460121675747e-02,3.167696389655714206e-01,1.117721916169538005e-01,-1.354131268279452183e+00,1.220156008519152485e-01,3.789370191999459903e-01,4.485490155582996796e-02,4.270944695297031468e-01,1.117721916169538005e-01,-1.354131268279452183e+00,1.220156008519152485e-01
1.060934089405605185e+00,6.915962310919216982e-01,-2.151717738770378419e-02,3.181214893841715075e-01,1.118056163534417585e-01,-1.354131399784381351e+00,1.220510410836040116e-01,3.781025120998135480e-01,4.486139182612797205e-02,4.269530741408485985e-01,1.118056163534417585e-01,-1.354131399784381351e+00,1.220510410836040116e-01
1.061934031845466420e+00,6.916236168437014387e-01,-2.152762112020939478e-02,3.194733940643295633e-01,1.118390731689491574e-01,-1.354131534199916720e+00,1.220865425462434178e-01,3.772682856728650225e-01,4.486790653252557826e-02,4.268100479283083448e-01,1.118390731689491574e-01,-1.354131534199916720e+00,1.220865425462434178e-01
1.062933974285327654e+00,6.916483559209236631e-01,-2.153819580366394398e-02,3.208253478121613766e-01,1.118725619510826802e-01,-1.354131671531611625e+00,1.221221055001269346e-01,3.764343431131728090e-01,4.487444579545712964e-02,4.266653914477270271e-01,1.118725619510826802e-01,-1.354131671531611625e+00,1.221221055001269346e-01
1.063933916725188888e+00,6.916704482324378400e-01,-2.154890144249409223e-02,3.221773454335886688e-01,1.119060825865532960e-01,-1.354131811785065587e+00,1.221577302053406672e-01,3.756006876137219508e-01,4.488100973500409874e-02,4.265191052610250999e-01,1.119060825865532960e-01,-1.354131811785065587e+00,1.221577302053406672e-01
1.064933859165050123e+00,6.916898936972623035e-01,-2.155973804062274318e-02,3.235293817343605216e-01,1.119396349611766345e-01,-1.354131954965920981e+00,1.221934169217610416e-01,3.747673223663964270e-01,4.488759847089451860e-02,4.263711899363973323e-01,1.119396349611766345e-01,-1.354131954965920981e+00,1.221934169217610416e-01
1.065933801604911357e+00,6.917066922445836985e-01,-2.157070560146909927e-02,3.248814515200738606e-01,1.119732189598733330e-01,-1.354132101079865480e+00,1.222291659090520288e-01,3.739342505619668855e-01,4.489421212250251092e-02,4.262216460483095326e-01,1.119732189598733330e-01,-1.354132101079865480e+00,1.222291659090520288e-01
1.066933744044772592e+00,6.917208438137573134e-01,-2.158180412794858533e-02,3.262335495961906084e-01,1.120068344666693971e-01,-1.354132250132630499e+00,1.222649774266628964e-01,3.731014753900792069e-01,4.490085080884777258e-02,4.260704741774971605e-01,1.120068344666693971e-01,-1.354132250132630499e+00,1.222649774266628964e-01
1.067933686484633826e+00,6.917323483543078577e-01,-2.159303362247291802e-02,3.275856707680606106e-01,1.120404813646966868e-01,-1.354132402129991419e+00,1.223008517338254886e-01,3.722690000392413490e-01,4.490751464859529807e-02,4.259176749109625515e-01,1.120404813646966868e-01,-1.354132402129991419e+00,1.223008517338254886e-01
1.068933628924495061e+00,6.917412058259290175e-01,-2.160439408694997745e-02,3.289378098409400097e-01,1.120741595361933185e-01,-1.354132557077769361e+00,1.223367890895517701e-01,3.714368276968113003e-01,4.491420376005465787e-02,4.257632488419732519e-01,1.120741595361933185e-01,-1.354132557077769361e+00,1.223367890895517701e-01
1.069933571364356073e+00,6.917474161984847880e-01,-2.161588552278391820e-02,3.302899616200114519e-01,1.121078688625039704e-01,-1.354132714981827412e+00,1.223727897526315084e-01,3.706049615489846460e-01,4.492091826117960984e-02,4.256071965700589654e-01,1.121078688625039704e-01,-1.354132714981827412e+00,1.223727897526315084e-01
1.070933513804217529e+00,6.917509794520080302e-01,-2.162750793087504092e-02,3.316421209104047363e-01,1.121416092240804102e-01,-1.354132875848074846e+00,1.224088539816293453e-01,3.697734047807824664e-01,4.492765826956766906e-02,4.254495187010096102e-01,1.121416092240804102e-01,-1.354132875848074846e+00,1.224088539816293453e-01
1.071933456244078542e+00,6.917518955767021360e-01,-2.163926131161991728e-02,3.329942825172159115e-01,1.121753805004819526e-01,-1.354133039682463790e+00,1.224449820348827572e-01,3.689421605760389022e-01,4.493442390245964979e-02,4.252902158468729876e-01,1.121753805004819526e-01,-1.354133039682463790e+00,1.224449820348827572e-01
1.072933398683939998e+00,6.917501645729396964e-01,-2.165114566491131015e-02,3.343464412455269819e-01,1.122091825703757373e-01,-1.354133206490991226e+00,1.224811741704992241e-01,3.681112321173892754e-01,4.494121527673912431e-02,4.251292886259523951e-01,1.122091825703757373e-01,-1.354133206490991226e+00,1.224811741704992241e-01
1.073933341123801011e+00,6.917457864512633892e-01,-2.166316099013815971e-02,3.356985919004273899e-01,1.122430153115373253e-01,-1.354133376279698098e+00,1.225174306463538004e-01,3.672806225862564333e-01,4.494803250893204816e-02,4.249667376628034066e-01,1.122430153115373253e-01,-1.354133376279698098e+00,1.225174306463538004e-01
1.074933283563662467e+00,6.917387612323858681e-01,-2.167530728618563551e-02,3.370507292870327798e-01,1.122768786008510461e-01,-1.354133549054669761e+00,1.225537517200866872e-01,3.664503351628402017e-01,4.495487571520619119e-02,4.248025635882329287e-01,1.122768786008510461e-01,-1.354133549054669761e+00,1.225537517200866872e-01
1.075933226003523480e+00,6.917290889471893189e-01,-2.168758455143509484e-02,3.384028482105041480e-01,1.123107723143105113e-01,-1.354133724822034646e+00,1.225901376491006223e-01,3.656203730261042284e-01,4.496174501137079060e-02,4.246367670392955374e-01,1.123107723143105113e-01,-1.354133724822034646e+00,1.225901376491006223e-01
1.076933168443384936e+00,6.917167696367261254e-01,-2.169999278376410351e-02,3.397549434760701592e-01,1.123446963270190585e-01,-1.354133903587966703e+00,1.226265886905584523e-01,3.647907393537637155e-01,4.496864051287609299e-02,4.244693486592914233e-01,1.123446963270190585e-01,-1.354133903587966703e+00,1.226265886905584523e-01
1.077933110883245948e+00,6.917018033522176479e-01,-2.171253198054647060e-02,3.411070098890453539e-01,1.123786505131901814e-01,-1.354134085358682960e+00,1.226631051013805512e-01,3.639614373222729293e-01,4.497556233481277144e-02,4.243003090977638392e-01,1.123786505131901814e-01,-1.354134085358682960e+00,1.226631051013805512e-01
1.078933053323107183e+00,6.916841901550548899e-01,-2.172520213865219985e-02,3.424590422548502433e-01,1.124126347461480435e-01,-1.354134270140444629e+00,1.226996871382425025e-01,3.631324701068134320e-01,4.498251059191153700e-02,4.241296490104963790e-01,1.124126347461480435e-01,-1.354134270140444629e+00,1.226996871382425025e-01
1.079932995762968417e+00,6.916639301167982756e-01,-2.173800325444755210e-02,3.438110353790319595e-01,1.124466488983279777e-01,-1.354134457939557334e+00,1.227363350575721018e-01,3.623038408812817024e-01,4.498948539854298601e-02,4.239573690595108135e-01,1.124466488983279777e-01,-1.354134457939557334e+00,1.227363350575721018e-01
1.080932938202829652e+00,6.916410233191765400e-01,-2.175093532379503841e-02,3.451629840672834071e-01,1.124806928412768886e-01,-1.354134648762369553e+00,1.227730491155477749e-01,3.614755528182762578e-01,4.499648686871644820e-02,4.237834699130643146e-01,1.124806928412768886e-01,-1.354134648762369553e+00,1.227730491155477749e-01
1.081932880642690886e+00,6.916154698540880608e-01,-2.176399834205341999e-02,3.465148831254639128e-01,1.125147664456538077e-01,-1.354134842615275280e+00,1.228098295680949137e-01,3.606476090890864961e-01,4.500351511608034760e-02,4.236079522456465130e-01,1.125147664456538077e-01,-1.354134842615275280e+00,1.228098295680949137e-01
1.082932823082552121e+00,6.915872698235985272e-01,-2.177719230407775680e-02,3.478667273596188769e-01,1.125488695812303513e-01,-1.354135039504711147e+00,1.228466766708843916e-01,3.598200128636793171e-01,4.501057025392123101e-02,4.234308167379772780e-01,1.125488695812303513e-01,-1.354135039504711147e+00,1.228466766708843916e-01
1.083932765522413355e+00,6.915564233399418281e-01,-2.179051720421938676e-02,3.492185115759998126e-01,1.125830021168913175e-01,-1.354135239437158855e+00,1.228835906793293437e-01,3.589927673106877437e-01,4.501765239516355988e-02,4.232520640770039977e-01,1.125830021168913175e-01,-1.354135239437158855e+00,1.228835906793293437e-01
1.084932707962274590e+00,6.915229305255199410e-01,-2.180397303632595346e-02,3.505702305810834418e-01,1.126171639206350328e-01,-1.354135442419142299e+00,1.229205718485832655e-01,3.581658755973982644e-01,4.502476165236905803e-02,4.230716949558989137e-01,1.126171639206350328e-01,-1.354135442419142299e+00,1.229205718485832655e-01
1.085932650402135824e+00,6.914867915129010445e-01,-2.181755979374149640e-02,3.519218791815935665e-01,1.126513548595740738e-01,-1.354135648457231111e+00,1.229576204335369738e-01,3.573393408897384549e-01,4.503189813773665617e-02,4.228897100740560133e-01,1.126513548595740738e-01,-1.354135648457231111e+00,1.229576204335369738e-01
1.086932592841996836e+00,6.914480064448210728e-01,-2.183127746930635382e-02,3.532734521845197206e-01,1.126855747999355312e-01,-1.354135857558037781e+00,1.229947366888165111e-01,3.565131663522648209e-01,4.503906196310163146e-02,4.227061101370889196e-01,1.126855747999355312e-01,-1.354135857558037781e+00,1.229947366888165111e-01
1.087932535281858293e+00,6.914065754741807179e-01,-2.184512605535729457e-02,3.546249443971363213e-01,1.127198236070618281e-01,-1.354136069728218095e+00,1.230319208687803978e-01,3.556873551481511408e-01,4.504625323993546870e-02,4.225208958568275053e-01,1.127198236070618281e-01,-1.354136069728218095e+00,1.230319208687803978e-01
1.088932477721719305e+00,6.913624987640472064e-01,-2.185910554372751807e-02,3.559763506270244293e-01,1.127541011454110259e-01,-1.354136284974472915e+00,1.230691732275173145e-01,3.548619104391755874e-01,4.505347207934534692e-02,4.223340679513156726e-01,1.127541011454110259e-01,-1.354136284974472915e+00,1.230691732275173145e-01
1.089932420161580762e+00,6.913157764876524114e-01,-2.187321592574662313e-02,3.573276656820910668e-01,1.127884072785575731e-01,-1.354136503303545735e+00,1.231064940188434237e-01,3.540368353857085149e-01,4.506071859207368135e-02,4.221456271448082442e-01,1.127884072785575731e-01,-1.354136503303545735e+00,1.231064940188434237e-01
1.090932362601441774e+00,6.912664088283921870e-01,-2.188745719224072239e-02,3.586788843705882024e-01,1.128227418691925416e-01,-1.354136724722224461e+00,1.231438834963000661e-01,3.532121331467005798e-01,4.506799288849779039e-02,4.219555741677682992e-01,1.128227418691925416e-01,-1.354136724722224461e+00,1.231438834963000661e-01
1.091932305041303231e+00,6.912143959798262571e-01,-2.190182933353242156e-02,3.600300015011336785e-01,1.128571047791245840e-01,-1.354136949237339849e+00,1.231813419131512766e-01,3.523878068796706398e-01,4.507529507862925722e-02,4.217639097568640638e-01,1.128571047791245840e-01,-1.354136949237339849e+00,1.231813419131512766e-01
1.092932247481164243e+00,6.911597381456772160e-01,-2.191633233944090611e-02,3.613810118827311957e-01,1.128914958692801285e-01,-1.354137176855767510e+00,1.232188695223808972e-01,3.515638597406929855e-01,4.508262527211395754e-02,4.215706346549661920e-01,1.128914958692801285e-01,-1.354137176855767510e+00,1.232188695223808972e-01
1.093932189921025477e+00,6.911024355398297514e-01,-2.193096619928189966e-02,3.627319103247900189e-01,1.129259149997042105e-01,-1.354137407584425912e+00,1.232564665766908013e-01,3.507402948843852952e-01,4.508998357823099101e-02,4.213757496111449896e-01,1.129259149997042105e-01,-1.354137407584425912e+00,1.232564665766908013e-01
1.094932132360886712e+00,6.910424883863297563e-01,-2.194573090186782011e-02,3.640826916371445732e-01,1.129603620295608485e-01,-1.354137641430277261e+00,1.232941333284977015e-01,3.499171154638970882e-01,4.509737010589295880e-02,4.211792553806670281e-01,1.129603620295608485e-01,-1.354137641430277261e+00,1.232941333284977015e-01
1.095932074800747946e+00,6.909798969193838847e-01,-2.196062643550768939e-02,3.654333506300750933e-01,1.129948368171338480e-01,-1.354137878400327066e+00,1.233318700299311094e-01,3.490943246308968462e-01,4.510478496364510315e-02,4.209811527249930907e-01,1.129948368171338480e-01,-1.354137878400327066e+00,1.233318700299311094e-01
1.096932017240609181e+00,6.909146613833577755e-01,-2.197565278800727578e-02,3.667838821143265537e-01,1.130293392198271352e-01,-1.354138118501624799e+00,1.233696769328306020e-01,3.482719255355601895e-01,4.511222825966501593e-02,4.207814424117740648e-01,1.130293392198271352e-01,-1.354138118501624799e+00,1.233696769328306020e-01
1.097931959680470415e+00,6.908467820327768294e-01,-2.199080994666908345e-02,3.681342809011298178e-01,1.130638690941654922e-01,-1.354138361741263452e+00,1.234075542887435317e-01,3.474499213265572761e-01,4.511970010176223622e-02,4.205801252148490543e-01,1.130638690941654922e-01,-1.354138361741263452e+00,1.234075542887435317e-01
1.098931902120331650e+00,6.907762591323228785e-01,-2.200609789829244614e-02,3.694845418022211225e-01,1.130984262957951819e-01,-1.354138608126379317e+00,1.234455023489225145e-01,3.466283151510408667e-01,4.512720059737788947e-02,4.203772019142412164e-01,1.130984262957951819e-01,-1.354138608126379317e+00,1.234455023489225145e-01
1.099931844560192884e+00,6.907030929568359623e-01,-2.202151662917351677e-02,3.708346596298610076e-01,1.131330106794845303e-01,-1.354138857664151985e+00,1.234835213643226404e-01,3.458071101546351112e-01,4.513472985358432665e-02,4.201726732961558741e-01,1.131330106794845303e-01,-1.354138857664151985e+00,1.234835213643226404e-01
1.100931787000054118e+00,6.906272837913103313e-01,-2.203706612510537496e-02,3.721846291968555764e-01,1.131676220991244403e-01,-1.354139110361805232e+00,1.235216115855995861e-01,3.449863094814216158e-01,4.514228797708449981e-02,4.199665401529765196e-01,1.131676220991244403e-01,-1.354139110361805232e+00,1.235216115855995861e-01
1.101931729439915131e+00,6.905488319308961120e-01,-2.205274637137805832e-02,3.735344453165767575e-01,1.132022604077291272e-01,-1.354139366226604801e+00,1.235597732631064233e-01,3.441659162739281741e-01,4.514987507421187873e-02,4.197588032832622607e-01,1.132022604077291272e-01,-1.354139366226604801e+00,1.235597732631064233e-01
1.102931671879776587e+00,6.904677376808960876e-01,-2.206855735277860053e-02,3.748841028029801792e-01,1.132369254574366602e-01,-1.354139625265861735e+00,1.235980066468918281e-01,3.433459336731172762e-01,4.515749125092972938e-02,4.195494634917444343e-01,1.132369254574366602e-01,-1.354139625265861735e+00,1.235980066468918281e-01
1.103931614319637600e+00,6.903840013567661416e-01,-2.208449905359111815e-02,3.762335964706270408e-01,1.132716170995097665e-01,-1.354139887486928817e+00,1.236363119866971255e-01,3.425263648183726750e-01,4.516513661283108605e-02,4.193385215893237761e-01,1.132716170995097665e-01,-1.354139887486928817e+00,1.236363119866971255e-01
1.104931556759499056e+00,6.902976232841127047e-01,-2.210057145759684871e-02,3.775829211347032088e-01,1.133063351843361655e-01,-1.354140152897202576e+00,1.236746895319539574e-01,3.417072128474883952e-01,4.517281126513807143e-02,4.191259783930668670e-01,1.133063351843361655e-01,-1.354140152897202576e+00,1.236746895319539574e-01
1.105931499199360069e+00,6.902086037986927547e-01,-2.211677454807421672e-02,3.789320716110392562e-01,1.133410795614294836e-01,-1.354140421504123282e+00,1.237131395317819377e-01,3.408884808966559099e-01,4.518051531270163290e-02,4.189118347262030806e-01,1.133410795614294836e-01,-1.354140421504123282e+00,1.237131395317819377e-01
1.106931441639221525e+00,6.901169432464114850e-01,-2.213310830779891339e-02,3.802810427161303908e-01,1.133758500794298379e-01,-1.354140693315173394e+00,1.237516622349859596e-01,3.400701721004523725e-01,4.518824886000109842e-02,4.186960914181215854e-01,1.133758500794298379e-01,-1.354140693315173394e+00,1.237516622349859596e-01
1.107931384079082537e+00,6.900226419833218605e-01,-2.214957271904391400e-02,3.816298292671568282e-01,1.134106465861043495e-01,-1.354140968337880002e+00,1.237902578900538370e-01,3.392522895918280157e-01,4.519601201114388511e-02,4.184787493043678475e-01,1.134106465861043495e-01,-1.354140968337880002e+00,1.237902578900538370e-01
1.108931326518943772e+00,6.899257003756228412e-01,-2.216616776357959590e-02,3.829784260820019437e-01,1.134454689283480033e-01,-1.354141246579812607e+00,1.238289267451539583e-01,3.384348365020952154e-01,4.520380486986504132e-02,4.182598092266403556e-01,1.134454689283480033e-01,-1.354141246579812607e+00,1.238289267451539583e-01
1.109931268958805006e+00,6.898261187996578281e-01,-2.218289342267380435e-02,3.843268279792751985e-01,1.134803169521842320e-01,-1.354141528048583565e+00,1.238676690481326087e-01,3.376178159609147245e-01,4.521162753952694124e-02,4.180392720327877343e-01,1.134803169521842320e-01,-1.354141528048583565e+00,1.238676690481326087e-01
1.110931211398666241e+00,6.897238976419136636e-01,-2.219974967709186994e-02,3.856750297783296810e-01,1.135151905027655395e-01,-1.354141812751848528e+00,1.239064850465115136e-01,3.368012310962844591e-01,4.521948012311891030e-02,4.178171385768048030e-01,1.135151905027655395e-01,-1.354141812751848528e+00,1.239064850465115136e-01
1.111931153838527475e+00,6.896190372990189665e-01,-2.221673650709674736e-02,3.870230262992822023e-01,1.135500894243742925e-01,-1.354142100697306672e+00,1.239453749874856181e-01,3.359850850345281192e-01,4.522736272325660056e-02,4.175934097188299110e-01,1.135500894243742925e-01,-1.354142100697306672e+00,1.239453749874856181e-01
1.112931096278388710e+00,6.895115381777429109e-01,-2.223385389244903615e-02,3.883708123630341125e-01,1.135850135604232897e-01,-1.354142391892700026e+00,1.239843391179203114e-01,3.351693809002818103e-01,4.523527544218208796e-02,4.173680863251411077e-01,1.135850135604232897e-01,-1.354142391892700026e+00,1.239843391179203114e-01
1.113931038718249944e+00,6.894014006949925610e-01,-2.225110181240708834e-02,3.897183827912910070e-01,1.136199627534565521e-01,-1.354142686345813029e+00,1.240233776843491786e-01,3.343541218164827189e-01,4.524321838176313670e-02,4.171411692681522565e-01,1.136199627534565521e-01,-1.354142686345813029e+00,1.240233776843491786e-01
1.114930981158111178e+00,6.892886252778129830e-01,-2.226848024572708820e-02,3.910657324065819340e-01,1.136549368451500591e-01,-1.354142984064473865e+00,1.240624909329714060e-01,3.335393109043566229e-01,4.525119164349296341e-02,4.169126594264118135e-01,1.136549368451500591e-01,-1.354142984064473865e+00,1.240624909329714060e-01
1.115930923597972413e+00,6.891732123633851348e-01,-2.228598917066311469e-02,3.924128560322798220e-01,1.136899356763122065e-01,-1.354143285056553347e+00,1.241016791096494626e-01,3.327249512834066780e-01,4.525919532848991789e-02,4.166825576845964441e-01,1.136899356763122065e-01,-1.354143285056553347e+00,1.241016791096494626e-01
1.116930866037833425e+00,6.890551623990224250e-01,-2.230362856496721433e-02,3.937597484926215197e-01,1.137249590868848054e-01,-1.354143589329964925e+00,1.241409424599064504e-01,3.319110460714000399e-01,4.526722953749696965e-02,4.164508649335095791e-01,1.137249590868848054e-01,-1.354143589329964925e+00,1.241409424599064504e-01
1.117930808477694882e+00,6.889344758421719339e-01,-2.232139840588954344e-02,3.951064046127274465e-01,1.137600069159437760e-01,-1.354143896892665344e+00,1.241802812289238001e-01,3.310975983843569281e-01,4.527529437088156916e-02,4.162175820700774742e-01,1.137600069159437760e-01,-1.354143896892665344e+00,1.241802812289238001e-01
1.118930750917555894e+00,6.888111531604104165e-01,-2.233929867017836468e-02,3.964528192186211886e-01,1.137950790016995922e-01,-1.354144207752654427e+00,1.242196956615389536e-01,3.302846113365382474e-01,4.528338992863505108e-02,4.159827099973452125e-01,1.137950790016995922e-01,-1.354144207752654427e+00,1.242196956615389536e-01
1.119930693357417351e+00,6.886851948314436367e-01,-2.235732933408020318e-02,3.977989871372502595e-01,1.138301751814984469e-01,-1.354144521917973742e+00,1.242591860022424916e-01,3.294720880404331531e-01,4.529151631037255099e-02,4.157462496244739292e-01,1.138301751814984469e-01,-1.354144521917973742e+00,1.242591860022424916e-01
1.120930635797278363e+00,6.885566013431043686e-01,-2.237549037333992630e-02,3.991449031965044192e-01,1.138652952918225020e-01,-1.354144839396708155e+00,1.242987524951760514e-01,3.286600316067478933e-01,4.529967361533232539e-02,4.155082018667369259e-01,1.138652952918225020e-01,-1.354144839396708155e+00,1.242987524951760514e-01
1.121930578237139819e+00,6.884253731933496212e-01,-2.239378176320082348e-02,4.004905622252374342e-01,1.139004391682910955e-01,-1.354145160196985609e+00,1.243383953841296213e-01,3.278484451443927639e-01,4.530786194237582110e-02,4.152685676455153962e-01,1.139004391682910955e-01,-1.354145160196985609e+00,1.243383953841296213e-01
1.122930520677000832e+00,6.882915108902607493e-01,-2.241220347840467905e-02,4.018359590532860626e-01,1.139356066456611860e-01,-1.354145484326976900e+00,1.243781149125394586e-01,3.270373317604708951e-01,4.531608138998696744e-02,4.150273478882961498e-01,1.139356066456611860e-01,-1.354145484326976900e+00,1.243781149125394586e-01
1.123930463116862066e+00,6.881550149520397897e-01,-2.243075549319189371e-02,4.031810885114887055e-01,1.139707975578282406e-01,-1.354145811794894572e+00,1.244179113234850781e-01,3.262266945602661505e-01,4.532433205627196815e-02,4.147845435286678373e-01,1.139707975578282406e-01,-1.354145811794894572e+00,1.244179113234850781e-01
1.124930405556723301e+00,6.880158859070074628e-01,-2.244943778130162673e-02,4.045259454317081116e-01,1.140060117378269289e-01,-1.354146142608994019e+00,1.244577848596874620e-01,3.254165366472301923e-01,4.533261403895899599e-02,4.145401555063154553e-01,1.140060117378269289e-01,-1.354146142608994019e+00,1.244577848596874620e-01
1.125930347996584535e+00,6.878741242936027289e-01,-2.246825031597176475e-02,4.058705246468483629e-01,1.140412490178319693e-01,-1.354146476777573715e+00,1.244977357635060344e-01,3.246068611229722123e-01,4.534092743539784587e-02,4.142941847670192357e-01,1.140412490178319693e-01,-1.354146476777573715e+00,1.244977357635060344e-01
1.126930290436445770e+00,6.877297306603792348e-01,-2.248719306993917505e-02,4.072148209908765804e-01,1.140765092291587957e-01,-1.354146814308974545e+00,1.245377642769365800e-01,3.237976710872449981e-01,4.534927234255951844e-02,4.140466322626492612e-01,1.140765092291587957e-01,-1.354146814308974545e+00,1.245377642769365800e-01
1.127930232876307004e+00,6.875827055660037601e-01,-2.250626601543969513e-02,4.085588292988416304e-01,1.141117922022645420e-01,-1.354147155211579356e+00,1.245778706416087733e-01,3.229889696379349417e-01,4.535764885703603977e-02,4.137974989511623569e-01,1.141117922022645420e-01,-1.354147155211579356e+00,1.245778706416087733e-01
1.128930175316168238e+00,6.874330495792542184e-01,-2.252546912420830272e-02,4.099025444068952750e-01,1.141470977667485426e-01,-1.354147499493813633e+00,1.246180550987834729e-01,3.221807598710479947e-01,4.536605707503989227e-02,4.135467857965985372e-01,1.141470977667485426e-01,-1.354147499493813633e+00,1.246180550987834729e-01
1.129930117756029473e+00,6.872807632790172150e-01,-2.254480236747921987e-02,4.112459611523103242e-01,1.141824257513534141e-01,-1.354147847164145935e+00,1.246583178893506255e-01,3.213730448806997320e-01,4.537449709240395923e-02,4.132944937690763987e-01,1.141824257513534141e-01,-1.354147847164145935e+00,1.246583178893506255e-01
1.130930060195890707e+00,6.871258472542861595e-01,-2.256426571598593375e-02,4.125890743735020072e-01,1.142177759839656387e-01,-1.354148198231086786e+00,1.246986592538265742e-01,3.205658277591016958e-01,4.538296900458106686e-02,4.130406238447904554e-01,1.142177759839656387e-01,-1.354148198231086786e+00,1.246986592538265742e-01
1.131930002635751720e+00,6.869683021041589344e-01,-2.258385913996146382e-02,4.139318789100469020e-01,1.142531482916164381e-01,-1.354148552703188235e+00,1.247390794323518515e-01,3.197591115965506270e-01,4.539147290664355405e-02,4.127851770060066983e-01,1.142531482916164381e-01,-1.354148552703188235e+00,1.247390794323518515e-01
1.132929945075613176e+00,6.868081284378351192e-01,-2.260358260913832018e-02,4.152743696027031972e-01,1.142885425004827316e-01,-1.354148910589046073e+00,1.247795786646885285e-01,3.189528994814158636e-01,4.540000889328327238e-02,4.125281542410584312e-01,1.142885425004827316e-01,-1.354148910589046073e+00,1.247795786646885285e-01
1.133929887515474189e+00,6.866453268746145477e-01,-2.262343609274872908e-02,4.166165412934301204e-01,1.143239584358876626e-01,-1.354149271897296947e+00,1.248201571902177592e-01,3.181471945001280166e-01,4.540857705881089224e-02,4.122695565443434962e-01,1.143239584358876626e-01,-1.354149271897296947e+00,1.248201571902177592e-01
1.134929829955335645e+00,6.864798980438943099e-01,-2.264341955952468149e-02,4.179583888254084223e-01,1.143593959223017514e-01,-1.354149636636620802e+00,1.248608152479378092e-01,3.173419997371658141e-01,4.541717749715583341e-02,4.120093849163192212e-01,1.143593959223017514e-01,-1.354149636636620802e+00,1.248608152479378092e-01
1.135929772395196657e+00,6.863118425851666426e-01,-2.266353297769808928e-02,4.192999070430593056e-01,1.143948547833434359e-01,-1.354150004815739772e+00,1.249015530764610998e-01,3.165373182750461090e-01,4.542581030186577939e-02,4.117476403634993121e-01,1.143948547833434359e-01,-1.354150004815739772e+00,1.249015530764610998e-01
1.136929714835058114e+00,6.861411611480162653e-01,-2.268377631500091002e-02,4.206410907920649089e-01,1.144303348417801264e-01,-1.354150376443416626e+00,1.249423709140118077e-01,3.157331531943098901e-01,4.543447556610667737e-02,4.114843238984499663e-01,1.144303348417801264e-01,-1.354150376443416626e+00,1.249423709140118077e-01
1.137929657274919126e+00,6.859678543921183813e-01,-2.270414953866520952e-02,4.219819349193880131e-01,1.144658359195289410e-01,-1.354150751528457874e+00,1.249832689984238937e-01,3.149295075735120131e-01,4.544317338266204431e-02,4.112194365397848217e-01,1.144658359195289410e-01,-1.354150751528457874e+00,1.249832689984238937e-01
1.138929599714780583e+00,6.857919229872353473e-01,-2.272465261542336301e-02,4.233224342732916368e-01,1.145013578376575386e-01,-1.354151130079711551e+00,1.250242475671383136e-01,3.141263844892085433e-01,4.545190384393286986e-02,4.109529793121626251e-01,1.145013578376575386e-01,-1.354151130079711551e+00,1.250242475671383136e-01
1.139929542154641595e+00,6.856133676132148969e-01,-2.274528551150814190e-02,4.246625837033586870e-01,1.145369004163851040e-01,-1.354151512106067434e+00,1.250653068572006588e-01,3.133237870159448213e-01,4.546066704193735264e-02,4.106849532462819585e-01,1.145369004163851040e-01,-1.354151512106067434e+00,1.250653068572006588e-01
1.140929484594502830e+00,6.854321889599873652e-01,-2.276604819265283519e-02,4.260023780605123322e-01,1.145724634750830695e-01,-1.354151897616457489e+00,1.251064471052585891e-01,3.125217182262441384e-01,4.546946306831040063e-02,4.104153593788774645e-01,1.145724634750830695e-01,-1.354151897616457489e+00,1.251064471052585891e-01
1.141929427034364064e+00,6.852483877275628021e-01,-2.278694062409141949e-02,4.273418121970354866e-01,1.146080468322759893e-01,-1.354152286619856094e+00,1.251476685475599870e-01,3.117201811905950248e-01,4.547829201430356183e-02,4.101441987527164601e-01,1.146080468322759893e-01,-1.354152286619856094e+00,1.251476685475599870e-01
1.142929369474225298e+00,6.850619646260284190e-01,-2.280796277055862492e-02,4.286808809665904607e-01,1.146436503056426220e-01,-1.354152679125277592e+00,1.251889714199498349e-01,3.109191789774399250e-01,4.548715397078467726e-02,4.098714724165943846e-01,1.146436503056426220e-01,-1.354152679125277592e+00,1.251889714199498349e-01
1.143929311914086533e+00,6.848729203755461459e-01,-2.282911459629015719e-02,4.300195792242386128e-01,1.146792737120165134e-01,-1.354153075141780960e+00,1.252303559578681336e-01,3.101187146531637073e-01,4.549604902823742303e-02,4.095971814253305254e-01,1.146792737120165134e-01,-1.354153075141780960e+00,1.252303559578681336e-01
1.144929254353947767e+00,6.846812557063497451e-01,-2.285039606502273224e-02,4.313579018264604437e-01,1.147149168673870373e-01,-1.354153474678464475e+00,1.252718223963476540e-01,3.093187912820808960e-01,4.550497727676112991e-02,4.093213268397641325e-01,1.147149168673870373e-01,-1.354153474678464475e+00,1.252718223963476540e-01
1.145929196793809002e+00,6.844869713587413695e-01,-2.287180713999431916e-02,4.326958436311756917e-01,1.147505795869003531e-01,-1.354153877744469714e+00,1.253133709700113285e-01,3.085194119264244583e-01,4.551393880607058906e-02,4.090439097267506430e-01,1.147505795869003531e-01,-1.354153877744469714e+00,1.253133709700113285e-01
1.146929139233670236e+00,6.842900680830898974e-01,-2.289334778394416098e-02,4.340333994977620957e-01,1.147862616848601969e-01,-1.354154284348979775e+00,1.253550019130695858e-01,3.077205796463338139e-01,4.552293370549570506e-02,4.087649311591565748e-01,1.147862616848601969e-01,-1.354154284348979775e+00,1.253550019130695858e-01
1.147929081673531471e+00,6.840905466398277124e-01,-2.291501795911305567e-02,4.353705642870759340e-01,1.148219629747287973e-01,-1.354154694501218170e+00,1.253967154593185196e-01,3.069222974998435105e-01,4.553196206398109347e-02,4.084843922158564733e-01,1.148219629747287973e-01,-1.354154694501218170e+00,1.253967154593185196e-01
1.148929024113392483e+00,6.838884077994467070e-01,-2.293681762724338047e-02,4.367073328614716754e-01,1.148576832691278748e-01,-1.354155108210451486e+00,1.254385118421371681e-01,3.061245685428697350e-01,4.554102397008588654e-02,4.082022939817278040e-01,1.148576832691278748e-01,-1.354155108210451486e+00,1.254385118421371681e-01
1.149928966553253940e+00,6.836836523424973944e-01,-2.295874674957930003e-02,4.380437000848214080e-01,1.148934223798394882e-01,-1.354155525485987388e+00,1.254803912944850719e-01,3.053273958292011536e-01,4.555011951198356668e-02,4.079186375476474002e-01,1.148934223798394882e-01,-1.354155525485987388e+00,1.254803912944850719e-01
1.150928908993114952e+00,6.834762810595836902e-01,-2.298080528686687746e-02,4.393796608225349898e-01,1.149291801178068395e-01,-1.354155946337175065e+00,1.255223540488998868e-01,3.045307824104847016e-01,4.555924877746146684e-02,4.076334240104864670e-01,1.149291801178068395e-01,-1.354155946337175065e+00,1.255223540488998868e-01
1.151928851432976408e+00,6.832662947513615803e-01,-2.300299319935427550e-02,4.407152099415794222e-01,1.149649562931355923e-01,-1.354156370773404339e+00,1.255644003374951634e-01,3.037347313362148138e-01,4.556841185392074278e-02,4.073466544731071393e-01,1.149649562931355923e-01,-1.354156370773404339e+00,1.255644003374951634e-01
1.152928793872837421e+00,6.830536942285355684e-01,-2.302531044679183986e-02,4.420503423104986118e-01,1.150007507150943298e-01,-1.354156798804108108e+00,1.256065303919577381e-01,3.029392456537221556e-01,4.557760882837584571e-02,4.070583300443577635e-01,1.150007507150943298e-01,-1.354156798804108108e+00,1.256065303919577381e-01
1.153928736312698877e+00,6.828384803118554558e-01,-2.304775698843232468e-02,4.433850527994336876e-01,1.150365631921158455e-01,-1.354157230438759019e+00,1.256487444435455958e-01,3.021443284081604674e-01,4.558683978745449450e-02,4.067684518390685122e-01,1.150365631921158455e-01,-1.354157230438759019e+00,1.256487444435455958e-01
1.154928678752559890e+00,6.826206538321126782e-01,-2.307033278303098622e-02,4.447193362801412087e-01,1.150723935317978786e-01,-1.354157665686871681e+00,1.256910427230852334e-01,3.013499826424966277e-01,4.559610481739725940e-02,4.064770209780469989e-01,1.150723935317978786e-01,-1.354157665686871681e+00,1.256910427230852334e-01
1.155928621192421124e+00,6.824002156301387512e-01,-2.309303778884573555e-02,4.460531876260150907e-01,1.151082415409043491e-01,-1.354158104558003117e+00,1.257334254609692170e-01,3.005562113974967753e-01,4.560540400405731221e-02,4.061840385880741144e-01,1.151082415409043491e-01,-1.354158104558003117e+00,1.257334254609692170e-01
1.156928563632282358e+00,6.821771665567997189e-01,-2.311587196363741603e-02,4.473866017121045369e-01,1.151441070253658300e-01,-1.354158547061749651e+00,1.257758928871542115e-01,2.997630177117163175e-01,4.561473743290021809e-02,4.058895058018996416e-01,1.151441070253658300e-01,-1.354158547061749651e+00,1.257758928871542115e-01
1.157928506072143593e+00,6.819515074729957105e-01,-2.313883526466978258e-02,4.487195734151339099e-01,1.151799897902810871e-01,-1.354158993207750017e+00,1.258184452311581214e-01,2.989704046214876620e-01,4.562410518900369971e-02,4.055934237582378143e-01,1.151799897902810871e-01,-1.354158993207750017e+00,1.258184452311581214e-01
1.158928448512004827e+00,6.817232392496546112e-01,-2.316192764870980345e-02,4.500520976135239382e-01,1.152158896399176347e-01,-1.354159443005683139e+00,1.258610827220579820e-01,2.981783751609076716e-01,4.563350735705724859e-02,4.052957936017624885e-01,1.152158896399176347e-01,-1.354159443005683139e+00,1.258610827220579820e-01
1.159928390951866062e+00,6.814923627677315077e-01,-2.318514907202777128e-02,4.513841691874089235e-01,1.152518063777130536e-01,-1.354159896465270574e+00,1.259038055884876273e-01,2.973869323618274496e-01,4.564294402136200024e-02,4.049966164831036997e-01,1.152518063777130536e-01,-1.354159896465270574e+00,1.259038055884876273e-01
1.160928333391727296e+00,6.812588789182036919e-01,-2.320849949039745577e-02,4.527157830186586129e-01,1.152877398062754771e-01,-1.354160353596273625e+00,1.259466140586348870e-01,2.965960792538395174e-01,4.565241526583045661e-02,4.046958935588417239e-01,1.152877398062754771e-01,-1.354160353596273625e+00,1.259466140586348870e-01
1.161928275831588531e+00,6.810227886020674415e-01,-2.323197885909633609e-02,4.540469339908971280e-01,1.153236897273851314e-01,-1.354160814408494229e+00,1.259895083602399213e-01,2.958058188642658237e-01,4.566192117398620853e-02,4.043936259915038023e-01,1.153236897273851314e-01,-1.354160814408494229e+00,1.259895083602399213e-01
1.162928218271449765e+00,6.807840927303350220e-01,-2.325558713290566334e-02,4.553776169895216719e-01,1.153596559419951401e-01,-1.354161278911777178e+00,1.260324887205921951e-01,2.950161542181476970e-01,4.567146182896367201e-02,4.040898149495593117e-01,1.153596559419951401e-01,-1.354161278911777178e+00,1.260324887205921951e-01
1.163928160711310777e+00,6.805427922240314675e-01,-2.327932426611075550e-02,4.567078269017241787e-01,1.153956382502323158e-01,-1.354161747116006342e+00,1.260755553665284523e-01,2.942270883382321900e-01,4.568103731350794949e-02,4.037844616074144355e-01,1.153956382502323158e-01,-1.354161747116006342e+00,1.260755553665284523e-01
1.164928103151172234e+00,6.802988880141894734e-01,-2.330319021250108064e-02,4.580375586165086887e-01,1.154316364513984783e-01,-1.354162219031106673e+00,1.261187085244302453e-01,2.934386242449617543e-01,4.569064770997438574e-02,4.034775671454089996e-01,1.154316364513984783e-01,-1.354162219031106673e+00,1.261187085244302453e-01
1.165928045591033246e+00,6.800523810418479531e-01,-2.332718492537046856e-02,4.593668070247132751e-01,1.154676503439711344e-01,-1.354162694667044642e+00,1.261619484202214925e-01,2.926507649564619729e-01,4.570029310032863723e-02,4.031691327498105881e-01,1.154676503439711344e-01,-1.354162694667044642e+00,1.261619484202214925e-01
1.166927988030894703e+00,6.798032722580474863e-01,-2.335130835751729472e-02,4.606955670190273633e-01,1.155036797256050185e-01,-1.354163174033827355e+00,1.262052752793663135e-01,2.918635134885302351e-01,4.570997356614611706e-02,4.028591596128106023e-01,1.155036797256050185e-01,-1.354163174033827355e+00,1.262052752793663135e-01
1.167927930470755715e+00,6.795515626238256557e-01,-2.337556046124465020e-02,4.620238334940133806e-01,1.155397243931325785e-01,-1.354163657141502330e+00,1.262486893268666421e-01,2.910768728546237472e-01,4.571968918861191167e-02,4.025476489325192087e-01,1.155397243931325785e-01,-1.354163657141502330e+00,1.262486893268666421e-01
1.168927872910617172e+00,6.792972531102156042e-01,-2.339994118836050824e-02,4.633516013461251859e-01,1.155757841425653215e-01,-1.354164144000157277e+00,1.262921907872595062e-01,2.902908460658480405e-01,4.572944004852066979e-02,4.022346019129613981e-01,1.155757841425653215e-01,-1.354164144000157277e+00,1.262921907872595062e-01
1.169927815350478184e+00,6.790403446982404834e-01,-2.342445049017794628e-02,4.646788654737277757e-01,1.156118587690946747e-01,-1.354164634619921426e+00,1.263357798846151958e-01,2.895054361309455371e-01,4.573922622627601964e-02,4.019200197640713790e-01,1.156118587690946747e-01,-1.354164634619921426e+00,1.263357798846151958e-01
1.170927757790339419e+00,6.787808383789104560e-01,-2.344908831751529171e-02,4.660056207771176573e-01,1.156479480670933313e-01,-1.354165129010963753e+00,1.263794568425346543e-01,2.887206460562835031e-01,4.574904780189080478e-02,4.016039037016884694e-01,1.156479480670933313e-01,-1.354165129010963753e+00,1.263794568425346543e-01
1.171927700230200653e+00,6.785187351532185884e-01,-2.347385462069631959e-02,4.673318621585417776e-01,1.156840518301158749e-01,-1.354165627183494536e+00,1.264232218841468691e-01,2.879364788458426139e-01,4.575890485498647353e-02,4.012862549475520457e-01,1.156840518301158749e-01,-1.354165627183494536e+00,1.264232218841468691e-01
1.172927642670061887e+00,6.782540360321377415e-01,-2.349874934955048511e-02,4.686575845222171188e-01,1.157201698509002785e-01,-1.354166129147763131e+00,1.264670752321070679e-01,2.871529375012056851e-01,4.576879746479310673e-02,4.009670747292972126e-01,1.157201698509002785e-01,-1.354166129147763131e+00,1.264670752321070679e-01
1.173927585109923122e+00,6.779867420366159081e-01,-2.352377245341302769e-02,4.699827827743502939e-01,1.157563019213685845e-01,-1.354166634914061307e+00,1.265110171085940816e-01,2.863700250215457932e-01,4.577872571014895975e-02,4.006463642804494185e-01,1.157563019213685845e-01,-1.354166634914061307e+00,1.265110171085940816e-01
1.174927527549784356e+00,6.777168541975723270e-01,-2.354892388112526588e-02,4.713074518231576970e-01,1.157924478326283341e-01,-1.354167144492718799e+00,1.265550477353077907e-01,2.855877444036144519e-01,4.578868966950047636e-02,4.003241248404201813e-01,1.157924478326283341e-01,-1.354167144492718799e+00,1.265550477353077907e-01
1.175927469989645591e+00,6.774443735558941526e-01,-2.357420358103470143e-02,4.726315865788839332e-01,1.158286073749732470e-01,-1.354167657894107535e+00,1.265991673334670997e-01,2.848060986417304541e-01,4.579868942090206674e-02,4.000003576545018702e-01,1.158286073749732470e-01,-1.354167657894107535e+00,1.265991673334670997e-01
1.176927412429506825e+00,6.771693011624325687e-01,-2.359961150099527949e-02,4.739551819538229682e-01,1.158647803378847208e-01,-1.354168175128638740e+00,1.266433761238076328e-01,2.840250907277680481e-01,4.580872504201564943e-02,3.996750639738634314e-01,1.158647803378847208e-01,-1.354168175128638740e+00,1.266433761238076328e-01
1.177927354869368060e+00,6.768916380779974595e-01,-2.362514758836753090e-02,4.752782328623361696e-01,1.159009665100325798e-01,-1.354168696206764055e+00,1.266876743265791527e-01,2.832447236511453359e-01,4.581879661011066529e-02,3.993482450555446150e-01,1.159009665100325798e-01,-1.354168696206764055e+00,1.266876743265791527e-01
1.178927297309229072e+00,6.766113853733547456e-01,-2.365081179001886705e-02,4.766007342208726794e-01,1.159371656792764216e-01,-1.354169221138975088e+00,1.267320621615430909e-01,2.824650003988133928e-01,4.582890420206391091e-02,3.990199021624516451e-01,1.159371656792764216e-01,-1.354169221138975088e+00,1.267320621615430909e-01
1.179927239749090528e+00,6.763285441292219424e-01,-2.367660405232365622e-02,4.779226809479886762e-01,1.159733776326665189e-01,-1.354169749935803413e+00,1.267765398479709094e-01,2.816859239552436667e-01,4.583904789435913618e-02,3.986900365633527232e-01,1.159733776326665189e-01,-1.354169749935803413e+00,1.267765398479709094e-01
1.180927182188951541e+00,6.760431154362636086e-01,-2.370252432116354627e-02,4.792440679643670265e-01,1.160096021564450824e-01,-1.354170282607820797e+00,1.268211076046409369e-01,2.809074973024169863e-01,4.584922776308696102e-02,3.983586495328721999e-01,1.160096021564450824e-01,-1.354170282607820797e+00,1.268211076046409369e-01
1.181927124628812997e+00,6.757551003950876822e-01,-2.372857254192756865e-02,4.805648901928367134e-01,1.160458390360473435e-01,-1.354170819165639195e+00,1.268657656498367592e-01,2.801297234198124042e-01,4.585944388394463944e-02,3.980257423514858561e-01,1.160458390360473435e-01,-1.354170819165639195e+00,1.268657656498367592e-01
1.182927067068674010e+00,6.754645001162407070e-01,-2.375474865951245074e-02,4.818851425583926540e-01,1.160820880561025670e-01,-1.354171359619910087e+00,1.269105142013441379e-01,2.793526052843947061e-01,4.586969633223593468e-02,3.976913163055166844e-01,1.160820880561025670e-01,-1.354171359619910087e+00,1.269105142013441379e-01
1.183927009508535466e+00,6.751713157202046123e-01,-2.378105261832273720e-02,4.832048199882146844e-01,1.161183490004352309e-01,-1.354171903981324920e+00,1.269553534764494007e-01,2.785761458706044191e-01,4.587998518287086935e-02,3.973553726871285052e-01,1.161183490004352309e-01,-1.354171903981324920e+00,1.269553534764494007e-01
1.184926951948396479e+00,6.748755483373911623e-01,-2.380748436227102596e-02,4.845239174116870440e-01,1.161546216520662755e-01,-1.354172452260614667e+00,1.270002836919367772e-01,2.778003481503446004e-01,4.589031051036555897e-02,3.970179127943226360e-01,1.161546216520662755e-01,-1.354172452260614667e+00,1.270002836919367772e-01
1.185926894388257935e+00,6.745771991081382923e-01,-2.383404383477823185e-02,4.858424297604187481e-01,1.161909057932140749e-01,-1.354173004468550046e+00,1.270453050640859560e-01,2.770252150929704005e-01,4.590067238884192047e-02,3.966789379309311192e-01,1.161909057932140749e-01,-1.354173004468550046e+00,1.270453050640859560e-01
1.186926836828118947e+00,6.742762691827056676e-01,-2.386073097877373234e-02,4.871603519682619066e-01,1.162272012052956993e-01,-1.354173560615942185e+00,1.270904178086702530e-01,2.762507496652778505e-01,4.591107089202758895e-02,3.963384494066123920e-01,1.162272012052956993e-01,-1.354173560615942185e+00,1.270904178086702530e-01
1.187926779267980182e+00,6.739727597212711308e-01,-2.388754573669562425e-02,4.884776789713324296e-01,1.162635076689279845e-01,-1.354174120713640628e+00,1.271356221409536413e-01,2.754769548314910388e-01,4.592150609325583444e-02,3.959964485368473452e-01,1.162635076689279845e-01,-1.354174120713640628e+00,1.271356221409536413e-01
1.188926721707841416e+00,6.736666718939240406e-01,-2.391448805049093546e-02,4.897944057080282354e-01,1.162998249639287246e-01,-1.354174684772535553e+00,1.271809182756890033e-01,2.747038335532523412e-01,4.593197806546511774e-02,3.956529366429315520e-01,1.162998249639287246e-01,-1.354174684772535553e+00,1.271809182756890033e-01
1.189926664147702651e+00,6.733580068806633845e-01,-2.394155786161587113e-02,4.911105271190491228e-01,1.163361528693178659e-01,-1.354175252803556440e+00,1.272263064271153543e-01,2.739313887896099864e-01,4.594248688119910440e-02,3.953079150519727691e-01,1.163361528693178659e-01,-1.354175252803556440e+00,1.272263064271153543e-01
1.190926606587563885e+00,6.730467658713915613e-01,-2.396875511103596645e-02,4.924260381474172554e-01,1.163724911633185893e-01,-1.354175824817670959e+00,1.272717868089562887e-01,2.731596234970063430e-01,4.595303261260644256e-02,3.949613850968842210e-01,1.163724911633185893e-01,-1.354175824817670959e+00,1.272717868089562887e-01
1.191926549027425120e+00,6.727329500659102735e-01,-2.399607973922637805e-02,4.937409337384945363e-01,1.164088396233585732e-01,-1.354176400825887860e+00,1.273173596344165937e-01,2.723885406292677058e-01,4.596361533144061040e-02,3.946133481163798806e-01,1.164088396233585732e-01,-1.354176400825887860e+00,1.273173596344165937e-01
1.192926491467286354e+00,6.724165606739165302e-01,-2.402353168617212334e-02,4.950552088400045347e-01,1.164451980260711311e-01,-1.354176980839254307e+00,1.273630251161807780e-01,2.716181431375918054e-01,4.597423510905973565e-02,3.942638054549693072e-01,1.164451980260711311e-01,-1.354176980839254307e+00,1.273630251161807780e-01
1.193926433907147366e+00,6.720975989149973184e-01,-2.405111089136822283e-02,4.963688584020489181e-01,1.164815661472963781e-01,-1.354177564868856987e+00,1.274087834664106578e-01,2.708484339705368171e-01,4.598489201642624868e-02,3.939127584629525392e-01,1.164815661472963781e-01,-1.354177564868856987e+00,1.274087834664106578e-01
1.194926376347008823e+00,6.717760660186243848e-01,-2.407881729382002622e-02,4.976818773771305437e-01,1.165179437620824654e-01,-1.354178152925821221e+00,1.274546348967426357e-01,2.700794160740098149e-01,4.599558612410710456e-02,3.935602084964139880e-01,1.165179437620824654e-01,-1.354178152925821221e+00,1.274546348967426357e-01
1.195926318786869835e+00,6.714519632241513492e-01,-2.410665083204339976e-02,4.989942607201691693e-01,1.165543306446867461e-01,-1.354178745021312524e+00,1.275005796182859807e-01,2.693110923912555577e-01,4.600631750227320016e-02,3.932061569172183857e-01,1.165543306446867461e-01,-1.354178745021312524e+00,1.275005796182859807e-01
1.196926261226731292e+00,6.711252917808079310e-01,-2.413461144406494133e-02,5.003060033885234903e-01,1.165907265685770522e-01,-1.354179341166534822e+00,1.275466178416199692e-01,2.685434658628452764e-01,4.601708622069965171e-02,3.928506050930049565e-01,1.165907265685770522e-01,-1.354179341166534822e+00,1.275466178416199692e-01
1.197926203666592304e+00,6.707960529476940659e-01,-2.416269906742227191e-02,5.016171003420087926e-01,1.166271313064326659e-01,-1.354179941372731122e+00,1.275927497767922747e-01,2.677765394266650723e-01,4.602789234876500379e-02,3.924935543971813656e-01,1.166271313064326659e-01,-1.354179941372731122e+00,1.275927497767922747e-01
1.198926146106453761e+00,6.704642551226648317e-01,-2.419091328601088303e-02,5.029275184655309650e-01,1.166573093260863114e-01,-1.354054688130508000e+00,1.276389735533246528e-01,2.669684219145695425e-01,4.603666041415795107e-02,3.921350139103793597e-01,1.166573093260863114e-01,-1.354054688130508000e+00,1.276389735533246528e-01
1.199926088546314773e+00,6.701299391696217134e-01,-2.421925207541170133e-02,5.042370987728252985e-01,1.166719820524493856e-01,-1.353616343576393932e+00,1.276852779535830318e-01,2.660568561913039809e-01,4.604030526179499205e-02,3.917750275508204427e-01,1.166719820524493856e-01,-1.353616343576393932e+00,1.276852779535830318e-01
1.200926030986176229e+00,6.697931685285615222e-01,-2.424771229282318696e-02,5.055455998203658430e-01,1.166681031122145940e-01,-1.352803505909753401e+00,1.277316455788902738e-01,2.650215366517332805e-01,4.603781944363069534e-02,3.914136628628175907e-01,1.166681031122145940e-01,-1.352803505909753401e+00,1.277316455788902738e-01
1.201925973426037242e+00,6.694540120579167697e-01,-2.427629052702330939e-02,5.068527669763833732e-01,1.166456676976845158e-01,-1.351616175368733686e+00,1.277780579614906098e-01,2.638626120545724540e-01,4.602920872375898531e-02,3.910509922810282979e-01,1.166456676976845158e-01,-1.351616175368733686e+00,1.277780579614906098e-01
1.202925915865898476e+00,6.691125405788502789e-01,-2.430498326955966848e-02,5.081583461348591069e-01,1.166046710702795253e-01,-1.350054352188058138e+00,1.278244965785768072e-01,2.625802306040139755e-01,4.601447886187651215e-02,3.906870893849561654e-01,1.166046710702795253e-01,-1.350054352188058138e+00,1.278244965785768072e-01
1.203925858305759711e+00,6.687688268697294935e-01,-2.433378691502315061e-02,5.094620837243227784e-01,1.165451085606735437e-01,-1.348118036599019076e+00,1.278709428523162606e-01,2.611745399449965643e-01,4.599363561309337267e-02,3.903220288945094540e-01,1.165451085606735437e-01,-1.348118036599019076e+00,1.278709428523162606e-01
1.204925800745620945e+00,6.684229456596322283e-01,-2.436269776136967130e-02,5.107637267163562811e-01,1.164669755688605146e-01,-1.345807228829474456e+00,1.279173781498950113e-01,2.596456871587667914e-01,4.596668472773549063e-02,3.899558866649955879e-01,1.164669755688605146e-01,-1.345807228829474456e+00,1.279173781498950113e-01
1.205925743185482180e+00,6.680749736208967393e-01,-2.439171201028920988e-02,5.120630226337890001e-01,1.163702675641514750e-01,-1.343121929103849421e+00,1.279637837835788106e-01,2.579938187587470511e-01,4.593363195113887854e-02,3.895887396815618242e-01,1.163702675641514750e-01,-1.343121929103849421e+00,1.279637837835788106e-01
1.206925685625343414e+00,6.677249893607132281e-01,-2.442082576762239637e-02,5.133597195585734019e-01,1.162549800851015169e-01,-1.340062137643138307e+00,1.280101410107910564e-01,2.562190806867123416e-01,4.589448302343610009e-02,3.892206660530837525e-01,1.162549800851015169e-01,-1.340062137643138307e+00,1.280101410107910564e-01
1.207925628065204648e+00,6.673730734117627739e-01,-2.445003504382416842e-02,5.146535661393278893e-01,1.161211087393662078e-01,-1.336627854664911741e+00,1.280564310342075518e-01,2.543216183092859017e-01,4.584924367933446154e-02,3.888517450055031244e-01,1.161211087393662078e-01,-1.336627854664911741e+00,1.280564310342075518e-01
1.208925570505065883e+00,6.670193082219085801e-01,-2.447933575447456406e-02,5.159443115985319350e-01,1.159686492034877336e-01,-1.332819080383329080e+00,1.281026350018671656e-01,2.523015764147597539e-01,4.579791964788722247e-02,3.884820568746218394e-01,1.159686492034877336e-01,-1.332819080383329080e+00,1.281026350018671656e-01
1.209925512944927117e+00,6.666637781429430865e-01,-2.450872372083602244e-02,5.172317057393669426e-01,1.157975972226094608e-01,-1.328635815009150178e+00,1.281487340072976489e-01,2.501590992102484257e-01,4.574051665225746521e-02,3.881116830983561972e-01,1.157975972226094608e-01,-1.328635815009150178e+00,1.281487340072976489e-01
1.210925455384788130e+00,6.663065694183933907e-01,-2.453819467045763314e-02,5.185154989521822966e-01,1.156079486101197068e-01,-1.324078058749753817e+00,1.281947090896570218e-01,2.478943303191803726e-01,4.567704040947456745e-02,3.877407062084528011e-01,1.156079486101197068e-01,-1.324078058749753817e+00,1.281947090896570218e-01
1.211925397824649586e+00,6.659477701703908625e-01,-2.456774423782547706e-02,5.197954422205824931e-01,1.153996992472228894e-01,-1.319145811809159685e+00,1.282405412338896988e-01,2.455074127791384564e-01,4.560749663018442979e-02,3.873692098216721114e-01,1.153996992472228894e-01,-1.319145811809159685e+00,1.282405412338896988e-01
1.212925340264510599e+00,6.655874703856102803e-01,-2.459736796505926706e-02,5.210712871271167002e-01,1.151728450824393846e-01,-1.313839074388053918e+00,1.282862113708959084e-01,2.429984890400531672e-01,4.553189101839269504e-02,3.869972786304429757e-01,1.151728450824393846e-01,-1.313839074388053918e+00,1.282862113708959084e-01
1.213925282704372055e+00,6.652257619002782674e-01,-2.462706130265490678e-02,5.223427858585639738e-01,1.149273821310322352e-01,-1.308157846683814185e+00,1.283317003777166010e-01,2.403677009627537831e-01,4.545022927120194456e-02,3.866249983929934686e-01,1.149273821310322352e-01,-1.308157846683814185e+00,1.283317003777166010e-01
1.214925225144233067e+00,6.648627383842609095e-01,-2.465681961027287733e-02,5.236096912107975898e-01,1.146633064743613761e-01,-1.302102128890545440e+00,1.283769890777296530e-01,2.376151898178901767e-01,4.536251707854231652e-02,3.862524559229586485e-01,1.146633064743613761e-01,-1.302102128890545440e+00,1.283769890777296530e-01
1.215925167584094524e+00,6.644984953242319969e-01,-2.468663815757198704e-02,5.248717565932223827e-01,1.143806142591643760e-01,-1.295671921199113008e+00,1.284220582408608924e-01,2.347410962852259364e-01,4.526876012289673956e-02,3.858797390784745596e-01,1.143806142591643760e-01,-1.295671921199113008e+00,1.284220582408608924e-01
1.216925110023955536e+00,6.641331219161789035e-01,-2.471651252584124853e-02,5.261287638005802680e-01,1.140855273535249098e-01,-1.288992887292078837e+00,1.284668906878713712e-01,2.317873902490605043e-01,4.517103642277350839e-02,3.855069284950192188e-01,1.140855273535249098e-01,-1.288992887292078837e+00,1.284668906878713712e-01
1.217925052463816771e+00,6.637666723712084549e-01,-2.474644002946312787e-02,5.273806197856664157e-01,1.137873201856787198e-01,-1.282252265238307487e+00,1.285114786457483005e-01,2.288164729076792026e-01,4.507243688505911672e-02,3.851340685055870683e-01,1.137873201856787198e-01,-1.282252265238307487e+00,1.285114786457483005e-01
1.218924994903678005e+00,6.633991772595662084e-01,-2.477641915394939581e-02,5.286273138914496794e-01,1.134890445581593077e-01,-1.275511651073130137e+00,1.285558205586927183e-01,2.258488587071958986e-01,4.497397790666929351e-02,3.847611791700553674e-01,1.134890445581593077e-01,-1.275511651073130137e+00,1.285558205586927183e-01
1.219924937343539240e+00,6.630306631019270425e-01,-2.480644858542088022e-02,5.298688491507169696e-01,1.131907011449857781e-01,-1.268771044763140399e+00,1.285999159021827265e-01,2.228845426492561954e-01,4.487565946471713807e-02,3.843882764402685726e-01,1.131907011449857781e-01,-1.268771044763140399e+00,1.285999159021827265e-01
1.220924879783400474e+00,6.626611563088586898e-01,-2.483652701545294855e-02,5.311052286667622413e-01,1.128922906163647988e-01,-1.262030446275118178e+00,1.286437641523480724e-01,2.199235197054520141e-01,4.477748153355448624e-02,3.840153761918244091e-01,1.128922906163647988e-01,-1.262030446275118178e+00,1.286437641523480724e-01
1.221924822223261708e+00,6.622906831807738870e-01,-2.486665314107786712e-02,5.323364556124651203e-01,1.125938136386801791e-01,-1.255289855576033231e+00,1.286873647859529957e-01,2.169657848178936366e-01,4.467944408479644636e-02,3.836424942241530855e-01,1.125938136386801791e-01,-1.255289855576033231e+00,1.286873647859529957e-01
1.222924764663122943e+00,6.619192699078858544e-01,-2.489682566478701800e-02,5.335625332293750800e-01,1.122952708744831968e-01,-1.248549272633044271e+00,1.287307172803796029e-01,2.140113328997777509e-01,4.458154708734640703e-02,3.832696462605980625e-01,1.122952708744831968e-01,-1.248549272633044271e+00,1.287307172803796029e-01
1.223924707102984177e+00,6.615469425701707706e-01,-2.492704329453273443e-02,5.347834648267959512e-01,1.119966629824827031e-01,-1.241808697413501417e+00,1.287738211136102429e-01,2.110601588359526937e-01,4.448379050742094776e-02,3.828968479485014287e-01,1.119966629824827031e-01,-1.241808697413501417e+00,1.287738211136102429e-01
1.224924649542845412e+00,6.611737271373302471e-01,-2.495730474373013957e-02,5.359992537808775381e-01,1.116979906175348258e-01,-1.235068129884946186e+00,1.288166757642117966e-01,2.081122574834814998e-01,4.438617430857387525e-02,3.825241148592878337e-01,1.116979906175348258e-01,-1.235068129884946186e+00,1.288166757642117966e-01
1.225924591982706424e+00,6.607996494687617961e-01,-2.498760873125872861e-02,5.372099035337082329e-01,1.113992544306331850e-01,-1.228327570015109504e+00,1.288592807113181915e-01,2.051676236722015378e-01,4.428869845172106468e-02,3.821514624885531952e-01,1.113992544306331850e-01,-1.228327570015109504e+00,1.288592807113181915e-01
1.226924534422567881e+00,6.604247353135285215e-01,-2.501795398146366978e-02,5.384154175924129593e-01,1.111004550688988318e-01,-1.221587017771913919e+00,1.289016354346144144e-01,2.022262522052815648e-01,4.419136289516450988e-02,3.817789062561536273e-01,1.111004550688988318e-01,-1.221587017771913919e+00,1.289016354346144144e-01
1.227924476862428893e+00,6.600490103103380246e-01,-2.504833922415706723e-02,5.396157995282538922e-01,1.108015931755703121e-01,-1.214846473123477155e+00,1.289437394143199134e-01,1.992881378597776143e-01,4.409416759461655400e-02,3.814064615062970898e-01,1.108015931755703121e-01,-1.214846473123477155e+00,1.289437394143199134e-01
1.228924419302290350e+00,6.596724999875205331e-01,-2.507876319461885967e-02,5.408110529757349516e-01,1.105026693899932438e-01,-1.208105936038107231e+00,1.289855921311721665e-01,1.963532753871832792e-01,4.399711250322371758e-02,3.810341435076373129e-01,1.105026693899932438e-01,-1.208105936038107231e+00,1.289855921311721665e-01
1.229924361742151362e+00,6.592952297630135794e-01,-2.510922463359773274e-02,5.420011816317111819e-01,1.102036843476107558e-01,-1.201365406484306231e+00,1.290271930664110833e-01,1.934216595139792716e-01,4.390019757159067948e-02,3.806619674533682773e-01,1.102036843476107558e-01,-1.201365406484306231e+00,1.290271930664110833e-01
1.230924304182012818e+00,6.589172249443484564e-01,-2.513972228731162564e-02,5.431861892544997961e-01,1.099046386799528846e-01,-1.194624884430769862e+00,1.290685417017624070e-01,1.904932849421805685e-01,4.380342274780388290e-02,3.802899484613215808e-01,1.099046386799528846e-01,-1.194624884430769862e+00,1.290685417017624070e-01
1.231924246621873831e+00,6.585385107286424455e-01,-2.517025490744828620e-02,5.443660796629965493e-01,1.096055330146267354e-01,-1.187884369846388788e+00,1.291096375194220602e-01,1.875681463498791168e-01,4.370678797745511379e-02,3.799181015740654144e-01,1.096055330146267354e-01,-1.187884369846388788e+00,1.291096375194220602e-01
1.232924189061735065e+00,6.581591122025932661e-01,-2.520082125116544780e-02,5.455408567357947769e-01,1.093063679753063649e-01,-1.181143862700248626e+00,1.291504800020400467e-01,1.846462383917853445e-01,4.361029320366502371e-02,3.795464417590057038e-01,1.093063679753063649e-01,-1.181143862700248626e+00,1.291504800020400467e-01
1.233924131501596300e+00,6.577790543424762992e-01,-2.523142008109096127e-02,5.467105244103100947e-01,1.090071441817224152e-01,-1.174403362961627506e+00,1.291910686327053526e-01,1.817275556997658414e-01,4.351393836710613916e-02,3.791749839084878060e-01,1.090071441817224152e-01,-1.174403362961627506e+00,1.291910686327053526e-01
1.234924073941457534e+00,6.573983620141485851e-01,-2.526205016532263176e-02,5.478750866819055432e-01,1.087078622496520375e-01,-1.167662870600003400e+00,1.292314028949296811e-01,1.788120928833799028e-01,4.341772340602627345e-02,3.788037428399011475e-01,1.087078622496520375e-01,-1.167662870600003400e+00,1.292314028949296811e-01
1.235924016381318769e+00,6.570170599730527083e-01,-2.529271027742806266e-02,5.490345476030233929e-01,1.084085227909086374e-01,-1.160922385585047456e+00,1.292714822726324653e-01,1.758998445304112979e-01,4.332164825627124460e-02,3.784327332957854173e-01,1.084085227909086374e-01,-1.160922385585047456e+00,1.292714822726324653e-01
1.236923958821180003e+00,6.566351728642254582e-01,-2.532339919644409007e-02,5.501889112823195038e-01,1.081091264133318686e-01,-1.154181907886630443e+00,1.293113062501254906e-01,1.729908052073992342e-01,4.322571285130803742e-02,3.780619699439374815e-01,1.081091264133318686e-01,-1.154181907886630443e+00,1.293113062501254906e-01
1.237923901261041237e+00,6.562527252223110397e-01,-2.535411570687628666e-02,5.513381818838012371e-01,1.078096737207768496e-01,-1.147441437474817638e+00,1.293508743120971305e-01,1.700849694601651307e-01,4.312991712224720220e-02,3.776914673775209064e-01,1.078096737207768496e-01,-1.147441437474817638e+00,1.293508743120971305e-01
1.238923843700902472e+00,6.558697414715766172e-01,-2.538485859869809430e-02,5.524823636259701409e-01,1.075101653131044777e-01,-1.140700974319874161e+00,1.293901859435981072e-01,1.671823318143376980e-01,4.303426099786561432e-02,3.773212401151777584e-01,1.075101653131044777e-01,-1.140700974319874161e+00,1.293901859435981072e-01
1.239923786140763706e+00,6.554862459259310770e-01,-2.541562666734996367e-02,5.536214607809668564e-01,1.072106017861706451e-01,-1.133960518392262751e+00,1.294292406300258658e-01,1.642828867758745204e-01,4.293874440462867870e-02,3.769513026011393486e-01,1.072106017861706451e-01,-1.133960518392262751e+00,1.294292406300258658e-01
1.240923728580624719e+00,6.551022627889472316e-01,-2.544641871373815034e-02,5.547554776737210203e-01,1.069109837318162615e-01,-1.127220069662645541e+00,1.294680378571098078e-01,1.613866288315822239e-01,4.284336726671290896e-02,3.765816692053419734e-01,1.069109837318162615e-01,-1.127220069662645541e+00,1.294680378571098078e-01
1.241923671020486175e+00,6.547178161538873553e-01,-2.547723354423356637e-02,5.558844186811052746e-01,1.066113117378565400e-01,-1.120479628101882064e+00,1.295065771108968589e-01,1.584935524496307313e-01,4.274812950602774331e-02,3.762123542235414342e-01,1.066113117378565400e-01,-1.120479628101882064e+00,1.295065771108968589e-01
1.242923613460347187e+00,6.543329300037322716e-01,-2.550806997067025378e-02,5.570082882310908312e-01,1.063115863880709222e-01,-1.113739193681034800e+00,1.295448578777362858e-01,1.556036520800708478e-01,4.265303104223770736e-02,3.758433718774306653e-01,1.063115863880709222e-01,-1.113739193681034800e+00,1.295448578777362858e-01
1.243923555900208644e+00,6.539476282112143268e-01,-2.553892681034383022e-02,5.581270908019095867e-01,1.060118082621923918e-01,-1.106998766371364296e+00,1.295828796442655972e-01,1.527169221553419942e-01,4.255807179278425778e-02,3.754747363147589723e-01,1.060118082621923918e-01,-1.106998766371364296e+00,1.295828796442655972e-01
1.244923498340069656e+00,6.535619345388491430e-01,-2.556980288600979589e-02,5.592408309212177908e-01,1.057119779358972889e-01,-1.100258346144332489e+00,1.296206418973959440e-01,1.498333570907825762e-01,4.246325167290748714e-02,3.751064616094506587e-01,1.057119779358972889e-01,-1.100258346144332489e+00,1.296206418973959440e-01
1.245923440779931113e+00,6.531758726389780279e-01,-2.560069702588155249e-02,5.603495131652653782e-01,1.054120959807946095e-01,-1.093517932971604489e+00,1.296581441242980748e-01,1.469529512851354969e-01,4.236857059566750960e-02,3.747385617617278175e-01,1.054120959807946095e-01,-1.093517932971604489e+00,1.296581441242980748e-01
1.246923383219792125e+00,6.527894660538066107e-01,-2.563160806362847072e-02,5.614531421580676307e-01,1.051121629644155425e-01,-1.086777526825044804e+00,1.296953858123877368e-01,1.440756991210501992e-01,4.227402847196609637e-02,3.743710506982334540e-01,1.051121629644155425e-01,-1.086777526825044804e+00,1.296953858123877368e-01
1.247923325659653582e+00,6.524027382154496957e-01,-2.566253483837357963e-02,5.625517225705816138e-01,1.048121794502030746e-01,-1.080037127676722664e+00,1.297323664493119644e-01,1.412015949655844316e-01,4.217962521056788094e-02,3.740039422721548323e-01,1.048121794502030746e-01,-1.080037127676722664e+00,1.297323664493119644e-01
1.248923268099514594e+00,6.520157124459790010e-01,-2.569347619469130456e-02,5.636452591198850559e-01,1.045121459975012906e-01,-1.073296735498909138e+00,1.297690855229350904e-01,1.383306331707014891e-01,4.208536071812135626e-02,3.736372502633505954e-01,1.045121459975012906e-01,-1.073296735498909138e+00,1.297690855229350904e-01
1.249923210539375829e+00,6.516284119574726752e-01,-2.572443098260496219e-02,5.647337565683607785e-01,1.042120631615447574e-01,-1.066556350264078024e+00,1.298055425213247016e-01,1.354628080737641516e-01,4.199123489918012153e-02,3.732709883784766647e-01,1.042120631615447574e-01,-1.066556350264078024e+00,1.298055425213247016e-01
1.250923152979237063e+00,6.512408598520684766e-01,-2.575539805758412376e-02,5.658172197228841238e-01,1.039119314934480731e-01,-1.059815971944909174e+00,1.298417369327384274e-01,1.325981139980290102e-01,4.189724765622340752e-02,3.729051702511156363e-01,1.039119314934480731e-01,-1.059815971944909174e+00,1.298417369327384274e-01
1.251923095419098297e+00,6.508530791220207279e-01,-2.578637628054182562e-02,5.668956534340139353e-01,1.036117515401949601e-01,-1.053075600514285171e+00,1.298776682456097564e-01,1.297365452531341612e-01,4.180339888967710138e-02,3.725398094419059003e-01,1.036117515401949601e-01,-1.053075600514285171e+00,1.298776682456097564e-01
1.252923037858959532e+00,6.504650926497572705e-01,-2.581736451783169656e-02,5.679690625951869798e-01,1.033115238446277451e-01,-1.046335235945295095e+00,1.299133359485350192e-01,1.268780961355883974e-01,4.170968849793396660e-02,3.721749194386731463e-01,1.033115238446277451e-01,-1.046335235945295095e+00,1.299133359485350192e-01
1.253922980298820766e+00,6.500769232079433024e-01,-2.584836164124488384e-02,5.690374521419182541e-01,1.030112489454366176e-01,-1.039594878211233198e+00,1.299487395302598158e-01,1.240227609292526012e-01,4.161611637737441804e-02,3.718105136565630908e-01,1.030112489454366176e-01,-1.039594878211233198e+00,1.299487395302598158e-01
1.254922922738682001e+00,6.496885934595433287e-01,-2.587936652800688214e-02,5.701008270510018461e-01,1.027109273771488335e-01,-1.032854527285600010e+00,1.299838784796659985e-01,1.211705339058242181e-01,4.152268242238643658e-02,3.714466054381734272e-01,1.027109273771488335e-01,-1.032854527285600010e+00,1.299838784796659985e-01
1.255922865178543013e+00,6.493001259578901063e-01,-2.591037806077416128e-02,5.711591923397184578e-01,1.024105596701179455e-01,-1.026114183142103009e+00,1.300187522857582101e-01,1.183214093253149163e-01,4.142938652538594169e-02,3.710832080536903832e-01,1.024105596701179455e-01,-1.026114183142103009e+00,1.300187522857582101e-01
1.256922807618404470e+00,6.489115431467523676e-01,-2.594139512763084937e-02,5.722125530650460368e-01,1.021101463505129092e-01,-1.019373845754655505e+00,1.300533604376513663e-01,1.154753814365259423e-01,4.133622857683669216e-02,3.707203347010235017e-01,1.021101463505129092e-01,-1.019373845754655505e+00,1.300533604376513663e-01
1.257922750058265482e+00,6.485228673604095384e-01,-2.597241662208495810e-02,5.732609143228732940e-01,1.018096879403073418e-01,-1.012633515097380421e+00,1.300877024245573332e-01,1.126324444775236161e-01,4.124320846527007589e-02,3.703579985059431423e-01,1.018096879403073418e-01,-1.012633515097380421e+00,1.300877024245573332e-01
1.258922692498126938e+00,6.481341208237244578e-01,-2.600344144306485777e-02,5.743042812472169967e-01,1.015091849572685723e-01,-1.005893191144608290e+00,1.301217777357726590e-01,1.097925926761095100e-01,4.115032607730484404e-02,3.699962125222190923e-01,1.015091849572685723e-01,-1.005893191144608290e+00,1.301217777357726590e-01
1.259922634937987951e+00,6.477453256522217595e-01,-2.603446849491530130e-02,5.753426590094447013e-01,1.012086379149466919e-01,-9.991528738708780333e-01,1.301555858606653626e-01,1.069558202502890187e-01,4.105758129766683140e-02,3.696349897317586786e-01,1.012086379149466919e-01,-9.991528738708780333e-01,1.301555858606653626e-01
1.260922577377849407e+00,6.473565038521674753e-01,-2.606549668739358352e-02,5.763760528175002618e-01,1.009080473226636882e-01,-9.924125632509388506e-01,1.301891262886630263e-01,1.041221214087362651e-01,4.096497400920794119e-02,3.692743430447482100e-01,1.009080473226636882e-01,-9.924125632509388506e-01,1.301891262886630263e-01
1.261922519817710420e+00,6.469676773206524123e-01,-2.609652493566533629e-02,5.774044679151325576e-01,1.006074136855023282e-01,-9.856722592597502164e-01,1.302223985092398895e-01,1.012914903512578818e-01,4.087250409292597642e-02,3.689142852997949196e-01,1.006074136855023282e-01,-9.856722592597502164e-01,1.302223985092398895e-01
1.262922462257571876e+00,6.465788678456758642e-01,-2.612755216030042751e-02,5.784279095811292182e-01,1.003067375042950848e-01,-9.789319618724802163e-01,1.302554020119049416e-01,9.846392126925367083e-02,4.078017142798322225e-02,3.685548292640680179e-01,1.003067375042950848e-01,-9.789319618724802163e-01,1.302554020119049416e-01
1.263922404697432889e+00,6.461900971062327637e-01,-2.615857728726858622e-02,5.794463831285536770e-01,1.000060192756132976e-01,-9.721916710645107651e-01,1.302881362861897652e-01,9.563940834617355724e-02,4.068797589172575002e-02,3.681959876334433002e-01,1.000060192756132976e-01,-9.721916710645107651e-01,1.302881362861897652e-01
1.264922347137294123e+00,6.458013866724047203e-01,-2.618959924793497207e-02,5.804598939039855576e-01,9.970525949175582103e-02,-9.654513868114323882e-01,1.303206008216361844e-01,9.281794575797314151e-02,4.059591735970230486e-02,3.678377730326470307e-01,9.970525949175582103e-02,-9.654513868114323882e-01,1.303206008216361844e-01
1.265922289577155357e+00,6.454127580054505042e-01,-2.622061697905561997e-02,5.814684472867659437e-01,9.940445864073797766e-02,-9.587111090890494403e-01,1.303527951077846914e-01,8.999952767356597660e-02,4.050399570568270768e-02,3.674801980154027148e-01,9.940445864073797766e-02,-9.587111090890494403e-01,1.303527951077846914e-01
1.266922232017016592e+00,6.450242324579007480e-01,-2.625162942277276673e-02,5.824720486882456472e-01,9.910361720628041438e-02,-9.519708378733797716e-01,1.303847186341625108e-01,8.718414825527465162e-02,4.041221080167664570e-02,3.671232750645756493e-01,9.910361720628041438e-02,-9.519708378733797716e-01,1.303847186341625108e-01
1.267922174456877826e+00,6.446358312736554241e-01,-2.628263552661011179e-02,5.834707035510364737e-01,9.880273566779773642e-02,-9.452305731406527300e-01,1.304163708902720265e-01,8.437180165927615771e-02,4.032056251795200497e-02,3.667670165923225811e-01,9.880273566779773642e-02,-9.452305731406527300e-01,1.304163708902720265e-01
1.268922116896739061e+00,6.442475755880803234e-01,-2.631363424346785940e-02,5.844644173482700378e-01,9.850181450038739128e-02,-9.384903148673127138e-01,1.304477513655791510e-01,8.156248203604786473e-02,4.022905072305310581e-02,3.664114349402373128e-01,9.850181450038739128e-02,-9.384903148673127138e-01,1.304477513655791510e-01
1.269922059336600295e+00,6.438594864281107499e-01,-2.634462453161774340e-02,5.854531955828544687e-01,9.820085417481844159e-02,-9.317500630300176168e-01,1.304788595495020576e-01,7.875618353080934830e-02,4.013767528381896599e-02,3.660565423795029694e-01,9.820085417481844159e-02,-9.317500630300176168e-01,1.304788595495020576e-01
1.270922001776461530e+00,6.434715847123522181e-01,-2.637560535469797574e-02,5.864370437867412189e-01,9.789985515751992162e-02,-9.250098176056414934e-01,1.305096949313994670e-01,7.595290028396158022e-02,4.004643606540114753e-02,3.657023511110389369e-01,9.789985515751992162e-02,-9.250098176056414934e-01,1.305096949313994670e-01
1.271921944216322764e+00,6.430838912511868122e-01,-2.640657568170795208e-02,5.874159675201897635e-01,9.759881791056963796e-02,-9.182695785712736702e-01,1.305402570005601282e-01,7.315262643152416200e-02,3.995533293128154806e-02,3.653488732656547389e-01,9.759881791056963796e-02,-9.182695785712736702e-01,1.305402570005601282e-01
1.272921886656183776e+00,6.426964267468801006e-01,-2.643753448700300601e-02,5.883899723710424023e-01,9.729774289168291457e-02,-9.115293459042170809e-01,1.305705452461912996e-01,7.035535610556789554e-02,3.986436574329035865e-02,3.649961209041992505e-01,9.729774289168291457e-02,-9.115293459042170809e-01,1.305705452461912996e-01
1.273921829096045233e+00,6.423092117936907153e-01,-2.646848075028896546e-02,5.893590639539955101e-01,9.699663055420075508e-02,-9.047891195819949273e-01,1.306005591574078972e-01,6.756108343465033750e-02,3.977353436162330003e-02,3.646441060177146865e-01,9.699663055420075508e-02,-9.047891195819949273e-01,1.306005591574078972e-01
1.274921771535906245e+00,6.419222668779809293e-01,-2.649941345661663283e-02,5.903232479098825536e-01,9.669548134707869891e-02,-8.980488995823452392e-01,1.306302982232217524e-01,6.476980254424001548e-02,3.968283864485934453e-02,3.642928405275894788e-01,9.669548134707869891e-02,-8.980488995823452392e-01,1.306302982232217524e-01
1.275921713975767702e+00,6.415356123783306774e-01,-2.653033159637620958e-02,5.912825299049542238e-01,9.639429571487513615e-02,-8.913086858832255377e-01,1.306597619325309823e-01,6.198150755714709054e-02,3.959227844997764700e-02,3.639423362857123201e-01,9.639429571487513615e-02,-8.913086858832255377e-01,1.306597619325309823e-01
1.276921656415628714e+00,6.411492685656522417e-01,-2.656123416529155429e-02,5.922369156301663384e-01,9.609307409773953923e-02,-8.845684784628102815e-01,1.306889497741092754e-01,5.919619259394427735e-02,3.950185363237505853e-02,3.635926050746268179e-01,9.609307409773953923e-02,-8.845684784628102815e-01,1.306889497741092754e-01
1.277921598855490171e+00,6.407632556033076021e-01,-2.659212016441439563e-02,5.931864108004701874e-01,9.579181693140123577e-02,-8.778282772994931982e-01,1.307178612365956227e-01,5.641385177339013068e-02,3.941156404588282147e-02,3.632436586076871476e-01,9.579181693140123577e-02,-8.778282772994931982e-01,1.307178612365956227e-01
1.278921541295351183e+00,6.403775935472272307e-01,-2.662298860011846208e-02,5.941310211541062092e-01,9.549052464715743205e-02,-8.710880823718880617e-01,1.307464958084838258e-01,5.363447921284685005e-02,3.932140954278361134e-02,3.628955085292143723e-01,9.549052464715743205e-02,-8.710880823718880617e-01,1.307464958084838258e-01
1.279921483735212417e+00,6.399923023460308835e-01,-2.665383848409343462e-02,5.950707524519036618e-01,9.518919767186151404e-02,-8.643478936588290251e-01,1.307748529781125324e-01,5.085806902869707824e-02,3.923138997382813464e-02,3.625481664146527616e-01,9.518919767186151404e-02,-8.643478936588290251e-01,1.307748529781125324e-01
1.280921426175073652e+00,6.396074018411502804e-01,-2.668466883333896200e-02,5.960056104765811824e-01,9.488783642791140394e-02,-8.576077111393691776e-01,1.308029322336550226e-01,4.808461533675629368e-02,3.914150518825160185e-02,3.622016437707278880e-01,9.488783642791140394e-02,-8.576077111393691776e-01,1.308029322336550226e-01
1.281921368614934886e+00,6.392229117669533389e-01,-2.671547867015846428e-02,5.969356010320527872e-01,9.458644133323781955e-02,-8.508675347927842081e-01,1.308307330631093279e-01,4.531411225268592441e-02,3.905175503379046398e-02,3.618559520356045556e-01,9.458644133323781955e-02,-8.508675347927842081e-01,1.308307330631093279e-01
1.282921311054796121e+00,6.388388517508705178e-01,-2.674626702215281149e-02,5.978607299427376454e-01,9.428501280129228390e-02,-8.441273645985717389e-01,1.308582549542883777e-01,4.254655389240063340e-02,3.896213935669846917e-02,3.615111025790455623e-01,9.428501280129228390e-02,-8.441273645985717389e-01,1.308582549542883777e-01
1.283921253494657355e+00,6.384552413135218263e-01,-2.677703292221412026e-02,5.987810030528736283e-01,9.398355124103524583e-02,-8.373872005364518811e-01,1.308854973948103129e-01,3.978193437247455611e-02,3.887265800176281649e-02,3.611671067025705173e-01,9.398355124103524583e-02,-8.373872005364518811e-01,1.308854973948103129e-01
1.284921195934518590e+00,6.380720998688476087e-01,-2.680777540851925905e-02,5.996964262258339673e-01,9.368205705692433938e-02,-8.306470425863672347e-01,1.309124598720889932e-01,3.702024781054519265e-02,3.878331081232028188e-02,3.608239756396168785e-01,9.368205705692433938e-02,-8.306470425863672347e-01,1.309124598720889932e-01
1.285921138374379824e+00,6.376894467242383291e-01,-2.683849352452339493e-02,6.006070053434481304e-01,9.338053064890211585e-02,-8.239068907284843313e-01,1.309391418733246160e-01,3.426148832571361547e-02,3.869409763027290006e-02,3.604817205556996584e-01,9.338053064890211585e-02,-8.239068907284843313e-01,1.309391418733246160e-01
1.286921080814241058e+00,6.373073010806674654e-01,-2.686918631895338777e-02,6.015127463053275836e-01,9.307897241238438646e-02,-8.171667449431940788e-01,1.309655428854940573e-01,3.150565003894396920e-02,3.860501829610395175e-02,3.601403525485719070e-01,9.307897241238438646e-02,-8.171667449431940788e-01,1.309655428854940573e-01
1.287921023254102071e+00,6.369256820328267343e-01,-2.689985284580119484e-02,6.024136550281934399e-01,9.277738273824769066e-02,-8.104266052111112062e-01,1.309916623953422676e-01,2.875272707345789824e-02,3.851607264889325699e-02,3.597998826483874146e-01,9.277738273824769066e-02,-8.104266052111112062e-01,1.309916623953422676e-01
1.288920965693963527e+00,6.365446085692602063e-01,-2.693049216431705334e-02,6.033097374452079942e-01,9.247576201281768049e-02,-8.036864715130771497e-01,1.310174998893727238e-01,2.600271355513013999e-02,3.842726052633285705e-02,3.594603218178614168e-01,9.247576201281768049e-02,-8.036864715130771497e-01,1.310174998893727238e-01
1.289920908133824540e+00,6.361640995725033054e-01,-2.696110333900277045e-02,6.042009995053129190e-01,9.217411061785676929e-02,-7.969463438301590541e-01,1.310430548538387141e-01,2.325560361287775518e-02,3.833858176474225221e-02,3.591216809524345188e-01,9.217411061785676929e-02,-7.969463438301590541e-01,1.310430548538387141e-01
1.290920850573685996e+00,6.357841738192203662e-01,-2.699168543960484001e-02,6.050874471725670167e-01,9.187242893055178050e-02,-7.902062221436499945e-01,1.310683267747345115e-01,2.051139137904883780e-02,3.825003619908345920e-02,3.587839708804340666e-01,9.187242893055178050e-02,-7.902062221436499945e-01,1.310683267747345115e-01
1.291920793013547009e+00,6.354048499803448546e-01,-2.702223754110742032e-02,6.059690864254914100e-01,9.157071732350190174e-02,-7.834661064350711968e-01,1.310933151377867700e-01,1.777007098980933064e-02,3.816162366297631836e-02,3.584472023632385151e-01,9.157071732350190174e-02,-7.834661064350711968e-01,1.310933151377867700e-01
1.292920735453408465e+00,6.350261466212219208e-01,-2.705275872372542995e-02,6.068459232564157313e-01,9.126897616470630581e-02,-7.767259966861710385e-01,1.311180194284457812e-01,1.503163658552549367e-02,3.807334398871300984e-02,3.581113860954407979e-01,9.126897616470630581e-02,-7.767259966861710385e-01,1.311180194284457812e-01
1.293920677893269477e+00,6.346480822017493972e-01,-2.708324807289737290e-02,6.077179636708299748e-01,9.096720581755195212e-02,-7.699858928789271584e-01,1.311424391318773419e-01,1.229608231114545820e-02,3.798519700727318038e-02,3.577765327050120847e-01,9.096720581755195212e-02,-7.699858928789271584e-01,1.311424391318773419e-01
1.294920620333130712e+00,6.342706750765250145e-01,-2.711370467927825406e-02,6.085852136867397899e-01,9.066540664080093015e-02,-7.632457949955462340e-01,1.311665737329541781e-01,9.563402316577530177e-03,3.789718254833832067e-02,3.574426527534677600e-01,9.066540664080093015e-02,-7.632457949955462340e-01,1.311665737329541781e-01
1.295920562772991946e+00,6.338939434949890650e-01,-2.714412763873235920e-02,6.094476793340241061e-01,9.036357898857831639e-02,-7.565057030184624276e-01,1.311904227162480896e-01,6.833590757065794233e-03,3.780930044030628157e-02,3.571097567360304592e-01,9.036357898857831639e-02,-7.565057030184624276e-01,1.311904227162480896e-01
1.296920505212853181e+00,6.335179056015726173e-01,-2.717451605232593104e-02,6.103053666537985311e-01,9.006172321035950390e-02,-7.497656169303421603e-01,1.312139855660215959e-01,4.106641793564711623e-03,3.772155051030576245e-02,3.567778550817957695e-01,9.006172321035950390e-02,-7.497656169303421603e-01,1.312139855660215959e-01
1.297920447652714415e+00,6.331425794358462866e-01,-2.720486902631987641e-02,6.111582816977807475e-01,8.975983965095779560e-02,-7.430255367140837786e-01,1.312372617662204699e-01,1.382549593110073485e-03,3.763393258421023069e-02,3.564469581538987075e-01,8.975983965095779560e-02,-7.430255367140837786e-01,1.312372617662204699e-01
1.298920390092575650e+00,6.327679829326677829e-01,-2.723518567216237640e-02,6.120064305276614602e-01,8.945792865051180320e-02,-7.362854623528155562e-01,1.312602508004654389e-01,-1.338691670813645443e-03,3.754644648665232676e-02,3.561170762496786990e-01,8.945792865051180320e-02,-7.362854623528155562e-01,1.312602508004654389e-01
1.299920332532436884e+00,6.323941339223340119e-01,-2.726546510648140270e-02,6.128498192144771206e-01,8.915599054447274907e-02,-7.295453938298970264e-01,1.312829521520448850e-01,-4.057087817905447383e-03,3.745909204103765877e-02,3.557882196008460562e-01,8.915599054447274907e-02,-7.295453938298970264e-01,1.312829521520448850e-01
1.300920274972298118e+00,6.320210501307325091e-01,-2.729570645107717158e-02,6.136884538379876464e-01,8.885402566359193455e-02,-7.228053311289233118e-01,1.313053653039075730e-01,-6.772644660684619400e-03,3.737186906955834720e-02,3.554603983736474015e-01,8.885402566359193455e-02,-7.228053311289233118e-01,1.313053653039075730e-01
1.301920217412159353e+00,6.316487491794933185e-01,-2.732590883291470540e-02,6.145223404860582495e-01,8.855203433390787526e-02,-7.160652742337205723e-01,1.313274897386545459e-01,-9.485368004129815511e-03,3.728477739320708306e-02,3.551336226690341991e-01,8.855203433390787526e-02,-7.160652742337205723e-01,1.313274897386545459e-01
1.302920159852020365e+00,6.312772485861435356e-01,-2.735607138411600553e-02,6.153514852540428182e-01,8.825001687673370010e-02,-7.093252231283510012e-01,1.313493249385325745e-01,-1.219526364531862972e-02,3.719781683179042286e-02,3.548079025228275118e-01,8.825001687673370010e-02,-7.093252231283510012e-01,1.313493249385325745e-01
1.303920102291881822e+00,6.309065657642627389e-01,-2.738619324195258609e-02,6.161758942441746267e-01,8.794797360864418934e-02,-7.025851777971089396e-01,1.313708703854268300e-01,-1.490233737307373324e-02,3.711098720394227779e-02,3.544832479058865893e-01,8.794797360864418934e-02,-7.025851777971089396e-01,1.313708703854268300e-01
1.304920044731742834e+00,6.305367180236381985e-01,-2.741627354883760873e-02,6.169955735649560458e-01,8.764590484146296545e-02,-6.958451382245259831e-01,1.313921255608537786e-01,-1.760659496760568626e-02,3.702428832713700046e-02,3.541596687242751784e-01,8.764590484146296545e-02,-6.958451382245259831e-01,1.313921255608537786e-01
1.305919987171604291e+00,6.301677225704217511e-01,-2.744631145231812147e-02,6.178105293305575785e-01,8.734381088224968392e-02,-6.891051043953693167e-01,1.314130899459544644e-01,-2.030804220016340506e-02,3.693772001770266600e-02,3.538371748194291677e-01,8.734381088224968392e-02,-6.891051043953693167e-01,1.314130899459544644e-01
1.306919929611465303e+00,6.297995965072887836e-01,-2.747630610506730797e-02,6.186207676602147876e-01,8.704169203328690485e-02,-6.823650762946427140e-01,1.314337630214877373e-01,-2.300668483268363679e-02,3.685128209083399220e-02,3.535157759683248413e-01,8.704169203328690485e-02,-6.823650762946427140e-01,1.314337630214877373e-01
1.307919872051326760e+00,6.294323568335964403e-01,-2.750625666487651472e-02,6.194262946776333267e-01,8.673954859206722823e-02,-6.756250539075866479e-01,1.314541442678238137e-01,-2.570252861744461159e-02,3.676497436060514878e-02,3.531954818836456900e-01,8.673954859206722823e-02,-6.756250539075866479e-01,1.314541442678238137e-01
1.308919814491187772e+00,6.290660204455433835e-01,-2.753616229464739967e-02,6.202271165103958594e-01,8.643738085128016557e-02,-6.688850372196804006e-01,1.314742331649376983e-01,-2.839557929672131137e-02,3.667879663998258044e-02,3.528763022139504990e-01,8.643738085128016557e-02,-6.688850372196804006e-01,1.314742331649376983e-01
1.309919756931049228e+00,6.287006041363309983e-01,-2.756602216238396297e-02,6.210232392893728637e-01,8.613518909879895602e-02,-6.621450262166413969e-01,1.314940291924027727e-01,-3.108584260244329212e-02,3.659274874083739970e-02,3.525582465438417135e-01,8.613518909879895602e-02,-6.621450262166413969e-01,1.314940291924027727e-01
1.310919699370910241e+00,6.283361245963245967e-01,-2.759583544118450471e-02,6.218146691481367672e-01,8.583297361766767386e-02,-6.554050208844264258e-01,1.315135318293849109e-01,-3.377332425585480302e-02,3.650683047395800185e-02,3.522413243941331928e-01,8.583297361766767386e-02,-6.554050208844264258e-01,1.315135318293849109e-01
1.311919641810771475e+00,6.279725984132162875e-01,-2.762560130923362792e-02,6.226014122223809677e-01,8.553073468608765606e-02,-6.486650212092310852e-01,1.315327405546361794e-01,-3.645802996717798644e-02,3.642104164906231900e-02,3.519255452220180769e-01,8.553073468608765606e-02,-6.486650212092310852e-01,1.315327405546361794e-01
1.312919584250632710e+00,6.276100420721875128e-01,-2.765531894979408878e-02,6.233834746493404078e-01,8.522847257740459592e-02,-6.419250271774932237e-01,1.315516548464891744e-01,-3.913996543527641092e-02,3.633538207480990767e-02,3.516109184212373728e-01,8.522847257740459592e-02,-6.419250271774932237e-01,1.315516548464891744e-01
1.313919526690493944e+00,6.272484719560738053e-01,-2.768498755119873367e-02,6.241608625672183663e-01,8.492618756009498449e-02,-6.351850387758901650e-01,1.315702741828509992e-01,-4.181913634732364882e-02,3.624985155881405019e-02,3.512974533222478213e-01,8.492618756009498449e-02,-6.351850387758901650e-01,1.315702741828509992e-01
1.314919469130355179e+00,6.268879043455288791e-01,-2.771460630684229737e-02,6.249335821146158043e-01,8.462387989775289887e-02,-6.284450559913421497e-01,1.315885980411977130e-01,-4.449554837847259636e-02,3.616444990765384226e-02,3.509851591923904279e-01,8.462387989775289887e-02,-6.284450559913421497e-01,1.315885980411977130e-01
1.315919411570216413e+00,6.265283554191911630e-01,-2.774417441517324640e-02,6.257016394299623752e-01,8.432154984907644368e-02,-6.217050788110121129e-01,1.316066258985690851e-01,-4.716920719152640357e-02,3.607917692688555888e-02,3.506740452360584959e-01,8.432154984907644368e-02,-6.217050788110121129e-01,1.316066258985690851e-01
1.316919354010077647e+00,6.261698412538490022e-01,-2.777369107968547662e-02,6.264650406509550962e-01,8.401919766785462262e-02,-6.149651072223055737e-01,1.316243572315627941e-01,-4.984011843661442093e-02,3.599403242105472800e-02,3.503641205948661574e-01,8.401919766785462262e-02,-6.149651072223055737e-01,1.316243572315627941e-01
1.317919296449938660e+00,6.258123778246070801e-01,-2.780315550891013926e-02,6.272237919139975748e-01,8.371682360295337744e-02,-6.082251412128721890e-01,1.316417915163296259e-01,-5.250828775086723021e-02,3.590901619370742703e-02,3.500553943478158514e-01,8.371682360295337744e-02,-6.082251412128721890e-01,1.316417915163296259e-01
1.318919238889800116e+00,6.254559810050557278e-01,-2.783256691640723784e-02,6.279778993536435650e-01,8.341442789830227911e-02,-6.014851807706046438e-01,1.316589282285680063e-01,-5.517372075809728882e-02,3.582412804740160717e-02,3.497478755114672988e-01,8.341442789830227911e-02,-6.014851807706046438e-01,1.316589282285680063e-01
1.319919181329661129e+00,6.251006665674377905e-01,-2.786192452075741954e-02,6.287273691020454081e-01,8.311201079288096927e-02,-5.947452258836435357e-01,1.316757668435195594e-01,-5.783642306847806142e-02,3.573936778371843148e-02,3.494415730401054243e-01,8.311201079288096927e-02,-5.947452258836435357e-01,1.316757668435195594e-01
1.320919123769522585e+00,6.247464501828167149e-01,-2.789122754555347847e-02,6.294722072884038067e-01,8.280957252070544894e-02,-5.880052765403732673e-01,1.316923068359637239e-01,-6.049640027822934807e-02,3.565473520327348822e-02,3.491364958259080553e-01,8.280957252070544894e-02,-5.880052765403732673e-01,1.316923068359637239e-01
1.321919066209383598e+00,6.243933487125075121e-01,-2.792046288996567066e-02,6.302124184650952365e-01,8.275414003489647841e-02,-5.812769055178970135e-01,1.318206489657218206e-01,-6.314561967742707282e-02,3.569290161519404758e-02,3.488276035016903420e-01,8.275414003489647841e-02,-5.812769055178970135e-01,1.318206489657218206e-01
1.322919008649245054e+00,6.240411618456246368e-01,-2.794957448354017104e-02,6.309484657990229728e-01,8.328617376208799494e-02,-5.745763078856205297e-01,1.322171017647867652e-01,-6.577315344199996527e-02,3.602287876530636812e-02,3.485077736642638313e-01,8.328617376208799494e-02,-5.745763078856205297e-01,1.322171017647867652e-01
1.323918951089106066e+00,6.236903413542316255e-01,-2.797844300377026056e-02,6.316794509848637773e-01,8.450785264557103549e-02,-5.680951684726328610e-01,1.329269498948454920e-01,-6.831304215847998351e-02,3.669382919770962370e-02,3.481755177820288205e-01,8.450785264557103549e-02,-5.680951684726328610e-01,1.329269498948454920e-01
1.324918893528967523e+00,6.233405976689491146e-01,-2.800698118545822887e-02,6.324060268070282875e-01,8.642717849161613008e-02,-5.620205895709620147e-01,1.339530177173775538e-01,-7.070331455883249738e-02,3.770808402303077456e-02,3.478306343213951046e-01,8.642717849161613008e-02,-5.620205895709620147e-01,1.339530177173775538e-01
1.325918835968828535e+00,6.229918436796546555e-01,-2.803509173974872912e-02,6.331284188474473051e-01,8.904288373772858978e-02,-5.563526079030142180e-01,1.352980661291900422e-01,-7.294405350851734804e-02,3.906489948253259736e-02,3.474730961420677833e-01,8.904288373772858978e-02,-5.563526079030142180e-01,1.352980661291900422e-01
1.326918778408689770e+00,6.226439911813519412e-01,-2.806267743742750509e-02,6.338468522060768384e-01,9.235370312289686856e-02,-5.510912599457418182e-01,1.369648321178503769e-01,-7.503534211868331805e-02,4.076353258091795773e-02,3.471028750105439320e-01,9.235370312289686856e-02,-5.510912599457418182e-01,1.369648321178503769e-01
1.327918720848551004e+00,6.222969508873954503e-01,-2.808964110768924494e-02,6.345615515063983691e-01,9.635837265370163218e-02,-5.462365819960558477e-01,1.389560313501757849e-01,-7.697726366735263559e-02,4.280324074433054793e-02,3.467199416632085196e-01,9.635837265370163218e-02,-5.462365819960558477e-01,1.389560313501757849e-01
1.328918663288412239e+00,6.219506324415673415e-01,-2.811588563682296607e-02,6.352727409013958493e-01,1.010556285486896438e-01,-5.417886102406650473e-01,1.412743607514531097e-01,-7.876990151778237581e-02,4.518328147104941350e-02,3.463242658672158192e-01,1.010556285486896438e-01,-5.417886102406650473e-01,1.412743607514531097e-01
1.329918605728273473e+00,6.216049444290087100e-01,-2.814131396681470582e-02,6.359806440800042093e-01,1.064442061613082857e-01,-5.377473808303423475e-01,1.439225010754023870e-01,-8.041333903397791805e-02,4.790291197497552333e-02,3.459158164791657497e-01,1.064442061613082857e-01,-5.377473808303423475e-01,1.439225010754023870e-01
1.330918548168134707e+00,6.212597891487414703e-01,-2.816587834862000622e-02,6.366854905100226558e-01,1.124888963117149920e-01,-5.341113276525153442e-01,1.468870585294989040e-01,-8.190877614826473641e-02,5.094463944629718660e-02,3.454952504530483526e-01,1.124888963117149920e-01,-5.341113276525153442e-01,1.468870585294989040e-01
1.331918490607995942e+00,6.209150809573396046e-01,-2.818940779213336897e-02,6.373874935897683169e-01,1.186777507858275404e-01,-5.308562878719831346e-01,1.499321618746840556e-01,-8.327317831235583889e-02,5.405338138749281318e-02,3.450728763924803544e-01,1.186777507858275404e-01,-5.308562878719831346e-01,1.499321618746840556e-01
1.332918433047857176e+00,6.205707024404530925e-01,-2.821202001991893193e-02,6.380869027829194629e-01,1.242854728195806335e-01,-5.279478995741241354e-01,1.527176920813312355e-01,-8.453065180725788386e-02,5.686850009993092703e-02,3.446632877834275854e-01,1.242854728195806335e-01,-5.279478995741241354e-01,1.527176920813312355e-01
1.333918375487718411e+00,6.202265375910298584e-01,-2.823380876151884364e-02,6.387839639609507181e-01,1.292260939393637953e-01,-5.253819982401219946e-01,1.552003246028006989e-01,-8.568425987501951391e-02,5.934728756888353607e-02,3.442680977613271631e-01,1.292260939393637953e-01,-5.253819982401219946e-01,1.552003246028006989e-01
1.334918317927579423e+00,6.198824678014358547e-01,-2.825488151558325917e-02,6.394789241755221010e-01,1.335008657980071567e-01,-5.231585474737950880e-01,1.573773492103682781e-01,-8.673418622958636859e-02,6.149046906170104604e-02,3.438871511511661927e-01,1.335008657980071567e-01,-5.231585474737950880e-01,1.573773492103682781e-01
1.335918260367440880e+00,6.195383733332752163e-01,-2.827534583235595533e-02,6.401720299172946049e-01,1.371110387289755095e-01,-5.212775110520071475e-01,1.592460767240762576e-01,-8.768061354007374020e-02,6.329876945106743813e-02,3.435202925744631486e-01,1.371110387289755095e-01,-5.212775110520071475e-01,1.592460767240762576e-01
1.336918202807301892e+00,6.191941333273049963e-01,-2.829530931407837901e-02,6.408635271117555376e-01,1.400578628241164747e-01,-5.197388528494403248e-01,1.608038364420683042e-01,-8.852372351963014308e-02,6.477291357158132534e-02,3.431673664027838910e-01,1.400578628241164747e-01,-5.197388528494403248e-01,1.608038364420683042e-01
1.337918145247163348e+00,6.188496258120810278e-01,-2.831487961531956726e-02,6.415536611152462543e-01,1.423425890316855347e-01,-5.185425367657251483e-01,1.620479735792082487e-01,-8.926369701132347290e-02,6.591362658306801348e-02,3.428282167085778820e-01,1.423425890316855347e-01,-5.185425367657251483e-01,1.620479735792082487e-01
1.338918087687024361e+00,6.185047277113258080e-01,-2.833416444323180045e-02,6.422426767111789614e-01,1.439664702744626601e-01,-5.176885266549364761e-01,1.629758467150067003e-01,-8.990071407103089607e-02,6.672163434056155307e-02,3.425026872133534739e-01,1.439664702744626601e-01,-5.176885266549364761e-01,1.629758467150067003e-01
1.339918030126885817e+00,6.181593148500252877e-01,-2.835327155773155472e-02,6.429308181064360417e-01,1.449307625877963024e-01,-5.171767862574597752e-01,1.635848252508882161e-01,-9.043495404731154153e-02,6.719766377090180542e-02,3.421906212332076480e-01,1.449307625877963024e-01,-5.171767862574597752e-01,1.635848252508882161e-01
1.340917972566746830e+00,6.178132618008089771e-01,-2.837231024067008237e-02,6.436183291116990279e-01,1.452770373844173291e-01,-5.170092072725599452e-01,1.638916218811997116e-01,-9.086524593428141339e-02,6.736253894819888011e-02,3.418910516093389695e-01,1.452770373844173291e-01,-5.170092072725599452e-01,1.638916218811997116e-01
1.341915317348887360e+00,6.173950242136482247e-01,-2.829754476746021430e-02,6.442735053171853021e-01,1.454113514263910556e-01,-5.166919998312169415e-01,1.631006491148028759e-01,-9.147201110961447612e-02,6.772610677553864145e-02,3.417596006390786201e-01,1.454113514263910556e-01,-5.166919998312169415e-01,1.631006491148028759e-01
1.342912662131027890e+00,6.169759734779555194e-01,-2.822338861333953397e-02,6.449280779886432668e-01,1.456647344196755345e-01,-5.152657752524893997e-01,1.604508961810952594e-01,-9.279245683852752058e-02,6.882777438953788240e-02,3.420836262782429582e-01,1.456647344196755345e-01,-5.152657752524893997e-01,1.604508961810952594e-01
1.343910006913168420e+00,6.165561088742976814e-01,-2.815034967509831565e-02,6.455816551633353217e-01,1.460893112402261995e-01,-5.122506502588316524e-01,1.558844422686788134e-01,-9.508374267353891796e-02,7.070923882745311362e-02,3.429861849310237298e-01,1.460893112402261995e-01,-5.122506502588316524e-01,1.558844422686788134e-01
1.344907351695308950e+00,6.161354115309519708e-01,-2.807892446876903564e-02,6.462339109649930524e-01,1.466540270415594427e-01,-5.079514688085592367e-01,1.494396809962029726e-01,-9.818548711292127140e-02,7.334298619748072512e-02,3.443873353921750868e-01,1.466540270415594427e-01,-5.079514688085592367e-01,1.494396809962029726e-01
1.345904696477449480e+00,6.157138463835661879e-01,-2.800963620559405315e-02,6.468845696988150262e-01,1.470767315623583427e-01,-5.024013207401116787e-01,1.410903474618216691e-01,-1.020838711422908107e-01,7.656432059391028722e-02,3.462790319477746515e-01,1.470767315623583427e-01,-5.024013207401116787e-01,1.410903474618216691e-01
1.346902041259590010e+00,6.152913908811732391e-01,-2.794287921301525160e-02,6.475333486907305369e-01,1.469311013302793123e-01,-4.955431366284513417e-01,1.309313268235603733e-01,-1.068138197316251120e-01,8.009726040929343593e-02,3.486763953583441045e-01,1.469311013302793123e-01,-4.955431366284513417e-01,1.309313268235603733e-01
1.347899386041730541e+00,6.148680189604258661e-01,-2.787909056455530055e-02,6.481799708973742247e-01,1.461897077701155845e-01,-4.873648670781675629e-01,1.190355506169170074e-01,-1.123835345428378929e-01,8.390894633374142153e-02,3.515811875509118334e-01,1.461897077701155845e-01,-4.873648670781675629e-01,1.190355506169170074e-01
1.348896730823871071e+00,6.144437103972617553e-01,-2.781866253007034967e-02,6.488241545537465349e-01,1.448532380157859789e-01,-4.778663903497425425e-01,1.054015822750131032e-01,-1.187947991060888248e-01,8.799861676065962035e-02,3.549924378385064805e-01,1.448532380157859789e-01,-4.778663903497425425e-01,1.054015822750131032e-01
1.349894075606011601e+00,6.140184464621183391e-01,-2.776198280718608982e-02,6.494656179597806389e-01,1.430084929085152778e-01,-4.670553613170430052e-01,9.003916665354949611e-02,-1.260445736506925762e-01,9.241484331309768319e-02,3.589067030812001513e-01,1.430084929085152778e-01,-4.670553613170430052e-01,9.003916665354949611e-02
1.350891420388152131e+00,6.135922094762233936e-01,-2.770943840661577520e-02,6.501040798693776823e-01,1.409154132419553063e-01,-4.549525165790510584e-01,7.300229079307600510e-02,-1.341214611490169906e-01,9.730106655644452096e-02,3.633160990754339403e-01,1.409154132419553063e-01,-4.549525165790510584e-01,7.300229079307600510e-02
1.351888765170292661e+00,6.131649805859954450e-01,-2.766143593407870138e-02,6.507392619602725414e-01,1.388776917883347561e-01,-4.415036252344523571e-01,5.499036714329437470e-02,-1.430875274556441534e-01,1.023697042756923775e-01,3.682677465500401870e-01,1.388776917883347561e-01,-4.415036252344523571e-01,5.499036714329437470e-02
1.352886109952433191e+00,6.127367390785631862e-01,-2.761840739459981570e-02,6.513708896104593027e-01,1.372295738569264401e-01,-4.266232174904057706e-01,3.699205462434573821e-02,-1.530272113244262600e-01,1.072329057558057408e-01,3.738220047958999981e-01,1.372295738569264401e-01,-4.266232174904057706e-01,3.699205462434573821e-02
1.353883454734573721e+00,6.123074652101722082e-01,-2.758078335844184326e-02,6.519986886978925700e-01,1.359894861862578352e-01,-4.103065263410876629e-01,1.906714473579830538e-02,-1.639467307844318933e-01,1.118681994988337952e-01,3.799809207396587230e-01,1.359894861862578352e-01,-4.103065263410876629e-01,1.906714473579830538e-02
1.354880799516714251e+00,6.118771175385688821e-01,-2.754949511447979046e-02,6.526223856231729847e-01,1.351557444715392464e-01,-3.925540152770440328e-01,1.369253171690162918e-03,-1.758472315573741396e-01,1.162764736114932224e-01,3.867428761118971159e-01,1.351557444715392464e-01,-3.925540152770440328e-01,1.369253171690162918e-03
1.355878144298854782e+00,6.114457407514590770e-01,-2.752357838762310022e-02,6.532417073339109592e-01,1.347280730663762693e-01,-3.733657567807597832e-01,-1.522961129626013155e-02,-1.887301818674891885e-01,1.204582146240256724e-01,3.941062687574525270e-01,1.347280730663762693e-01,-3.733657567807597832e-01,-1.522961129626013155e-02
1.356875489080995534e+00,6.110133302957937440e-01,-2.750317798429287655e-02,6.538563813507630718e-01,1.347055899008987589e-01,-3.527421010534153023e-01,-3.026016511804379555e-02,-2.025968234993303363e-01,1.244143126256323367e-01,4.020695139777965554e-01,1.347055899008987589e-01,-3.527421010534153023e-01,-3.026016511804379555e-02
1.357872833863136064e+00,6.105799105164908536e-01,-2.748781256109626703e-02,6.544661357951369052e-01,1.350879343397701493e-01,-3.306832913363449422e-01,-4.372152137032832286e-02,-2.174484946560879539e-01,1.281455744391242768e-01,4.106310458879066649e-01,1.350879343397701493e-01,-3.306832913363449422e-01,-4.372152137032832286e-02
1.358870178645276594e+00,6.101455064148665342e-01,-2.747700188975130131e-02,6.550706994185589993e-01,1.358748485955972307e-01,-3.071896013328988539e-01,-5.561283634612776416e-02,-2.332865104202017370e-01,1.316528945875830581e-01,4.197893187869855547e-01,1.358748485955972307e-01,-3.071896013328988539e-01,-5.561283634612776416e-02
1.359867523427417124e+00,6.097101449471999945e-01,-2.747026907913122443e-02,6.556698456137625142e-01,1.370244534711038686e-01,-2.829073386278456725e-01,-6.587623809326595414e-02,-2.496863116957057649e-01,1.348684514331605355e-01,4.292797061410275061e-01,1.370244534711038686e-01,-2.829073386278456725e-01,-6.587623809326595414e-02
1.360864868209557654e+00,6.092738586006987145e-01,-2.746714734532539753e-02,6.562635257783391296e-01,1.384929744635102489e-01,-2.585121553510670300e-01,-7.445163900200132967e-02,-2.662031089871063627e-01,1.377214654164208019e-01,4.388266249984610345e-01,1.384929744635102489e-01,-2.585121553510670300e-01,-7.445163900200132967e-02
1.361862212991698184e+00,6.088366810560226217e-01,-2.746717377870951798e-02,6.568517439807355363e-01,1.401553183774921219e-01,-2.340684992226611527e-01,-8.170236162047853079e-02,-2.827844959360984456e-01,1.403521062140599962e-01,4.483942138214936923e-01,1.401553183774921219e-01,-2.340684992226611527e-01,-8.170236162047853079e-02
1.362859557773838715e+00,6.083986457805856674e-01,-2.746988684272320611e-02,6.574345067829794331e-01,1.418407591675568125e-01,-2.096198562445000801e-01,-8.813838870790074997e-02,-2.993877558740011269e-01,1.429591755019705979e-01,4.579513377804436125e-01,1.418407591675568125e-01,-2.096198562445000801e-01,-8.813838870790074997e-02
1.363856902555979245e+00,6.079597860268053378e-01,-2.747482626757436625e-02,6.580118209439000942e-01,1.435284107079034810e-01,-1.851715628608858744e-01,-9.382335369710492756e-02,-3.160074399980776216e-01,1.455674137781947097e-01,4.674942478374126131e-01,1.435284107079034810e-01,-1.851715628608858744e-01,-9.382335369710492756e-02
1.364854247338119775e+00,6.075201348506094057e-01,-2.748153305713326583e-02,6.585836934186186653e-01,1.452186390755319523e-01,-1.607235339102967009e-01,-9.875730920404426905e-02,-3.326434089669851879e-01,1.481767689830119361e-01,4.770230816799398421e-01,1.452186390755319523e-01,-1.607235339102967009e-01,-9.875730920404426905e-02
1.365851592120260305e+00,6.070797251265005468e-01,-2.748954949547380636e-02,6.591501313580490073e-01,1.469117377966507598e-01,-1.362756792519415061e-01,-1.029403080137595711e-01,-3.492955317701679774e-01,1.507871399440386673e-01,4.865379777649217474e-01,1.469117377966507598e-01,-1.362756792519415061e-01,-1.029403080137595711e-01
1.366848936902400835e+00,6.066385895591951405e-01,-2.749841915306708642e-02,6.597111421084186356e-01,1.486079278464786657e-01,-1.118279037473406401e-01,-1.063724030784357205e-01,-3.659636857301620250e-01,1.533983762485162938e-01,4.960390753105474171e-01,1.486079278464786657e-01,-1.118279037473406401e-01,-1.063724030784357205e-01
1.367846281684541365e+00,6.061967607904626965e-01,-2.750768471947955679e-02,6.602667332107985398e-01,1.503073579617096867e-01,-8.738010670014051406e-02,-1.090845456542662573e-01,-3.826477570641006465e-01,1.560102767465740836e-01,5.055265142882593432e-01,1.503073579617096867e-01,-8.738010670014051406e-02,-1.090845456542662573e-01
1.368843626466681895e+00,6.057542688159402999e-01,-2.751694499284633097e-02,6.608169124006508799e-01,1.520100982815895119e-01,-6.293219610001532516e-02,-1.111788807120067668e-01,-3.993476260123257626e-01,1.586226266913576266e-01,5.150004354147429408e-01,1.520100982815895119e-01,-6.293219610001532516e-02,-1.111788807120067668e-01
1.369840971248822425e+00,6.053111356967573187e-01,-2.752597092327126183e-02,6.613616876073888928e-01,1.537161440151014746e-01,-3.848411888823355387e-02,-1.131620095388790187e-01,-4.160631346945322107e-01,1.612352850772624802e-01,5.244609801439434893e-01,1.537161440151014746e-01,-3.848411888823355387e-02,-1.131620095388790187e-01
1.370838316030962956e+00,6.048673736685157287e-01,-2.753474624549216709e-02,6.619010669539537872e-01,1.554254490148196111e-01,-1.403587395126992994e-02,-1.151404652355949854e-01,-4.327940722422844999e-01,1.638482376877926083e-01,5.339082906591082756e-01,1.554254490148196111e-01,-1.403587395126992994e-02,-1.151404652355949854e-01
1.371835660813103486e+00,6.044229941264437356e-01,-2.754326918510026367e-02,6.624350587564035164e-01,1.571379652435029584e-01,1.041253623883064798e-02,-1.171143015612681887e-01,-4.495402246111783739e-01,1.664614794991290114e-01,5.433425098648581031e-01,1.571379652435029584e-01,1.041253623883064798e-02,-1.171143015612681887e-01
1.372833005595244016e+00,6.039780082837306052e-01,-2.755153795617652085e-02,6.629636715235175393e-01,1.588536448629533082e-01,3.486110922026441905e-02,-1.190835724307110211e-01,-4.663013783093183373e-01,1.690750055254769402e-01,5.527637813792850574e-01,1.588536448629533082e-01,3.486110922026441905e-02,-1.190835724307110211e-01
1.373830350377384546e+00,6.035324271718058853e-01,-2.755955076135018292e-02,6.634869139564150142e-01,1.605724402324165412e-01,5.930984254139026746e-02,-1.210483319125621182e-01,-4.830773203934300986e-01,1.716888108187319684e-01,5.621722495260768060e-01,1.605724402324165412e-01,5.930984254139026746e-02,-1.210483319125621182e-01
1.374827695159525076e+00,6.030862616406454935e-01,-2.756730579185743060e-02,6.640047949481893141e-01,1.622943039069748017e-01,8.375873376064402187e-02,-1.230086342274241962e-01,-4.998678384649320461e-01,1.743028904681454827e-01,5.715680593266675436e-01,1.622943039069748017e-01,8.375873376064402187e-02,-1.230086342274241962e-01
1.375825039941665606e+00,6.026395223591065609e-01,-2.757480122760018471e-02,6.645173235835535319e-01,1.640191886359307627e-01,1.082077804464557369e-01,-1.249645337460117411e-01,-5.166727206659686988e-01,1.769172395999891179e-01,5.809513564924150275e-01,1.640191886359307627e-01,1.082077804464557369e-01,-1.249645337460117411e-01
1.376822384723806136e+00,6.021922198152891426e-01,-2.758203523720530181e-02,6.650245091385043050e-01,1.657470473611831752e-01,1.326569801771674273e-01,-1.269160849873079699e-01,-5.334917556754088519e-01,1.795318533772184699e-01,5.903222874168060352e-01,1.657470473611831752e-01,1.326569801771674273e-01,-1.269160849873079699e-01
1.377819729505946666e+00,6.017443643169262391e-01,-2.758900597808364163e-02,6.655263610799970753e-01,1.674778332155945071e-01,1.571063305409484689e-01,-1.288633426167321572e-01,-5.503247327048050863e-01,1.821467269991362825e-01,5.996809991676862461e-01,1.674778332155945071e-01,1.571063305409484689e-01,-1.288633426167321572e-01
1.378817074288087197e+00,6.012959659917996857e-01,-2.759571159648967209e-02,6.660228890656367806e-01,1.692114995213503115e-01,1.815558291357104448e-01,-1.308063614443162326e-01,-5.671714414943150873e-01,1.847618557010538565e-01,6.090276394795151038e-01,1.692114995213503115e-01,1.815558291357104448e-01,-1.308063614443162326e-01
1.379814419070227727e+00,6.008470347881869067e-01,-2.760215022758110912e-02,6.665141029433828690e-01,1.709479997883104063e-01,2.060054735690226568e-01,-1.327451964228910652e-01,-5.840316723085915429e-01,1.873772347539528205e-01,6.183623567456507653e-01,1.709479997883104063e-01,2.060054735690226568e-01,-1.327451964228910652e-01
1.380811763852368257e+00,6.003975804753314272e-01,-2.760831999547887911e-02,6.670000127512683008e-01,1.726872877123528383e-01,2.304552614580279712e-01,-1.346799026462822402e-01,-6.009052159326295772e-01,1.899928594641454582e-01,6.276853000106561442e-01,1.726872877123528383e-01,2.304552614580279712e-01,-1.346799026462822402e-01
1.381809108634508787e+00,5.999476126439443613e-01,-2.761421901332740750e-02,6.674806287171327623e-01,1.744293171737086867e-01,2.549051904293558879e-01,-1.366105353475153827e-01,-6.177918636675849839e-01,1.926087251729339533e-01,6.369966189626344866e-01,1.744293171737086867e-01,2.549051904293558879e-01,-1.366105353475153827e-01
1.382806453416649317e+00,5.994971407067309910e-01,-2.761984538335496286e-02,6.679559612583703121e-01,1.761740422352906787e-01,2.793552581190363870e-01,-1.385371498970306148e-01,-6.346914073265521594e-01,1.952248272562697173e-01,6.462964639255871502e-01,1.761740422352906787e-01,2.793552581190363870e-01,-1.385371498970306148e-01
1.383803798198789847e+00,5.990461738989466545e-01,-2.762519719693466019e-02,6.684260209816904608e-01,1.779214171410131717e-01,3.038054621724146642e-01,-1.404598018009067528e-01,-6.516036392303117264e-01,1.978411611244113855e-01,6.555849858517998063e-01,1.779214171410131717e-01,3.038054621724146642e-01,-1.404598018009067528e-01
1.384801142980930377e+00,5.985947212789797245e-01,-2.763027253464538785e-02,6.688908186828933511e-01,1.796713963141046699e-01,3.282558002440629785e-01,-1.423785466990943049e-01,-6.685283522030398551e-01,2.004577222215818966e-01,6.648623363142519560e-01,1.796713963141046699e-01,3.282558002440629785e-01,-1.423785466990943049e-01
1.385798487763071130e+00,5.981427917289604546e-01,-2.763506946633332781e-02,6.693503653466602588e-01,1.814239343554130135e-01,3.527062699976944993e-01,-1.442934403636580154e-01,-6.854653395679857208e-01,2.030745060256252954e-01,6.741286674990503158e-01,1.814239343554130135e-01,3.527062699976944993e-01,-1.442934403636580154e-01
1.386795832545211660e+00,5.976903939554014666e-01,-2.763958605117369793e-02,6.698046721463559727e-01,1.831789860417039617e-01,3.771568691060754874e-01,-1.462045386970279581e-01,-7.024143951431186528e-01,2.056915080476628965e-01,6.833841321978918470e-01,1.831789860417039617e-01,3.771568691060754874e-01,-1.462045386970279581e-01
1.387793177327352190e+00,5.972375364898617756e-01,-2.764382033773292793e-02,6.702537504438462745e-01,1.849365063239506723e-01,4.016075952509362557e-01,-1.481118977302603723e-01,-7.193753132367328718e-01,2.083087238317477274e-01,6.926288838005458803e-01,1.849365063239506723e-01,4.016075952509362557e-01,-1.481118977302603723e-01
1.388790522109492720e+00,5.967842276896399012e-01,-2.764777036403109900e-02,6.706976117893276301e-01,1.866964503256180741e-01,4.260584461228846820e-01,-1.500155736213071578e-01,-7.363478886430291359e-01,2.109261489545194990e-01,7.018630762873636630e-01,1.866964503256180741e-01,4.260584461228846820e-01,-1.500155736213071578e-01
1.389787866891633250e+00,5.963304757384959576e-01,-2.765143415760484141e-02,6.711362679211738680e-01,1.884587733409387456e-01,4.505094194213163927e-01,-1.519156226532937248e-01,-7.533319166376597487e-01,2.135437790248584378e-01,7.110868642218118874e-01,1.884587733409387456e-01,4.505094194213163927e-01,-1.519156226532937248e-01
1.390785211673773780e+00,5.958762886473997211e-01,-2.765480973557064501e-02,6.715697307657911841e-01,1.902234308331822721e-01,4.749605128543246124e-01,-1.538121012328067527e-01,-7.703271929732398160e-01,2.161616096835378142e-01,7.203004027430310874e-01,1.902234308331822721e-01,4.749605128543246124e-01,-1.538121012328067527e-01
1.391782556455914310e+00,5.954216742553064545e-01,-2.765789510468858597e-02,6.719980124374921315e-01,1.919903784329179686e-01,4.994117241386138994e-01,-1.557050658881893868e-01,-7.873335138748310813e-01,2.187796366028768313e-01,7.295038475584165738e-01,1.919903784329179686e-01,4.994117241386138994e-01,-1.557050658881893868e-01
1.392779901238054840e+00,5.949666402299612633e-01,-2.766068826142639367e-02,6.724211252383787141e-01,1.937595719362701641e-01,5.238630509994072204e-01,-1.575945732678463440e-01,-8.043506760353921203e-01,2.213978554863920978e-01,7.386973549362237934e-01,1.937595719362701641e-01,5.238630509994072204e-01,-1.575945732678463440e-01
1.393777246020195371e+00,5.945111940687312080e-01,-2.766318719202416621e-02,6.728390816582402456e-01,1.955309673031671580e-01,5.483144911703573543e-01,-1.594806801385567352e-01,-8.213784766111944524e-01,2.240162620684486849e-01,7.478810816981977805e-01,1.955309673031671580e-01,5.483144911703573543e-01,-1.594806801385567352e-01
1.394774590802335901e+00,5.940553430994638395e-01,-2.766538987255929768e-02,6.732518943744651985e-01,1.973045206555835429e-01,5.727660423934552991e-01,-1.613634433837956850e-01,-8.384167132172154480e-01,2.266348521139105454e-01,7.570551852122254788e-01,1.973045206555835429e-01,5.727660423934552991e-01,-1.613634433837956850e-01
1.395771935584476431e+00,5.935990944813755998e-01,-2.766729426901214789e-02,6.736595762519649311e-01,1.990801882757761709e-01,5.972177024189424532e-01,-1.632429200020646398e-01,-8.554651839224965970e-01,2.292536214177906539e-01,7.662198233850138207e-01,1.990801882757761709e-01,5.972177024189424532e-01,-1.632429200020646398e-01
1.396769280366616961e+00,5.931424552059649802e-01,-2.766889833733195483e-02,6.740621403431102943e-01,2.008579266045127654e-01,6.216694690052148031e-01,-1.651191671052293641e-01,-8.725236872454686932e-01,2.318725658048993166e-01,7.753751546547842377e-01,2.008579266045127654e-01,6.216694690052148031e-01,-1.651191671052293641e-01
1.397766625148757491e+00,5.926854320979575430e-01,-2.767020002350355917e-02,6.744595998876808940e-01,2.026376922392953972e-01,6.461213399187361039e-01,-1.669922419168670402e-01,-8.895920221492559232e-01,2.344916811294937287e-01,7.845213379839999224e-01,2.026376922392953972e-01,6.461213399187361039e-01,-1.669922419168670402e-01
1.398763969930898021e+00,5.922280318162745916e-01,-2.767119726361431942e-02,6.748519683128282320e-01,2.044194419325765788e-01,6.705733129339428444e-01,-1.688622017706210288e-01,-9.066699880369432085e-01,2.371109632749251184e-01,7.936585328521064131e-01,2.044194419325765788e-01,6.705733129339428444e-01,-1.688622017706210288e-01
1.399761314713038551e+00,5.917702608550327037e-01,-2.767188798392188065e-02,6.752392592330489496e-01,2.062031325899701395e-01,6.950253858331543189e-01,-1.707291041085638450e-01,-9.237573847468187882e-01,2.397304081532864450e-01,8.027868992483013777e-01,2.062031325899701395e-01,6.950253858331543189e-01,-1.707291041085638450e-01
1.400758659495179081e+00,5.913121255445700220e-01,-2.767227010092235609e-02,6.756214864501748352e-01,2.079887212684548292e-01,7.194775564064770368e-01,-1.725930064795683228e-01,-9.408540125475889360e-01,2.423500117050592373e-01,8.119065976643229376e-01,2.079887212684548292e-01,7.194775564064770368e-01,-1.725930064795683228e-01
1.401756004277319612e+00,5.908536320525004104e-01,-2.767234152141902215e-02,6.759986639533672736e-01,2.097761651745732314e-01,7.439298224517177927e-01,-1.744539665376866888e-01,-9.579596721335608134e-01,2.449697698987594874e-01,8.210177890872624173e-01,2.097761651745732314e-01,7.439298224517177927e-01,-1.744539665376866888e-01
1.402753349059460142e+00,5.903947863847959221e-01,-2.767210014259184614e-02,6.763708059191324562e-01,2.115654216626234319e-01,7.683821817742836346e-01,-1.763120420405376032e-01,-9.750741646198018975e-01,2.475896787305834623e-01,8.301206349923972994e-01,2.115654216626234319e-01,7.683821817742836346e-01,-1.763120420405376032e-01
1.403750693841600672e+00,5.899355943868969110e-01,-2.767154385206738870e-02,6.767379267113434738e-01,2.133564482328455247e-01,7.928346321870937130e-01,-1.781672908477006378e-01,-9.921972915372713198e-01,2.502097342240524047e-01,8.392152973360467172e-01,2.133564482328455247e-01,7.928346321870937130e-01,-1.781672908477006378e-01
1.404748038623741202e+00,5.894760617448512319e-01,-2.767067052798945215e-02,6.771000408812742899e-01,2.151492025296027066e-01,8.172871715104836898e-01,-1.800197709191192763e-01,-1.009328854827921784e+00,2.528299324296580664e-01,8.483019385484503738e-01,2.151492025296027066e-01,8.172871715104836898e-01,-1.800197709191192763e-01
1.405745383405881732e+00,5.890161939864791973e-01,-2.766947803909038800e-02,6.774571631676461481e-01,2.169436423395556257e-01,8.417397975721121473e-01,-1.818695403135104915e-01,-1.026468656839776727e+00,2.554502694245051608e-01,8.573807215266637805e-01,2.169436423395556257e-01,8.417397975721121473e-01,-1.818695403135104915e-01
1.406742728188022262e+00,5.885559964825696211e-01,-2.766796424476302557e-02,6.778093084966865245e-01,2.187397255898316795e-01,8.661925082068646642e-01,-1.837166571867830112e-01,-1.043616500321983054e+00,2.580707413119559535e-01,8.664518096274795855e-01,2.187397255898316795e-01,8.661925082068646642e-01,-1.837166571867830112e-01
1.407740072970162792e+00,5.880954744481023955e-01,-2.766612699513329443e-02,6.781564919821965187e-01,2.205374103461891500e-01,8.906453012567633332e-01,-1.855611797904622717e-01,-1.060772188419834006e+00,2.606913442212728249e-01,8.755153666603704421e-01,2.205374103461891500e-01,8.906453012567633332e-01,-1.855611797904622717e-01
1.408737417752303323e+00,5.876346329434983806e-01,-2.766396413113358585e-02,6.784987289256318999e-01,2.223366548111753160e-01,9.150981745708678394e-01,-1.874031664701232280e-01,-1.077935524669771272e+00,2.633120743072606684e-01,8.845715568804451978e-01,2.223366548111753160e-01,9.150981745708678394e-01,-1.874031664701232280e-01
1.409734762534443853e+00,5.871734768759002687e-01,-2.766147348457675958e-02,6.788360348161929236e-01,2.241374173222792088e-01,9.395511260051829794e-01,-1.892426756638302954e-01,-1.095106312994357678e+00,2.659329277499087318e-01,8.936205449814358381e-01,2.241374173222792088e-01,9.395511260051829794e-01,-1.892426756638302954e-01
1.410732107316584383e+00,5.867120110004797606e-01,-2.765865287823092780e-02,6.791684253309265840e-01,2.259396563500794264e-01,9.640041534225611830e-01,-1.910797659005845084e-01,-1.112284357697226334e+00,2.685539007540321821e-01,9.026624960886965310e-01,2.259396563500794264e-01,9.640041534225611830e-01,-1.910797659005845084e-01
1.411729452098724913e+00,5.862502399217721649e-01,-2.765550012589501616e-02,6.794959163348380793e-01,2.277433304963864258e-01,9.884572546926106984e-01,-1.929144957987780351e-01,-1.129469463458010470e+00,2.711749895489130036e-01,9.116975757522270962e-01,2.277433304963864258e-01,9.884572546926106984e-01,-1.929144957987780351e-01
1.412726796880865443e+00,5.857881680950429715e-01,-2.765201303247508818e-02,6.798185238810121600e-01,2.295483984923800402e-01,1.012910427691594339e+00,-1.947469240646557131e-01,-1.146661435327237744e+00,2.737961903879402303e-01,9.207259499397151270e-01,2.295483984923800402e-01,1.012910427691594339e+00,-1.947469240646557131e-01
1.413724141663005973e+00,5.853257998276788499e-01,-2.764818939406134615e-02,6.801362642107463552e-01,2.313548191967411682e-01,1.037363670302338337e+00,-1.965771094907833583e-01,-1.163860078721213887e+00,2.764174995482500674e-01,9.297477850295968738e-01,2.313548191967411682e-01,1.037363670302338337e+00,-1.965771094907833583e-01
1.414721486445146503e+00,5.848631392806106222e-01,-2.764402699800610347e-02,6.804491537536918599e-01,2.331625515937796878e-01,1.061816980414132860e+00,-1.984051109545234837e-01,-1.181065199416873712e+00,2.790389133303657898e-01,9.387632478041411099e-01,2.331625515937796878e-01,1.061816980414132860e+00,-1.984051109545234837e-01
1.415718831227287033e+00,5.844001904697617711e-01,-2.763952362300244048e-02,6.807572091280051918e-01,2.349715547915563474e-01,1.086270355922637210e+00,-2.002309874165175418e-01,-1.198276603546613250e+00,2.816604280578363095e-01,9.477725054425474305e-01,2.349715547915563474e-01,1.086270355922637210e+00,-2.002309874165175418e-01
1.416716176009427564e+00,5.839369572675282560e-01,-2.763467703916382481e-02,6.810604471405097282e-01,2.367817880200002723e-01,1.110723794729781222e+00,-2.020547979191747168e-01,-1.215494097593099010e+00,2.842820400768748534e-01,9.567757255140659778e-01,2.367817880200002723e-01,1.110723794729781222e+00,-2.020547979191747168e-01
1.417713520791568316e+00,5.834734434042847528e-01,-2.762948500810447766e-02,6.813588847868641274e-01,2.385932106290220012e-01,1.135177294743670240e+00,-2.038766015851675439e-01,-1.232717488384051707e+00,2.869037457559973636e-01,9.657730759711381507e-01,2.385932106290220012e-01,1.135177294743670240e+00,-2.038766015851675439e-01
1.418710865573708846e+00,5.830095865371793806e-01,-2.762394046610722187e-02,6.816525153251153935e-01,2.403700726845173496e-01,1.159318404704613448e+00,-2.056609583301565458e-01,-1.249693463916102143e+00,2.894774996557275548e-01,9.745964993405796806e-01,2.403700726845173496e-01,1.159318404704613448e+00,-2.056609583301565458e-01
1.419708210355849376e+00,5.825456264789068417e-01,-2.761805843629818943e-02,6.819414418520659549e-01,2.420562620672404297e-01,1.182657418090659718e+00,-2.073524424609304861e-01,-1.266024622273557165e+00,2.919279932947812517e-01,9.829829397149399961e-01,2.420562620672404297e-01,1.182657418090659718e+00,-2.073524424609304861e-01
1.420705555137989906e+00,5.820816071529791857e-01,-2.761183977867032527e-02,6.822256958687026307e-01,2.436309813006216352e-01,1.205014451260015385e+00,-2.089309694204947443e-01,-1.281564103733372706e+00,2.942275485153820203e-01,9.908365531841911711e-01,2.436309813006216352e-01,1.205014451260015385e+00,-2.089309694204947443e-01
1.421702899920130436e+00,5.816176610545850112e-01,-2.760529194087982252e-02,6.825053406446179860e-01,2.450939818051689478e-01,1.226389491420525557e+00,-2.103969041791065586e-01,-1.296310723997374348e+00,2.963761432665449891e-01,9.981583786244310197e-01,2.450939818051689478e-01,1.226389491420525557e+00,-2.103969041791065586e-01
1.422700244702270966e+00,5.811539207736399204e-01,-2.759842251931349591e-02,6.827804389614909875e-01,2.464450199656841312e-01,1.246782526035500993e+00,-2.117506054809291660e-01,-1.310263321479711918e+00,2.983737559859728772e-01,1.004949437830539027e+00,2.464450199656841312e-01,1.246782526035500993e+00,-2.117506054809291660e-01
1.423697589484411496e+00,5.806905190038573750e-01,-2.759123926143119618e-02,6.830510530847964112e-01,2.476838571092207231e-01,1.266193542822588336e+00,-2.129924258282328842e-01,-1.323420757244405443e+00,3.002203655959120865e-01,1.011210735442146014e+00,2.476838571092207231e-01,1.266193542822588336e+00,-2.129924258282328842e-01
1.424694934266552027e+00,5.802275885511896103e-01,-2.758375006789531847e-02,6.833172447367240609e-01,2.488102594833412062e-01,1.284622529752646791e+00,-2.141227114658653119e-01,-1.335781914943677595e+00,3.019159514990646387e-01,1.016943258870793843e+00,2.488102594833412062e-01,1.284622529752646791e+00,-2.141227114658653119e-01
1.425692279048692557e+00,5.797652623416460482e-01,-2.757596299448836913e-02,6.835790750703163443e-01,2.498239982346755206e-01,1.302069475048647229e+00,-2.151418023659889267e-01,-1.347345700757107689e+00,3.034604935745620069e-01,1.022147978228290066e+00,2.498239982346755206e-01,1.302069475048647229e+00,-2.151418023659889267e-01
1.426689623830833087e+00,5.793036734284928713e-01,-2.756788625382032565e-02,6.838366046448226543e-01,2.507248493877813900e-01,1.318534367184583944e+00,-2.160500322130848583e-01,-1.358111043331585721e+00,3.048539721739964015e-01,1.026825846256242736e+00,2.507248493877813900e-01,1.318534367184583944e+00,-2.160500322130848583e-01
1.427686968612973617e+00,5.788429549988406420e-01,-2.755952821682683407e-02,6.840898934022764388e-01,2.515125938243063519e-01,1.334017194884400848e+00,-2.168477283892212282e-01,-1.368076893722088627e+00,3.060963681175106754e-01,1.030977798256780265e+00,2.515125938243063519e-01,1.334017194884400848e+00,-2.168477283892212282e-01
1.428684313395114147e+00,5.783832403796297372e-01,-2.755089741405995774e-02,6.843390006452971797e-01,2.521870172624555706e-01,1.348517947120937865e+00,-2.175352119595854450e-01,-1.377242225333273895e+00,3.071876626899495699e-01,1.034604752024449681e+00,2.521870172624555706e-01,1.348517947120937865e+00,-2.175352119595854450e-01
1.429681658177254677e+00,5.779246630430178167e-01,-2.754200253677270213e-02,6.845839850161214990e-01,2.527479102367627406e-01,1.362036613114886885e+00,-2.181127976582772077e-01,-1.385606033861901620e+00,3.081278376370678029e-01,1.037707607779281727e+00,2.527479102367627406e-01,1.362036613114886885e+00,-2.181127976582772077e-01
1.430679002959395207e+00,5.774673566111819811e-01,-2.753285243779890826e-02,6.848249044768690563e-01,2.531950680781683838e-01,1.374573182333768351e+00,-2.185807938743631329e-01,-1.393167337240086345e+00,3.089168751617993314e-01,1.040287248101034345e+00,2.531950680781683838e-01,1.374573182333768351e+00,-2.185807938743631329e-01
1.431676347741535738e+00,5.770114548605412841e-01,-2.752345613223006193e-02,6.850618162910435682e-01,2.535282908944037072e-01,1.386127644490920741e+00,-2.189395026381895926e-01,-1.399925175579382230e+00,3.095547579205850108e-01,1.042344537864597243e+00,2.535282908944037072e-01,1.386127644490920741e+00,-2.189395026381895926e-01
1.432673692523676268e+00,5.765570917254121408e-01,-2.751382279789052476e-02,6.852947770062760569e-01,2.537473835506839914e-01,1.396699989544508691e+00,-2.191892196079537891e-01,-1.405878611115711552e+00,3.100414690197609846e-01,1.043880324176555963e+00,2.537473835506839914e-01,1.396699989544508691e+00,-2.191892196079537891e-01
1.433671037305816798e+00,5.761044013011041853e-01,-2.750396177561270986e-02,6.855238424383145457e-01,2.538521556507088994e-01,1.406290207696541783e+00,-2.193302340565313202e-01,-1.411026728155132304e+00,3.103769920120051373e-01,1.044895436312920811e+00,2.538521556507088994e-01,1.406290207696541783e+00,-2.193302340565313202e-01
1.434668382087957328e+00,5.756535178464688984e-01,-2.749388256931390925e-02,6.857490676562629783e-01,2.538424215179745369e-01,1.414898289391917974e+00,-2.193628288585586783e-01,-1.415368633020462008e+00,3.105613108928449995e-01,1.045390685658005969e+00,2.538424215179745369e-01,1.414898289391917974e+00,-2.193628288585586783e-01
1.435665726870097858e+00,5.752045757859127750e-01,-2.748359484587635862e-02,6.859705069690749113e-01,2.537180001773948756e-01,1.422524225317473245e+00,-2.192872804777692142e-01,-1.418903453998745068e+00,3.105944100972246047e-01,1.045366865644460130e+00,2.537180001773948756e-01,1.422524225317473245e+00,-2.192872804777692142e-01
1.436663071652238388e+00,5.747577097108821365e-01,-2.747310843483208309e-02,6.861882139133083092e-01,2.534787153372354829e-01,1.429168006401054125e+00,-2.191038589545825921e-01,-1.421630341289588539e+00,3.104762744961311327e-01,1.044824751694443554e+00,2.534787153372354829e-01,1.429168006401054125e+00,-2.191038589545825921e-01
1.437660416434378918e+00,5.743130543808387944e-01,-2.746243332785427635e-02,6.864022412421407759e-01,2.531243953713593897e-01,1.434829623810603749e+00,-2.188128278939446003e-01,-1.423548466954348113e+00,3.102068893932822258e-01,1.043765101161953313e+00,2.531243953713593897e-01,1.434829623810603749e+00,-2.188128278939446003e-01
1.438657761216519448e+00,5.738707447237301196e-01,-2.745157967805696153e-02,6.866126409156556587e-01,2.526548733017869863e-01,1.439509068953263693e+00,-2.184144444534174001e-01,-1.424657024866187616e+00,3.097862405218730353e-01,1.042188653276282517e+00,2.526548733017869863e-01,1.439509068953263693e+00,-2.184144444534174001e-01
1.439655105998659979e+00,5.734309158359724989e-01,-2.744055779910439113e-02,6.868194640924019101e-01,2.520699867815691109e-01,1.443206333474493785e+00,-2.179089593315188533e-01,-1.424955230661004268e+00,3.092143140413826652e-01,1.040096129086621524e+00,2.520699867815691109e-01,1.443206333474493785e+00,-2.179089593315188533e-01
1.440652450780800509e+00,5.729937029819572869e-01,-2.742937816413205596e-02,6.870227611222293751e-01,2.513695780779765521e-01,1.445921409257205692e+00,-2.172966167563091244e-01,-1.424442321689231683e+00,3.084910965344429545e-01,1.037488231407789341e+00,2.513695780779765521e-01,1.445921409257205692e+00,-2.172966167563091244e-01
1.441649795562941039e+00,5.725592415930936818e-01,-2.741805140448090247e-02,6.872225815404091609e-01,2.505534940560046886e-01,1.447654288420914703e+00,-2.165776544742236964e-01,-1.423117556968514164e+00,3.076165750037651025e-01,1.034365644767098136e+00,2.505534940560046886e-01,1.447654288420914703e+00,-2.165776544742236964e-01
1.442647140345081569e+00,5.721276672664000751e-01,-2.740658830824655584e-02,6.874189740630385348e-01,2.496215861621948195e-01,1.448404963320907735e+00,-2.157523037391520238e-01,-1.420980217137269852e+00,3.065907368691286883e-01,1.030729035352341949e+00,2.496215861621948195e-01,1.448404963320907735e+00,-2.157523037391520238e-01
1.443644485127222099e+00,5.716991157626586384e-01,-2.739499981864513406e-02,6.876119865837396761e-01,2.485737104087735738e-01,1.448173426547426423e+00,-2.148207893017601844e-01,-1.418029604409132283e+00,3.054135699644297541e-01,1.026579050960910067e+00,2.485737104087735738e-01,1.448173426547426423e+00,-2.148207893017601844e-01
1.444641829909362629e+00,5.712737230041444736e-01,-2.738329703219738454e-02,6.878016661716537250e-01,2.474097273581098155e-01,1.446959670924867547e+00,-2.137833293990565875e-01,-1.414265042528284777e+00,3.040850625347902847e-01,1.021916320950022605e+00,2.474097273581098155e-01,1.446959670924867547e+00,-2.137833293990565875e-01
1.445639174691503381e+00,5.708516250719442020e-01,-2.737149119673281880e-02,6.879880590707355692e-01,2.461295021074919598e-01,1.444763689510998539e+00,-2.126401357441994600e-01,-1.409685876725687681e+00,3.026052032337283038e-01,1.016741456188077430e+00,2.461295021074919598e-01,1.444763689510998539e+00,-2.126401357441994600e-01
1.446636519473643911e+00,5.704329582028768719e-01,-2.735959370921559747e-02,6.881712107003523649e-01,2.447329042742233951e-01,1.441585475596192101e+00,-2.113914135165453068e-01,-1.404291473676197555e+00,3.009739811203874238e-01,1.011055049007120621e+00,2.447329042742233951e-01,1.441585475596192101e+00,-2.113914135165453068e-01
1.447633864255784442e+00,5.700178587860293966e-01,-2.734761611339362949e-02,6.883511656571941195e-01,2.432198079810398150e-01,1.437425022702675914e+00,-2.100373613519373461e-01,-1.398081221456590528e+00,2.991913856568289565e-01,1.004857673156419828e+00,2.432198079810398150e-01,1.437425022702675914e+00,-2.100373613519373461e-01
1.448631209037924972e+00,5.696064633589215109e-01,-2.733557009727275236e-02,6.885279677184947822e-01,2.415900918418477372e-01,1.432282324583796118e+00,-2.085781713332323373e-01,-1.391054529504486492e+00,2.972574067053836977e-01,9.981498837571501914e-01,2.415900918418477372e-01,1.432282324583796118e+00,-2.085781713332323373e-01
1.449628553820065502e+00,5.691989086033131251e-01,-2.732346749041732886e-02,6.887016598465733885e-01,2.398436389477837105e-01,1.426157375223302770e+00,-2.070140289810656065e-01,-1.383210828578179008e+00,2.951720345260648859e-01,9.909322172581856991e-01,2.398436389477837105e-01,1.426157375223302770e+00,-2.070140289810656065e-01
1.450625898602206032e+00,5.687953313406639566e-01,-2.731132026107924507e-02,6.888722841946939290e-01,2.379803368535977071e-01,1.419050168834648407e+00,-2.053451132448519678e-01,-1.374549570717374936e+00,2.929352597740416120e-01,9.832051913929890086e-01,2.379803368535977071e-01,1.419050168834648407e+00,-2.053451132448519678e-01
1.451623243384346562e+00,5.683958685272642031e-01,-2.729914051315639190e-02,6.890398821142535990e-01,2.360000775643588400e-01,1.410960699860302814e+00,-2.035715964940233991e-01,-1.365070229204847774e+00,2.905470734971736801e-01,9.749693051376067121e-01,2.360000775643588400e-01,1.410960699860302814e+00,-2.035715964940233991e-01
1.452620588166487092e+00,5.680006572490434724e-01,-2.728694048298247257e-02,6.892044941632963218e-01,2.339027575224862099e-01,1.401888962971087338e+00,-2.016936445095009744e-01,-1.354772298529006713e+00,2.880074671336084191e-01,9.662250386697577298e-01,2.339027575224862099e-01,1.401888962971087338e+00,-2.016936445095009744e-01
1.453617932948627622e+00,5.676098347160738466e-01,-2.727473253594961400e-02,6.893661601163628694e-01,2.316882775951020768e-01,1.391834953065521407e+00,-1.997114164754002219e-01,-1.343655294347381401e+00,2.853164325094360021e-01,9.569728533290158268e-01,2.316882775951020768e-01,1.391834953065521407e+00,-1.997114164754002219e-01
1.454615277730768153e+00,5.672235264334410942e-01,-2.726252818805236997e-02,6.895249153407559950e-01,2.293874250408520499e-01,1.381063958397185765e+00,-1.976543614929324177e-01,-1.331936350985038375e+00,2.825147981448203893e-01,9.473536092527076180e-01,2.293874250408520499e-01,1.381063958397185765e+00,-1.976543614929324177e-01
1.455612622512908683e+00,5.668418009131200863e-01,-2.725033434410691416e-02,6.896807770458392994e-01,2.270571775813214899e-01,1.370065730032818063e+00,-1.955766220231075769e-01,-1.320017005213548922e+00,2.796779487460422930e-01,9.376267022266383533e-01,2.270571775813214899e-01,1.370065730032818063e+00,-1.955766220231075769e-01
1.456609967295049213e+00,5.664646746674428801e-01,-2.723815364324553775e-02,6.898337462456343161e-01,2.247240020044255771e-01,1.359067350984527023e+00,-1.935032332177303860e-01,-1.308083663586274481e+00,2.768408419430786194e-01,9.279122103216908002e-01,2.247240020044255771e-01,1.359067350984527023e+00,-1.935032332177303860e-01
1.457607312077189743e+00,5.660921539879282260e-01,-2.722598787211069279e-02,6.899838208091928493e-01,2.223879414180618408e-01,1.348068823470689459e+00,-1.914341377066051120e-01,-1.296136526248261589e+00,2.740034818292050867e-01,9.182099738086021423e-01,2.223879414180618408e-01,1.348068823470689459e+00,-1.914341377066051120e-01
1.458604656859330273e+00,5.657242450619486274e-01,-2.721383879672926998e-02,6.901309985861608931e-01,2.200490387976342388e-01,1.337070149702863198e+00,-1.893692780286013178e-01,-1.284175792965549290e+00,2.711658724729643088e-01,9.085198325270197328e-01,2.200490387976342388e-01,1.337070149702863198e+00,-1.893692780286013178e-01
1.459602001641470803e+00,5.653609539731905276e-01,-2.720170816261866659e-02,6.902752774068021679e-01,2.177073369879486131e-01,1.326071331885886995e+00,-1.873085966331440311e-01,-1.272201663130425819e+00,2.683280179185283387e-01,8.988416258923246360e-01,2.177073369879486131e-01,1.326071331885886995e+00,-1.873085966331440311e-01
1.460599346423611333e+00,5.650022867021102790e-01,-2.718959769489247974e-02,6.904166550820214354e-01,2.153628787051122540e-01,1.315072372217974683e+00,-1.852520358816972801e-01,-1.260214335766701055e+00,2.654899221860611003e-01,8.891751929024297452e-01,2.153628787051122540e-01,1.315072372217974683e+00,-1.852520358816972801e-01
1.461596691205751863e+00,5.646482491263860037e-01,-2.717750909836596368e-02,6.905551294033874798e-01,2.130157065384375992e-01,1.304073272890816204e+00,-1.831995380492429659e-01,-1.248214009534999169e+00,2.626515892720822087e-01,8.795203721445676859e-01,2.130157065384375992e-01,1.304073272890816204e+00,-1.831995380492429659e-01
1.462594035987892394e+00,5.642988470213640140e-01,-2.716544405766109505e-02,6.906906981431580883e-01,2.106658629523490978e-01,1.293074036089674639e+00,-1.811510453257526854e-01,-1.236200882738074602e+00,2.598130231498295695e-01,8.698770018020607342e-01,2.106658629523490978e-01,1.293074036089674639e+00,-1.811510453257526854e-01
1.463591380770032924e+00,5.639540860605019024e-01,-2.715340423731112465e-02,6.908233590543023661e-01,2.083133902882953192e-01,1.282074663993483465e+00,-1.791064998176548906e-01,-1.224175153326138910e+00,2.569742277696239197e-01,8.602449196610729709e-01,2.083133902882953192e-01,1.282074663993483465e+00,-1.791064998176548906e-01
1.464588725552173454e+00,5.636139718158061918e-01,-2.714139128186487948e-02,6.909531098705246066e-01,2.059583307666635332e-01,1.271075158774947811e+00,-1.770658435492961646e-01,-1.212137018902210484e+00,2.541352070592327594e-01,8.506239631173501126e-01,2.059583307666635332e-01,1.271075158774947811e+00,-1.770658435492961646e-01
1.465586070334313984e+00,5.632785097582654332e-01,-2.712940681599047832e-02,6.910799483062899373e-01,2.036007264886992019e-01,1.260075522600641706e+00,-1.750290184643970015e-01,-1.200086676727484036e+00,2.512959649242351712e-01,8.410139691829409125e-01,2.036007264886992019e-01,1.260075522600641706e+00,-1.750290184643970015e-01
1.466583415116454514e+00,5.629477052582797514e-01,-2.711745244457868312e-02,6.912038720568460803e-01,2.012406194384279701e-01,1.249075757631105343e+00,-1.729959664275023956e-01,-1.188024323726709408e+00,2.484565052483860836e-01,8.314147744929033523e-01,2.012406194384279701e-01,1.249075757631105343e+00,-1.729959664275023956e-01
1.467580759898595044e+00,5.626215635860843944e-01,-2.710552975284565361e-02,6.913248787982487764e-01,1.988780514845822356e-01,1.238075866020945881e+00,-1.709666292254265751e-01,-1.175950156493595689e+00,2.456168318939817574e-01,8.218262153119982871e-01,1.988780514845822356e-01,1.238075866020945881e+00,-1.709666292254265751e-01
1.468578104680735574e+00,5.623000899121686214e-01,-2.709364030643535842e-02,6.914429661873874311e-01,1.965130643825311052e-01,1.227075849918938921e+00,-1.689409485686937662e-01,-1.163864371296232658e+00,2.427769487022258255e-01,8.122481275413667712e-01,1.965130643825311052e-01,1.227075849918938921e+00,-1.689409485686937662e-01
1.469575449462876104e+00,5.619832893076923686e-01,-2.708178565152127848e-02,6.915581318620072082e-01,1.941456997762127379e-01,1.216075711468123099e+00,-1.669188660929721568e-01,-1.151767164082516670e+00,2.399368594935936405e-01,8.026803467251909519e-01,1.941456997762127379e-01,1.216075711468123099e+00,-1.669188660929721568e-01
1.470572794245016635e+00,5.616711667448950340e-01,-2.706996731490760380e-02,6.916703734407365634e-01,1.917759992000719893e-01,1.205075452805904668e+00,-1.649003233605046970e-01,-1.139658730485610727e+00,2.370965680682002585e-01,7.931227080573446386e-01,1.917759992000719893e-01,1.205075452805904668e+00,-1.649003233605046970e-01
1.471570139027157165e+00,5.613637270975025961e-01,-2.705818680412997584e-02,6.917796885231110027e-01,1.894040040809997216e-01,1.194075076064152752e+00,-1.628852618615334591e-01,-1.127539265829404558e+00,2.342560782061652302e-01,7.835750463880281069e-01,1.894040040809997216e-01,1.194075076064152752e+00,-1.628852618615334591e-01
1.472567483809297695e+00,5.610609751411258506e-01,-2.704644560755545962e-02,6.918860746895988401e-01,1.870297557402760269e-01,1.183074583369303934e+00,-1.608736230157198077e-01,-1.115408965134000674e+00,2.314153936679800849e-01,7.740371962303853604e-01,1.870297557402760269e-01,1.183074583369303934e+00,-1.608736230157198077e-01
1.473564828591438225e+00,5.607629155536603127e-01,-2.703474519448205438e-02,6.919895295016266212e-01,1.846532953955167811e-01,1.172073976842458176e+00,-1.588653481735600725e-01,-1.103268023121209307e+00,2.285745181948750093e-01,7.645089917671155089e-01,1.846532953955167811e-01,1.172073976842458176e+00,-1.588653481735600725e-01
1.474562173373578755e+00,5.604695529156754619e-01,-2.702308701523742362e-02,6.920900505016066573e-01,1.822746641626228348e-01,1.161073258599481406e+00,-1.568603786177961146e-01,-1.091116634220062220e+00,2.257334555091861372e-01,7.549902668570643849e-01,1.822746641626228348e-01,1.161073258599481406e+00,-1.568603786177961146e-01
1.475559518155719285e+00,5.601808917108019870e-01,-2.701147250127707011e-02,6.921876352129617826e-01,1.798939030577332565e-01,1.150072430751107877e+00,-1.548586555648215624e-01,-1.078954992572340732e+00,2.228922093147233385e-01,7.454808550418068336e-01,1.798939030577332565e-01,1.150072430751107877e+00,-1.548586555648215624e-01
1.476556862937859815e+00,5.598969363261147025e-01,-2.699990306528183073e-02,6.922822811401527776e-01,1.775110529991800745e-01,1.139071495403035428e+00,-1.528601201660834130e-01,-1.066783292038114395e+00,2.200507832971374256e-01,7.359805895522127939e-01,1.775110529991800745e-01,1.139071495403035428e+00,-1.528601201660834130e-01
1.477554207720000345e+00,5.596176910525096915e-01,-2.698838010125460471e-02,6.923739857687057908e-01,1.751261548094470710e-01,1.128070454656032062e+00,-1.508647135094796365e-01,-1.054601726201298773e+00,2.172091811242885806e-01,7.264893033150051638e-01,1.751261548094470710e-01,1.128070454656032062e+00,-1.508647135094796365e-01
1.478551552502141098e+00,5.593431600850768959e-01,-2.697690498461643993e-02,6.924627465652387626e-01,1.727392492171311855e-01,1.117069310606032317e+00,-1.488723766207518395e-01,-1.042410488375221433e+00,2.143674064466142004e-01,7.170068289593017896e-01,1.727392492171311855e-01,1.117069310606032317e+00,-1.488723766207518395e-01
1.479548897284281628e+00,5.590733475234681560e-01,-2.696547907230191152e-02,6.925485609774908458e-01,1.703503768589068879e-01,1.106068065344241846e+00,-1.468830504648746260e-01,-1.030209771608209035e+00,2.115254628974981843e-01,7.075329988231481293e-01,1.703503768589068879e-01,1.106068065344241846e+00,-1.468830504648746260e-01
1.480546242066422158e+00,5.588082573722610302e-01,-2.695410370285358098e-02,6.926314264343496063e-01,1.679595782814922167e-01,1.095066720957235562e+00,-1.448966759474400734e-01,-1.017999768689178630e+00,2.086833540936388343e-01,6.980676449600351496e-01,1.679595782814922167e-01,1.095066720957235562e+00,-1.448966759474400734e-01
1.481543586848562688e+00,5.585478935413167312e-01,-2.694278019651589334e-02,6.927113403458803331e-01,1.655668939436190645e-01,1.084065279527061776e+00,-1.429131939160382947e-01,-1.005780672153248068e+00,2.058410836354182261e-01,6.886105991454094521e-01,1.655668939436190645e-01,1.084065279527061776e+00,-1.429131939160382947e-01
1.482540931630703218e+00,5.582922598461339536e-01,-2.693150985532821035e-02,6.927883001033547927e-01,1.631723642180047396e-01,1.073063743131341452e+00,-1.409325451616347535e-01,-9.935526742873549422e-01,2.029986551072712475e-01,6.791616928831687439e-01,1.631723642180047396e-01,1.073063743131341452e+00,-1.409325451616347535e-01
1.483538276412843748e+00,5.580413600081984837e-01,-2.692029396321695897e-02,6.928623030792810944e-01,1.607760293933271356e-01,1.062062113843372124e+00,-1.389546704199431659e-01,-9.813159671358924196e-01,2.001560720780554414e-01,6.697207574121498697e-01,1.607760293933271356e-01,1.062062113843372124e+00,-1.389546704199431659e-01
1.484535621194984278e+00,5.577951976553261471e-01,-2.690913378608704096e-02,6.929333466274341102e-01,1.583779296762013455e-01,1.051060393732227149e+00,-1.369795103727944330e-01,-9.690707425063506131e-01,1.973133381014201548e-01,6.602876237126015235e-01,1.583779296762013455e-01,1.051060393732227149e+00,-1.369795103727944330e-01
1.485532965977124809e+00,5.575537763220036469e-01,-2.689803057191245822e-02,6.930014280828862283e-01,1.559781051931590778e-01,1.040058584862858515e+00,-1.350070056495026594e-01,-9.568171919749741683e-01,1.944704567161764097e-01,6.508621225126510756e-01,1.559781051931590778e-01,1.040058584862858515e+00,-1.350070056495026594e-01
1.486530310759265339e+00,5.573170994497219644e-01,-2.688698555082593908e-02,6.930665447620375508e-01,1.535765959926309876e-01,1.029056689296200311e+00,-1.330370968282272859e-01,-9.445555068924306186e-01,1.916274314466673012e-01,6.414440842947595200e-01,1.535765959926309876e-01,1.029056689296200311e+00,-1.330370968282272859e-01
1.487527655541405869e+00,5.570851703873065386e-01,-2.687599993520775610e-02,6.931286939626489785e-01,1.511734420469301454e-01,1.018054709089268428e+00,-1.310697244373314196e-01,-9.322858783894866219e-01,1.887842658031378129e-01,6.320333393021642099e-01,1.511734420469301454e-01,1.018054709089268428e+00,-1.310697244373314196e-01
1.488525000323546399e+00,5.568579923912425622e-01,-2.686507491977374595e-02,6.931878729638731862e-01,1.487686832542387538e-01,1.007052646295264031e+00,-1.291048289567373886e-01,-9.200084973826979651e-01,1.859409632821054370e-01,6.226297175453165966e-01,1.487686832542387538e-01,1.007052646295264031e+00,-1.291048289567373886e-01
1.489522345105686929e+00,5.566355686259946145e-01,-2.685421168166226419e-02,6.932440790262891506e-01,1.463623594405965012e-01,9.960505029636761432e-01,-1.271423508192787710e-01,-9.077235545801093375e-01,1.830975273667310721e-01,6.132330488083066466e-01,1.463623594405965012e-01,9.960505029636761432e-01,-1.271423508192787710e-01
1.490519689887827459e+00,5.564179021643219647e-01,-2.684341138052034892e-02,6.932973093919337915e-01,1.439545103618907473e-01,9.850482811403833416e-01,-1.251822304120491225e-01,-8.954312404869633202e-01,1.802539615271892548e-01,6.038431626552802634e-01,1.439545103618907473e-01,9.850482811403833416e-01,-1.251822304120491225e-01
1.491517034669967989e+00,5.562049959875894345e-01,-2.683267515858885066e-02,6.933475612843367220e-01,1.415451757058493465e-01,9.740459828677572318e-01,-1.232244080777478573e-01,-8.831317454114178123e-01,1.774102692210393628e-01,5.944598884368467173e-01,1.415451757058493465e-01,9.740459828677572318e-01,-1.232244080777478573e-01
1.492514379452108519e+00,5.559968529860721542e-01,-2.682200414078673295e-02,6.933948319085558865e-01,1.391343950940349405e-01,9.630436101847636987e-01,-1.212688241160229802e-01,-8.708252594702764471e-01,1.745664538935969012e-01,5.850830552964780829e-01,1.391343950940349405e-01,9.630436101847636987e-01,-1.212688241160229802e-01
1.493511724234249050e+00,5.557934759592567664e-01,-2.681139943479426621e-02,6.934391184512114226e-01,1.367222080838413345e-01,9.520411651270663800e-01,-1.193154187848108616e-01,-8.585119725947240044e-01,1.717225189783044281e-01,5.757124921768993486e-01,1.367222080838413345e-01,9.520411651270663800e-01,-1.193154187848108616e-01
1.494509069016389580e+00,5.555948676161378552e-01,-2.680086213113537161e-02,6.934804180805222984e-01,1.343086541704918702e-01,9.410386497271311379e-01,-1.173641323016737653e-01,-8.461920745360745899e-01,1.688784678971036735e-01,5.663480278264746426e-01,1.343086541704918702e-01,9.410386497271311379e-01,-1.173641323016737653e-01
1.495506413798530110e+00,5.554010305755074928e-01,-2.679039330325885468e-02,6.935187279463433940e-01,1.318937727890387712e-01,9.300360660143255354e-01,-1.154149048451336840e-01,-8.338657548715250334e-01,1.660343040608062148e-01,5.569894908055781357e-01,1.318937727890387712e-01,9.300360660143255354e-01,-1.154149048451336840e-01
1.496503758580670640e+00,5.552119673662424537e-01,-2.677999400761875079e-02,6.935540451802019168e-01,1.294776033163654583e-01,9.190334160150246401e-01,-1.134676765560045097e-01,-8.215332030099173899e-01,1.631900308694660129e-01,5.476367094929641688e-01,1.294776033163654583e-01,9.190334160150246401e-01,-1.134676765560045097e-01
1.497501103362811170e+00,5.550276804275844356e-01,-2.676966528375352566e-02,6.935863668953365924e-01,1.270601850731890303e-01,9.080307017527120550e-01,-1.115223875387210128e-01,-8.091946081975102123e-01,1.603456517127505587e-01,5.382895120921267207e-01,1.270601850731890303e-01,9.080307017527120550e-01,-1.115223875387210128e-01
1.498498448144951700e+00,5.548481721094180585e-01,-2.675940815436431836e-02,6.936156901867351898e-01,1.246415573260659382e-01,8.970279252480863885e-01,-1.095789778626660854e-01,-7.968501595237583723e-01,1.575011699703138257e-01,5.289477266376548803e-01,1.246415573260659382e-01,8.970279252480863885e-01,-1.095789778626660854e-01
1.499495792927092230e+00,5.546734446725393175e-01,-2.674922362539216072e-02,6.936420121311751563e-01,1.222217592893974358e-01,8.860250885191599535e-01,-1.076373875634947103e-01,-7.845000459270951021e-01,1.546565890121673337e-01,5.196111810015763277e-01,1.222217592893974358e-01,8.860250885191599535e-01,-1.076373875634947103e-01
1.500493137709232760e+00,5.545035002889255882e-01,-2.673911268609406588e-02,6.936653297872631407e-01,1.198008301274380433e-01,8.750221935813657925e-01,-1.056975566444565973e-01,-7.721444562007276913e-01,1.518119121990534059e-01,5.102797028997005935e-01,1.198008301274380433e-01,8.750221935813657925e-01,-1.056975566444565973e-01
1.501490482491373291e+00,5.543383410419939761e-01,-2.672907630911802029e-02,6.936856401954766271e-01,1.173788089563041342e-01,8.640192424476591526e-01,-1.037594250777163080e-01,-7.597835789984354049e-01,1.489671428828167887e-01,5.009531198979509936e-01,1.173788089563041342e-01,8.640192424476591526e-01,-1.037594250777163080e-01
1.502487827273513821e+00,5.541779689268597764e-01,-2.671911545057703910e-02,6.937029403782050130e-01,1.149557348459848555e-01,8.530162371286224010e-01,-1.018229328056712291e-01,-7.474176028403756167e-01,1.461222844067774917e-01,4.916312594186950102e-01,1.149557348459848555e-01,8.530162371286224010e-01,-1.018229328056712291e-01
1.503485172055654351e+00,5.540223858505880505e-01,-2.670923105012190657e-02,6.937172273397937960e-01,1.125316468223535177e-01,8.420131796325660556e-01,-9.988801974226775571e-02,-7.350467161188952714e-01,1.432773401061036012e-01,4.823139487470657349e-01,1.125316468223535177e-01,8.420131796325660556e-01,-9.988801974226775571e-02
1.504482516837795103e+00,5.538715936324393185e-01,-2.669942403101302833e-02,6.937284980665854306e-01,1.101065838691805965e-01,8.310100719656355883e-01,-9.795462577431535145e-02,-7.226711071043475654e-01,1.404323133081832597e-01,4.730010150372787048e-01,1.101065838691805965e-01,8.310100719656355883e-01,-9.795462577431535145e-02
1.505479861619935633e+00,5.537255940041124758e-01,-2.668969530019101033e-02,6.937367495269667339e-01,1.076805849301480378e-01,8.200069161319127886e-01,-9.602269076279960902e-02,-7.102909639509172868e-01,1.375872073329983403e-01,4.636922853189452964e-01,1.076805849301480378e-01,8.200069161319127886e-01,-9.602269076279960902e-02
1.506477206402076163e+00,5.535842930159701192e-01,-2.668005066771197975e-02,6.937421250033921627e-01,1.052558442058963012e-01,8.089623178488533073e-01,-9.409211562051097988e-02,-6.978928101490322611e-01,1.347427370103523869e-01,4.543874743112946701e-01,1.052558442058963012e-01,8.089623178488533073e-01,-9.409211562051097988e-02
1.507474551184216693e+00,5.534478292763761464e-01,-2.667048395529490745e-02,6.937444115775962539e-01,1.028419234507903374e-01,7.976905166024523819e-01,-9.216289720783267525e-02,-6.854147982308236298e-01,1.319020858495293380e-01,4.450865732398360808e-01,1.028419234507903374e-01,7.976905166024523819e-01,-9.216289720783267525e-02
1.508471895966357224e+00,5.533159992666076832e-01,-2.666100657028459484e-02,6.937439198535682028e-01,1.004463936855416323e-01,7.860461596076103730e-01,-9.023489422001094995e-02,-6.728089637379952581e-01,1.290677524595118530e-01,4.357891750435661793e-01,1.004463936855416323e-01,7.860461596076103730e-01,-9.023489422001094995e-02
1.509469240748497754e+00,5.531886703537322036e-01,-2.665162625166275778e-02,6.937408515702153666e-01,9.806932390212221018e-02,7.740292504147250341e-01,-8.830799926861462867e-02,-6.600756407498619138e-01,1.262397426834039049e-01,4.264949703684596249e-01,9.806932390212221018e-02,7.740292504147250341e-01,-8.830799926861462867e-02
1.510466585530638284e+00,5.530657098348520373e-01,-2.664235072158006173e-02,6.937354082798239396e-01,9.571078020361477312e-02,7.616397924255288165e-01,-8.638210940043747343e-02,-6.472151494111711978e-01,1.234180621168487479e-01,4.172036626020868000e-01,9.571078020361477312e-02,7.616397924255288165e-01,-8.638210940043747343e-02
1.511463930312778814e+00,5.529469849465485920e-01,-2.663318768494464875e-02,6.937277913645765182e-01,9.337082580959778222e-02,7.488777888933658700e-01,-8.445712610096271777e-02,-6.342277959477117255e-01,1.206027161090238164e-01,4.079149678903349896e-01,9.337082580959778222e-02,7.488777888933658700e-01,-8.445712610096271777e-02
1.512461275094919344e+00,5.528323628735856143e-01,-2.662414482904736091e-02,6.937182020525805015e-01,9.104952106097148612e-02,7.357432429234405102e-01,-8.253295529746729198e-02,-6.211138726803028254e-01,1.177937097635319147e-01,3.986286151523944499e-01,9.104952106097148612e-02,7.357432429234405102e-01,-8.253295529746729198e-02
1.513458619877059874e+00,5.527217107568730414e-01,-2.661522982322360106e-02,6.937068414334061073e-01,8.874692342425637148e-02,7.222361574730397082e-01,-8.060950736178477960e-02,-6.078736580372567921e-01,1.149910479391957063e-01,3.893443460940968492e-01,8.874692342425637148e-02,7.222361574730397082e-01,-8.060950736178477960e-02
1.514455964659200404e+00,5.526148957006922213e-01,-2.660645031855163670e-02,6.936939104731296712e-01,8.646308749538986205e-02,7.083565353517258245e-01,-7.868669711274577094e-02,-5.945074165653838616e-01,1.121947352507580709e-01,3.800619152196984540e-01,8.646308749538986205e-02,7.083565353517258245e-01,-7.868669711274577094e-02
1.515453309441340934e+00,5.525117847791837233e-01,-2.659781394758749251e-02,6.936796100288880051e-01,8.419806500305329622e-02,6.941043792215101371e-01,-7.676444381831502850e-02,-5.810153989396393825e-01,1.094047760694972088e-01,3.707810898422003176e-01,8.419806500305329622e-02,6.941043792215101371e-01,-7.676444381831502850e-02
1.516450654223481465e+00,5.524122450420965169e-01,-2.658932832413622369e-02,6.936641408629381500e-01,8.195190481155527340e-02,6.794796915969993911e-01,-7.484267119744371366e-02,-5.673978419714842403e-01,1.066211745237587438e-01,3.615016500922922926e-01,8.195190481155527340e-02,6.794796915969993911e-01,-7.484267119744371366e-02
1.517447999005621995e+00,5.523161435198008506e-01,-2.658100104305967035e-02,6.936477036562238574e-01,7.972465292330215003e-02,6.644824748455256946e-01,-7.292130742165589541e-02,-5.536549686160483486e-01,1.038439344994122743e-01,3.522233889260151241e-01,7.972465292330215003e-02,6.644824748455256946e-01,-7.292130742165589541e-02
1.518445343787762525e+00,5.522233472275638322e-01,-2.657283968012065165e-02,6.936304990214484656e-01,7.751635248088324659e-02,6.491127311872503247e-01,-7.100028511638727113e-02,-5.397869879781761471e-01,1.010730596402360376e-01,3.429461121312263328e-01,7.751635248088324659e-02,6.491127311872503247e-01,-7.100028511638727113e-02
1.519442688569903055e+00,5.521337231690865988e-01,-2.656485179186358903e-02,6.936127275156540595e-01,7.532704376880093589e-02,6.333704626952547656e-01,-6.907954136209586149e-02,-5.257940953174431442e-01,9.830855334823652980e-02,3.336696383329638138e-01,7.532704376880093589e-02,6.333704626952547656e-01,-6.907954136209586149e-02
1.520440033352043585e+00,5.520471383393070752e-01,-2.655704491553140256e-02,6.935945896523069143e-01,7.315676421487357639e-02,6.172556712956137615e-01,-6.715901769516278985e-02,-5.116764720522268828e-01,9.555041878390795052e-02,3.243937989977975778e-01,7.315676421487357639e-02,6.172556712956137615e-01,-6.715901769516278985e-02
1.521437378134184115e+00,5.519634597264606590e-01,-2.654942656901904813e-02,6.935762859128863367e-01,7.100554839134046170e-02,6.007683587674497172e-01,-6.523866010860127074e-02,-4.974342857629076020e-01,9.279865886643554052e-02,3.151184384372531788e-01,7.100554839134046170e-02,6.007683587674497172e-01,-6.523866010860127074e-02
1.522434722916324645e+00,5.518825543134083800e-01,-2.654200425086329640e-02,6.935580167579808997e-01,6.887342801569824868e-02,5.839085267429776627e-01,-6.331841905259361081e-02,-4.830676901942961843e-01,9.005327627385047162e-02,3.058434138104061395e-01,6.887342801569824868e-02,5.839085267429776627e-01,-6.331841905259361081e-02
1.523432067698465175e+00,5.518042890782228760e-01,-2.653478544026906943e-02,6.935399826378890742e-01,6.676043195129724439e-02,5.666761767075346734e-01,-6.139824943487376396e-02,-4.685768252573619952e-01,8.731427344313985595e-02,2.965685951257297504e-01,6.676043195129724439e-02,5.666761767075346734e-01,-6.139824943487376396e-02
1.524429412480605706e+00,5.517285348934521938e-01,-2.652777739650425196e-02,6.935223780499845114e-01,6.466491575447849693e-02,5.491037580163903309e-01,-5.947811162602461427e-02,-4.539726191125681432e-01,8.458109646929512504e-02,2.872938681396487448e-01,6.466491575447849693e-02,5.491037580163903309e-01,-5.947811162602461427e-02
1.525426757262746236e+00,5.516551964063546309e-01,-2.652098562128554077e-02,6.935053459390811970e-01,6.257733719479222079e-02,5.313770321882694825e-01,-5.755797875099621236e-02,-4.393170134369605573e-01,8.185056351361229277e-02,2.780191553767835111e-01,6.257733719479222079e-02,5.313770321882694825e-01,-5.755797875099621236e-02
1.526424102044886766e+00,5.515842559585298899e-01,-2.651441159868103692e-02,6.934889106902470957e-01,6.048975863510593770e-02,5.136503063601486341e-01,-5.563784587596781045e-02,-4.246614077613530269e-01,7.912003055792947437e-02,2.687444426139182774e-01,6.048975863510593770e-02,5.136503063601486341e-01,-5.563784587596781045e-02
1.527421446827027296e+00,5.515157144037056147e-01,-2.650805584073783611e-02,6.934730685044250276e-01,5.840218007541959216e-02,4.959235805320272861e-01,-5.371771300093935303e-02,-4.100058020857449970e-01,7.638949760224655883e-02,2.594697298510527661e-01,5.840218007541959216e-02,4.959235805320272861e-01,-5.371771300093935303e-02
1.528418791609167826e+00,5.514495725634658285e-01,-2.650191884183799446e-02,6.934578157106945362e-01,5.631460151573332296e-02,4.781968547039064932e-01,-5.179758012591095806e-02,-3.953501964101375221e-01,7.365896464656374043e-02,2.501950170881875879e-01,5.631460151573332296e-02,4.781968547039064932e-01,-5.179758012591095806e-02
1.529416136391308356e+00,5.513858312275787821e-01,-2.649600107872861557e-02,6.934431487663521576e-01,5.422702295604704681e-02,4.604701288757856448e-01,-4.987744725088255615e-02,-3.806945907345299362e-01,7.092843169088092203e-02,2.409203043253223264e-01,5.422702295604704681e-02,4.604701288757856448e-01,-4.987744725088255615e-02
1.530413481173448886e+00,5.513244911543154769e-01,-2.649030301055098693e-02,6.934290642569878038e-01,5.213944439636076372e-02,4.427434030476648519e-01,-4.795731437585416118e-02,-3.660389850589224059e-01,6.819789873519808976e-02,2.316455915624570927e-01,5.213944439636076372e-02,4.427434030476648519e-01,-4.795731437585416118e-02
1.531410825955589416e+00,5.512655530707553098e-01,-2.648482507886871021e-02,6.934155588965569272e-01,5.005186583667442513e-02,4.250166772195435039e-01,-4.603718150082570376e-02,-3.513833793833144314e-01,6.546736577951518810e-02,2.223708787995916092e-01,5.005186583667442513e-02,4.250166772195435039e-01,-4.603718150082570376e-02
1.532408170737729947e+00,5.512090176730798374e-01,-2.647956770769475943e-02,6.934026295274512419e-01,4.796428727698814898e-02,4.072899513914226555e-01,-4.411704862579730879e-02,-3.367277737077069011e-01,6.273683282383236970e-02,2.130961660367264032e-01,4.796428727698814898e-02,4.072899513914226555e-01,-4.411704862579730879e-02
1.533405515519870477e+00,5.511548856268569940e-01,-2.647453130351758166e-02,6.933902731205655590e-01,4.587670871730187283e-02,3.895632255633018071e-01,-4.219691575076890688e-02,-3.220721680320993707e-01,6.000629986814954436e-02,2.038214532738611695e-01,4.587670871730187283e-02,3.895632255633018071e-01,-4.219691575076890688e-02
1.534402860302011007e+00,5.511031575673114302e-01,-2.646971625532612213e-02,6.933784867753616243e-01,4.378913015761553423e-02,3.718364997351805146e-01,-4.027678287574044946e-02,-3.074165623564913963e-01,5.727576691246664270e-02,1.945467405109956860e-01,4.378913015761553423e-02,3.718364997351805146e-01,-4.027678287574044946e-02
1.535400205084151537e+00,5.510538340995847495e-01,-2.646512293463384319e-02,6.933672677199291812e-01,4.170155159792925115e-02,3.541097739070596662e-01,-3.835665000071205449e-02,-2.927609566808838659e-01,5.454523395678381736e-02,1.852720277481304523e-01,4.170155159792925115e-02,3.541097739070596662e-01,-3.835665000071205449e-02
1.536397549866292067e+00,5.510069157989848643e-01,-2.646075169550166084e-02,6.933566133110442564e-01,3.961397303824297500e-02,3.363830480789388178e-01,-3.643651712568365258e-02,-2.781053510052762801e-01,5.181470100110099203e-02,1.759973149852652186e-01,3.961397303824297500e-02,3.363830480789388178e-01,-3.643651712568365258e-02
1.537394894648432597e+00,5.509624032112211411e-01,-2.645660287455992021e-02,6.933465210342233398e-01,3.752639447855669885e-02,3.186563222508179694e-01,-3.451638425065525068e-02,-2.634497453296687497e-01,4.908416804541816669e-02,1.667226022223999848e-01,3.752639447855669885e-02,3.186563222508179694e-01,-3.451638425065525068e-02
1.538392239430573349e+00,5.509202968526315525e-01,-2.645267679102924346e-02,6.933369885037774516e-01,3.543881591887036026e-02,3.009295964226966213e-01,-3.259625137562680020e-02,-2.487941396540607752e-01,4.635363508973526503e-02,1.574478894595345013e-01,3.543881591887036026e-02,3.009295964226966213e-01,-3.259625137562680020e-02
1.539389584212713880e+00,5.508805972103953952e-01,-2.644897374674037155e-02,6.933280134628595492e-01,3.335123735918408411e-02,2.832028705945758285e-01,-3.067611850059840176e-02,-2.341385339784532449e-01,4.362310213405243969e-02,1.481731766966692954e-01,3.335123735918408411e-02,2.832028705945758285e-01,-3.067611850059840176e-02
1.540386928994854410e+00,5.508433047427361284e-01,-2.644549402615295822e-02,6.933195937835123779e-01,3.126365879949780102e-02,2.654761447664549801e-01,-2.875598562556999985e-02,-2.194829283028456868e-01,4.089256917836961436e-02,1.388984639338040616e-01,3.126365879949780102e-02,2.654761447664549801e-01,-2.875598562556999985e-02
1.541384273776994940e+00,5.508084198791118880e-01,-2.644223789637326419e-02,6.933117274667118801e-01,2.917608023981152834e-02,2.477494189383341316e-01,-2.683585275054160141e-02,-2.048273226272381287e-01,3.816203622268678902e-02,1.296237511709388279e-01,2.917608023981152834e-02,2.477494189383341316e-01,-2.683585275054160141e-02
1.542381618559135470e+00,5.507759430203948980e-01,-2.643920560717083479e-02,6.933044126424080522e-01,2.708850168012519322e-02,2.300226931102128392e-01,-2.491571987551315093e-02,-1.901717169516302097e-01,3.543150326700389430e-02,1.203490384080733583e-01,2.708850168012519322e-02,2.300226931102128392e-01,-2.491571987551315093e-02
1.543378963341276000e+00,5.507458745390387822e-01,-2.643639739099412980e-02,6.932976475695636909e-01,2.500092312043891707e-02,2.122959672820920185e-01,-2.299558700048475249e-02,-1.755161112760226794e-01,3.270097031132106896e-02,1.110743256452081384e-01,2.500092312043891707e-02,2.122959672820920185e-01,-2.299558700048475249e-02
1.544376308123416530e+00,5.507182147792352156e-01,-2.643381346298499107e-02,6.932914306361890322e-01,2.291334456075264092e-02,1.945692414539711979e-01,-2.107545412545635752e-02,-1.608605056004151490e-01,2.997043735563825403e-02,1.017996128823429325e-01,2.291334456075264092e-02,1.945692414539711979e-01,-2.107545412545635752e-02
1.545373652905557060e+00,5.506929640570579210e-01,-2.643145402099218721e-02,6.932857603593756135e-01,2.082576600106636477e-02,1.768425156258504050e-01,-1.915532125042795908e-02,-1.462048999248076186e-01,2.723990439995543217e-02,9.252490011947771265e-02,2.082576600106636477e-02,1.768425156258504050e-01,-1.915532125042795908e-02
1.546370997687697590e+00,5.506699256976297363e-01,-2.642930083535633551e-02,6.932805912099391232e-01,1.874096630781319980e-02,1.591393866119161227e-01,-1.723774434761376692e-02,-1.315688029620482313e-01,2.451300617520996497e-02,8.326253332934434315e-02,1.874096630781319980e-02,1.591393866119161227e-01,-1.723774434761376692e-02
1.547368342469838121e+00,5.506494638474983550e-01,-2.642738807810823820e-02,6.932760036126809355e-01,1.671662501138080487e-02,1.419496415947069934e-01,-1.537577644440748376e-02,-1.173571472350321970e-01,2.186518696006673618e-02,7.426877164727466174e-02,1.671662501138080487e-02,1.419496415947069934e-01,-1.537577644440748376e-02
1.548365687251978651e+00,5.506312721802590904e-01,-2.642568723992390692e-02,6.932719277268794000e-01,1.480795153866062627e-02,1.257420928108171632e-01,-1.362019859290119518e-02,-1.039575241885667689e-01,1.936866016124617548e-02,6.578890001061614423e-02,1.480795153866062627e-02,1.257420928108171632e-01,-1.362019859290119518e-02
1.549363032034119181e+00,5.506152173297913510e-01,-2.642418595312026955e-02,6.932683327350184221e-01,1.301494588965262239e-02,1.105167402602462157e-01,-1.197101079309485609e-02,-9.136993382265157226e-02,1.702342577874821697e-02,5.782291841936858245e-02,1.301494588965262239e-02,1.105167402602462157e-01,-1.197101079309485609e-02
1.550360376816259711e+00,5.506011658938934072e-01,-2.642287182740129040e-02,6.932651879891167379e-01,1.133760806435689036e-02,9.627358394299498356e-02,-1.042821304498856017e-02,-7.959437613728735650e-02,1.482948381257299421e-02,5.037082687353243438e-02,1.133760806435689036e-02,9.627358394299498356e-02,-1.042821304498856017e-02
1.551357721598400241e+00,5.505889844386943066e-01,-2.642173245259691813e-02,6.932624629902405244e-01,9.775938062773381620e-03,8.301262385906302277e-02,-8.991805348582260562e-03,-6.863085113247371916e-02,1.278683426272043955e-02,4.343262537310746407e-02,9.775938062773381620e-03,8.301262385906302277e-02,-8.991805348582260562e-03
1.552355066380540771e+00,5.505785395027676943e-01,-2.642075540122396440e-02,6.932601273693324018e-01,8.329935884902092691e-03,7.073386000845034716e-02,-7.661787703875954682e-03,-5.847935880821069493e-02,1.089547712919055125e-02,3.700831391809367849e-02,8.329935884902092691e-03,7.073386000845034716e-02,-7.661787703875954682e-03
1.553352411162681301e+00,5.505696976009488708e-01,-2.641992823086928774e-02,6.932581508693604899e-01,6.999601530742994085e-03,5.943729239115667917e-02,-6.438160110869614768e-03,-4.913989916449802708e-02,9.155412411983289422e-03,3.109789250849091455e-02,6.999601530742994085e-03,5.943729239115667917e-02,-6.438160110869614768e-03
1.554349755944821831e+00,5.505623252278595281e-01,-2.641923848639552916e-02,6.932565033287872991e-01,5.784935000296151722e-03,4.912292100718260862e-02,-5.320922569563305005e-03,-4.061247220133622216e-02,7.566640111098742530e-03,2.570136114429949839e-02,5.784935000296151722e-03,4.912292100718260862e-02,-5.320922569563305005e-03
1.555347100726962362e+00,5.505562888611437167e-01,-2.641867370196974291e-02,6.932551546663586750e-01,4.685936293561531775e-03,3.979074585652782325e-02,-4.310075079956990698e-03,-3.289707791872500953e-02,6.129160226536863737e-03,2.081871982551926001e-02,4.685936293561531775e-03,3.979074585652782325e-02,-4.310075079956990698e-03
1.556344445509102892e+00,5.505514549644153766e-01,-2.641822140291506804e-02,6.932540748672143538e-01,3.702605410539132943e-03,3.144076693919233001e-02,-3.405617642050673150e-03,-2.599371631666439961e-02,4.842972758297653044e-03,1.644996855215019940e-02,3.702605410539132943e-03,3.144076693919233001e-02,-3.405617642050673150e-03
1.557341790291243422e+00,5.505476899899213183e-01,-2.641786910738575661e-02,6.932532339703193491e-01,2.834942351228933975e-03,2.407298425517594154e-02,-2.607550255844331109e-03,-1.990238739515423627e-02,3.708077706381082261e-03,1.259510732419222637e-02,2.834942351228933975e-03,2.407298425517594154e-02,-2.607550255844331109e-03
1.558339135073383952e+00,5.505448603809214303e-01,-2.641760432786555146e-02,6.932526020572175041e-01,2.082947115630980842e-03,1.768739780447904295e-02,-1.915872921338007077e-03,-1.462309115419484391e-02,2.724475070787211236e-03,9.254136141645536925e-03,2.082947115630980842e-03,1.768739780447904295e-02,-1.915872921338007077e-03
1.559336479855524482e+00,5.505428325737854456e-01,-2.641741457248967390e-02,6.932521492421082066e-01,1.446619703745249258e-03,1.228400758710142780e-02,-1.330585638531678501e-03,-1.015582759378604732e-02,1.892164851516008094e-03,6.427055004510027862e-03,1.446619703745249258e-03,1.228400758710142780e-02,-1.330585638531678501e-03
1.560333824637665012e+00,5.505414729998097112e-01,-2.641728734619047669e-02,6.932518456632436044e-01,9.259601155717386801e-04,7.862813603043099578e-03,-8.516884074253458156e-04,-6.500596713927846507e-03,1.211147048567472618e-03,4.113863912785696575e-03,9.259601155717386801e-04,7.862813603043099578e-03,-8.516884074253458156e-04
1.561331169419805542e+00,5.505406480867530705e-01,-2.641721015166681105e-02,6.932516614756496498e-01,5.209683511104416277e-04,4.423815852303988883e-03,-4.791812280190012687e-04,-3.657398514620189417e-03,6.814216619415942909e-04,2.314562866472507936e-03,5.209683511104416277e-04,4.423815852303988883e-03,-4.791812280190012687e-04
1.562328514201946073e+00,5.505402242600938578e-01,-2.641717049017718033e-02,6.932515668451705304e-01,2.316444103613772370e-04,1.967014334884259214e-03,-2.130641003126628851e-04,-1.626232995863208545e-03,3.029886916383987003e-04,1.029151865570548247e-03,2.316444103613772370e-04,1.967014334884259214e-03,-2.130641003126628851e-04
1.563325858984086603e+00,5.505400679440061174e-01,-2.641715586215669098e-02,6.932515319438332657e-01,5.798829332453422539e-05,4.924090507838153798e-04,-5.333702430632018875e-05,-4.071001576568259372e-04,7.584813765787097887e-05,2.576309100797676346e-04,5.798829332453422539e-05,4.924090507838153798e-04,-5.333702430632018875e-05
1.564323203766227355e+00,5.505400455620584887e-01,-2.641715376765795334e-02,6.932515269465391317e-01,-8.579508495811156608e-17,2.671108557511887734e-15,2.532029461910676427e-17,-1.052508472934499160e-15,1.321536007911872675e-17,1.728198639147843319e-16,-8.579508495811156608e-17,2.671108557511887734e-15,2.532029461910676427e-17
