t,q0,q1,q2,q3,q4,q5,q6,dq0,dq1,dq2,dq3,dq4,dq5,dq6,ddq0,ddq1,ddq2,ddq3,ddq4,ddq5,ddq6,tau0,tau1,tau2,tau3,tau4,tau5,tau6
0.000000000000000000e+00,-3.048199999999999868e-02,9.271779999999999466e-01,1.269710000000000005e-01,-1.935260999999999898e+00,2.371300000000000144e-02,3.563549999999999773e+00,-1.725200000000000067e-01,0.000000000000000000e+00,0.000000000000000000e+00,0.000000000000000000e+00,0.000000000000000000e+00,0.000000000000000000e+00,0.000000000000000000e+00,0.000000000000000000e+00,0.000000000000000000e+00,-0.000000000000000000e+00,-0.000000000000000000e+00,0.000000000000000000e+00,0.000000000000000000e+00,-0.000000000000000000e+00,0.000000000000000000e+00,7.500000000000000000e+02,-3.750000000000000000e+02,-5.000000000000000000e+02,6.250000000000000000e+02,7.500000000000000000e+02,-1.000000000000000000e+03,1.000000000000000000e+03
9.991258046111646009e-04,-3.048187510927442140e-02,9.271779375546371771e-01,1.269709167395162708e-01,-1.935260895924395319e+00,2.371312489072557872e-02,3.563549833479032536e+00,-1.725198334790325749e-01,3.746721767291867253e-04,-1.873360883645933627e-04,-2.497814511527911502e-04,3.122268139409889107e-04,3.746721767291867253e-04,-4.995629023055823004e-04,4.995629023055823004e-04,7.493443534583734689e-01,-3.746721767291867344e-01,-4.995629023055823126e-01,6.244536278819778907e-01,7.493443534583734689e-01,-9.991258046111646252e-01,9.991258046111646252e-01,7.499999999999998863e+02,-3.749999999999999432e+02,-4.999999999999999432e+02,6.249999999999998863e+02,7.499999999999998863e+02,-9.999999999999998863e+02,9.999999999999998863e+02
1.998251609222329202e-03,-3.048100152984192790e-02,9.271775007649210032e-01,1.269703343532279372e-01,-1.935260167941534881e+00,2.371399847015807222e-02,3.563548668706455480e+00,-1.725186687064559354e-01,1.498033060375120445e-03,-7.490165301875602224e-04,-9.986887069167468909e-04,1.248360883645933559e-03,1.498033060375120445e-03,-1.997377413833493782e-03,1.997377413833493782e-03,1.498688706916746938e+00,-7.493443534583734689e-01,-9.991258046111646252e-01,1.248907255763955781e+00,1.498688706916746938e+00,-1.998251609222329250e+00,1.998251609222329250e+00,7.499999999999997726e+02,-3.749999999999998863e+02,-4.999999999999998863e+02,6.250000000000000000e+02,7.499999999999997726e+02,-9.999999999999997726e+02,9.999999999999997726e+02
2.997377413833493803e-03,-3.047863122864214250e-02,9.271763156143210116e-01,1.269687541524280872e-01,-1.935258192690535006e+00,2.371636877135785762e-02,3.563545508304855947e+00,-1.725155083048562077e-01,3.370082650937800996e-03,-1.685041325468900498e-03,-2.246721767291867330e-03,2.808402209114833729e-03,3.370082650937800996e-03,-4.493443534583734661e-03,4.493443534583734661e-03,2.248033060375120407e+00,-1.124016530187560203e+00,-1.498688706916746938e+00,1.873360883645933672e+00,2.248033060375120407e+00,-2.997377413833493875e+00,2.997377413833493875e+00,7.499999999999998863e+02,-3.749999999999999432e+02,-4.999999999999999432e+02,6.249999999999998863e+02,7.499999999999998863e+02,-9.999999999999998863e+02,9.999999999999998863e+02
3.996503218444658403e-03,-3.047401617261468951e-02,9.271740080863073441e-01,1.269656774484098083e-01,-1.935254346810512116e+00,2.372098382738531061e-02,3.563539354896819056e+00,-1.725093548968195944e-01,5.990820948417227565e-03,-2.995410474208613782e-03,-3.993880632278151710e-03,4.992350790347689637e-03,5.990820948417227565e-03,-7.987761264556303420e-03,7.987761264556303420e-03,2.997377413833493875e+00,-1.498688706916746938e+00,-1.998251609222329250e+00,2.497814511527911563e+00,2.997377413833493875e+00,-3.996503218444658501e+00,3.996503218444658501e+00,7.500000000000002274e+02,-3.750000000000001137e+02,-5.000000000000000000e+02,6.250000000000000000e+02,7.500000000000002274e+02,-1.000000000000000000e+03,1.000000000000000000e+03
4.995629023055822571e-03,-3.046640832869920018e-02,9.271702041643494763e-01,1.269606055524661326e-01,-1.935248006940582632e+00,2.372859167130079994e-02,3.563529211104932148e+00,-1.724992111049322707e-01,9.360247952813403188e-03,-4.680123976406701594e-03,-6.240165301875600680e-03,7.800206627344500633e-03,9.360247952813403188e-03,-1.248033060375120136e-02,1.248033060375120136e-02,3.746721767291866900e+00,-1.873360883645933450e+00,-2.497814511527911119e+00,3.122268139409889010e+00,3.746721767291866900e+00,-4.995629023055822238e+00,4.995629023055822238e+00,7.499999999999997726e+02,-3.749999999999998863e+02,-5.000000000000000000e+02,6.250000000000000000e+02,7.499999999999997726e+02,-1.000000000000000000e+03,1.000000000000000000e+03
5.994754827666987605e-03,-3.045505966383528842e-02,9.271645298319175499e-01,1.269530397758902029e-01,-1.935238549719862533e+00,2.373994033616471169e-02,3.563514079551779901e+00,-1.724840795517803838e-01,1.347836366412632526e-02,-6.739181832063162632e-03,-8.985575776084216842e-03,1.123196972010526845e-02,1.347836366412632526e-02,-1.797115155216843368e-02,1.797115155216843368e-02,4.496066120750240813e+00,-2.248033060375120407e+00,-2.997377413833493875e+00,3.746721767291867344e+00,4.496066120750240813e+00,-5.994754827666987751e+00,5.994754827666987751e+00,7.499999999999997726e+02,-3.749999999999998863e+02,-5.000000000000000000e+02,6.250000000000000000e+02,7.499999999999997726e+02,-1.000000000000000000e+03,1.000000000000000000e+03
6.993880632278152640e-03,-3.043922214496258202e-02,9.271566110724811516e-01,1.269424814299750515e-01,-1.935225351787468684e+00,2.375577785503741809e-02,3.563492962859950097e+00,-1.724629628599501086e-01,1.834516808235599553e-02,-9.172584041177997763e-03,-1.223011205490399586e-02,1.528764006862999396e-02,1.834516808235599553e-02,-2.446022410980799172e-02,2.446022410980799172e-02,5.245410474208614282e+00,-2.622705237104307141e+00,-3.496940316139076188e+00,4.371175395173845679e+00,5.245410474208614282e+00,-6.993880632278152376e+00,6.993880632278152376e+00,7.500000000000000000e+02,-3.750000000000000000e+02,-5.000000000000000000e+02,6.249999999999997726e+02,7.500000000000000000e+02,-1.000000000000000000e+03,1.000000000000000000e+03
7.993006436889316807e-03,-3.041814773902070876e-02,9.271460738695103121e-01,1.269284318260138211e-01,-1.935207789782517285e+00,2.377685226097929136e-02,3.563464863652027415e+00,-1.724348636520276201e-01,2.396066120750241224e-02,-1.198033060375120612e-02,-1.597377413833493687e-02,1.996721767291867455e-02,2.396066120750241224e-02,-3.194754827666987373e-02,3.194754827666987373e-02,5.994754827666987751e+00,-2.997377413833493875e+00,-3.996503218444658501e+00,4.995629023055823126e+00,5.994754827666987751e+00,-7.993006436889317001e+00,7.993006436889317001e+00,7.500000000000000000e+02,-3.750000000000000000e+02,-5.000000000000000000e+02,6.249999999999995453e+02,7.500000000000000000e+02,-1.000000000000000000e+03,1.000000000000000000e+03
8.992132241500480974e-03,-3.039108841294929642e-02,9.271325442064746181e-01,1.269103922752995439e-01,-1.935185240344124313e+00,2.380391158705070370e-02,3.563428784550598749e+00,-1.723987845505990657e-01,3.032484303956556673e-02,-1.516242151978278337e-02,-2.021656202637703986e-02,2.527070253297130156e-02,3.032484303956556673e-02,-4.043312405275407972e-02,4.043312405275407972e-02,6.744099181125360332e+00,-3.372049590562680166e+00,-4.496066120750239925e+00,5.620082650937799684e+00,6.744099181125360332e+00,-8.992132241500479850e+00,8.992132241500479850e+00,7.499999999999990905e+02,-3.749999999999995453e+02,-4.999999999999993179e+02,6.249999999999995453e+02,7.499999999999990905e+02,-9.999999999999986358e+02,9.999999999999986358e+02
9.991258046111645141e-03,-3.035729613368796584e-02,9.271156480668439892e-01,1.268878640891253351e-01,-1.935157080111406636e+00,2.383770386631203428e-02,3.563383728178250109e+00,-1.723537281782506203e-01,3.743771357854546594e-02,-1.871885678927273297e-02,-2.495847571903030832e-02,3.119809464878788019e-02,3.743771357854546594e-02,-4.991695143806061663e-02,4.991695143806061663e-02,7.493443534583732024e+00,-3.746721767291866012e+00,-4.995629023055821349e+00,6.244536278819777131e+00,7.493443534583732024e+00,-9.991258046111642699e+00,9.991258046111642699e+00,7.499999999999995453e+02,-3.749999999999997726e+02,-4.999999999999995453e+02,6.250000000000000000e+02,7.499999999999995453e+02,-9.999999999999990905e+02,9.999999999999990905e+02
1.099038385072281104e-02,-3.031602286817634134e-02,9.270950114340881232e-01,1.268603485787842544e-01,-1.935122685723480229e+00,2.387897713182365877e-02,3.563328697157568392e+00,-1.722986971575684589e-01,4.529927282444212028e-02,-2.264963641222106014e-02,-3.019951521629474570e-02,3.774939402036842778e-02,4.529927282444212028e-02,-6.039903043258949139e-02,6.039903043258949139e-02,8.242787888042105493e+00,-4.121393944021052747e+00,-5.495191925361403662e+00,6.868989906701755466e+00,8.242787888042105493e+00,-1.099038385072280732e+01,1.099038385072280732e+01,6.137826564057559153e+02,-3.749999999999995453e+02,-4.999999999999995453e+02,6.249999999999990905e+02,7.499999999999990905e+02,-9.999999999999990905e+02,9.999999999999990905e+02
1.198950965533397521e-02,-3.026593169784295642e-02,9.270702602916769397e-01,1.268273470555693616e-01,-1.935081433819461516e+00,2.392847941664594941e-02,3.563262694111138718e+00,-1.722326941111387288e-01,5.382523054277985053e-02,-2.695476038862775620e-02,-3.593968051817034159e-02,4.492460064771292005e-02,5.390952077725551239e-02,-7.187936103634068319e-02,7.187936103634068319e-02,8.719935715459291359e+00,-4.496066120750239037e+00,-5.994754827666985975e+00,7.493443534583732024e+00,8.992132241500478074e+00,-1.198950965533397195e+01,1.198950965533397195e+01,-1.362173435942431752e+02,-3.750000000000000000e+02,-5.000000000000000000e+02,6.249999999999995453e+02,7.500000000000000000e+02,-1.000000000000000000e+03,1.000000000000000000e+03
1.298863545994513938e-02,-3.020792805575456957e-02,9.270410206230802475e-01,1.267883608307737997e-01,-1.935032701038467140e+00,2.398695875383928533e-02,3.563184721661547094e+00,-1.721547216615476328e-01,6.216340782398422499e-02,-3.163422871849282114e-02,-4.217897162465709254e-02,5.272371453082136394e-02,6.326845743698564228e-02,-8.435794324931418509e-02,8.435794324931418509e-02,7.970591362000917890e+00,-4.870738297479425327e+00,-6.494317729972567399e+00,8.117897162465709471e+00,9.741476594958850654e+00,-1.298863545994513480e+01,1.298863545994513480e+01,-7.499999999999995453e+02,-3.750000000000004547e+02,-4.999999999999995453e+02,6.250000000000000000e+02,7.500000000000009095e+02,-9.999999999999990905e+02,9.999999999999990905e+02
1.398776126455630528e-02,-3.014196733917268861e-02,9.270069184117679661e-01,1.267428912156906562e-01,-1.934975864019613301e+00,2.405516317646403876e-02,3.563093782431380863e+00,-1.720637824313812902e-01,6.975289639827185473e-02,-3.668804140181626539e-02,-4.891738853575502283e-02,6.114673566969378027e-02,7.337608280363253077e-02,-9.783477707151004565e-02,9.783477707151004565e-02,7.221247008542543533e+00,-5.245410474208612506e+00,-6.993880632278149712e+00,8.742350790347687806e+00,1.049082094841722501e+01,-1.398776126455629942e+01,1.398776126455629942e+01,-7.499999999999995453e+02,-3.749999999999995453e+02,-4.999999999999986358e+02,6.249999999999990905e+02,7.499999999999990905e+02,-9.999999999999972715e+02,9.999999999999972715e+02
1.498688706916746945e-02,-3.006879758115769616e-02,9.269675796412096824e-01,1.266904395216129353e-01,-1.934910299402016198e+00,2.413384071758058538e-02,3.562988879043225587e+00,-1.719588790432259040e-01,7.659369626564273281e-02,-4.211619843859807505e-02,-5.615493125146410469e-02,7.019366406433014127e-02,8.423239687719615010e-02,-1.123098625029282094e-01,1.123098625029282094e-01,6.471902655084171840e+00,-5.620082650937798796e+00,-7.493443534583731136e+00,9.366804418229664364e+00,1.124016530187559759e+01,-1.498688706916746227e+01,1.498688706916746227e+01,-7.499999999999990905e+02,-3.750000000000000000e+02,-5.000000000000000000e+02,6.249999999999990905e+02,7.500000000000000000e+02,-1.000000000000000000e+03,1.000000000000000000e+03
1.598601287377863361e-02,-2.998916681476995749e-02,9.269226302948753160e-01,1.266305070598338078e-01,-1.934835383824792254e+00,2.422373941024929742e-02,3.562869014119667277e+00,-1.718390141196676213e-01,8.268580742609686618e-02,-4.791869982883825707e-02,-6.389159977178435201e-02,7.986449971473043308e-02,9.583739965767651414e-02,-1.277831995435687040e-01,1.277831995435687040e-01,5.722558301625799260e+00,-5.994754827666985086e+00,-7.993006436889313449e+00,9.991258046111640923e+00,1.198950965533397017e+01,-1.598601287377862690e+01,1.598601287377862690e+01,-7.499999999999995453e+02,-3.749999999999995453e+02,-5.000000000000004547e+02,6.250000000000000000e+02,7.499999999999990905e+02,-1.000000000000000909e+03,1.000000000000000909e+03
1.698513867838979952e-02,-2.990382307306985524e-02,9.268716963562346756e-01,1.265625951416463058e-01,-1.934750493927057891e+00,2.432560728753055748e-02,3.562733190283292384e+00,-1.717031902832926171e-01,8.802922987963426871e-02,-5.409554557253682533e-02,-7.212739409671578561e-02,9.015924262089469732e-02,1.081910911450736507e-01,-1.442547881934315712e-01,1.442547881934315712e-01,4.973213948167424903e+00,-6.369427004396171377e+00,-8.492569339194895761e+00,1.061571167399361926e+01,1.273885400879234275e+01,-1.698513867838979152e+01,1.698513867838979152e+01,-7.499999999999990905e+02,-3.750000000000000000e+02,-5.000000000000000000e+02,6.250000000000000000e+02,7.500000000000000000e+02,-1.000000000000000000e+03,1.000000000000000000e+03
1.798426448300096195e-02,-2.981351438911776508e-02,9.268144038087575698e-01,1.264862050783435166e-01,-1.934655006347929085e+00,2.444019238248473780e-02,3.562580410156686916e+00,-1.715504101566870387e-01,9.262396362625489876e-02,-6.064673566969375207e-02,-8.086231422625836385e-02,1.010778927828228924e-01,1.212934713393875041e-01,-1.617246284525167277e-01,1.617246284525167277e-01,4.223869594709054098e+00,-6.744099181125357667e+00,-8.992132241500476297e+00,1.124016530187559582e+01,1.348819836225071533e+01,-1.798426448300095259e+01,1.798426448300095259e+01,-7.499999999999993179e+02,-1.904529909283742199e+02,-2.539373212378304743e+02,3.174216515472899118e+02,3.809059818567484399e+02,-5.078746424756609485e+02,5.078746424756609485e+02
1.898339028761212785e-02,-2.971898879597405577e-02,9.267504400978068269e-01,1.264009201304091556e-01,-1.934548400163011328e+00,2.456811980438625490e-02,3.562409840260818417e+00,-1.713798402608183169e-01,9.647000866595879798e-02,-6.738788444138180123e-02,-8.985051258850906830e-02,1.123131407356362937e-01,1.347757688827636025e-01,-1.797010251770181366e-01,1.797010251770181366e-01,3.474525241250680185e+00,-6.749999999999999112e+00,-8.999999999999998224e+00,1.124999999999999822e+01,1.349999999999999822e+01,-1.799999999999999645e+01,1.799999999999999645e+01,-7.499999999999993179e+02,-2.952990928373765200e+00,-3.937321237832293264e+00,4.921651547289002337e+00,5.905981856747530401e+00,-7.874642475664586527e+00,7.874642475664586527e+00
1.998251609222329028e-02,-2.962099432669910645e-02,9.266797391719636678e-01,1.263066522292848881e-01,-1.934430565286606063e+00,2.470952165607265272e-02,3.562221304458569549e+00,-1.711913044585698096e-01,9.956736499874593860e-02,-7.413198362250714157e-02,-9.884264483000952672e-02,1.235533060375118564e-01,1.482639672450142831e-01,-1.976852896600190534e-01,1.976852896600190534e-01,2.725180887792308937e+00,-6.749999999999999112e+00,-8.999999999999998224e+00,1.124999999999999822e+01,1.349999999999999822e+01,-1.799999999999999645e+01,1.799999999999999645e+01,-7.499999999999993179e+02,0.000000000000000000e+00,9.094947017729282379e-13,0.000000000000000000e+00,0.000000000000000000e+00,1.818989403545856476e-12,-1.818989403545856476e-12
2.098164189683445618e-02,-2.952027901435329629e-02,9.266023000477582316e-01,1.262034000636776399e-01,-1.934301500079596892e+00,2.486439990448354939e-02,3.562014800127355052e+00,-1.709848001273552576e-01,1.019160326246163484e-01,-8.087608280363250968e-02,-1.078347770715099990e-01,1.347934713393874606e-01,1.617521656072650194e-01,-2.156695541430199980e-01,2.156695541430199980e-01,1.975836534333935468e+00,-6.749999999999999112e+00,-8.999999999999998224e+00,1.124999999999999822e+01,1.349999999999999822e+01,-1.799999999999999645e+01,1.799999999999999645e+01,-7.499999999999993179e+02,0.000000000000000000e+00,0.000000000000000000e+00,0.000000000000000000e+00,-1.174834379268013436e+02,0.000000000000000000e+00,0.000000000000000000e+00
2.198076770144562209e-02,-2.941759089199699403e-02,9.265181227251905183e-01,1.260911636335873831e-01,-1.934161204541984036e+00,2.503403959924377017e-02,3.561790327267174483e+00,-1.707603272671747441e-01,1.035160115435700134e-01,-8.762018198475787778e-02,-1.168269093130104852e-01,1.460336366412630926e-01,1.751229832350686411e-01,-2.336538186260209704e-01,2.336538186260209704e-01,1.226492180875561555e+00,-6.749999999999999112e+00,-8.999999999999998224e+00,1.124999999999999822e+01,1.326523853110579410e+01,-1.799999999999999645e+01,1.799999999999999645e+01,-7.499999999999994316e+02,0.000000000000000000e+00,-9.094947017729282379e-13,0.000000000000000000e+00,-4.924834379268013436e+02,-1.818989403545856476e-12,1.818989403545856476e-12
2.297989350605678452e-02,-2.931368053306851809e-02,9.264272072042605277e-01,1.259699429390141179e-01,-1.934009678673767496e+00,2.521550376398369597e-02,3.561547885878028286e+00,-1.705178858780282136e-01,1.043796719065386153e-01,-9.436428116588323201e-02,-1.258190415545109575e-01,1.572738019431386691e-01,1.880024035982375552e-01,-2.516380831090219150e-01,2.516380831090219150e-01,4.771478274171900846e-01,-6.749999999999999112e+00,-8.999999999999998224e+00,1.124999999999999822e+01,1.251589417764742329e+01,-1.799999999999999645e+01,1.799999999999999645e+01,-6.137826564057581891e+02,0.000000000000000000e+00,9.094947017729282379e-13,0.000000000000000000e+00,-7.500000000000000000e+02,1.818989403545856476e-12,-1.818989403545856476e-12
2.397901931066795042e-02,-2.920925142398071370e-02,9.263295534849683710e-01,1.258397379799578442e-01,-1.933846922474947050e+00,2.540946218656539926e-02,3.561287475959915572e+00,-1.702574759599156939e-01,1.045724504373203856e-01,-1.011083803470086001e-01,-1.348111737960114298e-01,1.685139672450142734e-01,2.001331352544898079e-01,-2.696223475920228596e-01,2.696223475920228596e-01,6.661338147750939243e-16,-6.749999999999999112e+00,-8.999999999999998224e+00,1.124999999999999822e+01,1.176654982418904893e+01,-1.799999999999999645e+01,1.799999999999999645e+01,-2.387826564057581891e+02,0.000000000000000000e+00,0.000000000000000000e+00,0.000000000000000000e+00,-7.500000000000000000e+02,0.000000000000000000e+00,0.000000000000000000e+00
2.497814511527911632e-02,-2.910477039029736243e-02,9.262251615673139371e-01,1.257005487564185620e-01,-1.933672935945523141e+00,2.561516683392849741e-02,3.561009097512837229e+00,-1.699790975128371295e-01,1.045724504373203856e-01,-1.078524795281339682e-01,-1.438033060375119299e-01,1.797541325468898776e-01,2.115151782038252881e-01,-2.876066120750238597e-01,2.876066120750238597e-01,6.661338147750939243e-16,-6.749999999999999112e+00,-8.999999999999998224e+00,1.124999999999999822e+01,1.101720547073067458e+01,-1.799999999999999645e+01,1.799999999999999645e+01,5.048709793414475555e-29,0.000000000000000000e+00,-9.094947017729282379e-13,0.000000000000000000e+00,-7.499999999999990905e+02,-1.818989403545856476e-12,1.818989403545856476e-12
2.597727091989027876e-02,-2.900028935661401464e-02,9.261140314512972260e-01,1.255523752683962990e-01,-1.933487719085495327e+00,2.583186967301262169e-02,3.560712750536792370e+00,-1.696827505367926037e-01,1.045724504373203856e-01,-1.145965787092593086e-01,-1.527954382790124022e-01,1.909942978487654819e-01,2.221485324462439959e-01,-3.055908765580248043e-01,3.055908765580248043e-01,6.661338147750939243e-16,-6.749999999999999112e+00,-8.999999999999998224e+00,1.124999999999999822e+01,1.026786111727230377e+01,-1.799999999999999645e+01,1.799999999999999645e+01,-5.048709793414475555e-29,0.000000000000000000e+00,9.094947017729282379e-13,0.000000000000000000e+00,-7.500000000000000000e+02,1.818989403545856476e-12,-1.818989403545856476e-12
2.697639672450144466e-02,-2.889580832293066684e-02,9.259961631369181267e-01,1.253952175158910276e-01,-1.933291271894863605e+00,2.605882267075739292e-02,3.560398435031781883e+00,-1.693684350317820608e-01,1.045724504373203856e-01,-1.213406778903846905e-01,-1.617875705205128745e-01,2.022344631506410861e-01,2.320331979817460144e-01,-3.235751410410257489e-01,3.235751410410257489e-01,6.661338147750939243e-16,-6.749999999999999112e+00,-8.999999999999998224e+00,1.124999999999999822e+01,9.518516763813929416e+00,-1.799999999999999645e+01,1.799999999999999645e+01,0.000000000000000000e+00,0.000000000000000000e+00,0.000000000000000000e+00,0.000000000000000000e+00,-7.499999999999990905e+02,0.000000000000000000e+00,0.000000000000000000e+00
2.797552252911261056e-02,-2.879132728924731904e-02,9.258715566241770833e-01,1.252290754989027477e-01,-1.933083594373628422e+00,2.629527779410243890e-02,3.560066150997805323e+00,-1.690361509978055288e-01,1.045724504373203856e-01,-1.280847770715100586e-01,-1.707797027620133745e-01,2.134746284525166904e-01,2.411691748103312605e-01,-3.415594055240267490e-01,3.415594055240267490e-01,6.661338147750939243e-16,-6.749999999999999112e+00,-8.999999999999998224e+00,1.124999999999999822e+01,8.769172410355556835e+00,-1.799999999999999645e+01,1.799999999999999645e+01,5.048709793414475555e-29,0.000000000000000000e+00,4.172882287437096238e+01,0.000000000000000000e+00,-7.499999999999986358e+02,-1.818989403545856476e-12,1.818989403545856476e-12
2.897464833372377299e-02,-2.868684625556396778e-02,9.257402119130735407e-01,1.250534489971189267e-01,-1.932864686521789110e+00,2.654048700998738047e-02,3.559715898434862691e+00,-1.686858984348629797e-01,1.045724504373203856e-01,-1.348288762526353990e-01,-1.797301426597840146e-01,2.247147937543922669e-01,2.495564629319997063e-01,-3.595436700070276936e-01,3.595436700070276936e-01,6.661338147750939243e-16,-6.749999999999999112e+00,-8.916615312540331573e+00,1.124999999999999822e+01,8.019828056897186030e+00,-1.799999999999999645e+01,1.799999999999999645e+01,-5.048709793414475555e-29,0.000000000000000000e+00,2.917288228743718719e+02,0.000000000000000000e+00,-7.499999999999995453e+02,1.818989403545856476e-12,-1.818989403545856476e-12
2.997377413833493889e-02,-2.858236522188061651e-02,9.256021290036079430e-01,1.248695110154346838e-01,-1.932634548339346336e+00,2.679370228535184542e-02,3.559347677342954430e+00,-1.683176773429544137e-01,1.045724504373203856e-01,-1.415729754337607671e-01,-1.883895458603664641e-01,2.359549590562678989e-01,2.571950623467514352e-01,-3.775279344900286382e-01,3.775279344900286382e-01,6.661338147750939243e-16,-6.749999999999999112e+00,-8.417052410234749260e+00,1.124999999999999822e+01,7.270483703438811673e+00,-1.799999999999999645e+01,1.799999999999999645e+01,5.048709793414475555e-29,0.000000000000000000e+00,4.999999999999986358e+02,0.000000000000000000e+00,-7.499999999999995453e+02,-1.818989403545856476e-12,1.818989403545856476e-12
3.097289994294610133e-02,-2.847788418819726872e-02,9.254573078957798460e-01,1.246771704055641139e-01,-1.932393179826299878e+00,2.705417558713545806e-02,3.558961487722079653e+00,-1.679314877220798863e-01,1.045724504373203856e-01,-1.483170746148861074e-01,-1.965498232563377412e-01,2.471951243581434754e-01,2.640849730545863916e-01,-3.955121989730295828e-01,3.955121989730295828e-01,6.661338147750939243e-16,-6.749999999999999112e+00,-7.917489507929168724e+00,1.124999999999999822e+01,6.521139349980439981e+00,-1.799999999999999645e+01,1.799999999999999645e+01,-5.048709793414475555e-29,0.000000000000000000e+00,5.000000000000000000e+02,0.000000000000000000e+00,-7.499999999999995453e+02,1.818989403545856476e-12,-1.818989403545856476e-12
3.197202574755726723e-02,-2.837340315451392092e-02,9.253057485895896939e-01,1.244769258562141434e-01,-1.932140580982649514e+00,2.732115888227784617e-02,3.558557329572239247e+00,-1.675273295722393141e-01,1.045724504373203856e-01,-1.550611737960115033e-01,-2.042109748476978459e-01,2.584352896600191074e-01,2.702261950555046033e-01,-4.134964634560306385e-01,4.134964634560306385e-01,6.661338147750939243e-16,-6.749999999999999112e+00,-7.417926605623586411e+00,1.124999999999999822e+01,5.771794996522066512e+00,-1.799999999999999645e+01,1.799999999999999645e+01,0.000000000000000000e+00,0.000000000000000000e+00,4.999999999999995453e+02,0.000000000000000000e+00,-7.499999999999990905e+02,0.000000000000000000e+00,0.000000000000000000e+00
3.297115155216843313e-02,-2.826892212083057312e-02,9.251474510850371535e-01,1.242692760560916848e-01,-1.931876751808395465e+00,2.759390413771863060e-02,3.558135202893432325e+00,-1.671052028934327804e-01,1.045724504373203856e-01,-1.618052729771368714e-01,-2.113730006344468060e-01,2.696754549618947117e-01,2.756187283495060703e-01,-4.314807279390316386e-01,4.314807279390316386e-01,6.661338147750939243e-16,-6.749999999999999112e+00,-6.918363703318004099e+00,1.124999999999999822e+01,5.022450643063693043e+00,-1.799999999999999645e+01,1.799999999999999645e+01,0.000000000000000000e+00,0.000000000000000000e+00,4.999999999999995453e+02,0.000000000000000000e+00,-7.499999999999995453e+02,0.000000000000000000e+00,0.000000000000000000e+00
3.397027735677959903e-02,-2.816444108714722533e-02,9.249824153821224471e-01,1.240547196939036784e-01,-1.931601692303537510e+00,2.787166332039743566e-02,3.557695107685659774e+00,-1.666651076856602021e-01,1.045724504373203856e-01,-1.685493721582622395e-01,-2.180359006165845936e-01,2.809156202637703159e-01,2.802625729365907925e-01,-4.494649924220326387e-01,4.494649924220326387e-01,6.661338147750939243e-16,-6.749999999999999112e+00,-6.418800801012420898e+00,1.124999999999999822e+01,4.273106289605318686e+00,-1.799999999999999645e+01,1.799999999999999645e+01,-5.048709793414475555e-29,4.547473508864641190e-13,5.000000000000000000e+02,-9.094947017729282379e-13,-7.499999999999997726e+02,1.818989403545856476e-12,-1.818989403545856476e-12
3.496940316139075799e-02,-2.805996005346387753e-02,9.248106414808455744e-01,1.238337554583569949e-01,-1.931315402468075870e+00,2.815368839725388567e-02,3.557237043948921151e+00,-1.662070439489216622e-01,1.045724504373203856e-01,-1.752934713393875799e-01,-2.241996747941111812e-01,2.921557855656458091e-01,2.841577288167587700e-01,-4.674492569050334723e-01,4.674492569050334723e-01,6.661338147750939243e-16,-6.749999999999999112e+00,-5.919237898706842138e+00,1.124999999999999822e+01,3.523761936146950546e+00,-1.799999999999999645e+01,1.799999999999999645e+01,5.048709793414475555e-29,-4.547473508864641190e-13,4.999999999999990905e+02,9.094947017729282379e-13,-7.499999999999988631e+02,-1.818989403545856476e-12,1.818989403545856476e-12
3.596852896600192390e-02,-2.795547901978052627e-02,9.246321293812063136e-01,1.236068820381585887e-01,-1.931017882302010547e+00,2.843923133522761187e-02,3.556761011683216900e+00,-1.657310116832171054e-01,1.045724504373203856e-01,-1.820375705205129480e-01,-2.298643231670266518e-01,3.033959508675214134e-01,2.873041959900100029e-01,-4.854335213880344724e-01,4.854335213880344724e-01,6.661338147750939243e-16,-6.749999999999999112e+00,-5.419674996401259826e+00,1.124999999999999822e+01,2.774417582688576633e+00,-1.799999999999999645e+01,1.799999999999999645e+01,0.000000000000000000e+00,0.000000000000000000e+00,4.999999999999990905e+02,0.000000000000000000e+00,-7.499999999999995453e+02,0.000000000000000000e+00,0.000000000000000000e+00
3.696765477061308980e-02,-2.785099798609717847e-02,9.244468790832048866e-01,1.233745981220153581e-01,-1.930709131805341539e+00,2.872754410125823860e-02,3.556267010888546132e+00,-1.652370108885465316e-01,1.045724504373203856e-01,-1.887816697016383161e-01,-2.350298457353309500e-01,3.146361161693970177e-01,2.897019744563444910e-01,-5.034177858710353615e-01,5.034177858710353615e-01,6.661338147750939243e-16,-6.749999999999999112e+00,-4.920112094095677513e+00,1.124999999999999822e+01,2.025073229230202720e+00,-1.799999999999999645e+01,1.799999999999999645e+01,0.000000000000000000e+00,0.000000000000000000e+00,4.999999999999990905e+02,0.000000000000000000e+00,-7.499999999999993179e+02,0.000000000000000000e+00,0.000000000000000000e+00
3.796678057522425570e-02,-2.774651695241383068e-02,9.242548905868411824e-01,1.231374023986342298e-01,-1.930389150978068624e+00,2.901787866228538321e-02,3.555755041564909735e+00,-1.647250415649099686e-01,1.045724504373203856e-01,-1.955257688827636842e-01,-2.396962424990241036e-01,3.258762814712725664e-01,2.913510642157622343e-01,-5.214020503540364171e-01,5.214020503540364171e-01,6.661338147750939243e-16,-6.749999999999999112e+00,-4.420549191790095200e+00,1.124999999999999822e+01,1.275728875771829252e+00,-1.799999999999999645e+01,1.799999999999999645e+01,0.000000000000000000e+00,0.000000000000000000e+00,4.999999999999995453e+02,0.000000000000000000e+00,-7.499999999999989768e+02,0.000000000000000000e+00,0.000000000000000000e+00
3.896590637983542160e-02,-2.764203591873047941e-02,9.240561638921152010e-01,1.228957935567221160e-01,-1.930057939820192026e+00,2.930948698524867696e-02,3.555225103712307266e+00,-1.641951037123074164e-01,1.045724504373203856e-01,-2.022698680638890523e-01,-2.438635134581060571e-01,3.371164467731481706e-01,2.922514652682632330e-01,-5.393863148370373617e-01,5.393863148370373617e-01,6.661338147750939243e-16,-6.749999999999999112e+00,-3.920986289484512444e+00,1.124999999999999822e+01,5.263845223134560047e-01,-1.799999999999999645e+01,1.799999999999999645e+01,-5.048709793414475555e-29,4.547473508864641190e-13,5.000000000000000000e+02,-9.094947017729282379e-13,-7.499999999999985221e+02,1.818989403545856476e-12,-1.818989403545856476e-12
3.996503218444658057e-02,-2.753755488504713161e-02,9.238506989990269425e-01,1.226502702849859433e-01,-1.929715498331711521e+00,2.960162103708774070e-02,3.554677197330738725e+00,-1.636471973307388472e-01,1.045724504373203856e-01,-2.090139672450143649e-01,-2.475316586125768381e-01,3.483566120750236639e-01,2.924031776138474314e-01,-5.573705793200381953e-01,5.573705793200381953e-01,6.661338147750939243e-16,-6.749999999999999112e+00,-3.421423387178933240e+00,1.124999999999999822e+01,-2.229598311449112746e-01,-1.799999999999999645e+01,1.799999999999999645e+01,5.048709793414475555e-29,-4.547473508864641190e-13,4.999999999999993179e+02,9.094947017729282379e-13,-7.499999999999987494e+02,-1.818989403545856476e-12,1.818989403545856476e-12
4.096415798905774647e-02,-2.743307385136378035e-02,9.236384959075765178e-01,1.224013312721325963e-01,-1.929361826512627553e+00,2.989353278474219874e-02,3.554111322420204111e+00,-1.630813224202042888e-01,1.045724504373203856e-01,-2.157580664261397330e-01,-2.507006779624365023e-01,3.595967773768992681e-01,2.918062012525149962e-01,-5.753548438030392509e-01,5.753548438030392509e-01,6.661338147750939243e-16,-6.749999999999999112e+00,-2.921860484873350927e+00,1.124999999999999822e+01,-9.723041846032850488e-01,-1.799999999999999645e+01,1.799999999999999645e+01,0.000000000000000000e+00,0.000000000000000000e+00,4.999999999999995453e+02,0.000000000000000000e+00,-7.499999999999993179e+02,0.000000000000000000e+00,0.000000000000000000e+00
4.196328379366891237e-02,-2.732859281768043255e-02,9.234195546177638159e-01,1.221494752068690293e-01,-1.928996924362939680e+00,3.018447419515168234e-02,3.553527478980703425e+00,-1.624974789807037134e-01,1.045724504373203856e-01,-2.225021656072651011e-01,-2.533705715076849940e-01,3.708369426787748724e-01,2.904605361842657607e-01,-5.933391082860401955e-01,5.933391082860401955e-01,6.661338147750939243e-16,-6.749999999999999112e+00,-2.422297582567768170e+00,1.124999999999999822e+01,-1.721648538061658851e+00,-1.799999999999999645e+01,1.799999999999999645e+01,0.000000000000000000e+00,0.000000000000000000e+00,4.999999999999996589e+02,0.000000000000000000e+00,-7.499999999999994316e+02,0.000000000000000000e+00,0.000000000000000000e+00
4.296240959828007827e-02,-2.722411178399708476e-02,9.231938751295889478e-01,1.218952007779021407e-01,-1.928620791882647900e+00,3.047369723525581234e-02,3.552925667012236666e+00,-1.618956670122371211e-01,1.045724504373203856e-01,-2.292462647883904969e-01,-2.555413392483223411e-01,3.820771079806504211e-01,2.883661824090997805e-01,-6.113233727690411401e-01,6.113233727690411401e-01,6.661338147750939243e-16,-6.749999999999999112e+00,-1.922734680262185636e+00,1.124999999999999822e+01,-2.470992891520032764e+00,-1.799999999999999645e+01,1.799999999999999645e+01,0.000000000000000000e+00,0.000000000000000000e+00,4.999999999999996589e+02,0.000000000000000000e+00,-7.499999999999993179e+02,0.000000000000000000e+00,0.000000000000000000e+00
4.396153540289124417e-02,-2.711963075031373696e-02,9.229614574430516916e-01,1.216390066739388709e-01,-1.928233429071752658e+00,3.076045387199421305e-02,3.552305886514804278e+00,-1.612758865148045673e-01,1.045724504373203856e-01,-2.359903639695158650e-01,-2.572129811843485436e-01,3.933172732825260254e-01,2.855231399270170556e-01,-6.293076372520421957e-01,6.293076372520421957e-01,6.661338147750939243e-16,-6.749999999999999112e+00,-1.423171777956603101e+00,1.124999999999999822e+01,-3.220337244978406233e+00,-1.799999999999999645e+01,1.799999999999999645e+01,0.000000000000000000e+00,0.000000000000000000e+00,4.999999999999995453e+02,0.000000000000000000e+00,-7.499999999999993179e+02,0.000000000000000000e+00,0.000000000000000000e+00
4.496066120750241007e-02,-2.701514971663038570e-02,9.227223015581522692e-01,1.213813915836860907e-01,-1.927834835930253510e+00,3.104399607230650879e-02,3.551668137488405819e+00,-1.606381374884059687e-01,1.045724504373203856e-01,-2.427344631506412331e-01,-2.583854973157635460e-01,4.045574385844016296e-01,2.819314087380175859e-01,-6.472919017350431403e-01,6.472919017350431403e-01,6.661338147750939243e-16,-6.749999999999999112e+00,-9.236088756510206776e-01,1.124999999999999822e+01,-3.969681598436780146e+00,-1.799999999999999645e+01,1.799999999999999645e+01,-5.048709793414475555e-29,4.547473508864641190e-13,4.999999999999996589e+02,-9.094947017729282379e-13,-7.499999999999990905e+02,1.818989403545856476e-12,-1.818989403545856476e-12
4.595978701211356904e-02,-2.691066868294703443e-02,9.224764074748904585e-01,1.211228541958507543e-01,-1.927425012458150677e+00,3.132357580313232387e-02,3.551012419933041286e+00,-1.599824199330413810e-01,1.045724504373203856e-01,-2.494785623317665457e-01,-2.590588876425674036e-01,4.157976038862771229e-01,2.775909888421014271e-01,-6.652761662180439739e-01,6.652761662180439739e-01,6.661338147750939243e-16,-6.749999999999999112e+00,-4.240459733454413072e-01,1.124999999999999822e+01,-4.719025951895148729e+00,-1.799999999999999645e+01,1.799999999999999645e+01,5.048709793414475555e-29,-4.547473508864641190e-13,4.622084983634616719e+02,9.094947017729282379e-13,-7.499999999999995453e+02,-1.818989403545856476e-12,1.818989403545856476e-12
4.695891281672473494e-02,-2.680618764926368663e-02,9.222237751932664818e-01,1.208638806129849336e-01,-1.927003958655444160e+00,3.159844503141129302e-02,3.550338733848710682e+00,-1.593087338487108318e-01,1.045724504373203856e-01,-2.562226615128919138e-01,-2.592709106292401255e-01,4.270377691881527271e-01,2.725018802392684680e-01,-6.832604307010450295e-01,6.832604307010450295e-01,6.661338147750939243e-16,-6.749999999999999112e+00,4.996003610813204432e-16,1.124999999999999822e+01,-5.468370305353522198e+00,-1.799999999999999645e+01,1.799999999999999645e+01,0.000000000000000000e+00,0.000000000000000000e+00,2.122084983634616719e+02,0.000000000000000000e+00,-7.499999999999990905e+02,0.000000000000000000e+00,0.000000000000000000e+00
4.795803862133590084e-02,-2.670170661558033884e-02,9.219644047132803388e-01,1.206048363557902375e-01,-1.926571674522133737e+00,3.186785572408302319e-02,3.549647079235414004e+00,-1.586170792354142378e-01,1.045724504373203856e-01,-2.629667606940172542e-01,-2.592709106292401255e-01,4.382779344900283314e-01,2.666640829295187642e-01,-7.012446951840459741e-01,7.012446951840459741e-01,6.661338147750939243e-16,-6.749999999999999112e+00,4.996003610813204432e-16,1.124999999999999822e+01,-6.217714658811896555e+00,-1.799999999999999645e+01,1.799999999999999645e+01,0.000000000000000000e+00,0.000000000000000000e+00,0.000000000000000000e+00,0.000000000000000000e+00,-7.499999999999995453e+02,0.000000000000000000e+00,0.000000000000000000e+00
4.895716442594706674e-02,-2.659722558189699104e-02,9.216982960349318077e-01,1.203457920985955137e-01,-1.926128160058219851e+00,3.213105984808715260e-02,3.548937456093151255e+00,-1.579074560931516547e-01,1.045724504373203856e-01,-2.697108598751425945e-01,-2.592709106292401255e-01,4.495180997919038801e-01,2.600775969128523157e-01,-7.192289596670469187e-01,7.192289596670469187e-01,6.661338147750939243e-16,-6.749999999999999112e+00,4.996003610813204432e-16,1.124999999999999822e+01,-6.967059012270270024e+00,-1.799999999999999645e+01,1.799999999999999645e+01,0.000000000000000000e+00,0.000000000000000000e+00,0.000000000000000000e+00,0.000000000000000000e+00,-7.499999999999990905e+02,0.000000000000000000e+00,0.000000000000000000e+00
4.995629023055823265e-02,-2.649274454821364325e-02,9.214254491582211104e-01,1.200867478414008038e-01,-1.925673415263701838e+00,3.238730937036330554e-02,3.548209864421922877e+00,-1.571798644219230823e-01,1.045724504373203856e-01,-2.764549590562679349e-01,-2.592709106292401255e-01,4.607582650937794844e-01,2.527424221892691225e-01,-7.372132241500479743e-01,7.372132241500479743e-01,6.661338147750939243e-16,-6.749999999999999112e+00,4.996003610813204432e-16,1.124999999999999822e+01,-7.716403365728643493e+00,-1.799999999999999645e+01,1.799999999999999645e+01,-5.048709793414475555e-29,4.547473508864641190e-13,-5.048709793414475555e-29,-9.094947017729282379e-13,-7.499999999999986358e+02,1.818989403545856476e-12,-1.818989403545856476e-12
5.095541603516939161e-02,-2.638826351453029198e-02,9.211458640831481359e-01,1.198277035842060939e-01,-1.925207440138580139e+00,3.263585625785109939e-02,3.547464304221727982e+00,-1.564343042217284929e-01,1.045724504373203856e-01,-2.831990582373932197e-01,-2.592709106292401255e-01,4.719984303956549776e-01,2.446585587587692401e-01,-7.551974886330488079e-01,7.551974886330488079e-01,6.661338147750939243e-16,-6.749999999999999112e+00,4.996003610813204432e-16,1.124999999999999822e+01,-8.465747719187012521e+00,-1.799999999999999645e+01,1.799999999999999645e+01,5.048709793414475555e-29,-4.547473508864641190e-13,5.048709793414475555e-29,9.094947017729282379e-13,-7.500000000000004547e+02,-1.818989403545856476e-12,1.818989403545856476e-12
5.195454183978055751e-02,-2.628378248084694419e-02,9.208595408097128843e-01,1.195686593270113979e-01,-1.924730234682854757e+00,3.287595247749016542e-02,3.546700775492567459e+00,-1.556707754925678866e-01,1.045724504373203856e-01,-2.899431574185185601e-01,-2.592709106292401255e-01,4.832385956975305819e-01,2.358260066213525574e-01,-7.731817531160498636e-01,7.731817531160498636e-01,6.661338147750939243e-16,-6.749999999999999112e+00,4.996003610813204432e-16,1.124999999999999822e+01,-9.215092072645386878e+00,-1.799999999999999645e+01,1.799999999999999645e+01,0.000000000000000000e+00,0.000000000000000000e+00,0.000000000000000000e+00,0.000000000000000000e+00,-7.499999999999990905e+02,0.000000000000000000e+00,0.000000000000000000e+00
5.295366764439172341e-02,-2.617930144716359639e-02,9.205664793379154665e-01,1.193096150698166880e-01,-1.924241798896525690e+00,3.310684999622012792e-02,3.545919278234441308e+00,-1.548892782344413188e-01,1.045724504373203856e-01,-2.966872565996439004e-01,-2.592709106292401255e-01,4.944787609994061861e-01,2.262447657770191300e-01,-7.911660175990508082e-01,7.911660175990508082e-01,6.661338147750939243e-16,-6.749999999999999112e+00,4.996003610813204432e-16,1.124999999999999822e+01,-9.964436426103759459e+00,-1.799999999999999645e+01,1.799999999999999645e+01,0.000000000000000000e+00,0.000000000000000000e+00,0.000000000000000000e+00,0.000000000000000000e+00,-7.499999999999990905e+02,0.000000000000000000e+00,0.000000000000000000e+00
5.395279344900288931e-02,-2.607482041348024859e-02,9.202666796677556604e-01,1.190505708126219780e-01,-1.923742132779592939e+00,3.332780078098061122e-02,3.545119812447348639e+00,-1.540898124473487063e-01,1.045724504373203856e-01,-3.034313557807692407e-01,-2.592709106292401255e-01,5.057189263012817904e-01,2.159148362257689580e-01,-8.091502820820517528e-01,8.091502820820517528e-01,6.661338147750939243e-16,-6.749999999999999112e+00,4.996003610813204432e-16,1.124999999999999822e+01,-1.071378077956213382e+01,-1.799999999999999645e+01,1.799999999999999645e+01,0.000000000000000000e+00,0.000000000000000000e+00,0.000000000000000000e+00,0.000000000000000000e+00,-7.500000000000000000e+02,0.000000000000000000e+00,0.000000000000000000e+00
5.495191925361405522e-02,-2.597033937979690080e-02,9.199601417992337993e-01,1.187915265554272681e-01,-1.923231236332056282e+00,3.353805679871123963e-02,3.544302378131289899e+00,-1.532723781312901323e-01,1.045724504373203856e-01,-3.101754549618945811e-01,-2.592709106292401255e-01,5.169590916031573391e-01,2.048362179676020411e-01,-8.271345465650528084e-01,8.271345465650528084e-01,6.661338147750939243e-16,-6.749999999999999112e+00,4.996003610813204432e-16,1.124999999999999822e+01,-1.146312513302050817e+01,-1.799999999999999645e+01,1.799999999999999645e+01,0.000000000000000000e+00,0.000000000000000000e+00,0.000000000000000000e+00,0.000000000000000000e+00,-7.499999999999990905e+02,0.000000000000000000e+00,0.000000000000000000e+00
5.595104505822522112e-02,-2.586585834611354953e-02,9.196468657323495499e-01,1.185324822982325582e-01,-1.922709109553915940e+00,3.373687001635163746e-02,3.543466975286265086e+00,-1.524369752862655136e-01,1.045724504373203856e-01,-3.169195541430199214e-01,-2.592709106292401255e-01,5.281992569050328878e-01,1.930089110025183796e-01,-8.451188110480537530e-01,8.451188110480537530e-01,6.661338147750939243e-16,-6.749999999999999112e+00,4.996003610813204432e-16,1.124999999999999822e+01,-1.221246948647888075e+01,-1.799999999999999645e+01,1.799999999999999645e+01,-5.048709793414475555e-29,4.547473508864641190e-13,-5.048709793414475555e-29,-9.094947017729282379e-13,-7.499999999999981810e+02,1.818989403545856476e-12,-1.818989403545856476e-12
5.695017086283638008e-02,-2.576137731243020174e-02,9.193268514671030234e-01,1.182734380410378622e-01,-1.922175752445171693e+00,3.392349240084142903e-02,3.542613603912274645e+00,-1.515836039122749335e-01,1.045724504373203856e-01,-3.236636533241452063e-01,-2.592709106292401255e-01,5.394394222069084366e-01,1.804329153305180566e-01,-8.631030755310545866e-01,8.631030755310545866e-01,6.661338147750939243e-16,-6.749999999999999112e+00,4.996003610813204432e-16,1.124999999999999822e+01,-1.296181383993724978e+01,-1.799999999999999645e+01,1.799999999999999645e+01,5.048709793414475555e-29,-4.547473508864641190e-13,5.048709793414475555e-29,9.094947017729282379e-13,-6.443285257866991742e+02,-1.818989403545856476e-12,1.818989403545856476e-12
5.794929666744754598e-02,-2.565689627874685394e-02,9.190000990034943307e-01,1.180143937838431384e-01,-1.921631165005823760e+00,3.409721111215247014e-02,3.541742264009318131e+00,-1.507122640093183363e-01,1.045724504373203856e-01,-3.304077525052705466e-01,-2.592709106292401255e-01,5.506795875087840964e-01,1.672138100482987444e-01,-8.810873400140556422e-01,8.810873400140556422e-01,6.661338147750939243e-16,-6.749999999999999112e+00,4.996003610813204432e-16,1.124999999999999822e+01,-1.349999999999999822e+01,-1.799999999999999645e+01,1.799999999999999645e+01,0.000000000000000000e+00,0.000000000000000000e+00,0.000000000000000000e+00,0.000000000000000000e+00,-2.693285257866982647e+02,0.000000000000000000e+00,0.000000000000000000e+00
5.894842247205871189e-02,-2.555241524506350614e-02,9.186666083415233608e-01,1.177553495266484285e-01,-1.921075347235872144e+00,3.425754312443236166e-02,3.540852955577395544e+00,-1.498229555773957500e-01,1.045724504373203856e-01,-3.371518516863958870e-01,-2.592709106292401255e-01,5.619197528106596451e-01,1.537256116860480082e-01,-8.990716044970565868e-01,8.990716044970565868e-01,6.661338147750939243e-16,-6.749999999999999112e+00,4.996003610813204432e-16,1.124999999999999822e+01,-1.349999999999999822e+01,-1.799999999999999645e+01,1.799999999999999645e+01,0.000000000000000000e+00,0.000000000000000000e+00,0.000000000000000000e+00,0.000000000000000000e+00,0.000000000000000000e+00,0.000000000000000000e+00,0.000000000000000000e+00
5.994754827666987779e-02,-2.544793421138015835e-02,9.183263794811901137e-01,1.174963052694537324e-01,-1.920508299135316843e+00,3.440439873998774739e-02,3.539945678616506886e+00,-1.489156786165071189e-01,1.045724504373203856e-01,-3.438959508675212273e-01,-2.592709106292401255e-01,5.731599181125351938e-01,1.402374133237972720e-01,-9.170558689800575314e-01,9.170558689800575314e-01,6.661338147750939243e-16,-6.749999999999999112e+00,4.996003610813204432e-16,1.124999999999999822e+01,-1.349999999999999822e+01,-1.799999999999999645e+01,1.799999999999999645e+01,0.000000000000000000e+00,0.000000000000000000e+00,0.000000000000000000e+00,0.000000000000000000e+00,0.000000000000000000e+00,0.000000000000000000e+00,0.000000000000000000e+00
6.094667408128104369e-02,-2.534345317769680708e-02,9.179794124224945895e-01,1.172372610122590086e-01,-1.919930020704157858e+00,3.453777795881862733e-02,3.539020433126652154e+00,-1.479904331266525264e-01,1.045724504373203856e-01,-3.506400500486465677e-01,-2.592709106292401255e-01,5.844000834144108536e-01,1.267492149615465358e-01,-9.350401334630585870e-01,9.350401334630585870e-01,6.661338147750939243e-16,-6.749999999999999112e+00,4.996003610813204432e-16,1.124999999999999822e+01,-1.349999999999999822e+01,-1.799999999999999645e+01,1.799999999999999645e+01,-5.048709793414475555e-29,4.547473508864641190e-13,-5.048709793414475555e-29,-9.094947017729282379e-13,9.094947017729282379e-13,1.818989403545856476e-12,-1.818989403545856476e-12
6.194579988589220265e-02,-2.523897214401345929e-02,9.176257071654368991e-01,1.169782167550643126e-01,-1.919340511942394745e+00,3.465768078092501536e-02,3.538077219107831795e+00,-1.470472191078319169e-01,1.045724504373203856e-01,-3.573841492297719080e-01,-2.592709106292401255e-01,5.956402487162862913e-01,1.132610165992958967e-01,-9.530243979460594206e-01,9.530243979460594206e-01,6.661338147750939243e-16,-6.749999999999999112e+00,4.996003610813204432e-16,1.124999999999999822e+01,-1.349999999999999822e+01,-1.799999999999999645e+01,1.799999999999999645e+01,-5.048709793414475555e-29,0.000000000000000000e+00,0.000000000000000000e+00,0.000000000000000000e+00,0.000000000000000000e+00,0.000000000000000000e+00,0.000000000000000000e+00
6.294492569050337549e-02,-2.513449111033011149e-02,9.172652637100169315e-01,1.167191724978696027e-01,-1.918739772850028391e+00,3.476410720630689760e-02,3.537116036560044918e+00,-1.460860365600453181e-01,1.045724504373203856e-01,-3.641282484108972484e-01,-2.592709106292401255e-01,6.068804140181619511e-01,9.977281823704507724e-02,-9.710086624290605872e-01,9.710086624290605872e-01,6.661338147750939243e-16,-6.749999999999999112e+00,4.996003610813204432e-16,1.124999999999999822e+01,-1.349999999999999822e+01,-1.799999999999999645e+01,1.799999999999999645e+01,5.048709793414475555e-29,0.000000000000000000e+00,0.000000000000000000e+00,0.000000000000000000e+00,0.000000000000000000e+00,0.000000000000000000e+00,0.000000000000000000e+00
6.394405149511453446e-02,-2.503001007664676369e-02,9.168980820562346867e-01,1.164601282406748928e-01,-1.918127803427057909e+00,3.485705723496427405e-02,3.536136885483292414e+00,-1.451068854832927024e-01,1.045724504373203856e-01,-3.708723475920225887e-01,-2.592709106292401255e-01,6.181205793200374998e-01,8.628461987479443818e-02,-9.889929269120614208e-01,9.889929269120614208e-01,6.661338147750939243e-16,-6.749999999999999112e+00,4.996003610813204432e-16,1.124999999999999822e+01,-1.349999999999999822e+01,-1.799999999999999645e+01,1.799999999999999645e+01,0.000000000000000000e+00,0.000000000000000000e+00,0.000000000000000000e+00,0.000000000000000000e+00,0.000000000000000000e+00,0.000000000000000000e+00,-3.053859618451187998e+02
6.494317729972569342e-02,-2.492552904296341590e-02,9.165241622040901648e-01,1.162010839834801967e-01,-1.917504603673483743e+00,3.493653086689715165e-02,3.535139765877573836e+00,-1.441082093005640885e-01,1.045724504373203856e-01,-3.776164467731478736e-01,-2.592709106292401255e-01,6.293607446219130486e-01,7.279642151254381299e-02,-1.006977191395062254e+00,1.006672072400216944e+00,6.661338147750939243e-16,-6.749999999999999112e+00,4.996003610813204432e-16,1.124999999999999822e+01,-1.349999999999999822e+01,-1.799999999999999645e+01,1.738976201030908442e+01,-5.048709793414475555e-29,0.000000000000000000e+00,0.000000000000000000e+00,0.000000000000000000e+00,0.000000000000000000e+00,0.000000000000000000e+00,-8.053859618451169808e+02
6.594230310433686626e-02,-2.482104800928006463e-02,9.161435041535834767e-01,1.159420397262854729e-01,-1.916870173589305670e+00,3.500252810210553039e-02,3.534124677742889187e+00,-1.430939022896133839e-01,1.045724504373203856e-01,-3.843605459542732694e-01,-2.592709106292401255e-01,6.406009099237887083e-01,5.930822315029299352e-02,-1.024961455878063310e+00,1.023547410186610440e+00,6.661338147750939243e-16,-6.749999999999999112e+00,4.996003610813204432e-16,1.124999999999999822e+01,-1.349999999999999822e+01,-1.799999999999999645e+01,1.639063620569791269e+01,5.048709793414475555e-29,0.000000000000000000e+00,0.000000000000000000e+00,0.000000000000000000e+00,0.000000000000000000e+00,0.000000000000000000e+00,-9.999999999999981810e+02
6.694142890894802522e-02,-2.471656697559671684e-02,9.157561079047145114e-01,1.156829954690907630e-01,-1.916224513174524136e+00,3.505626558235153817e-02,3.533091621079238465e+00,-1.420632334909048278e-01,1.045724504373203856e-01,-3.911046451353985542e-01,-2.592709106292401255e-01,6.518410752256641461e-01,4.582002478804229895e-02,-1.042945720361064144e+00,1.039424496363781314e+00,6.661338147750939243e-16,-6.749999999999999112e+00,4.996003610813204432e-16,1.124999999999999822e+01,-1.349999999999999822e+01,-1.799999999999999645e+01,1.539151040108675517e+01,-5.048709793414475555e-29,0.000000000000000000e+00,0.000000000000000000e+00,0.000000000000000000e+00,3.495813040366792848e+02,0.000000000000000000e+00,-9.999999999999972715e+02
6.794055471355919806e-02,-2.461208594191336904e-02,9.153619734574832689e-01,1.154239512118960670e-01,-1.915567622429138916e+00,3.509511760685666421e-02,3.532040595886621670e+00,-1.410172002818522174e-01,1.045724504373203856e-01,-3.978487443165239501e-01,-2.592709106292401255e-01,6.630812405275398058e-01,3.268110212746414001e-02,-1.060929984844065199e+00,1.054303330931730009e+00,6.661338147750939243e-16,-6.749999999999999112e+00,4.996003610813204432e-16,1.124999999999999822e+01,-1.280144859665465340e+01,-1.799999999999999645e+01,1.439238459647558344e+01,5.048709793414475555e-29,0.000000000000000000e+00,0.000000000000000000e+00,0.000000000000000000e+00,7.245813040366820132e+02,0.000000000000000000e+00,-9.999999999999990905e+02
6.893968051817035703e-02,-2.450760490823002125e-02,9.149611008118898603e-01,1.151649069547013571e-01,-1.914899501353149791e+00,3.512150066582039876e-02,3.530971602165039247e+00,-1.399568000398694334e-01,1.045724504373203856e-01,-4.045928434976492349e-01,-2.592709106292401255e-01,6.743214058294153546e-01,2.026547169874640467e-02,-1.078914249327066033e+00,1.068183913890456305e+00,6.661338147750939243e-16,-6.749999999999999112e+00,4.996003610813204432e-16,1.124999999999999822e+01,-1.205210424319628437e+01,-1.799999999999999645e+01,1.339325879186442414e+01,0.000000000000000000e+00,0.000000000000000000e+00,0.000000000000000000e+00,0.000000000000000000e+00,7.499999999999990905e+02,0.000000000000000000e+00,-9.999999999999990905e+02
6.993880632278151599e-02,-2.440312387454667345e-02,9.145534899679340635e-01,1.149058626975066610e-01,-1.914220149946556759e+00,3.513585325687682004e-02,3.529884639914490752e+00,-1.388830301423702451e-01,1.045724504373203856e-01,-4.113369426787745198e-01,-2.592709106292401255e-01,6.855615711312909033e-01,8.598529976945407105e-03,-1.096898513810066866e+00,1.081066245239960200e+00,6.661338147750939243e-16,-6.749999999999999112e+00,4.996003610813204432e-16,1.124999999999999822e+01,-1.130275988973791712e+01,-1.799999999999999645e+01,1.239413298725326662e+01,-5.048709793414475555e-29,0.000000000000000000e+00,0.000000000000000000e+00,0.000000000000000000e+00,7.499999999999990905e+02,0.000000000000000000e+00,-9.999999999999990905e+02
7.093793212739268883e-02,-2.429864284086332218e-02,9.141391409256161005e-01,1.146468184403119372e-01,-1.913529568209360265e+00,3.513892341308628292e-02,3.528779709134976184e+00,-1.377968879667685331e-01,1.045724504373203856e-01,-4.180810418598999156e-01,-2.592709106292401255e-01,6.968017364331665631e-01,-2.319723037939003599e-03,-1.114882778293068144e+00,1.092950324980241916e+00,6.661338147750939243e-16,-6.749999999999999112e+00,4.996003610813204432e-16,1.124999999999999822e+01,-1.055341553627953743e+01,-1.799999999999999645e+01,1.139500718264209489e+01,5.048709793414475555e-29,0.000000000000000000e+00,0.000000000000000000e+00,0.000000000000000000e+00,7.499999999999990905e+02,0.000000000000000000e+00,-9.999999999999981810e+02
7.193705793200384779e-02,-2.419416180717997439e-02,9.137180536849358603e-01,1.143877741831172273e-01,-1.912827756141559865e+00,3.513145916750918391e-02,3.527656809826495543e+00,-1.366993708904781502e-01,1.045724504373203856e-01,-4.248251410410252005e-01,-2.592709106292401255e-01,7.080419017350420008e-01,-1.248928734590651693e-02,-1.132867042776068978e+00,1.103836153111301233e+00,6.661338147750939243e-16,-6.749999999999999112e+00,4.996003610813204432e-16,1.124999999999999822e+01,-9.804071182821168406e+00,-1.799999999999999645e+01,1.039588137803093737e+01,-5.048709793414475555e-29,0.000000000000000000e+00,0.000000000000000000e+00,0.000000000000000000e+00,7.499999999999990905e+02,0.000000000000000000e+00,-9.999999999999990905e+02
7.293618373661502063e-02,-2.408968077349662659e-02,9.132902282458933430e-01,1.141287299259225313e-01,-1.912114713743155558e+00,3.511420855320587786e-02,3.526515941989048830e+00,-1.355914762909128657e-01,1.045724504373203856e-01,-4.315692402221505963e-01,-2.592709106292401255e-01,7.192820670369177716e-01,-2.191016294695742259e-02,-1.150851307259070033e+00,1.113723729633138371e+00,6.661338147750939243e-16,-6.749999999999999112e+00,4.996003610813204432e-16,1.124999999999999822e+01,-9.054726829362790497e+00,-1.799999999999999645e+01,9.396755573419763863e+00,5.048709793414475555e-29,0.000000000000000000e+00,0.000000000000000000e+00,0.000000000000000000e+00,7.499999999999981810e+02,0.000000000000000000e+00,-1.000000000000000000e+03
7.393530954122617960e-02,-2.398519973981327880e-02,9.128556646084885484e-01,1.138696856687278214e-01,-1.911390441014147568e+00,3.508791960323676129e-02,3.525357105622636045e+00,-1.344742015454865880e-01,1.045724504373203856e-01,-4.383133394032758812e-01,-2.592709106292401255e-01,7.305222323387932093e-01,-3.058234984109144822e-02,-1.168835571742070867e+00,1.122613054545752886e+00,6.661338147750939243e-16,-6.749999999999999112e+00,4.996003610813204432e-16,1.124999999999999822e+01,-8.305382475904421469e+00,-1.799999999999999645e+01,8.397629768808606343e+00,0.000000000000000000e+00,0.000000000000000000e+00,0.000000000000000000e+00,0.000000000000000000e+00,7.499999999999995453e+02,0.000000000000000000e+00,-9.999999999999986358e+02
7.493443534583733856e-02,-2.388071870612993100e-02,9.124143627727215877e-01,1.136106414115331115e-01,-1.910654937954536114e+00,3.505334035066219600e-02,3.524180300727257631e+00,-1.333485440316131143e-01,1.045724504373203856e-01,-4.450574385844011660e-01,-2.592709106292401255e-01,7.417623976406687580e-01,-3.850584802830873954e-02,-1.186819836225071700e+00,1.130504127849145224e+00,6.661338147750939243e-16,-6.749999999999999112e+00,4.996003610813204432e-16,1.124999999999999822e+01,-7.556038122446052441e+00,-1.799999999999999645e+01,7.398503964197448823e+00,-5.048709793414475555e-29,0.000000000000000000e+00,0.000000000000000000e+00,0.000000000000000000e+00,7.500000000000004547e+02,0.000000000000000000e+00,-9.999999999999986358e+02
7.593356115044851140e-02,-2.377623767244658320e-02,9.119663227385923499e-01,1.133515971543384016e-01,-1.909908204564320755e+00,3.501121882854255074e-02,3.522985527302913145e+00,-1.322155011267062419e-01,1.045724504373203856e-01,-4.518015377655265619e-01,-2.592709106292401255e-01,7.530025629425444178e-01,-4.568065750860939717e-02,-1.204804100708072756e+00,1.137396949543315383e+00,6.661338147750939243e-16,-6.749999999999999112e+00,4.996003610813204432e-16,1.124999999999999822e+01,-6.806693768987673643e+00,-1.799999999999999645e+01,6.399378159586277093e+00,5.048709793414475555e-29,0.000000000000000000e+00,0.000000000000000000e+00,0.000000000000000000e+00,7.499999999999986358e+02,0.000000000000000000e+00,-9.999999999999990905e+02
7.693268695505967036e-02,-2.367175663876323541e-02,9.115115445061009458e-01,1.130925528971436916e-01,-1.909150240843501711e+00,3.496230306993820813e-02,3.521772785349602142e+00,-1.310760702081798512e-01,1.045724504373203856e-01,-4.585456369466518467e-01,-2.592709106292401255e-01,7.642427282444199665e-01,-5.210677828199320599e-02,-1.222788365191073812e+00,1.143291519628262920e+00,6.661338147750939243e-16,-6.749999999999999112e+00,4.996003610813204432e-16,1.124999999999999822e+01,-6.057349415529305503e+00,-1.799999999999999645e+01,5.400252354975118685e+00,-5.048709793414475555e-29,0.000000000000000000e+00,0.000000000000000000e+00,0.000000000000000000e+00,7.499999999999995453e+02,0.000000000000000000e+00,-9.999999999999990905e+02
7.793181275967084320e-02,-2.356727560507988414e-02,9.110500280752471536e-01,1.128335086399489817e-01,-1.908381046792078539e+00,3.490734110790955080e-02,3.520542074867325510e+00,-1.299312486534477395e-01,1.045724504373203856e-01,-4.652897361277772426e-01,-2.592709106292401255e-01,7.754828935462956263e-01,-5.778421034846035337e-02,-1.240772629674074867e+00,1.148187838103988279e+00,6.661338147750939243e-16,-6.749999999999999112e+00,4.996003610813204432e-16,1.124999999999999822e+01,-5.308005062070925817e+00,-1.799999999999999645e+01,4.401126550363946954e+00,5.048709793414475555e-29,0.000000000000000000e+00,0.000000000000000000e+00,0.000000000000000000e+00,7.499999999999990905e+02,0.000000000000000000e+00,-9.999999999999993179e+02
7.893093856428200217e-02,-2.346279457139653635e-02,9.105817734460311952e-01,1.125744643827542718e-01,-1.907600622410051905e+00,3.484708097551694750e-02,3.519293395856083251e+00,-1.287820338399237874e-01,1.045724504373203856e-01,-4.720338353089025829e-01,-2.592709106292401255e-01,7.867230588481710640e-01,-6.271295370801066582e-02,-1.258756894157075701e+00,1.152085904970491459e+00,6.661338147750939243e-16,-6.749999999999999112e+00,4.996003610813204432e-16,1.124999999999999822e+01,-4.558660708612557677e+00,-1.799999999999999645e+01,3.402000745752788546e+00,0.000000000000000000e+00,0.000000000000000000e+00,0.000000000000000000e+00,0.000000000000000000e+00,7.499999999999993179e+02,0.000000000000000000e+00,-9.999999999999990905e+02
7.993006436889316113e-02,-2.335831353771318855e-02,9.101067806184529596e-01,1.123154201255595619e-01,-1.906808967697421586e+00,3.478227070582077390e-02,3.518026748315874030e+00,-1.276294231450218197e-01,1.045724504373203856e-01,-4.787779344900278677e-01,-2.592709106292401255e-01,7.979632241500466128e-01,-6.689300836064426825e-02,-1.276741158640076534e+00,1.154985720227772017e+00,6.661338147750939243e-16,-6.749999999999999112e+00,4.996003610813204432e-16,1.124999999999999822e+01,-3.809316355154189093e+00,-1.799999999999999645e+01,2.402874941141630583e+00,-5.048709793414475555e-29,0.000000000000000000e+00,0.000000000000000000e+00,0.000000000000000000e+00,7.499999999999995453e+02,0.000000000000000000e+00,-9.999999999999992042e+02
8.092919017350433397e-02,-2.325383250402984076e-02,9.096250495925124468e-01,1.120563758683648659e-01,-1.906006082654187583e+00,3.471365833188139877e-02,3.516742132246699626e+00,-1.264744139461556338e-01,1.045724504373203856e-01,-4.855220336711532636e-01,-2.592709106292401255e-01,8.092033894519222725e-01,-7.032437430636116760e-02,-1.294725423123077590e+00,1.156887283875830397e+00,6.661338147750939243e-16,-6.749999999999999112e+00,4.996003610813204432e-16,1.124999999999999822e+01,-3.059972001695810295e+00,-1.799999999999999645e+01,1.403749136530458408e+00,5.048709793414475555e-29,0.000000000000000000e+00,0.000000000000000000e+00,0.000000000000000000e+00,7.499999999999990905e+02,0.000000000000000000e+00,-9.999999999999985221e+02
8.192831597811549293e-02,-2.314935147034649296e-02,9.091365803682097679e-01,1.117973316111701559e-01,-1.905191967280349674e+00,3.464199188675920471e-02,3.515439547648559149e+00,-1.253180036207390824e-01,1.045724504373203856e-01,-4.922661328522785484e-01,-2.592709106292401255e-01,8.204435547537978213e-01,-7.300705154516126671e-02,-1.312709687606078646e+00,1.157790595914666598e+00,6.661338147750939243e-16,-6.749999999999999112e+00,4.996003610813204432e-16,1.124999999999999822e+01,-2.310627648237441711e+00,-1.799999999999999645e+01,4.046233319193018874e-01,-5.048709793414475555e-29,0.000000000000000000e+00,0.000000000000000000e+00,0.000000000000000000e+00,7.499999999999995453e+02,0.000000000000000000e+00,-9.999999999999977263e+02
8.292744178272666578e-02,-2.304487043666314169e-02,9.086413729455447008e-01,1.115382873539754460e-01,-1.904366621575907859e+00,3.456801940351456048e-02,3.514118994521452599e+00,-1.241611895461860043e-01,1.045724504373203856e-01,-4.990102320334039443e-01,-2.592709106292401255e-01,8.316837200556734810e-01,-7.494104007704466275e-02,-1.330693952089079701e+00,1.157695656344280177e+00,6.661338147750939243e-16,-6.749999999999999112e+00,4.996003610813204432e-16,1.124999999999999822e+01,-1.561283294779062691e+00,-1.799999999999999645e+01,-5.945024726918689550e-01,5.048709793414475555e-29,0.000000000000000000e+00,0.000000000000000000e+00,0.000000000000000000e+00,7.499999999999990905e+02,0.000000000000000000e+00,-9.999999999999985221e+02
8.392656758733782474e-02,-2.294038940297979390e-02,9.081394273245174675e-01,1.112792430967807361e-01,-1.903530045540862581e+00,3.449248891520784871e-02,3.512780472865379977e+00,-1.230049690999102385e-01,1.045724504373203856e-01,-5.057543312145291736e-01,-2.592709106292401255e-01,8.429238853575489188e-01,-7.612633990201127243e-02,-1.348678216572080535e+00,1.156602465164671800e+00,6.661338147750939243e-16,-6.749999999999999112e+00,4.996003610813204432e-16,1.124999999999999822e+01,-8.119389413206941075e-01,-1.799999999999999645e+01,-1.593628277303027030e+00,-5.048709793414475555e-29,0.000000000000000000e+00,0.000000000000000000e+00,0.000000000000000000e+00,7.499999999999985221e+02,0.000000000000000000e+00,-9.999999999999990905e+02
8.492569339194899758e-02,-2.283590836929644610e-02,9.076307435051279571e-01,1.110201988395860262e-01,-1.902682239175213397e+00,3.441614845489944507e-02,3.511423982680340838e+00,-1.218503396593255961e-01,1.045724504373203856e-01,-5.124984303956546805e-01,-2.592709106292401255e-01,8.541640506594245785e-01,-7.656295102006116515e-02,-1.366662481055081590e+00,1.154511022375840801e+00,6.661338147750939243e-16,-6.749999999999999112e+00,4.996003610813204432e-16,1.124999999999999822e+01,-6.259458786231675287e-02,-1.799999999999999645e+01,-2.592754081914198760e+00,5.048709793414475555e-29,0.000000000000000000e+00,0.000000000000000000e+00,0.000000000000000000e+00,4.063246778200620497e+02,0.000000000000000000e+00,-9.999999999999988631e+02
8.592481919656015654e-02,-2.273142733561309831e-02,9.071153214873762805e-01,1.107611545823913163e-01,-1.901823202478960306e+00,3.440976637345630196e-02,3.510049523966336515e+00,-1.206982986018459297e-01,1.045724504373203856e-01,-5.192425295767799653e-01,-2.592709106292401255e-01,8.654042159613001273e-01,-7.659424831399232192e-02,-1.384646745538082424e+00,1.151421327977787845e+00,6.661338147750939243e-16,-6.749999999999999112e+00,4.996003610813204432e-16,1.124999999999999822e+01,0.000000000000000000e+00,-1.799999999999999645e+01,-3.591879886525356724e+00,0.000000000000000000e+00,0.000000000000000000e+00,0.000000000000000000e+00,0.000000000000000000e+00,3.132467782006561308e+01,0.000000000000000000e+00,-9.999999999999993179e+02
8.692394500117131551e-02,-2.262694630192975051e-02,9.065931612712623267e-01,1.105021103251966202e-01,-1.900952935452103754e+00,3.440976637345630196e-02,3.508657096723365676e+00,-1.195498433048850923e-01,1.045724504373203856e-01,-5.259866287579053612e-01,-2.592709106292401255e-01,8.766443812631756760e-01,-7.659424831399232192e-02,-1.402631010021083258e+00,1.147333381970512267e+00,6.661338147750939243e-16,-6.749999999999999112e+00,4.996003610813204432e-16,1.124999999999999822e+01,0.000000000000000000e+00,-1.799999999999999645e+01,-4.591005691136515132e+00,-5.048709793414475555e-29,0.000000000000000000e+00,0.000000000000000000e+00,0.000000000000000000e+00,0.000000000000000000e+00,0.000000000000000000e+00,-9.999999999999990905e+02
8.792307080578248835e-02,-2.252246526824639924e-02,9.060642628567859846e-01,1.102430660680018965e-01,-1.900071438094643295e+00,3.440976637345630196e-02,3.507246700951429208e+00,-1.184059711458568531e-01,1.045724504373203856e-01,-5.327307279390307571e-01,-2.592709106292401255e-01,8.878845465650513358e-01,-7.659424831399232192e-02,-1.420615274504084535e+00,1.142247184354014511e+00,6.661338147750939243e-16,-6.749999999999999112e+00,4.996003610813204432e-16,1.124999999999999822e+01,0.000000000000000000e+00,-1.799999999999999645e+01,-5.590131495747686863e+00,5.048709793414475555e-29,0.000000000000000000e+00,0.000000000000000000e+00,0.000000000000000000e+00,0.000000000000000000e+00,0.000000000000000000e+00,-9.999999999999990905e+02
8.892219661039364731e-02,-2.241798423456305145e-02,9.055286262439474765e-01,1.099840218108071865e-01,-1.899178710406579151e+00,3.440976637345630196e-02,3.505818336650526668e+00,-1.172676795021751067e-01,1.045724504373203856e-01,-5.394748271201561529e-01,-2.592709106292401255e-01,8.991247118669267735e-01,-7.659424831399232192e-02,-1.438599538987085369e+00,1.136162735128294354e+00,6.661338147750939243e-16,-6.749999999999999112e+00,4.996003610813204432e-16,1.124999999999999822e+01,0.000000000000000000e+00,-1.799999999999999645e+01,-6.589257300358845271e+00,-5.048709793414475555e-29,0.000000000000000000e+00,0.000000000000000000e+00,0.000000000000000000e+00,0.000000000000000000e+00,0.000000000000000000e+00,-9.999999999999986358e+02
8.992132241500482015e-02,-2.231350320087970365e-02,9.049862514327466911e-01,1.097249775536124766e-01,-1.898274752387911324e+00,3.440976637345630196e-02,3.504372003820657611e+00,-1.161359657512536364e-01,1.045724504373203856e-01,-5.462189263012815488e-01,-2.592709106292401255e-01,9.103648771688025443e-01,-7.659424831399232192e-02,-1.456583803470086425e+00,1.129080034293351797e+00,6.661338147750939243e-16,-6.749999999999999112e+00,4.996003610813204432e-16,1.124999999999999822e+01,0.000000000000000000e+00,-1.799999999999999645e+01,-7.588383104970016113e+00,5.048709793414475555e-29,0.000000000000000000e+00,0.000000000000000000e+00,0.000000000000000000e+00,0.000000000000000000e+00,0.000000000000000000e+00,-9.999999999999990905e+02
9.092044821961597911e-02,-2.220902216719635586e-02,9.044371384231837396e-01,1.094659332964177667e-01,-1.897359564038639590e+00,3.440976637345630196e-02,3.502907702461823369e+00,-1.150118272705063227e-01,1.045724504373203856e-01,-5.529630254824069446e-01,-2.592709106292401255e-01,9.216050424706779820e-01,-7.659424831399232192e-02,-1.474568067953087258e+00,1.120999081849187062e+00,6.661338147750939243e-16,-6.749999999999999112e+00,4.996003610813204432e-16,1.124999999999999822e+01,0.000000000000000000e+00,-1.799999999999999645e+01,-8.587508909581174521e+00,0.000000000000000000e+00,0.000000000000000000e+00,0.000000000000000000e+00,0.000000000000000000e+00,0.000000000000000000e+00,0.000000000000000000e+00,-9.999999999999995453e+02
9.191957402422713808e-02,-2.210454113351300806e-02,9.038812872152585109e-01,1.092068890392230707e-01,-1.896433145358764172e+00,3.440976637345630196e-02,3.501425432574022611e+00,-1.138962614373469906e-01,1.045724504373203856e-01,-5.597071246635323405e-01,-2.592709106292401255e-01,9.328452077725535307e-01,-7.659424831399232192e-02,-1.492552332436088092e+00,1.111919877795799927e+00,6.661338147750939243e-16,-6.749999999999999112e+00,4.996003610813204432e-16,1.124999999999999822e+01,0.000000000000000000e+00,-1.799999999999999645e+01,-9.586634714192332041e+00,-5.048709793414475555e-29,0.000000000000000000e+00,0.000000000000000000e+00,0.000000000000000000e+00,0.000000000000000000e+00,0.000000000000000000e+00,-9.999999999999981810e+02
9.291869982883831092e-02,-2.200006009982965680e-02,9.033186978089710051e-01,1.089478447820283469e-01,-1.895495496348284847e+00,3.440976637345630196e-02,3.499925194157255781e+00,-1.127902656291894373e-01,1.045724504373203856e-01,-5.664512238446577364e-01,-2.592709106292401255e-01,9.440853730744291905e-01,-7.659424831399232192e-02,-1.510536596919089369e+00,1.101842422133190391e+00,6.661338147750939243e-16,-6.749999999999999112e+00,4.996003610813204432e-16,1.124999999999999822e+01,0.000000000000000000e+00,-1.799999999999999645e+01,-1.058576051880350377e+01,5.048709793414475555e-29,0.000000000000000000e+00,0.000000000000000000e+00,0.000000000000000000e+00,0.000000000000000000e+00,0.000000000000000000e+00,-9.999999999999990905e+02
9.391782563344946988e-02,-2.189557906614630900e-02,9.027493702043212220e-01,1.086888005248336370e-01,-1.894546617007202061e+00,3.440976637345630196e-02,3.498406987211523322e+00,-1.116948372234475434e-01,1.045724504373203856e-01,-5.731953230257831322e-01,-2.592709106292401255e-01,9.553255383763047393e-01,-7.659424831399232192e-02,-1.528520861402090203e+00,1.090766714861358677e+00,6.661338147750939243e-16,-6.749999999999999112e+00,4.996003610813204432e-16,1.124999999999999822e+01,0.000000000000000000e+00,-1.799999999999999645e+01,-1.158488632341466307e+01,-5.048709793414475555e-29,0.000000000000000000e+00,0.000000000000000000e+00,0.000000000000000000e+00,0.000000000000000000e+00,0.000000000000000000e+00,-1.000000000000000000e+03
9.491695143806064272e-02,-2.179109803246296120e-02,9.021733044013092728e-01,1.084297562676389409e-01,-1.893586507335515368e+00,3.440976637345630196e-02,3.496870811736824791e+00,-1.106109735975350922e-01,1.045724504373203856e-01,-5.799394222069085281e-01,-2.592709106292401255e-01,9.665657036781803990e-01,-7.659424831399232192e-02,-1.546505125885091259e+00,1.078692755980304563e+00,6.661338147750939243e-16,-6.749999999999999112e+00,4.996003610813204432e-16,1.124999999999999822e+01,0.000000000000000000e+00,-1.799999999999999645e+01,-1.258401212802583480e+01,5.048709793414475555e-29,0.000000000000000000e+00,0.000000000000000000e+00,0.000000000000000000e+00,0.000000000000000000e+00,0.000000000000000000e+00,-9.999999999999990905e+02
9.591607724267180168e-02,-2.168661699877961341e-02,9.015905003999350464e-01,1.081707120104442310e-01,-1.892615167333224990e+00,3.440976637345630196e-02,3.495316667733160187e+00,-1.095396721288659780e-01,1.045724504373203856e-01,-5.866835213880339239e-01,-2.592709106292401255e-01,9.778058689800558367e-01,-7.659424831399232192e-02,-1.564489390368092092e+00,1.065620545490028048e+00,6.661338147750939243e-16,-6.749999999999999112e+00,4.996003610813204432e-16,1.124999999999999822e+01,0.000000000000000000e+00,-1.799999999999999645e+01,-1.358313793263699232e+01,0.000000000000000000e+00,0.000000000000000000e+00,0.000000000000000000e+00,0.000000000000000000e+00,0.000000000000000000e+00,0.000000000000000000e+00,-9.999999999999990905e+02
9.691520304728296065e-02,-2.158213596509626561e-02,9.010009582001984318e-01,1.079116677532495072e-01,-1.891632597000330707e+00,3.440976637345630196e-02,3.493744555200529067e+00,-1.084819301948539844e-01,1.045724504373203856e-01,-5.934276205691592088e-01,-2.592709106292401255e-01,9.890460342819313855e-01,-7.659424831399232192e-02,-1.582473654851092926e+00,1.051550083390529355e+00,6.661338147750939243e-16,-6.749999999999999112e+00,4.996003610813204432e-16,1.124999999999999822e+01,0.000000000000000000e+00,-1.799999999999999645e+01,-1.458226373724814984e+01,-5.048709793414475555e-29,0.000000000000000000e+00,0.000000000000000000e+00,0.000000000000000000e+00,0.000000000000000000e+00,0.000000000000000000e+00,-9.999999999999990905e+02
9.791432885189413349e-02,-2.147765493141291435e-02,9.004046778020996511e-01,1.076526234960547973e-01,-1.890638796336832961e+00,3.440976637345630196e-02,3.492154474138932763e+00,-1.074387451729129361e-01,1.045724504373203856e-01,-6.001717197502847156e-01,-2.592709106292401255e-01,1.000286199583807045e+00,-7.659424831399232192e-02,-1.600457919334093981e+00,1.036481369681808262e+00,6.661338147750939243e-16,-6.749999999999999112e+00,4.996003610813204432e-16,1.124999999999999822e+01,0.000000000000000000e+00,-1.799999999999999645e+01,-1.558138954185932157e+01,5.048709793414475555e-29,0.000000000000000000e+00,0.000000000000000000e+00,0.000000000000000000e+00,0.000000000000000000e+00,0.000000000000000000e+00,-1.000000000000000000e+03
9.891345465650529245e-02,-2.137317389772956655e-02,8.998016592056387042e-01,1.073935792388600874e-01,-1.889633765342731309e+00,3.440976637345630196e-02,3.490546424548369941e+00,-1.064111144404567139e-01,1.045724504373203856e-01,-6.069158189314100005e-01,-2.592709106292401255e-01,1.011526364885682483e+00,-7.659424831399232192e-02,-1.618442183817094815e+00,1.020414404363864769e+00,6.661338147750939243e-16,-6.749999999999999112e+00,4.996003610813204432e-16,1.124999999999999822e+01,0.000000000000000000e+00,-1.799999999999999645e+01,-1.658051534647048086e+01,-5.048709793414475555e-29,0.000000000000000000e+00,0.000000000000000000e+00,0.000000000000000000e+00,0.000000000000000000e+00,0.000000000000000000e+00,-9.999999999999972715e+02
9.991258046111646529e-02,-2.126869286404621875e-02,8.991919024108154801e-01,1.071345349816653914e-01,-1.888617504018025750e+00,3.440976637345630196e-02,3.488920406428841492e+00,-1.054000353748991287e-01,1.045724504373203856e-01,-6.136599181125355074e-01,-2.592709106292401255e-01,1.022766530187558143e+00,-7.659424831399232192e-02,-1.636426448300096093e+00,1.003349187436699097e+00,6.661338147750939243e-16,-6.749999999999999112e+00,4.996003610813204432e-16,1.124999999999999822e+01,0.000000000000000000e+00,-1.799999999999999645e+01,-1.757964115108164904e+01,5.048709793414475555e-29,0.000000000000000000e+00,0.000000000000000000e+00,0.000000000000000000e+00,0.000000000000000000e+00,0.000000000000000000e+00,-7.103633231062121922e+02
1.009117062657276243e-01,-2.116421183036287096e-02,8.985754074176299788e-01,1.068754907244706676e-01,-1.887590012362716729e+00,3.440976637345630196e-02,3.487276419780346526e+00,-1.044064088924947509e-01,1.045724504373203856e-01,-6.204040172936607922e-01,-2.592709106292401255e-01,1.034006695489433802e+00,-7.659424831399232192e-02,-1.654410712783096926e+00,9.855751023781573750e-01,6.661338147750939243e-16,-6.749999999999999112e+00,4.996003610813204432e-16,1.124999999999999822e+01,0.000000000000000000e+00,-1.799999999999999645e+01,-1.799999999999999645e+01,0.000000000000000000e+00,0.000000000000000000e+00,0.000000000000000000e+00,0.000000000000000000e+00,0.000000000000000000e+00,0.000000000000000000e+00,-2.103633231062140112e+02
1.019108320703387832e-01,-2.105973079667952316e-02,8.979521742260823114e-01,1.066164464672759576e-01,-1.886551290376803580e+00,3.440976637345630196e-02,3.485614464602885931e+00,-1.034306808792482130e-01,1.045724504373203856e-01,-6.271481164747861881e-01,-2.592709106292401255e-01,1.045246860791309240e+00,-7.659424831399232192e-02,-1.672394977266097760e+00,9.675908378951565414e-01,6.661338147750939243e-16,-6.749999999999999112e+00,4.996003610813204432e-16,1.124999999999999822e+01,0.000000000000000000e+00,-1.799999999999999645e+01,-1.799999999999999645e+01,-5.048709793414475555e-29,0.000000000000000000e+00,0.000000000000000000e+00,0.000000000000000000e+00,0.000000000000000000e+00,0.000000000000000000e+00,0.000000000000000000e+00
1.029099578749499561e-01,-2.095524976299617190e-02,8.973222028361721447e-01,1.063574022100812616e-01,-1.885501338060286969e+00,3.440976637345630196e-02,3.483934540896459264e+00,-1.024729213949676643e-01,1.045724504373203856e-01,-6.338922156559115839e-01,-2.592709106292401255e-01,1.056487026093184900e+00,-7.659424831399232192e-02,-1.690379241749098815e+00,9.496065734121553747e-01,6.661338147750939243e-16,-6.749999999999999112e+00,4.996003610813204432e-16,1.124999999999999822e+01,0.000000000000000000e+00,-1.799999999999999645e+01,-1.799999999999999645e+01,5.048709793414475555e-29,0.000000000000000000e+00,0.000000000000000000e+00,0.000000000000000000e+00,0.000000000000000000e+00,0.000000000000000000e+00,0.000000000000000000e+00
1.039090836795611150e-01,-2.085076872931282410e-02,8.966854932478999229e-01,1.060983579528865517e-01,-1.884440155413166673e+00,3.440976637345630196e-02,3.482236648661066525e+00,-1.015331304396531326e-01,1.045724504373203856e-01,-6.406363148370369798e-01,-2.592709106292401255e-01,1.067727191395060338e+00,-7.659424831399232192e-02,-1.708363506232099649e+00,9.316223089291545412e-01,6.661338147750939243e-16,-6.749999999999999112e+00,4.996003610813204432e-16,1.124999999999999822e+01,0.000000000000000000e+00,-1.799999999999999645e+01,-1.799999999999999645e+01,-5.048709793414475555e-29,0.000000000000000000e+00,0.000000000000000000e+00,0.000000000000000000e+00,0.000000000000000000e+00,0.000000000000000000e+00,0.000000000000000000e+00
1.049082094841722879e-01,-2.074628769562947631e-02,8.960420454612654240e-01,1.058393136956918279e-01,-1.883367742435442471e+00,3.440976637345630196e-02,3.480520787896707713e+00,-1.006113080133045901e-01,1.045724504373203856e-01,-6.473804140181623756e-01,-2.592709106292401255e-01,1.078967356696935997e+00,-7.659424831399232192e-02,-1.726347770715100927e+00,9.136380444461533745e-01,6.661338147750939243e-16,-6.749999999999999112e+00,4.996003610813204432e-16,1.124999999999999822e+01,0.000000000000000000e+00,-1.799999999999999645e+01,-1.799999999999999645e+01,5.048709793414475555e-29,0.000000000000000000e+00,0.000000000000000000e+00,0.000000000000000000e+00,0.000000000000000000e+00,0.000000000000000000e+00,0.000000000000000000e+00
1.059073352887834468e-01,-2.064180666194612851e-02,8.953918594762686478e-01,1.055802694384971180e-01,-1.882284099127114585e+00,3.440976637345630196e-02,3.478786958603383273e+00,-9.970745411592205065e-02,1.045724504373203856e-01,-6.541245131992877715e-01,-2.592709106292401255e-01,1.090207521998811657e+00,-7.659424831399232192e-02,-1.744332035198101760e+00,8.956537799631525409e-01,6.661338147750939243e-16,-6.749999999999999112e+00,4.996003610813204432e-16,1.124999999999999822e+01,0.000000000000000000e+00,-1.799999999999999645e+01,-1.799999999999999645e+01,0.000000000000000000e+00,0.000000000000000000e+00,0.000000000000000000e+00,0.000000000000000000e+00,0.000000000000000000e+00,0.000000000000000000e+00,0.000000000000000000e+00
1.069064610933946058e-01,-2.053732562826278071e-02,8.947349352929097055e-01,1.053212251813024081e-01,-1.881189225488182792e+00,3.440976637345630196e-02,3.477035160781092316e+00,-9.882156874750552822e-02,1.045724504373203856e-01,-6.608686123804131674e-01,-2.592709106292401255e-01,1.101447687300687095e+00,-7.659424831399232192e-02,-1.762316299681102594e+00,8.776695154801517074e-01,6.661338147750939243e-16,-6.749999999999999112e+00,4.996003610813204432e-16,1.124999999999999822e+01,0.000000000000000000e+00,-1.799999999999999645e+01,-1.799999999999999645e+01,-5.048709793414475555e-29,0.000000000000000000e+00,0.000000000000000000e+00,0.000000000000000000e+00,0.000000000000000000e+00,0.000000000000000000e+00,0.000000000000000000e+00
1.079055868980057786e-01,-2.043284459457942945e-02,8.940712729111884860e-01,1.050621809241077120e-01,-1.880083121518647538e+00,3.440976637345630196e-02,3.475265394429835286e+00,-9.795365190805499500e-02,1.045724504373203856e-01,-6.676127115615385632e-01,-2.592709106292401255e-01,1.112687852602562755e+00,-7.659424831399232192e-02,-1.780300564164103649e+00,8.596852509971506517e-01,6.661338147750939243e-16,-6.749999999999999112e+00,4.996003610813204432e-16,1.124999999999999822e+01,0.000000000000000000e+00,-1.799999999999999645e+01,-1.799999999999999645e+01,5.048709793414475555e-29,0.000000000000000000e+00,0.000000000000000000e+00,0.000000000000000000e+00,0.000000000000000000e+00,0.000000000000000000e+00,0.000000000000000000e+00
1.089047127026169376e-01,-2.032836356089608165e-02,8.934008723311048783e-01,1.048031366669130021e-01,-1.878965787218508154e+00,3.440976637345630196e-02,3.473477659549613072e+00,-9.710370359757047876e-02,1.045724504373203856e-01,-6.743568107426639591e-01,-2.592709106292401255e-01,1.123928017904438192e+00,-7.659424831399232192e-02,-1.798284828647104483e+00,8.417009865141497071e-01,6.661338147750939243e-16,-6.749999999999999112e+00,4.996003610813204432e-16,1.124999999999999822e+01,0.000000000000000000e+00,-1.799999999999999645e+01,-1.799999999999999645e+01,-5.048709793414475555e-29,0.000000000000000000e+00,0.000000000000000000e+00,0.000000000000000000e+00,0.000000000000000000e+00,0.000000000000000000e+00,0.000000000000000000e+00
1.099038385072281104e-01,-2.022388252721273386e-02,8.927237335526591044e-01,1.045440924097182783e-01,-1.877837222587765309e+00,3.440976637345630196e-02,3.471671956140424342e+00,-9.627172381605193785e-02,1.045724504373203856e-01,-6.811009099237893549e-01,-2.592709106292401255e-01,1.135168183206313852e+00,-7.659424831399232192e-02,-1.816269093130105539e+00,8.237167220311486515e-01,6.661338147750939243e-16,-6.749999999999999112e+00,4.996003610813204432e-16,1.124999999999999822e+01,0.000000000000000000e+00,-1.799999999999999645e+01,-1.799999999999999645e+01,5.048709793414475555e-29,0.000000000000000000e+00,0.000000000000000000e+00,0.000000000000000000e+00,0.000000000000000000e+00,0.000000000000000000e+00,0.000000000000000000e+00
1.109029643118392694e-01,-2.011940149352938606e-02,8.920398565758511644e-01,1.042850481525235823e-01,-1.876697427626418557e+00,3.440976637345630196e-02,3.469848284202269539e+00,-9.545771256349942779e-02,1.045724504373203856e-01,-6.878450091049147508e-01,-2.592709106292401255e-01,1.146408348508189512e+00,-7.659424831399232192e-02,-1.834253357613106594e+00,8.057324575481477069e-01,6.661338147750939243e-16,-6.749999999999999112e+00,4.996003610813204432e-16,1.124999999999999822e+01,0.000000000000000000e+00,-1.799999999999999645e+01,-1.799999999999999645e+01,-5.048709793414475555e-29,0.000000000000000000e+00,0.000000000000000000e+00,0.000000000000000000e+00,0.000000000000000000e+00,0.000000000000000000e+00,0.000000000000000000e+00
1.119020901164504422e-01,-2.001492045984603479e-02,8.913492414006808362e-01,1.040260038953288724e-01,-1.875546402334468121e+00,3.440976637345630196e-02,3.468006643735148664e+00,-9.466166983991290695e-02,1.045724504373203856e-01,-6.945891082860401466e-01,-2.592709106292401255e-01,1.157648513810065172e+00,-7.659424831399232192e-02,-1.852237622096107650e+00,7.877481930651466513e-01,6.661338147750939243e-16,-6.749999999999999112e+00,4.996003610813204432e-16,1.124999999999999822e+01,0.000000000000000000e+00,-1.799999999999999645e+01,-1.799999999999999645e+01,5.048709793414475555e-29,0.000000000000000000e+00,0.000000000000000000e+00,0.000000000000000000e+00,0.000000000000000000e+00,0.000000000000000000e+00,0.000000000000000000e+00
1.129012159210616012e-01,-1.991043942616268700e-02,8.906518880271483418e-01,1.037669596381341625e-01,-1.874384146711913779e+00,3.440976637345630196e-02,3.466147034739062160e+00,-9.388359564529238921e-02,1.045724504373203856e-01,-7.013332074671655425e-01,-2.592709106292401255e-01,1.168888679111940609e+00,-7.659424831399232192e-02,-1.870221886579108483e+00,7.697639285821458177e-01,6.661338147750939243e-16,-6.749999999999999112e+00,4.996003610813204432e-16,1.124999999999999822e+01,0.000000000000000000e+00,-1.799999999999999645e+01,-1.799999999999999645e+01,0.000000000000000000e+00,0.000000000000000000e+00,0.000000000000000000e+00,0.000000000000000000e+00,0.000000000000000000e+00,0.000000000000000000e+00,0.000000000000000000e+00
1.139003417256727602e-01,-1.980595839247933920e-02,8.899477964552536813e-01,1.035079153809394387e-01,-1.873210660758755974e+00,3.440976637345630196e-02,3.464269457214009584e+00,-9.312348997963787456e-02,1.045724504373203856e-01,-7.080773066482908273e-01,-2.592709106292401255e-01,1.180128844413816047e+00,-7.659424831399232192e-02,-1.888206151062109317e+00,7.517796640991449841e-01,6.661338147750939243e-16,-6.749999999999999112e+00,4.996003610813204432e-16,1.124999999999999822e+01,0.000000000000000000e+00,-1.799999999999999645e+01,-1.799999999999999645e+01,-5.048709793414475555e-29,0.000000000000000000e+00,0.000000000000000000e+00,0.000000000000000000e+00,0.000000000000000000e+00,0.000000000000000000e+00,0.000000000000000000e+00
1.148994675302839330e-01,-1.970147735879599141e-02,8.892369666849965215e-01,1.032488711237447288e-01,-1.872025944474994263e+00,3.440976637345630196e-02,3.462373911159990936e+00,-9.238135284294934912e-02,1.045724504373203856e-01,-7.148214058294163342e-01,-2.592709106292401255e-01,1.191369009715691707e+00,-7.659424831399232192e-02,-1.906190415545110373e+00,7.337953996161438175e-01,6.661338147750939243e-16,-6.749999999999999112e+00,4.996003610813204432e-16,1.124999999999999822e+01,0.000000000000000000e+00,-1.799999999999999645e+01,-1.799999999999999645e+01,5.048709793414475555e-29,0.000000000000000000e+00,0.000000000000000000e+00,0.000000000000000000e+00,0.000000000000000000e+00,0.000000000000000000e+00,0.000000000000000000e+00
1.158985933348950920e-01,-1.959699632511264361e-02,8.885193987163773066e-01,1.029898268665500327e-01,-1.870829997860628868e+00,3.440976637345630196e-02,3.460460396577006215e+00,-9.165718423522682679e-02,1.045724504373203856e-01,-7.215655050105416191e-01,-2.592709106292401255e-01,1.202609175017567367e+00,-7.659424831399232192e-02,-1.924174680028111428e+00,7.158111351331429839e-01,6.661338147750939243e-16,-6.749999999999999112e+00,4.996003610813204432e-16,1.124999999999999822e+01,0.000000000000000000e+00,-1.799999999999999645e+01,-1.799999999999999645e+01,-5.048709793414475555e-29,0.000000000000000000e+00,0.000000000000000000e+00,0.000000000000000000e+00,0.000000000000000000e+00,0.000000000000000000e+00,0.000000000000000000e+00
1.168977191395062648e-01,-1.949251529142929235e-02,8.877950925493958145e-01,1.027307826093553228e-01,-1.869622820915659567e+00,3.440976637345630196e-02,3.458528913465055421e+00,-9.095098415647032142e-02,1.045724504373203856e-01,-7.283096041916671259e-01,-2.592709106292401255e-01,1.213849340319443026e+00,-7.659424831399232192e-02,-1.942158944511112484e+00,6.978268706501418173e-01,6.661338147750939243e-16,-6.749999999999999112e+00,4.996003610813204432e-16,1.124999999999999822e+01,0.000000000000000000e+00,-1.799999999999999645e+01,-1.799999999999999645e+01,5.048709793414475555e-29,0.000000000000000000e+00,0.000000000000000000e+00,0.000000000000000000e+00,0.000000000000000000e+00,0.000000000000000000e+00,0.000000000000000000e+00
1.178968449441174238e-01,-1.938803425774594455e-02,8.870640481840520453e-01,1.024717383521606129e-01,-1.868404413640086803e+00,3.440976637345630196e-02,3.456579461824138999e+00,-9.026275260667981915e-02,1.045724504373203856e-01,-7.350537033727924108e-01,-2.592709106292401255e-01,1.225089505621318464e+00,-7.659424831399232192e-02,-1.960143208994113317e+00,6.798426061671409837e-01,6.661338147750939243e-16,-6.749999999999999112e+00,4.996003610813204432e-16,1.124999999999999822e+01,0.000000000000000000e+00,-1.799999999999999645e+01,-1.799999999999999645e+01,0.000000000000000000e+00,0.000000000000000000e+00,0.000000000000000000e+00,0.000000000000000000e+00,0.000000000000000000e+00,0.000000000000000000e+00,0.000000000000000000e+00
1.188959707487285827e-01,-1.928355322406259675e-02,8.863262656203459988e-01,1.022126940949659030e-01,-1.867174776033910133e+00,3.440976637345630196e-02,3.454612041654256060e+00,-8.959248958585530609e-02,1.045724504373203856e-01,-7.417978025539178066e-01,-2.592709106292401255e-01,1.236329670923194124e+00,-7.659424831399232192e-02,-1.978127473477114151e+00,6.618583416841401501e-01,6.661338147750939243e-16,-6.749999999999999112e+00,4.996003610813204432e-16,1.124999999999999822e+01,0.000000000000000000e+00,-1.799999999999999645e+01,-1.799999999999999645e+01,-5.048709793414475555e-29,0.000000000000000000e+00,0.000000000000000000e+00,0.000000000000000000e+00,0.000000000000000000e+00,0.000000000000000000e+00,0.000000000000000000e+00
1.198950965533397556e-01,-1.917907219037924896e-02,8.855817448582777862e-01,1.019536498377711931e-01,-1.865933908097129557e+00,3.440976637345630196e-02,3.452626652955407049e+00,-8.894019509399679613e-02,1.045724504373203856e-01,-7.485419017350432025e-01,-2.592709106292401255e-01,1.247569836225069784e+00,-7.659424831399232192e-02,-1.996111737960115207e+00,6.438740772011389835e-01,6.661338147750939243e-16,-6.749999999999999112e+00,4.996003610813204432e-16,1.124999999999999822e+01,0.000000000000000000e+00,-1.799999999999999645e+01,-1.799999999999999645e+01,5.048709793414475555e-29,0.000000000000000000e+00,0.000000000000000000e+00,0.000000000000000000e+00,0.000000000000000000e+00,0.000000000000000000e+00,0.000000000000000000e+00
1.208942223579509145e-01,-1.907459115669590116e-02,8.848304858978471854e-01,1.016946055805764831e-01,-1.864681809829745296e+00,3.440976637345630196e-02,3.450623295727592410e+00,-8.830586913110430314e-02,1.045724504373203856e-01,-7.552860009161685984e-01,-2.592709106292401255e-01,1.258810001526945221e+00,-7.659424831399232192e-02,-2.014096002443116262e+00,6.258898127181381499e-01,6.661338147750939243e-16,-6.749999999999999112e+00,4.996003610813204432e-16,1.124999999999999822e+01,0.000000000000000000e+00,-1.799999999999999645e+01,-1.799999999999999645e+01,-5.048709793414475555e-29,0.000000000000000000e+00,0.000000000000000000e+00,0.000000000000000000e+00,0.000000000000000000e+00,0.000000000000000000e+00,0.000000000000000000e+00
1.218933481625620874e-01,-1.897011012301255337e-02,8.840724887390544184e-01,1.014355613233817593e-01,-1.863418481231757351e+00,3.440976637345630196e-02,3.448601969970811698e+00,-8.768951169717778549e-02,1.045724504373203856e-01,-7.620301000972939942e-01,-2.592709106292401255e-01,1.270050166828820881e+00,-7.659424831399232192e-02,-2.032080266926116874e+00,6.079055482351369832e-01,6.661338147750939243e-16,-6.749999999999999112e+00,4.996003610813204432e-16,1.124999999999999822e+01,0.000000000000000000e+00,-1.799999999999999645e+01,-1.799999999999999645e+01,5.048709793414475555e-29,0.000000000000000000e+00,0.000000000000000000e+00,0.000000000000000000e+00,0.000000000000000000e+00,0.000000000000000000e+00,0.000000000000000000e+00
1.228924739671732463e-01,-1.886562908932920557e-02,8.833077533818994853e-01,1.011765170661870494e-01,-1.862143922303165722e+00,3.440976637345630196e-02,3.446562675685064914e+00,-8.709112279221728481e-02,1.045724504373203856e-01,-7.687741992784193901e-01,-2.592709106292401255e-01,1.281290332130696319e+00,-7.659424831399232192e-02,-2.050064531409117485e+00,5.899212837521361497e-01,6.661338147750939243e-16,-6.749999999999999112e+00,4.996003610813204432e-16,1.124999999999999822e+01,0.000000000000000000e+00,-1.799999999999999645e+01,-1.799999999999999645e+01,0.000000000000000000e+00,0.000000000000000000e+00,0.000000000000000000e+00,0.000000000000000000e+00,0.000000000000000000e+00,0.000000000000000000e+00,0.000000000000000000e+00
1.238915997717844053e-01,-1.876114805564585430e-02,8.825362798263821640e-01,1.009174728089923534e-01,-1.860858133043970186e+00,3.440976637345630196e-02,3.444505412870352501e+00,-8.651070241622280110e-02,1.045724504373203856e-01,-7.755182984595447859e-01,-2.592709106292401255e-01,1.292530497432571979e+00,-7.659424831399232192e-02,-2.068048795892118097e+00,5.719370192691353161e-01,6.661338147750939243e-16,-6.749999999999999112e+00,4.996003610813204432e-16,1.124999999999999822e+01,0.000000000000000000e+00,-1.799999999999999645e+01,-1.799999999999999645e+01,-5.048709793414475555e-29,0.000000000000000000e+00,0.000000000000000000e+00,0.000000000000000000e+00,0.000000000000000000e+00,0.000000000000000000e+00,0.000000000000000000e+00
1.248907255763955781e-01,-1.865666702196250651e-02,8.817580680725025655e-01,1.006584285517976435e-01,-1.859561113454171188e+00,3.440976637345630196e-02,3.442430181526673572e+00,-8.594825056919429274e-02,1.045724504373203856e-01,-7.822623976406702928e-01,-2.592709106292401255e-01,1.303770662734447638e+00,-7.659424831399232192e-02,-2.086033060375119597e+00,5.539527547861342605e-01,6.661338147750939243e-16,-6.749999999999999112e+00,4.996003610813204432e-16,1.124999999999999822e+01,0.000000000000000000e+00,-1.799999999999999645e+01,-1.799999999999999645e+01,0.000000000000000000e+00,0.000000000000000000e+00,0.000000000000000000e+00,0.000000000000000000e+00,0.000000000000000000e+00,0.000000000000000000e+00,0.000000000000000000e+00
1.258898513810067510e-01,-1.855218598827915524e-02,8.809731181202608008e-01,1.003993842946029336e-01,-1.858252863533768062e+00,3.440976637345630196e-02,3.440336981654028570e+00,-8.540376725113180134e-02,1.045724504373203856e-01,-7.890064968217956887e-01,-2.592709106292401255e-01,1.315010828036323298e+00,-7.659424831399232192e-02,-2.104017324858120208e+00,5.359684903031330938e-01,6.661338147750939243e-16,-6.749999999999999112e+00,4.996003610813204432e-16,1.124999999999999822e+01,0.000000000000000000e+00,-1.799999999999999645e+01,-1.799999999999999645e+01,0.000000000000000000e+00,0.000000000000000000e+00,0.000000000000000000e+00,0.000000000000000000e+00,0.000000000000000000e+00,0.000000000000000000e+00,0.000000000000000000e+00
1.268889771856178961e-01,-1.844770495459581092e-02,8.801814299696568700e-01,1.001403400374082375e-01,-1.856933383282761474e+00,3.440976637345630196e-02,3.438225813252417939e+00,-8.487725246203531304e-02,1.045724504373203856e-01,-7.957505960029209735e-01,-2.592709106292401255e-01,1.326250993338198736e+00,-7.659424831399232192e-02,-2.122001589341120820e+00,5.179842258201324823e-01,6.661338147750939243e-16,-6.749999999999999112e+00,4.996003610813204432e-16,1.124999999999999822e+01,0.000000000000000000e+00,-1.799999999999999645e+01,-1.799999999999999645e+01,0.000000000000000000e+00,0.000000000000000000e+00,0.000000000000000000e+00,0.000000000000000000e+00,0.000000000000000000e+00,0.000000000000000000e+00,0.000000000000000000e+00
1.278881029902290689e-01,-1.834322392091245965e-02,8.793830036206905509e-01,9.988129578021351374e-02,-1.855602672701150979e+00,3.440976637345630196e-02,3.436096676321841237e+00,-8.436870620190482783e-02,1.045724504373203856e-01,-8.024946951840464804e-01,-2.592709106292401255e-01,1.337491158640074396e+00,-7.659424831399232192e-02,-2.139985853824121431e+00,4.999999613371313711e-01,6.661338147750939243e-16,-6.749999999999999112e+00,4.996003610813204432e-16,1.124999999999999822e+01,0.000000000000000000e+00,-1.799999999999999645e+01,-1.799999999999999645e+01,0.000000000000000000e+00,0.000000000000000000e+00,0.000000000000000000e+00,0.000000000000000000e+00,0.000000000000000000e+00,0.000000000000000000e+00,0.000000000000000000e+00
1.288872287948402418e-01,-1.823874288722911186e-02,8.785778390733620657e-01,9.962225152301880382e-02,-1.854260731788936800e+00,3.440976637345630196e-02,3.433949570862298462e+00,-8.387812847074033185e-02,1.045724504373203856e-01,-8.092387943651718762e-01,-2.592709106292401255e-01,1.348731323941950055e+00,-7.659424831399232192e-02,-2.157970118307122487e+00,4.820156968541302600e-01,6.661338147750939243e-16,-6.749999999999999112e+00,4.996003610813204432e-16,1.124999999999999822e+01,0.000000000000000000e+00,-1.799999999999999645e+01,-1.799999999999999645e+01,0.000000000000000000e+00,0.000000000000000000e+00,0.000000000000000000e+00,0.000000000000000000e+00,0.000000000000000000e+00,0.000000000000000000e+00,0.000000000000000000e+00
1.298863545994513868e-01,-1.813426185354576406e-02,8.777659363276713034e-01,9.936320726582409391e-02,-1.852907560546118715e+00,3.440976637345630196e-02,3.431784496873790058e+00,-8.340551926854185283e-02,1.045724504373203856e-01,-8.159828935462971611e-01,-2.592709106292401255e-01,1.359971489243825493e+00,-7.659424831399232192e-02,-2.175954382790123098e+00,4.640314323711296485e-01,6.661338147750939243e-16,-6.749999999999999112e+00,4.996003610813204432e-16,1.124999999999999822e+01,0.000000000000000000e+00,-1.799999999999999645e+01,-1.799999999999999645e+01,0.000000000000000000e+00,0.000000000000000000e+00,0.000000000000000000e+00,0.000000000000000000e+00,0.000000000000000000e+00,1.929088420514308382e+02,0.000000000000000000e+00
1.308854804040625597e-01,-1.802978081986241626e-02,8.769472953836181528e-01,9.910416300862938399e-02,-1.851543158972697167e+00,3.440976637345630196e-02,3.429600299279412567e+00,-8.295087859530936303e-02,1.045724504373203856e-01,-8.227269927274225569e-01,-2.592709106292401255e-01,1.371211654545701153e+00,-7.659424831399232192e-02,-2.193745907071093182e+00,4.460471678881285373e-01,6.661338147750939243e-16,-6.749999999999999112e+00,4.996003610813204432e-16,1.124999999999999822e+01,0.000000000000000000e+00,-1.761451959593749805e+01,-1.799999999999999645e+01,0.000000000000000000e+00,0.000000000000000000e+00,0.000000000000000000e+00,0.000000000000000000e+00,0.000000000000000000e+00,6.929088420514344762e+02,0.000000000000000000e+00
1.318846062086737325e-01,-1.792529978617906500e-02,8.761219162412029471e-01,9.884511875143467408e-02,-1.850167527068671491e+00,3.440976637345630196e-02,3.427399847227906360e+00,-8.251420645104287632e-02,1.045724504373203856e-01,-8.294710919085480638e-01,-2.592709106292401255e-01,1.382451819847576813e+00,-7.659424831399232192e-02,-2.210846002443114688e+00,4.280629034051274262e-01,6.661338147750939243e-16,-6.749999999999999112e+00,4.996003610813204432e-16,1.124999999999999822e+01,0.000000000000000000e+00,-1.661539379132632632e+01,-1.799999999999999645e+01,0.000000000000000000e+00,0.000000000000000000e+00,0.000000000000000000e+00,0.000000000000000000e+00,0.000000000000000000e+00,1.000000000000000909e+03,0.000000000000000000e+00
1.328837320132849054e-01,-1.782081875249571720e-02,8.752897989004254642e-01,9.858607449423996416e-02,-1.848780664834042353e+00,3.440976637345630196e-02,3.425182808631056730e+00,-8.209550283574239271e-02,1.045724504373203856e-01,-8.362151910896734597e-01,-2.592709106292401255e-01,1.393691985149452472e+00,-7.659424831399232192e-02,-2.226947846205913795e+00,4.100786389221263151e-01,6.661338147750939243e-16,-6.749999999999999112e+00,4.996003610813204432e-16,1.124999999999999822e+01,0.000000000000000000e+00,-1.561626798671515282e+01,-1.799999999999999645e+01,0.000000000000000000e+00,0.000000000000000000e+00,0.000000000000000000e+00,0.000000000000000000e+00,0.000000000000000000e+00,1.000000000000000000e+03,0.000000000000000000e+00
1.338828578178960504e-01,-1.771633771881236941e-02,8.744509433612857041e-01,9.832703023704525425e-02,-1.847382572268809531e+00,3.440976637345630196e-02,3.422950180866277670e+00,-8.169476774940791219e-02,1.045724504373203856e-01,-8.429592902707987445e-01,-2.592709106292401255e-01,1.404932150451327688e+00,-7.659424831399232192e-02,-2.242051438359490501e+00,3.920943744391257035e-01,6.661338147750939243e-16,-6.749999999999999112e+00,4.996003610813204432e-16,1.124999999999999822e+01,0.000000000000000000e+00,-1.461714218210400951e+01,-1.799999999999999645e+01,0.000000000000000000e+00,0.000000000000000000e+00,0.000000000000000000e+00,0.000000000000000000e+00,0.000000000000000000e+00,9.999999999999990905e+02,0.000000000000000000e+00
1.348819836225072233e-01,-1.761185668512902161e-02,8.736053496237835558e-01,9.806798597985055821e-02,-1.845973249372972802e+00,3.440976637345630196e-02,3.420702961310982282e+00,-8.131200119203944865e-02,1.045724504373203856e-01,-8.497033894519241404e-01,-2.592709106292401255e-01,1.416172315753203348e+00,-7.659424831399232192e-02,-2.256156778903845250e+00,3.741101099561245924e-01,6.661338147750939243e-16,-6.749999999999999112e+00,4.996003610813204432e-16,1.124999999999999822e+01,0.000000000000000000e+00,-1.361801637749283778e+01,-1.799999999999999645e+01,0.000000000000000000e+00,0.000000000000000000e+00,0.000000000000000000e+00,0.000000000000000000e+00,0.000000000000000000e+00,9.999999999999990905e+02,6.220647329327221087e+01
1.358811094271183961e-01,-1.750737565144567034e-02,8.727530176879192414e-01,9.780894172265583442e-02,-1.844552696146532167e+00,3.440976637345630196e-02,3.418442147342585447e+00,-8.094593300340813258e-02,1.045724504373203856e-01,-8.564474886330496473e-01,-2.592709106292401255e-01,1.427412481055079008e+00,-7.659424831399232192e-02,-2.269263867838977156e+00,3.561879975658045483e-01,6.661338147750939243e-16,-6.749999999999999112e+00,4.996003610813204432e-16,1.124999999999999822e+01,0.000000000000000000e+00,-1.261889057288166605e+01,-1.787569581463766966e+01,0.000000000000000000e+00,0.000000000000000000e+00,0.000000000000000000e+00,0.000000000000000000e+00,0.000000000000000000e+00,9.999999999999990905e+02,5.622064732932776678e+02
1.368802352317295412e-01,-1.740289461776232602e-02,8.718939475536927608e-01,9.754989746546112450e-02,-1.843120912589488070e+00,3.440976637345630196e-02,3.416168736338499823e+00,-8.059880688326469256e-02,1.045724504373203856e-01,-8.631915878141748211e-01,-2.592709106292401255e-01,1.438652646356954445e+00,-7.659424831399232192e-02,-2.281372705164886661e+00,3.388267259750829541e-01,6.661338147750939243e-16,-6.749999999999999112e+00,4.996003610813204432e-16,1.124999999999999822e+01,0.000000000000000000e+00,-1.161976476827052096e+01,-1.687657001002652279e+01,0.000000000000000000e+00,0.000000000000000000e+00,0.000000000000000000e+00,0.000000000000000000e+00,0.000000000000000000e+00,9.999999999999990905e+02,9.999999999999981810e+02
1.378793610363407141e-01,-1.729841358407897475e-02,8.710281392211040030e-01,9.729085320826641459e-02,-1.841677898701840066e+00,3.440976637345630196e-02,3.413883725676140291e+00,-8.026852848468343793e-02,1.045724504373203856e-01,-8.699356869953003280e-01,-2.592709106292401255e-01,1.449892811658830105e+00,-7.659424831399232192e-02,-2.292483290881574653e+00,3.224637059935832606e-01,6.661338147750939243e-16,-6.749999999999999112e+00,4.996003610813204432e-16,1.124999999999999822e+01,0.000000000000000000e+00,-1.062063896365934923e+01,-1.587744420541535284e+01,0.000000000000000000e+00,0.000000000000000000e+00,0.000000000000000000e+00,0.000000000000000000e+00,0.000000000000000000e+00,9.999999999999990905e+02,9.999999999999990905e+02
1.388784868409518869e-01,-1.719393255039562696e-02,8.701555926901529681e-01,9.703180895107170467e-02,-1.840223654483588378e+00,3.440976637345630196e-02,3.411588112732920397e+00,-7.995410043025052982e-02,1.045724504373203856e-01,-8.766797861764257238e-01,-2.592709106292401255e-01,1.461132976960705765e+00,-7.659424831399232192e-02,-2.302595624989039802e+00,3.070989376213059119e-01,6.661338147750939243e-16,-6.749999999999999112e+00,4.996003610813204432e-16,1.124999999999999822e+01,0.000000000000000000e+00,-9.621513159048177499e+00,-1.487831840080417933e+01,0.000000000000000000e+00,0.000000000000000000e+00,0.000000000000000000e+00,0.000000000000000000e+00,0.000000000000000000e+00,9.999999999999990905e+02,1.000000000000000000e+03
1.398776126455630320e-01,-1.708945151671227916e-02,8.692763079608396559e-01,9.677276469387700863e-02,-1.838758179934733006e+00,3.440976637345630196e-02,3.409282894886253690e+00,-7.965452534255215711e-02,1.045724504373203856e-01,-8.834238853575510086e-01,-2.592709106292401255e-01,1.472373142262581203e+00,-7.659424831399232192e-02,-2.311709707487282550e+00,2.927324208582512410e-01,6.661338147750939243e-16,-6.749999999999999112e+00,4.996003610813204432e-16,1.124999999999999822e+01,0.000000000000000000e+00,-8.622387354437032414e+00,-1.387919259619303602e+01,0.000000000000000000e+00,0.000000000000000000e+00,0.000000000000000000e+00,0.000000000000000000e+00,0.000000000000000000e+00,9.999999999999981810e+02,9.999999999999990905e+02
1.408767384501742048e-01,-1.698497048302893137e-02,8.683902850331641776e-01,9.651372043668228484e-02,-1.837281475055273949e+00,3.440976637345630196e-02,3.406969069513553716e+00,-7.936880584417448092e-02,1.045724504373203856e-01,-8.901679845386764045e-01,-2.592709106292401255e-01,1.483613307564456862e+00,-7.659424831399232192e-02,-2.319825538376302898e+00,2.793641557044185264e-01,6.661338147750939243e-16,-6.749999999999999112e+00,4.996003610813204432e-16,1.124999999999999822e+01,0.000000000000000000e+00,-7.623261549825861572e+00,-1.288006679158186429e+01,0.000000000000000000e+00,0.000000000000000000e+00,0.000000000000000000e+00,0.000000000000000000e+00,0.000000000000000000e+00,9.999999999999986358e+02,9.999999999999990905e+02
1.418758642547853777e-01,-1.688048944934558010e-02,8.674975239071263111e-01,9.625467617948757493e-02,-1.835793539845210987e+00,3.440976637345630196e-02,3.404647633992235356e+00,-7.909594455770367627e-02,1.045724504373203856e-01,-8.969120837198019114e-01,-2.592709106292401255e-01,1.494853472866332522e+00,-7.659424831399232192e-02,-2.326943117656101290e+00,2.669941421598082121e-01,6.661338147750939243e-16,-6.749999999999999112e+00,4.996003610813204432e-16,1.124999999999999822e+01,0.000000000000000000e+00,-6.624135745214688953e+00,-1.188094098697069256e+01,0.000000000000000000e+00,0.000000000000000000e+00,0.000000000000000000e+00,0.000000000000000000e+00,0.000000000000000000e+00,9.999999999999995453e+02,9.999999999999990905e+02
1.428749900593965505e-01,-1.677600841566223230e-02,8.665980245827262785e-01,9.599563192229287889e-02,-1.834294374304543895e+00,3.440976637345630196e-02,3.402319585699711713e+00,-7.883494410572589040e-02,1.045724504373203856e-01,-9.036561829009273072e-01,-2.592709106292401255e-01,1.506093638168208182e+00,-7.659424831399232192e-02,-2.333062445326677281e+00,2.556223802244201870e-01,6.661338147750939243e-16,-6.749999999999999112e+00,4.996003610813204432e-16,1.124999999999999822e+01,0.000000000000000000e+00,-5.625009940603517222e+00,-1.088181518235952083e+01,0.000000000000000000e+00,0.000000000000000000e+00,0.000000000000000000e+00,0.000000000000000000e+00,0.000000000000000000e+00,9.999999999999990905e+02,9.999999999999990905e+02
1.438741158640076956e-01,-1.667152738197888451e-02,8.656917870599639686e-01,9.573658766509816898e-02,-1.832783978433273786e+00,3.440976637345630196e-02,3.399985922013396333e+00,-7.858480711082732606e-02,1.045724504373203856e-01,-9.104002820820525921e-01,-2.592709106292401255e-01,1.517333803470083398e+00,-7.659424831399232192e-02,-2.338183521388030872e+00,2.452488698982547843e-01,6.661338147750939243e-16,-6.749999999999999112e+00,4.996003610813204432e-16,1.124999999999999822e+01,0.000000000000000000e+00,-4.625884135992373025e+00,-9.882689377748375748e+00,0.000000000000000000e+00,0.000000000000000000e+00,0.000000000000000000e+00,0.000000000000000000e+00,0.000000000000000000e+00,9.999999999999990905e+02,9.999999999999990905e+02
1.448732416686188684e-01,-1.656704634829553671e-02,8.647788113388394926e-01,9.547754340790344518e-02,-1.831262352231399548e+00,3.440976637345630196e-02,3.397647640310704098e+00,-7.834453619559410276e-02,1.045724504373203856e-01,-9.171443812631780990e-01,-2.592709106292401255e-01,1.528573968771959057e+00,-7.659424831399232192e-02,-2.342306345840162063e+00,2.358736111813114489e-01,6.661338147750939243e-16,-6.749999999999999112e+00,4.996003610813204432e-16,1.124999999999999822e+01,0.000000000000000000e+00,-3.626758331381201295e+00,-8.883563573137204017e+00,0.000000000000000000e+00,0.000000000000000000e+00,0.000000000000000000e+00,0.000000000000000000e+00,0.000000000000000000e+00,9.999999999999993179e+02,9.999999999999990905e+02
1.458723674732300413e-01,-1.646256531461218545e-02,8.638590974193527394e-01,9.521849915070873527e-02,-1.829729495698921404e+00,3.440976637345630196e-02,3.395305737969047666e+00,-7.811313398261240937e-02,1.045724504373203856e-01,-9.238884804443034948e-01,-2.592709106292401255e-01,1.539814134073834939e+00,-7.659424831399232192e-02,-2.345430918683070853e+00,2.274966040735904305e-01,6.661338147750939243e-16,-6.749999999999999112e+00,4.996003610813204432e-16,1.124999999999999822e+01,0.000000000000000000e+00,-2.627632526770029120e+00,-7.884437768526032286e+00,0.000000000000000000e+00,0.000000000000000000e+00,0.000000000000000000e+00,0.000000000000000000e+00,0.000000000000000000e+00,9.999999999999989768e+02,9.999999999999990905e+02
1.468714932778411864e-01,-1.635808428092884112e-02,8.629326453015035980e-01,9.495945489351403923e-02,-1.828185408835839576e+00,3.440976637345630196e-02,3.392961212365841916e+00,-7.788960309446840702e-02,1.045724504373203856e-01,-9.306325796254287797e-01,-2.592709106292401255e-01,1.551054299375710155e+00,-7.659424831399232192e-02,-2.347557239916757688e+00,2.201178485750919511e-01,6.661338147750939243e-16,-6.749999999999999112e+00,4.996003610813204432e-16,1.124999999999999822e+01,0.000000000000000000e+00,-1.628506722158884923e+00,-6.885311963914888089e+00,0.000000000000000000e+00,0.000000000000000000e+00,0.000000000000000000e+00,0.000000000000000000e+00,0.000000000000000000e+00,9.999999999999986358e+02,9.999999999999990905e+02
1.478706190824523592e-01,-1.625360324724548985e-02,8.619994549852922905e-01,9.470041063631934319e-02,-1.826630091642154063e+00,3.440976637345630196e-02,3.390615060878499509e+00,-7.767294615374827071e-02,1.045724504373203856e-01,-9.373766788065541755e-01,-2.592709106292401255e-01,1.562294464677585815e+00,-7.659424831399232192e-02,-2.348685309541221677e+00,2.137373446858156223e-01,6.661338147750939243e-16,-6.749999999999999112e+00,4.996003610813204432e-16,1.124999999999999822e+01,0.000000000000000000e+00,-6.293809175477140805e-01,-5.886186159303715471e+00,0.000000000000000000e+00,0.000000000000000000e+00,0.000000000000000000e+00,0.000000000000000000e+00,0.000000000000000000e+00,8.149658004242256766e+02,9.999999999999995453e+02
1.488697448870635320e-01,-1.614912221356214206e-02,8.610595264707188168e-01,9.444136637912461940e-02,-1.825063544117864867e+00,3.440976637345630196e-02,3.388268219260287761e+00,-7.746216578303814770e-02,1.045724504373203856e-01,-9.441207779876796824e-01,-2.592709106292401255e-01,1.573534629979461474e+00,-7.659424831399232192e-02,-2.348999999999995314e+00,2.083550924057616105e-01,6.661338147750939243e-16,-6.749999999999999112e+00,4.996003610813204432e-16,1.124999999999999822e+01,0.000000000000000000e+00,9.992007221626408864e-16,-4.887060354692543740e+00,0.000000000000000000e+00,0.000000000000000000e+00,0.000000000000000000e+00,0.000000000000000000e+00,0.000000000000000000e+00,3.149658004242222660e+02,9.999999999999990905e+02
1.498688706916746771e-01,-1.604464117987879426e-02,8.601128597577830659e-01,9.418232212192990949e-02,-1.823485766262972207e+00,3.440976637345630196e-02,3.385921272745256339e+00,-7.725626460492422687e-02,1.045724504373203856e-01,-9.508648771688048562e-01,-2.592709106292401255e-01,1.584774795281336912e+00,-7.659424831399232192e-02,-2.348999999999995314e+00,2.039710917349300545e-01,6.661338147750939243e-16,-6.749999999999999112e+00,4.996003610813204432e-16,1.124999999999999822e+01,0.000000000000000000e+00,9.992007221626408864e-16,-3.887934550081399543e+00,0.000000000000000000e+00,0.000000000000000000e+00,0.000000000000000000e+00,0.000000000000000000e+00,0.000000000000000000e+00,0.000000000000000000e+00,9.999999999999988631e+02
1.508679964962858500e-01,-1.594016014619544647e-02,8.591594548464849268e-01,9.392327786473521345e-02,-1.821896758077475198e+00,3.440976637345630196e-02,3.383574326230224472e+00,-7.705424524199266934e-02,1.045724504373203856e-01,-9.576089763499303631e-01,-2.592709106292401255e-01,1.596014960583212572e+00,-7.659424831399232192e-02,-2.348999999999995314e+00,2.005853426733207323e-01,6.661338147750939243e-16,-6.749999999999999112e+00,4.996003610813204432e-16,1.124999999999999822e+01,0.000000000000000000e+00,9.992007221626408864e-16,-2.888808745470227812e+00,0.000000000000000000e+00,0.000000000000000000e+00,0.000000000000000000e+00,0.000000000000000000e+00,0.000000000000000000e+00,0.000000000000000000e+00,9.999999999999992042e+02
1.518671223008970228e-01,-1.583567911251209520e-02,8.581993117368246216e-01,9.366423360754051741e-02,-1.820296519561374726e+00,3.440976637345630196e-02,3.381227379715193049e+00,-7.685511031682963623e-02,1.045724504373203856e-01,-9.643530755310557590e-01,-2.592709106292401255e-01,1.607255125885088232e+00,-7.659424831399232192e-02,-2.348999999999995314e+00,1.981978452209337271e-01,6.661338147750939243e-16,-6.749999999999999112e+00,4.996003610813204432e-16,1.124999999999999822e+01,0.000000000000000000e+00,9.992007221626408864e-16,-1.889682940859055638e+00,0.000000000000000000e+00,0.000000000000000000e+00,0.000000000000000000e+00,0.000000000000000000e+00,0.000000000000000000e+00,0.000000000000000000e+00,9.999999999999990905e+02
1.528662481055081956e-01,-1.573119807882874741e-02,8.572324304288021501e-01,9.340518935034579362e-02,-1.818685050714670570e+00,3.440976637345630196e-02,3.378880433200161182e+00,-7.665786245202127480e-02,1.045724504373203856e-01,-9.710971747121812658e-01,-2.592709106292401255e-01,1.618495291186963891e+00,-7.659424831399232192e-02,-2.348999999999995314e+00,1.968085993777690668e-01,6.661338147750939243e-16,-6.749999999999999112e+00,4.996003610813204432e-16,1.124999999999999822e+01,0.000000000000000000e+00,9.992007221626408864e-16,-8.905571362478841291e-01,0.000000000000000000e+00,0.000000000000000000e+00,0.000000000000000000e+00,0.000000000000000000e+00,0.000000000000000000e+00,0.000000000000000000e+00,9.456681691823993106e+02
1.538653739101193407e-01,-1.562671704514539961e-02,8.562588109224174016e-01,9.314614509315108370e-02,-1.817062351537362508e+00,3.440976637345630196e-02,3.376533486685129759e+00,-7.648284126918754311e-02,1.045724504373203856e-01,-9.778412738933064396e-01,-2.592709106292401255e-01,1.629735456488839329e+00,-7.659424831399232192e-02,-2.348999999999995314e+00,1.963633208096451366e-01,6.661338147750939243e-16,-6.749999999999999112e+00,4.996003610813204432e-16,1.124999999999999822e+01,0.000000000000000000e+00,9.992007221626408864e-16,0.000000000000000000e+00,0.000000000000000000e+00,0.000000000000000000e+00,0.000000000000000000e+00,0.000000000000000000e+00,0.000000000000000000e+00,0.000000000000000000e+00,4.456681691824068707e+02
1.548644997147305136e-01,-1.552223601146205181e-02,8.552784532176702648e-01,9.288710083595638767e-02,-1.815428422029450761e+00,3.440976637345630196e-02,3.374186540170098336e+00,-7.648284126918754311e-02,1.045724504373203856e-01,-9.845853730744319465e-01,-2.592709106292401255e-01,1.640975621790714989e+00,-7.659424831399232192e-02,-2.348999999999995314e+00,1.963633208096451366e-01,6.661338147750939243e-16,-6.749999999999999112e+00,4.996003610813204432e-16,1.124999999999999822e+01,0.000000000000000000e+00,9.992007221626408864e-16,0.000000000000000000e+00,0.000000000000000000e+00,0.000000000000000000e+00,0.000000000000000000e+00,0.000000000000000000e+00,0.000000000000000000e+00,0.000000000000000000e+00,0.000000000000000000e+00
1.558636255193416864e-01,-1.541775497777870228e-02,8.542913573145609618e-01,9.262805657876169163e-02,-1.813783262190935330e+00,3.440976637345630196e-02,3.371839593655066469e+00,-7.648284126918754311e-02,1.045724504373203856e-01,-9.913294722555573424e-01,-2.592709106292401255e-01,1.652215787092590649e+00,-7.659424831399232192e-02,-2.348999999999995314e+00,1.963633208096451366e-01,6.661338147750939243e-16,-6.749999999999999112e+00,4.996003610813204432e-16,1.124999999999999822e+01,0.000000000000000000e+00,9.992007221626408864e-16,0.000000000000000000e+00,0.000000000000000000e+00,0.000000000000000000e+00,0.000000000000000000e+00,0.000000000000000000e+00,0.000000000000000000e+00,0.000000000000000000e+00,0.000000000000000000e+00
1.568627513239528315e-01,-1.531327394409535622e-02,8.532975232130894927e-01,9.236901232156698172e-02,-1.812126872021816215e+00,3.440976637345630196e-02,3.369492647140035047e+00,-7.648284126918754311e-02,1.045724504373203856e-01,-9.980735714366826272e-01,-2.592709106292401255e-01,1.663455952394465864e+00,-7.659424831399232192e-02,-2.348999999999995314e+00,1.963633208096451366e-01,6.661338147750939243e-16,-6.749999999999999112e+00,4.996003610813204432e-16,1.124999999999999822e+01,0.000000000000000000e+00,9.992007221626408864e-16,0.000000000000000000e+00,0.000000000000000000e+00,0.000000000000000000e+00,0.000000000000000000e+00,0.000000000000000000e+00,0.000000000000000000e+00,0.000000000000000000e+00,0.000000000000000000e+00
1.578618771285640043e-01,-1.520879291041200669e-02,8.522969509132557464e-01,9.210996806437225792e-02,-1.810459251522093194e+00,3.440976637345630196e-02,3.367145700625003180e+00,-7.648284126918754311e-02,1.045724504373203856e-01,-1.004817670617808023e+00,-2.592709106292401255e-01,1.674696117696341524e+00,-7.659424831399232192e-02,-2.348999999999995314e+00,1.963633208096451366e-01,6.661338147750939243e-16,-6.749999999999999112e+00,4.996003610813204432e-16,1.124999999999999822e+01,0.000000000000000000e+00,9.992007221626408864e-16,0.000000000000000000e+00,0.000000000000000000e+00,0.000000000000000000e+00,0.000000000000000000e+00,0.000000000000000000e+00,0.000000000000000000e+00,0.000000000000000000e+00,0.000000000000000000e+00
1.588610029331751772e-01,-1.510431187672865716e-02,8.512896404150596119e-01,9.185092380717756189e-02,-1.808780400691766488e+00,3.440976637345630196e-02,3.364798754109971757e+00,-7.648284126918754311e-02,1.045724504373203856e-01,-1.011561769798933419e+00,-2.592709106292401255e-01,1.685936282998217184e+00,-7.659424831399232192e-02,-2.348999999999995314e+00,1.963633208096451366e-01,6.661338147750939243e-16,-6.749999999999999112e+00,4.996003610813204432e-16,1.124999999999999822e+01,0.000000000000000000e+00,9.992007221626408864e-16,0.000000000000000000e+00,0.000000000000000000e+00,0.000000000000000000e+00,0.000000000000000000e+00,0.000000000000000000e+00,0.000000000000000000e+00,0.000000000000000000e+00,0.000000000000000000e+00
1.598601287377863223e-01,-1.499983084304531110e-02,8.502755917185013113e-01,9.159187954998286585e-02,-1.807090319530835876e+00,3.440976637345630196e-02,3.362451807594940334e+00,-7.648284126918754311e-02,1.045724504373203856e-01,-1.018305868980058593e+00,-2.592709106292401255e-01,1.697176448300092622e+00,-7.659424831399232192e-02,-2.348999999999995314e+00,1.963633208096451366e-01,6.661338147750939243e-16,-6.749999999999999112e+00,4.996003610813204432e-16,1.124999999999999822e+01,0.000000000000000000e+00,9.992007221626408864e-16,0.000000000000000000e+00,0.000000000000000000e+00,0.000000000000000000e+00,0.000000000000000000e+00,0.000000000000000000e+00,0.000000000000000000e+00,0.000000000000000000e+00,0.000000000000000000e+00
1.608592545423974951e-01,-1.489534980936196157e-02,8.492548048235808444e-01,9.133283529278815593e-02,-1.805389008039301579e+00,3.440976637345630196e-02,3.360104861079908467e+00,-7.648284126918754311e-02,1.045724504373203856e-01,-1.025049968161184211e+00,-2.592709106292401255e-01,1.708416613601968281e+00,-7.659424831399232192e-02,-2.348999999999995314e+00,1.963633208096451366e-01,6.661338147750939243e-16,-6.749999999999999112e+00,4.996003610813204432e-16,1.124999999999999822e+01,0.000000000000000000e+00,9.992007221626408864e-16,0.000000000000000000e+00,0.000000000000000000e+00,0.000000000000000000e+00,0.000000000000000000e+00,0.000000000000000000e+00,0.000000000000000000e+00,0.000000000000000000e+00,0.000000000000000000e+00
1.618583803470086679e-01,-1.479086877567861204e-02,8.482272797302979894e-01,9.107379103559343214e-02,-1.803676466217163599e+00,3.440976637345630196e-02,3.357757914564876600e+00,-7.648284126918754311e-02,1.045724504373203856e-01,-1.031794067342309607e+00,-2.592709106292401255e-01,1.719656778903843941e+00,-7.659424831399232192e-02,-2.348999999999995314e+00,1.963633208096451366e-01,6.661338147750939243e-16,-6.749999999999999112e+00,4.996003610813204432e-16,1.124999999999999822e+01,0.000000000000000000e+00,9.992007221626408864e-16,0.000000000000000000e+00,0.000000000000000000e+00,0.000000000000000000e+00,0.000000000000000000e+00,0.000000000000000000e+00,0.000000000000000000e+00,0.000000000000000000e+00,0.000000000000000000e+00
1.628575061516198408e-01,-1.468638774199526251e-02,8.471930164386528572e-01,9.081474677839873610e-02,-1.801952694064421934e+00,3.440976637345630196e-02,3.355410968049845177e+00,-7.648284126918754311e-02,1.045724504373203856e-01,-1.038538166523435002e+00,-2.592709106292401255e-01,1.730896944205719601e+00,-7.659424831399232192e-02,-2.348999999999995314e+00,1.963633208096451366e-01,6.661338147750939243e-16,-6.749999999999999112e+00,4.996003610813204432e-16,1.124999999999999822e+01,0.000000000000000000e+00,9.992007221626408864e-16,0.000000000000000000e+00,0.000000000000000000e+00,0.000000000000000000e+00,0.000000000000000000e+00,0.000000000000000000e+00,0.000000000000000000e+00,0.000000000000000000e+00,0.000000000000000000e+00
1.638566319562309859e-01,-1.458190670831191645e-02,8.461520149486455589e-01,9.055570252120404007e-02,-1.800217691581076362e+00,3.440976637345630196e-02,3.353064021534813310e+00,-7.648284126918754311e-02,1.045724504373203856e-01,-1.045282265704560176e+00,-2.592709106292401255e-01,1.742137109507595039e+00,-7.659424831399232192e-02,-2.348999999999995314e+00,1.963633208096451366e-01,6.661338147750939243e-16,-6.749999999999999112e+00,4.996003610813204432e-16,1.124999999999999822e+01,0.000000000000000000e+00,9.992007221626408864e-16,0.000000000000000000e+00,0.000000000000000000e+00,0.000000000000000000e+00,0.000000000000000000e+00,0.000000000000000000e+00,0.000000000000000000e+00,0.000000000000000000e+00,0.000000000000000000e+00
1.648557577608421587e-01,-1.447742567462856692e-02,8.451042752602760944e-01,9.029665826400933015e-02,-1.798471458767127107e+00,3.440976637345630196e-02,3.350717075019781888e+00,-7.648284126918754311e-02,1.045724504373203856e-01,-1.052026364885685794e+00,-2.592709106292401255e-01,1.753377274809470698e+00,-7.659424831399232192e-02,-2.348999999999995314e+00,1.963633208096451366e-01,6.661338147750939243e-16,-6.749999999999999112e+00,4.996003610813204432e-16,1.124999999999999822e+01,0.000000000000000000e+00,9.992007221626408864e-16,0.000000000000000000e+00,0.000000000000000000e+00,0.000000000000000000e+00,0.000000000000000000e+00,0.000000000000000000e+00,0.000000000000000000e+00,0.000000000000000000e+00,0.000000000000000000e+00
1.658548835654533316e-01,-1.437294464094521738e-02,8.440497973735443527e-01,9.003761400681460636e-02,-1.796713995622574167e+00,3.440976637345630196e-02,3.348370128504750465e+00,-7.648284126918754311e-02,1.045724504373203856e-01,-1.058770464066811190e+00,-2.592709106292401255e-01,1.764617440111346358e+00,-7.659424831399232192e-02,-2.348999999999995314e+00,1.963633208096451366e-01,6.661338147750939243e-16,-6.749999999999999112e+00,4.996003610813204432e-16,1.124999999999999822e+01,0.000000000000000000e+00,9.992007221626408864e-16,0.000000000000000000e+00,0.000000000000000000e+00,0.000000000000000000e+00,0.000000000000000000e+00,0.000000000000000000e+00,0.000000000000000000e+00,0.000000000000000000e+00,0.000000000000000000e+00
1.668540093700644766e-01,-1.426846360726187132e-02,8.429885812884502228e-01,8.977856974961992420e-02,-1.794945302147417321e+00,3.440976637345630196e-02,3.346023181989718598e+00,-7.648284126918754311e-02,1.045724504373203856e-01,-1.065514563247936364e+00,-2.592709106292401255e-01,1.775857605413221574e+00,-7.659424831399232192e-02,-2.348999999999995314e+00,1.963633208096451366e-01,6.661338147750939243e-16,-6.749999999999999112e+00,4.996003610813204432e-16,1.124999999999999822e+01,0.000000000000000000e+00,9.992007221626408864e-16,0.000000000000000000e+00,0.000000000000000000e+00,0.000000000000000000e+00,0.000000000000000000e+00,0.000000000000000000e+00,0.000000000000000000e+00,0.000000000000000000e+00,0.000000000000000000e+00
1.678531351746756495e-01,-1.416398257357852179e-02,8.419206270049939267e-01,8.951952549242521429e-02,-1.793165378341657012e+00,3.440976637345630196e-02,3.343676235474687175e+00,-7.648284126918754311e-02,1.045724504373203856e-01,-1.072258662429061760e+00,-2.592709106292401255e-01,1.787097770715097234e+00,-7.659424831399232192e-02,-2.348999999999995314e+00,1.963633208096451366e-01,6.661338147750939243e-16,-6.749999999999999112e+00,4.996003610813204432e-16,1.124999999999999822e+01,0.000000000000000000e+00,9.992007221626408864e-16,0.000000000000000000e+00,0.000000000000000000e+00,0.000000000000000000e+00,0.000000000000000000e+00,0.000000000000000000e+00,0.000000000000000000e+00,0.000000000000000000e+00,0.000000000000000000e+00
1.688522609792868223e-01,-1.405950153989517226e-02,8.408459345231753534e-01,8.926048123523050437e-02,-1.791374224205292576e+00,3.440976637345630196e-02,3.341329288959655308e+00,-7.648284126918754311e-02,1.045724504373203856e-01,-1.079002761610187378e+00,-2.592709106292401255e-01,1.798337936016972893e+00,-7.659424831399232192e-02,-2.348999999999995314e+00,1.963633208096451366e-01,6.661338147750939243e-16,-6.749999999999999112e+00,4.996003610813204432e-16,1.124999999999999822e+01,0.000000000000000000e+00,9.992007221626408864e-16,0.000000000000000000e+00,0.000000000000000000e+00,0.000000000000000000e+00,0.000000000000000000e+00,0.000000000000000000e+00,0.000000000000000000e+00,0.000000000000000000e+00,0.000000000000000000e+00
1.698513867838979952e-01,-1.395502050621182273e-02,8.397645038429946140e-01,8.900143697803578058e-02,-1.789571839738324677e+00,3.440976637345630196e-02,3.338982342444623885e+00,-7.648284126918754311e-02,1.045724504373203856e-01,-1.085746860791312773e+00,-2.592709106292401255e-01,1.809578101318848553e+00,-7.659424831399232192e-02,-2.348999999999995314e+00,1.963633208096451366e-01,6.661338147750939243e-16,-6.749999999999999112e+00,4.996003610813204432e-16,1.124999999999999822e+01,0.000000000000000000e+00,9.992007221626408864e-16,0.000000000000000000e+00,0.000000000000000000e+00,0.000000000000000000e+00,0.000000000000000000e+00,0.000000000000000000e+00,0.000000000000000000e+00,0.000000000000000000e+00,0.000000000000000000e+00
1.708505125885091402e-01,-1.385053947252847667e-02,8.386763349644514864e-01,8.874239272084109842e-02,-1.787758224940752871e+00,3.440976637345630196e-02,3.336635395929592462e+00,-7.648284126918754311e-02,1.045724504373203856e-01,-1.092490959972437947e+00,-2.592709106292401255e-01,1.820818266620723991e+00,-7.659424831399232192e-02,-2.348999999999995314e+00,1.963633208096451366e-01,6.661338147750939243e-16,-6.749999999999999112e+00,4.996003610813204432e-16,1.124999999999999822e+01,0.000000000000000000e+00,9.992007221626408864e-16,0.000000000000000000e+00,0.000000000000000000e+00,0.000000000000000000e+00,0.000000000000000000e+00,0.000000000000000000e+00,0.000000000000000000e+00,0.000000000000000000e+00,0.000000000000000000e+00
1.718496383931203131e-01,-1.374605843884512714e-02,8.375814278875461927e-01,8.848334846364638850e-02,-1.785933379812577160e+00,3.440976637345630196e-02,3.334288449414560596e+00,-7.648284126918754311e-02,1.045724504373203856e-01,-1.099235059153563343e+00,-2.592709106292401255e-01,1.832058431922599651e+00,-7.659424831399232192e-02,-2.348999999999995314e+00,1.963633208096451366e-01,6.661338147750939243e-16,-6.749999999999999112e+00,4.996003610813204432e-16,1.124999999999999822e+01,0.000000000000000000e+00,9.992007221626408864e-16,0.000000000000000000e+00,0.000000000000000000e+00,1.443684453871264850e+01,0.000000000000000000e+00,0.000000000000000000e+00,0.000000000000000000e+00,0.000000000000000000e+00,0.000000000000000000e+00
1.728487641977314859e-01,-1.364157740516177761e-02,8.364799809848419976e-01,8.822430420645167859e-02,-1.784097304353797986e+00,3.440976637345630196e-02,3.331941502899529173e+00,-7.648284126918754311e-02,1.045724504373203856e-01,-1.105964734110773229e+00,-2.592709106292401255e-01,1.843298597224475310e+00,-7.659424831399232192e-02,-2.348999999999995314e+00,1.963633208096451366e-01,6.661338147750939243e-16,-6.721151552168423748e+00,4.996003610813204432e-16,1.124999999999999822e+01,0.000000000000000000e+00,9.992007221626408864e-16,0.000000000000000000e+00,0.000000000000000000e+00,2.019368445387149222e+02,0.000000000000000000e+00,0.000000000000000000e+00,0.000000000000000000e+00,0.000000000000000000e+00,0.000000000000000000e+00
1.738478900023426310e-01,-1.353709637147843155e-02,8.353716930316580358e-01,8.796525994925696867e-02,-1.782249998564414906e+00,3.440976637345630196e-02,3.329594556384497306e+00,-7.648284126918754311e-02,1.045724504373203856e-01,-1.112492976578973058e+00,-2.592709106292401255e-01,1.854538762526350748e+00,-7.659424831399232192e-02,-2.348999999999995314e+00,1.963633208096451366e-01,6.661338147750939243e-16,-6.346479375439244563e+00,4.996003610813204432e-16,1.124999999999999822e+01,0.000000000000000000e+00,9.992007221626408864e-16,0.000000000000000000e+00,0.000000000000000000e+00,3.749999999999990905e+02,0.000000000000000000e+00,-2.649240350428435704e+02,0.000000000000000000e+00,0.000000000000000000e+00,0.000000000000000000e+00
1.748470158069538039e-01,-1.343261533779508202e-02,8.342570694172666279e-01,8.770621569206225876e-02,-1.780391550675241463e+00,3.440976637345630196e-02,3.327247609869465883e+00,-7.648284126918754311e-02,1.045724504373203856e-01,-1.118646874693714821e+00,-2.592709106292401255e-01,1.865514235388553432e+00,-7.659424831399232192e-02,-2.348999999999995314e+00,1.963633208096451366e-01,6.661338147750939243e-16,-5.971807198710055609e+00,4.996003610813204432e-16,1.072061512065395128e+01,0.000000000000000000e+00,9.992007221626408864e-16,0.000000000000000000e+00,0.000000000000000000e+00,3.750000000000000000e+02,0.000000000000000000e+00,-5.774240350428472084e+02,0.000000000000000000e+00,0.000000000000000000e+00,0.000000000000000000e+00
1.758461416115649767e-01,-1.332813430411173249e-02,8.331364841581979652e-01,8.744717143486756272e-02,-1.778522417138762801e+00,3.440976637345630196e-02,3.324900663354434460e+00,-7.648284126918754311e-02,1.045724504373203856e-01,-1.124426428454998073e+00,-2.592709106292401255e-01,1.875913335369260304e+00,-7.659424831399232192e-02,-2.348999999999995314e+00,1.963633208096451366e-01,6.661338147750939243e-16,-5.597135021980865766e+00,4.996003610813204432e-16,1.009616149277196762e+01,0.000000000000000000e+00,9.992007221626408864e-16,0.000000000000000000e+00,0.000000000000000000e+00,3.750000000000000000e+02,0.000000000000000000e+00,-6.250000000000000000e+02,0.000000000000000000e+00,0.000000000000000000e+00,0.000000000000000000e+00
1.768452674161761218e-01,-1.322365327042838642e-02,8.320103112709820170e-01,8.718812717767285281e-02,-1.776643205471071241e+00,3.440976637345630196e-02,3.322553716839402593e+00,-7.648284126918754311e-02,1.045724504373203856e-01,-1.129831637862822813e+00,-2.592709106292401255e-01,1.885688528094202621e+00,-7.659424831399232192e-02,-2.348999999999995314e+00,1.963633208096451366e-01,6.661338147750939243e-16,-5.222462845251686581e+00,4.996003610813204432e-16,9.471707864890003492e+00,0.000000000000000000e+00,9.992007221626408864e-16,0.000000000000000000e+00,0.000000000000000000e+00,3.750000000000000000e+02,0.000000000000000000e+00,-6.249999999999990905e+02,0.000000000000000000e+00,0.000000000000000000e+00,0.000000000000000000e+00
1.778443932207872946e-01,-1.311917223674503689e-02,8.308789247721493076e-01,8.692908292047814289e-02,-1.774754539033050360e+00,3.440976637345630196e-02,3.320206770324370726e+00,-7.648284126918754311e-02,1.045724504373203856e-01,-1.134862502917189264e+00,-2.592709106292401255e-01,1.894839813563381492e+00,-7.659424831399232192e-02,-2.348999999999995314e+00,1.963633208096451366e-01,6.661338147750939243e-16,-4.847790668522496738e+00,4.996003610813204432e-16,8.847254237008019828e+00,0.000000000000000000e+00,9.992007221626408864e-16,0.000000000000000000e+00,0.000000000000000000e+00,3.749999999999995453e+02,0.000000000000000000e+00,-6.250000000000000000e+02,0.000000000000000000e+00,0.000000000000000000e+00,0.000000000000000000e+00
1.788435190253984675e-01,-1.301469120306168736e-02,8.297426986782296954e-01,8.667003866328343298e-02,-1.772857041185583959e+00,3.440976637345630196e-02,3.317859823809339304e+00,-7.648284126918754311e-02,1.045724504373203856e-01,-1.139519023618097426e+00,-2.592709106292401255e-01,1.903367191776796252e+00,-7.659424831399232192e-02,-2.348999999999995314e+00,1.963633208096451366e-01,6.661338147750939243e-16,-4.473118491793307783e+00,4.996003610813204432e-16,8.222800609126037941e+00,0.000000000000000000e+00,9.992007221626408864e-16,0.000000000000000000e+00,0.000000000000000000e+00,3.749999999999995453e+02,0.000000000000000000e+00,-6.249999999999995453e+02,0.000000000000000000e+00,0.000000000000000000e+00,0.000000000000000000e+00
1.798426448300096403e-01,-1.291021016937833957e-02,8.286020070057535936e-01,8.641099440608873694e-02,-1.770951335289555839e+00,3.440976637345630196e-02,3.315512877294307437e+00,-7.648284126918754311e-02,1.045724504373203856e-01,-1.143801199965547299e+00,-2.592709106292401255e-01,1.911270662734447123e+00,-7.659424831399232192e-02,-2.348999999999995314e+00,1.963633208096451366e-01,6.661338147750939243e-16,-4.098446315064117940e+00,4.996003610813204432e-16,7.598346981244055165e+00,0.000000000000000000e+00,9.992007221626408864e-16,0.000000000000000000e+00,0.000000000000000000e+00,3.749999999999997726e+02,0.000000000000000000e+00,-6.249999999999990905e+02,0.000000000000000000e+00,0.000000000000000000e+00,0.000000000000000000e+00
1.808417706346207854e-01,-1.280572913569499177e-02,8.274572237712510825e-01,8.615195014889402703e-02,-1.769038044705849133e+00,3.440976637345630196e-02,3.313165930779276014e+00,-7.648284126918754311e-02,1.045724504373203856e-01,-1.147709031959538439e+00,-2.592709106292401255e-01,1.918550226436333883e+00,-7.659424831399232192e-02,-2.348999999999995314e+00,1.963633208096451366e-01,6.661338147750939243e-16,-3.723774138334939199e+00,4.996003610813204432e-16,6.973893353362090153e+00,0.000000000000000000e+00,9.992007221626408864e-16,0.000000000000000000e+00,0.000000000000000000e+00,3.749999999999990905e+02,0.000000000000000000e+00,-6.249999999999990905e+02,0.000000000000000000e+00,0.000000000000000000e+00,0.000000000000000000e+00
1.818408964392319582e-01,-1.270124810201164224e-02,8.263087229912524645e-01,8.589290589169931711e-02,-1.767117792795348086e+00,3.440976637345630196e-02,3.310818984264244591e+00,-7.648284126918754311e-02,1.045724504373203856e-01,-1.151242519600071512e+00,-2.592709106292401255e-01,1.925205882882456754e+00,-7.659424831399232192e-02,-2.348999999999995314e+00,1.963633208096451366e-01,6.661338147750939243e-16,-3.349101961605749800e+00,4.996003610813204432e-16,6.349439725480108265e+00,0.000000000000000000e+00,9.992007221626408864e-16,0.000000000000000000e+00,0.000000000000000000e+00,3.749999999999997726e+02,0.000000000000000000e+00,-6.249999999999995453e+02,0.000000000000000000e+00,0.000000000000000000e+00,0.000000000000000000e+00
1.828400222438431311e-01,-1.259676706832829444e-02,8.251568786822877088e-01,8.563386163450460720e-02,-1.765191202918935831e+00,3.440976637345630196e-02,3.308472037749212724e+00,-7.648284126918754311e-02,1.045724504373203856e-01,-1.154401662887146074e+00,-2.592709106292401255e-01,1.931237632072815957e+00,-7.659424831399232192e-02,-2.348999999999995314e+00,1.963633208096451366e-01,6.661338147750939243e-16,-2.974429784876559957e+00,4.996003610813204432e-16,5.724986097598125490e+00,0.000000000000000000e+00,9.992007221626408864e-16,0.000000000000000000e+00,0.000000000000000000e+00,3.749999999999997726e+02,0.000000000000000000e+00,-6.249999999999995453e+02,0.000000000000000000e+00,0.000000000000000000e+00,0.000000000000000000e+00
1.838391480484542762e-01,-1.249228603464494665e-02,8.240020648608873399e-01,8.537481737730992504e-02,-1.763258898437496169e+00,3.440976637345630196e-02,3.306125091234181301e+00,-7.648284126918754311e-02,1.045724504373203856e-01,-1.157186461820762124e+00,-2.592709106292401255e-01,1.936645474007410828e+00,-7.659424831399232192e-02,-2.348999999999995314e+00,1.963633208096451366e-01,6.661338147750939243e-16,-2.599757608147381216e+00,4.996003610813204432e-16,5.100532469716160477e+00,0.000000000000000000e+00,9.992007221626408864e-16,0.000000000000000000e+00,0.000000000000000000e+00,3.749999999999993179e+02,0.000000000000000000e+00,-6.249999999999995453e+02,0.000000000000000000e+00,0.000000000000000000e+00,0.000000000000000000e+00
1.848382738530654490e-01,-1.238780500096159712e-02,8.228446555435811050e-01,8.511577312011520124e-02,-1.761321502711912901e+00,3.440976637345630196e-02,3.303778144719149434e+00,-7.648284126918754311e-02,1.045724504373203856e-01,-1.159596916400920108e+00,-2.592709106292401255e-01,1.941429408686241809e+00,-7.659424831399232192e-02,-2.348999999999995314e+00,1.963633208096451366e-01,6.661338147750939243e-16,-2.225085431418191817e+00,4.996003610813204432e-16,4.476078841834177702e+00,0.000000000000000000e+00,9.992007221626408864e-16,0.000000000000000000e+00,0.000000000000000000e+00,3.749999999999996589e+02,0.000000000000000000e+00,-6.249999999999995453e+02,0.000000000000000000e+00,0.000000000000000000e+00,0.000000000000000000e+00
1.858373996576766218e-01,-1.228332396727824932e-02,8.216850247468995283e-01,8.485672886292049133e-02,-1.759379639103069604e+00,3.440976637345630196e-02,3.301431198204118012e+00,-7.648284126918754311e-02,1.045724504373203856e-01,-1.161633026627619802e+00,-2.592709106292401255e-01,1.945589436109308901e+00,-7.659424831399232192e-02,-2.348999999999995314e+00,1.963633208096451366e-01,6.661338147750939243e-16,-1.850413254689002196e+00,4.996003610813204432e-16,3.851625213952195370e+00,0.000000000000000000e+00,9.992007221626408864e-16,0.000000000000000000e+00,0.000000000000000000e+00,3.749999999999997726e+02,0.000000000000000000e+00,-6.249999999999988631e+02,0.000000000000000000e+00,0.000000000000000000e+00,0.000000000000000000e+00
1.868365254622877669e-01,-1.217884293359490153e-02,8.205235464873728013e-01,8.459768460572579529e-02,-1.757433930971849856e+00,3.440976637345630196e-02,3.299084251689086589e+00,-7.648284126918754311e-02,1.045724504373203856e-01,-1.163294792500860986e+00,-2.592709106292401255e-01,1.949125556276611881e+00,-7.659424831399232192e-02,-2.348999999999995314e+00,1.963633208096451366e-01,6.661338147750939243e-16,-1.475741077959823011e+00,4.996003610813204432e-16,3.227171586070230358e+00,0.000000000000000000e+00,9.992007221626408864e-16,0.000000000000000000e+00,0.000000000000000000e+00,3.749999999999996589e+02,0.000000000000000000e+00,-6.249999999999990905e+02,0.000000000000000000e+00,0.000000000000000000e+00,0.000000000000000000e+00
1.878356512668989398e-01,-1.207436189991155373e-02,8.193605947815308932e-01,8.433864034853109926e-02,-1.755485001679137236e+00,3.440976637345630196e-02,3.296737305174054722e+00,-7.648284126918754311e-02,1.045724504373203856e-01,-1.164582214020643880e+00,-2.592709106292401255e-01,1.952037769188151195e+00,-7.659424831399232192e-02,-2.348999999999995314e+00,1.963633208096451366e-01,6.661338147750939243e-16,-1.101068901230633612e+00,4.996003610813204432e-16,2.602717958188248026e+00,0.000000000000000000e+00,9.992007221626408864e-16,0.000000000000000000e+00,0.000000000000000000e+00,3.749999999999996021e+02,0.000000000000000000e+00,-6.249999999999994316e+02,0.000000000000000000e+00,0.000000000000000000e+00,0.000000000000000000e+00
1.888347770715101126e-01,-1.196988086622820420e-02,8.181965436459042174e-01,8.407959609133637546e-02,-1.753533474585815544e+00,3.440976637345630196e-02,3.294390358659023299e+00,-7.648284126918754311e-02,1.045724504373203856e-01,-1.165495291186968263e+00,-2.592709106292401255e-01,1.954326074843926397e+00,-7.659424831399232192e-02,-2.348999999999995314e+00,1.963633208096451366e-01,6.661338147750939243e-16,-7.263967245014441021e-01,4.996003610813204432e-16,1.978264330306265251e+00,0.000000000000000000e+00,9.992007221626408864e-16,0.000000000000000000e+00,0.000000000000000000e+00,3.749999999999996589e+02,0.000000000000000000e+00,-6.249999999999996589e+02,0.000000000000000000e+00,0.000000000000000000e+00,0.000000000000000000e+00
1.898339028761212854e-01,-1.186539983254485467e-02,8.170317670970227431e-01,8.382055183414166555e-02,-1.751579973052768358e+00,3.440976637345630196e-02,3.292043412143991432e+00,-7.648284126918754311e-02,1.045724504373203856e-01,-1.166034023999834357e+00,-2.592709106292401255e-01,1.955990473243937711e+00,-7.659424831399232192e-02,-2.348999999999995314e+00,1.963633208096451366e-01,6.661338147750939243e-16,-3.517245477722546476e-01,4.996003610813204432e-16,1.353810702424282919e+00,0.000000000000000000e+00,9.992007221626408864e-16,0.000000000000000000e+00,0.000000000000000000e+00,3.749999999999991473e+02,0.000000000000000000e+00,-6.249999999999993179e+02,0.000000000000000000e+00,0.000000000000000000e+00,0.000000000000000000e+00
1.908330286807324305e-01,-1.176091879886150861e-02,8.158666391514168836e-01,8.356150757694696951e-02,-1.749625120440879478e+00,3.440976637345630196e-02,3.289696465628960009e+00,-7.648284126918754311e-02,1.045724504373203856e-01,-1.166198412459241940e+00,-2.592709106292401255e-01,1.957030964388185135e+00,-7.659424831399232192e-02,-2.348999999999995314e+00,1.963633208096451366e-01,6.661338147750939243e-16,2.294762895692351728e-02,4.996003610813204432e-16,7.293570745423177959e-01,0.000000000000000000e+00,9.992007221626408864e-16,0.000000000000000000e+00,0.000000000000000000e+00,3.749999999999992042e+02,0.000000000000000000e+00,-6.249999999999987494e+02,0.000000000000000000e+00,0.000000000000000000e+00,0.000000000000000000e+00
1.918321544853436034e-01,-1.165643776517815908e-02,8.147015338256166084e-01,8.330246331975227347e-02,-1.747669540111032260e+00,3.440976637345630196e-02,3.287349519113928586e+00,-7.648284126918754311e-02,1.045724504373203856e-01,-1.165988456565191234e+00,-2.592709106292401255e-01,1.957447548276668448e+00,-7.659424831399232192e-02,-2.348999999999995314e+00,1.963633208096451366e-01,6.661338147750939243e-16,3.976198056861129926e-01,4.996003610813204432e-16,1.049034466603366855e-01,0.000000000000000000e+00,9.992007221626408864e-16,0.000000000000000000e+00,0.000000000000000000e+00,3.749999999999997158e+02,0.000000000000000000e+00,-3.649976165044400318e+02,0.000000000000000000e+00,0.000000000000000000e+00,0.000000000000000000e+00
1.928312802899547762e-01,-1.155195673149480955e-02,8.135368251361521086e-01,8.304341906255754968e-02,-1.745713768832413804e+00,3.440976637345630196e-02,3.285002572598896720e+00,-7.648284126918754311e-02,1.045724504373203856e-01,-1.165404156317682238e+00,-2.592709106292401255e-01,1.957499999999998685e+00,-7.659424831399232192e-02,-2.348999999999995314e+00,1.963633208096451366e-01,6.661338147750939243e-16,7.722919824153025026e-01,4.996003610813204432e-16,-1.110223024625156540e-16,0.000000000000000000e+00,9.992007221626408864e-16,0.000000000000000000e+00,0.000000000000000000e+00,3.749999999999996589e+02,0.000000000000000000e+00,-5.249761650444026628e+01,0.000000000000000000e+00,0.000000000000000000e+00,0.000000000000000000e+00
1.938304060945659213e-01,-1.144747569781146349e-02,8.123728870995537976e-01,8.278437480536283977e-02,-1.743757980069887470e+00,3.440976637345630196e-02,3.282655626083865297e+00,-7.648284126918754311e-02,1.045724504373203856e-01,-1.164445511716714732e+00,-2.592709106292401255e-01,1.957499999999998685e+00,-7.659424831399232192e-02,-2.348999999999995314e+00,1.963633208096451366e-01,6.661338147750939243e-16,1.146964159144481687e+00,4.996003610813204432e-16,-1.110223024625156540e-16,0.000000000000000000e+00,9.992007221626408864e-16,0.000000000000000000e+00,0.000000000000000000e+00,3.749999999999996589e+02,0.000000000000000000e+00,0.000000000000000000e+00,0.000000000000000000e+00,0.000000000000000000e+00,0.000000000000000000e+00
1.948295318991770941e-01,-1.134299466412811395e-02,8.112100937323517558e-01,8.252533054816814373e-02,-1.741802191307360914e+00,3.440976637345630196e-02,3.280308679568833430e+00,-7.648284126918754311e-02,1.045724504373203856e-01,-1.163112522762288936e+00,-2.592709106292401255e-01,1.957499999999998685e+00,-7.659424831399232192e-02,-2.348999999999995314e+00,1.963633208096451366e-01,6.661338147750939243e-16,1.521636335873671086e+00,4.996003610813204432e-16,-1.110223024625156540e-16,0.000000000000000000e+00,9.992007221626408864e-16,0.000000000000000000e+00,0.000000000000000000e+00,3.749999999999995453e+02,0.000000000000000000e+00,0.000000000000000000e+00,0.000000000000000000e+00,0.000000000000000000e+00,0.000000000000000000e+00
1.958286577037882670e-01,-1.123851363044476442e-02,8.100488190510761743e-01,8.226628629097344769e-02,-1.739846402544834580e+00,3.440976637345630196e-02,3.277961733053802007e+00,-7.648284126918754311e-02,1.045724504373203856e-01,-1.161405189454404630e+00,-2.592709106292401255e-01,1.957499999999998685e+00,-7.659424831399232192e-02,-2.348999999999995314e+00,1.963633208096451366e-01,6.661338147750939243e-16,1.896308512602860485e+00,4.996003610813204432e-16,-1.110223024625156540e-16,0.000000000000000000e+00,9.992007221626408864e-16,0.000000000000000000e+00,0.000000000000000000e+00,3.749999999999996589e+02,0.000000000000000000e+00,0.000000000000000000e+00,0.000000000000000000e+00,0.000000000000000000e+00,0.000000000000000000e+00
1.968277835083994398e-01,-1.113403259676141489e-02,8.088894370722571336e-01,8.200724203377872390e-02,-1.737890613782308247e+00,3.440976637345630196e-02,3.275614786538770140e+00,-7.648284126918754311e-02,1.045724504373203856e-01,-1.159323511793061812e+00,-2.592709106292401255e-01,1.957499999999998685e+00,-7.659424831399232192e-02,-2.348999999999995314e+00,1.963633208096451366e-01,6.661338147750939243e-16,2.270980689332049884e+00,4.996003610813204432e-16,-1.110223024625156540e-16,0.000000000000000000e+00,9.992007221626408864e-16,0.000000000000000000e+00,0.000000000000000000e+00,3.749999999999996589e+02,0.000000000000000000e+00,0.000000000000000000e+00,0.000000000000000000e+00,0.000000000000000000e+00,0.000000000000000000e+00
1.978269093130105849e-01,-1.102955156307806883e-02,8.077323218124249360e-01,8.174819777658401398e-02,-1.735934825019781913e+00,3.440976637345630196e-02,3.273267840023738717e+00,-7.648284126918754311e-02,1.045724504373203856e-01,-1.156867489778260927e+00,-2.592709106292401255e-01,1.957499999999998685e+00,-7.659424831399232192e-02,-2.348999999999995314e+00,1.963633208096451366e-01,6.661338147750939243e-16,2.645652866061229069e+00,4.996003610813204432e-16,-1.110223024625156540e-16,0.000000000000000000e+00,9.992007221626408864e-16,0.000000000000000000e+00,0.000000000000000000e+00,3.749999999999997726e+02,0.000000000000000000e+00,0.000000000000000000e+00,0.000000000000000000e+00,0.000000000000000000e+00,0.000000000000000000e+00
1.988260351176217577e-01,-1.092507052939471930e-02,8.065778472881096617e-01,8.148915351938931795e-02,-1.733979036257255579e+00,3.440976637345630196e-02,3.270920893508706850e+00,-7.648284126918754311e-02,1.045724504373203856e-01,-1.154037123410001531e+00,-2.592709106292401255e-01,1.957499999999998685e+00,-7.659424831399232192e-02,-2.348999999999995314e+00,1.963633208096451366e-01,6.661338147750939243e-16,3.020325042790418468e+00,4.996003610813204432e-16,-1.110223024625156540e-16,0.000000000000000000e+00,9.992007221626408864e-16,0.000000000000000000e+00,0.000000000000000000e+00,3.749999999999997726e+02,0.000000000000000000e+00,0.000000000000000000e+00,0.000000000000000000e+00,0.000000000000000000e+00,0.000000000000000000e+00
1.998251609222329306e-01,-1.082058949571136977e-02,8.054263875158416131e-01,8.123010926219460803e-02,-1.732023247494729246e+00,3.440976637345630196e-02,3.268573946993675428e+00,-7.648284126918754311e-02,1.045724504373203856e-01,-1.150832412688283846e+00,-2.592709106292401255e-01,1.957499999999998685e+00,-7.659424831399232192e-02,-2.348999999999995314e+00,1.963633208096451366e-01,6.661338147750939243e-16,3.394997219519608311e+00,4.996003610813204432e-16,-1.110223024625156540e-16,0.000000000000000000e+00,9.992007221626408864e-16,0.000000000000000000e+00,0.000000000000000000e+00,3.749999999999997726e+02,0.000000000000000000e+00,0.000000000000000000e+00,0.000000000000000000e+00,0.000000000000000000e+00,0.000000000000000000e+00
2.008242867268440757e-01,-1.071610846202802371e-02,8.042783165121510924e-01,8.097106500499991200e-02,-1.730067458732202912e+00,3.440976637345630196e-02,3.266227000478644005e+00,-7.648284126918754311e-02,1.045724504373203856e-01,-1.147253357613107871e+00,-2.592709106292401255e-01,1.957499999999998685e+00,-7.659424831399232192e-02,-2.348999999999995314e+00,1.963633208096451366e-01,6.661338147750939243e-16,3.769669396248787052e+00,4.996003610813204432e-16,-1.110223024625156540e-16,0.000000000000000000e+00,9.992007221626408864e-16,0.000000000000000000e+00,0.000000000000000000e+00,3.749999999999995453e+02,0.000000000000000000e+00,0.000000000000000000e+00,0.000000000000000000e+00,0.000000000000000000e+00,0.000000000000000000e+00
2.018234125314552485e-01,-1.061162742834467418e-02,8.031340082935679581e-01,8.071202074780518820e-02,-1.728111669969676578e+00,3.440976637345630196e-02,3.263880053963612138e+00,-7.648284126918754311e-02,1.045724504373203856e-01,-1.143299958184473608e+00,-2.592709106292401255e-01,1.957499999999998685e+00,-7.659424831399232192e-02,-2.348999999999995314e+00,1.963633208096451366e-01,6.661338147750939243e-16,4.144341572977976895e+00,4.996003610813204432e-16,-1.110223024625156540e-16,0.000000000000000000e+00,9.992007221626408864e-16,0.000000000000000000e+00,0.000000000000000000e+00,3.749999999999995453e+02,0.000000000000000000e+00,0.000000000000000000e+00,0.000000000000000000e+00,0.000000000000000000e+00,0.000000000000000000e+00
2.028225383360664213e-01,-1.050714639466132465e-02,8.019938368766227343e-01,8.045297649061049217e-02,-1.726155881207150244e+00,3.440976637345630196e-02,3.261533107448580715e+00,-7.648284126918754311e-02,1.045724504373203856e-01,-1.138972214402380834e+00,-2.592709106292401255e-01,1.957499999999998685e+00,-7.659424831399232192e-02,-2.348999999999995314e+00,1.963633208096451366e-01,6.661338147750939243e-16,4.519013749707165850e+00,4.996003610813204432e-16,-1.110223024625156540e-16,0.000000000000000000e+00,9.992007221626408864e-16,0.000000000000000000e+00,0.000000000000000000e+00,3.749999999999995453e+02,0.000000000000000000e+00,0.000000000000000000e+00,0.000000000000000000e+00,0.000000000000000000e+00,0.000000000000000000e+00
2.038216641406775664e-01,-1.040266536097797859e-02,8.008581762778452795e-01,8.019393223341579613e-02,-1.724200092444623689e+00,3.440976637345630196e-02,3.259186160933549292e+00,-7.648284126918754311e-02,1.045724504373203856e-01,-1.134270126266829770e+00,-2.592709106292401255e-01,1.957499999999998685e+00,-7.659424831399232192e-02,-2.348999999999995314e+00,1.963633208096451366e-01,6.661338147750939243e-16,4.893685926436345035e+00,4.996003610813204432e-16,-1.110223024625156540e-16,0.000000000000000000e+00,9.992007221626408864e-16,0.000000000000000000e+00,0.000000000000000000e+00,3.750000000000000000e+02,0.000000000000000000e+00,0.000000000000000000e+00,0.000000000000000000e+00,0.000000000000000000e+00,0.000000000000000000e+00
2.048207899452887393e-01,-1.029818432729462906e-02,7.997274005137660069e-01,7.993488797622108621e-02,-1.722244303682097577e+00,3.440976637345630196e-02,3.256839214418517425e+00,-7.648284126918754311e-02,1.045724504373203856e-01,-1.129193693777820195e+00,-2.592709106292401255e-01,1.957499999999998685e+00,-7.659424831399232192e-02,-2.348999999999995314e+00,1.963633208096451366e-01,6.661338147750939243e-16,5.268358103165534878e+00,4.996003610813204432e-16,-1.110223024625156540e-16,0.000000000000000000e+00,9.992007221626408864e-16,0.000000000000000000e+00,0.000000000000000000e+00,3.750000000000000000e+02,0.000000000000000000e+00,0.000000000000000000e+00,0.000000000000000000e+00,0.000000000000000000e+00,0.000000000000000000e+00
2.058199157498999121e-01,-1.019370329361127953e-02,7.986018836009151078e-01,7.967584371902636242e-02,-1.720288514919571243e+00,3.440976637345630196e-02,3.254492267903486002e+00,-7.648284126918754311e-02,1.045724504373203856e-01,-1.123742916935352110e+00,-2.592709106292401255e-01,1.957499999999998685e+00,-7.659424831399232192e-02,-2.348999999999995314e+00,1.963633208096451366e-01,6.661338147750939243e-16,5.643030279894723833e+00,4.996003610813204432e-16,-1.110223024625156540e-16,0.000000000000000000e+00,9.992007221626408864e-16,0.000000000000000000e+00,0.000000000000000000e+00,3.749999999999995453e+02,0.000000000000000000e+00,0.000000000000000000e+00,0.000000000000000000e+00,0.000000000000000000e+00,0.000000000000000000e+00
2.068190415545110850e-01,-1.008922225992792999e-02,7.974819995558226626e-01,7.941679946183166638e-02,-1.718332726157044688e+00,3.440976637345630196e-02,3.252145321388454136e+00,-7.648284126918754311e-02,1.045724504373203856e-01,-1.117917795739425735e+00,-2.592709106292401255e-01,1.957499999999998685e+00,-7.659424831399232192e-02,-2.348999999999995314e+00,1.963633208096451366e-01,6.661338147750939243e-16,6.017702456623913676e+00,4.996003610813204432e-16,-1.110223024625156540e-16,0.000000000000000000e+00,9.992007221626408864e-16,0.000000000000000000e+00,0.000000000000000000e+00,3.749999999999995453e+02,0.000000000000000000e+00,0.000000000000000000e+00,0.000000000000000000e+00,0.000000000000000000e+00,0.000000000000000000e+00
2.078181673591222300e-01,-9.984741226244583934e-03,7.963681223950189736e-01,7.915775520463697035e-02,-1.716376937394518354e+00,3.440976637345630196e-02,3.249798374873422713e+00,-7.648284126918754311e-02,1.045724504373203856e-01,-1.111718330190041293e+00,-2.592709106292401255e-01,1.957499999999998685e+00,-7.659424831399232192e-02,-2.348999999999995314e+00,1.963633208096451366e-01,6.661338147750939243e-16,6.392374633353092861e+00,4.996003610813204432e-16,-1.110223024625156540e-16,0.000000000000000000e+00,9.992007221626408864e-16,0.000000000000000000e+00,0.000000000000000000e+00,3.664691373180389746e+02,0.000000000000000000e+00,0.000000000000000000e+00,0.000000000000000000e+00,0.000000000000000000e+00,0.000000000000000000e+00
2.088172931637334029e-01,-9.880260192561234403e-03,7.952606232938990161e-01,7.889871094744226043e-02,-1.714421148631992020e+00,3.440976637345630196e-02,3.247451428358390846e+00,-7.648284126918754311e-02,1.045724504373203856e-01,-1.105153043692239212e+00,-2.592709106292401255e-01,1.957499999999998685e+00,-7.659424831399232192e-02,-2.348999999999995314e+00,1.963633208096451366e-01,6.661338147750939243e-16,6.749999999999999112e+00,4.996003610813204432e-16,-1.110223024625156540e-16,0.000000000000000000e+00,9.992007221626408864e-16,0.000000000000000000e+00,0.000000000000000000e+00,1.789691373180389746e+02,0.000000000000000000e+00,0.000000000000000000e+00,0.000000000000000000e+00,0.000000000000000000e+00,0.000000000000000000e+00
2.098164189683445757e-01,-9.775779158877884872e-03,7.941598027869135601e-01,7.863966669024753664e-02,-1.712465359869465686e+00,3.440976637345630196e-02,3.245104481843359423e+00,-7.648284126918754311e-02,1.045724504373203856e-01,-1.098408944511113816e+00,-2.592709106292401255e-01,1.957499999999998685e+00,-7.659424831399232192e-02,-2.348999999999995314e+00,1.963633208096451366e-01,6.661338147750939243e-16,6.749999999999999112e+00,4.996003610813204432e-16,-1.110223024625156540e-16,0.000000000000000000e+00,9.992007221626408864e-16,0.000000000000000000e+00,0.000000000000000000e+00,0.000000000000000000e+00,0.000000000000000000e+00,0.000000000000000000e+00,0.000000000000000000e+00,0.000000000000000000e+00,0.000000000000000000e+00
2.108155447729557208e-01,-9.671298125194538811e-03,7.930657204782903813e-01,7.838062243305284060e-02,-1.710509571106939353e+00,3.440976637345630196e-02,3.242757535328328000e+00,-7.648284126918754311e-02,1.045724504373203856e-01,-1.091664845329988642e+00,-2.592709106292401255e-01,1.957499999999998685e+00,-7.659424831399232192e-02,-2.348999999999995314e+00,1.963633208096451366e-01,6.661338147750939243e-16,6.749999999999999112e+00,4.996003610813204432e-16,-1.110223024625156540e-16,0.000000000000000000e+00,9.992007221626408864e-16,0.000000000000000000e+00,0.000000000000000000e+00,0.000000000000000000e+00,0.000000000000000000e+00,0.000000000000000000e+00,0.000000000000000000e+00,0.000000000000000000e+00,0.000000000000000000e+00
2.118146705775668937e-01,-9.566817091511189280e-03,7.919783763680294797e-01,7.812157817585814457e-02,-1.708553782344413019e+00,3.440976637345630196e-02,3.240410588813296133e+00,-7.648284126918754311e-02,1.045724504373203856e-01,-1.084920746148863246e+00,-2.592709106292401255e-01,1.957499999999998685e+00,-7.659424831399232192e-02,-2.348999999999995314e+00,1.963633208096451366e-01,6.661338147750939243e-16,6.749999999999999112e+00,4.996003610813204432e-16,-1.110223024625156540e-16,0.000000000000000000e+00,9.992007221626408864e-16,0.000000000000000000e+00,0.000000000000000000e+00,0.000000000000000000e+00,0.000000000000000000e+00,0.000000000000000000e+00,0.000000000000000000e+00,0.000000000000000000e+00,0.000000000000000000e+00
2.128137963821780665e-01,-9.462336057827839750e-03,7.908977704561308553e-01,7.786253391866343465e-02,-1.706597993581886685e+00,3.440976637345630196e-02,3.238063642298264266e+00,-7.648284126918754311e-02,1.045724504373203856e-01,-1.078176646967737629e+00,-2.592709106292401255e-01,1.957499999999998685e+00,-7.659424831399232192e-02,-2.348999999999995314e+00,1.963633208096451366e-01,6.661338147750939243e-16,6.749999999999999112e+00,4.996003610813204432e-16,-1.110223024625156540e-16,0.000000000000000000e+00,9.992007221626408864e-16,0.000000000000000000e+00,0.000000000000000000e+00,0.000000000000000000e+00,0.000000000000000000e+00,0.000000000000000000e+00,0.000000000000000000e+00,0.000000000000000000e+00,0.000000000000000000e+00
2.138129221867892116e-01,-9.357855024144493689e-03,7.898239027425943970e-01,7.760348966146872474e-02,-1.704642204819360352e+00,3.440976637345630196e-02,3.235716695783232844e+00,-7.648284126918754311e-02,1.045724504373203856e-01,-1.071432547786612455e+00,-2.592709106292401255e-01,1.957499999999998685e+00,-7.659424831399232192e-02,-2.348999999999995314e+00,1.963633208096451366e-01,6.661338147750939243e-16,6.749999999999999112e+00,4.996003610813204432e-16,-1.110223024625156540e-16,0.000000000000000000e+00,9.992007221626408864e-16,0.000000000000000000e+00,0.000000000000000000e+00,0.000000000000000000e+00,0.000000000000000000e+00,0.000000000000000000e+00,0.000000000000000000e+00,0.000000000000000000e+00,0.000000000000000000e+00
2.148120479914003844e-01,-9.253373990461144158e-03,7.887567732274202159e-01,7.734444540427401482e-02,-1.702686416056834018e+00,3.440976637345630196e-02,3.233369749268201421e+00,-7.648284126918754311e-02,1.045724504373203856e-01,-1.064688448605487059e+00,-2.592709106292401255e-01,1.957499999999998685e+00,-7.659424831399232192e-02,-2.348999999999995314e+00,1.963633208096451366e-01,6.661338147750939243e-16,6.749999999999999112e+00,4.996003610813204432e-16,-1.110223024625156540e-16,0.000000000000000000e+00,9.992007221626408864e-16,0.000000000000000000e+00,0.000000000000000000e+00,0.000000000000000000e+00,0.000000000000000000e+00,0.000000000000000000e+00,0.000000000000000000e+00,0.000000000000000000e+00,0.000000000000000000e+00
2.158111737960115573e-01,-9.148892956777794627e-03,7.876963819106082010e-01,7.708540114707931878e-02,-1.700730627294307462e+00,3.440976637345630196e-02,3.231022802753169554e+00,-7.648284126918754311e-02,1.045724504373203856e-01,-1.057944349424361663e+00,-2.592709106292401255e-01,1.957499999999998685e+00,-7.659424831399232192e-02,-2.348999999999995314e+00,1.963633208096451366e-01,6.661338147750939243e-16,6.749999999999999112e+00,4.996003610813204432e-16,-1.110223024625156540e-16,0.000000000000000000e+00,9.992007221626408864e-16,0.000000000000000000e+00,0.000000000000000000e+00,0.000000000000000000e+00,0.000000000000000000e+00,0.000000000000000000e+00,0.000000000000000000e+00,0.000000000000000000e+00,0.000000000000000000e+00
2.168102996006227301e-01,-9.044411923094445097e-03,7.866427287921585743e-01,7.682635688988460887e-02,-1.698774838531781350e+00,3.440976637345630196e-02,3.228675856238138131e+00,-7.648284126918754311e-02,1.045724504373203856e-01,-1.051200250243236045e+00,-2.592709106292401255e-01,1.957499999999998685e+00,-7.659424831399232192e-02,-2.348999999999995314e+00,1.963633208096451366e-01,6.661338147750939243e-16,6.749999999999999112e+00,4.996003610813204432e-16,-1.110223024625156540e-16,0.000000000000000000e+00,9.992007221626408864e-16,0.000000000000000000e+00,0.000000000000000000e+00,0.000000000000000000e+00,0.000000000000000000e+00,0.000000000000000000e+00,0.000000000000000000e+00,0.000000000000000000e+00,0.000000000000000000e+00
2.178094254052338752e-01,-8.939930889411099035e-03,7.855958138720712247e-01,7.656731263268989895e-02,-1.696819049769255017e+00,3.440976637345630196e-02,3.226328909723106264e+00,-7.648284126918754311e-02,1.045724504373203856e-01,-1.044456151062110871e+00,-2.592709106292401255e-01,1.957499999999998685e+00,-7.659424831399232192e-02,-2.348999999999995314e+00,1.963633208096451366e-01,6.661338147750939243e-16,6.749999999999999112e+00,4.996003610813204432e-16,-1.110223024625156540e-16,0.000000000000000000e+00,9.992007221626408864e-16,0.000000000000000000e+00,0.000000000000000000e+00,0.000000000000000000e+00,0.000000000000000000e+00,0.000000000000000000e+00,0.000000000000000000e+00,0.000000000000000000e+00,0.000000000000000000e+00
2.188085512098450480e-01,-8.835449855727749505e-03,7.845556371503459303e-01,7.630826837549518904e-02,-1.694863261006728461e+00,3.440976637345630196e-02,3.223981963208074841e+00,-7.648284126918754311e-02,1.045724504373203856e-01,-1.037712051880985475e+00,-2.592709106292401255e-01,1.957499999999998685e+00,-7.659424831399232192e-02,-2.348999999999995314e+00,1.963633208096451366e-01,6.661338147750939243e-16,6.749999999999999112e+00,4.996003610813204432e-16,-1.110223024625156540e-16,0.000000000000000000e+00,9.992007221626408864e-16,0.000000000000000000e+00,0.000000000000000000e+00,0.000000000000000000e+00,0.000000000000000000e+00,0.000000000000000000e+00,0.000000000000000000e+00,0.000000000000000000e+00,0.000000000000000000e+00
2.198076770144562209e-01,-8.730968822044399974e-03,7.835221986269830241e-01,7.604922411830049300e-02,-1.692907472244202127e+00,3.440976637345630196e-02,3.221635016693043418e+00,-7.648284126918754311e-02,1.045724504373203856e-01,-1.030967952699860080e+00,-2.592709106292401255e-01,1.957499999999998685e+00,-7.659424831399232192e-02,-2.348999999999995314e+00,1.963633208096451366e-01,6.661338147750939243e-16,6.749999999999999112e+00,4.996003610813204432e-16,-1.110223024625156540e-16,0.000000000000000000e+00,9.992007221626408864e-16,0.000000000000000000e+00,0.000000000000000000e+00,0.000000000000000000e+00,0.000000000000000000e+00,0.000000000000000000e+00,0.000000000000000000e+00,0.000000000000000000e+00,0.000000000000000000e+00
2.208068028190673660e-01,-8.626487788361053913e-03,7.824954983019823951e-01,7.579017986110578309e-02,-1.690951683481675794e+00,3.440976637345630196e-02,3.219288070178011996e+00,-7.648284126918754311e-02,1.045724504373203856e-01,-1.024223853518734684e+00,-2.592709106292401255e-01,1.957499999999998685e+00,-7.659424831399232192e-02,-2.348999999999995314e+00,1.963633208096451366e-01,6.661338147750939243e-16,6.749999999999999112e+00,4.996003610813204432e-16,-1.110223024625156540e-16,0.000000000000000000e+00,9.992007221626408864e-16,0.000000000000000000e+00,0.000000000000000000e+00,0.000000000000000000e+00,0.000000000000000000e+00,0.000000000000000000e+00,0.000000000000000000e+00,0.000000000000000000e+00,0.000000000000000000e+00
2.218059286236785388e-01,-8.522006754677704382e-03,7.814755361753439322e-01,7.553113560391107317e-02,-1.688995894719149460e+00,3.440976637345630196e-02,3.216941123662980129e+00,-7.648284126918754311e-02,1.045724504373203856e-01,-1.017479754337609288e+00,-2.592709106292401255e-01,1.957499999999998685e+00,-7.659424831399232192e-02,-2.348999999999995314e+00,1.963633208096451366e-01,6.661338147750939243e-16,6.749999999999999112e+00,4.996003610813204432e-16,-1.110223024625156540e-16,0.000000000000000000e+00,9.992007221626408864e-16,0.000000000000000000e+00,0.000000000000000000e+00,0.000000000000000000e+00,0.000000000000000000e+00,0.000000000000000000e+00,0.000000000000000000e+00,0.000000000000000000e+00,0.000000000000000000e+00
2.228050544282897116e-01,-8.417525720994354851e-03,7.804623122470677465e-01,7.527209134671636326e-02,-1.687040105956623126e+00,3.440976637345630196e-02,3.214594177147948262e+00,-7.648284126918754311e-02,1.045724504373203856e-01,-1.010735655156483892e+00,-2.592709106292401255e-01,1.957499999999998685e+00,-7.659424831399232192e-02,-2.348999999999995314e+00,1.963633208096451366e-01,6.661338147750939243e-16,6.749999999999999112e+00,4.996003610813204432e-16,-1.110223024625156540e-16,0.000000000000000000e+00,9.992007221626408864e-16,0.000000000000000000e+00,0.000000000000000000e+00,0.000000000000000000e+00,0.000000000000000000e+00,0.000000000000000000e+00,0.000000000000000000e+00,0.000000000000000000e+00,0.000000000000000000e+00
2.238041802329008845e-01,-8.313044687311005321e-03,7.794558265171538380e-01,7.501304708952166722e-02,-1.685084317194096792e+00,3.440976637345630196e-02,3.212247230632916839e+00,-7.648284126918754311e-02,1.045724504373203856e-01,-1.003991555975358274e+00,-2.592709106292401255e-01,1.957499999999998685e+00,-7.659424831399232192e-02,-2.348999999999995314e+00,1.963633208096451366e-01,6.661338147750939243e-16,6.749999999999999112e+00,4.996003610813204432e-16,-1.110223024625156540e-16,0.000000000000000000e+00,9.992007221626408864e-16,0.000000000000000000e+00,0.000000000000000000e+00,0.000000000000000000e+00,0.000000000000000000e+00,0.000000000000000000e+00,0.000000000000000000e+00,0.000000000000000000e+00,0.000000000000000000e+00
2.248033060375120296e-01,-8.208563653627659260e-03,7.784560789856022067e-01,7.475400283232695731e-02,-1.683128528431570459e+00,3.440976637345630196e-02,3.209900284117884972e+00,-7.648284126918754311e-02,1.045724504373203856e-01,-9.972474567942331003e-01,-2.592709106292401255e-01,1.957499999999998685e+00,-7.659424831399232192e-02,-2.348999999999995314e+00,1.963633208096451366e-01,6.661338147750939243e-16,6.749999999999999112e+00,4.996003610813204432e-16,-1.110223024625156540e-16,0.000000000000000000e+00,9.992007221626408864e-16,0.000000000000000000e+00,0.000000000000000000e+00,0.000000000000000000e+00,0.000000000000000000e+00,0.000000000000000000e+00,0.000000000000000000e+00,0.000000000000000000e+00,0.000000000000000000e+00
2.258024318421232024e-01,-8.104082619944309729e-03,7.774630696524127416e-01,7.449495857513224739e-02,-1.681172739669044125e+00,3.440976637345630196e-02,3.207553337602853549e+00,-7.648284126918754311e-02,1.045724504373203856e-01,-9.905033576131077044e-01,-2.592709106292401255e-01,1.957499999999998685e+00,-7.659424831399232192e-02,-2.348999999999995314e+00,1.963633208096451366e-01,6.661338147750939243e-16,6.749999999999999112e+00,4.996003610813204432e-16,-1.110223024625156540e-16,0.000000000000000000e+00,9.992007221626408864e-16,0.000000000000000000e+00,0.000000000000000000e+00,0.000000000000000000e+00,0.000000000000000000e+00,0.000000000000000000e+00,0.000000000000000000e+00,0.000000000000000000e+00,0.000000000000000000e+00
2.268015576467343752e-01,-7.999601586260961933e-03,7.764767985175855536e-01,7.423591431793753748e-02,-1.679216950906517569e+00,3.440976637345630196e-02,3.205206391087822126e+00,-7.648284126918754311e-02,1.045724504373203856e-01,-9.837592584319821976e-01,-2.592709106292401255e-01,1.957499999999998685e+00,-7.659424831399232192e-02,-2.348999999999995314e+00,1.963633208096451366e-01,6.661338147750939243e-16,6.749999999999999112e+00,4.996003610813204432e-16,-1.110223024625156540e-16,0.000000000000000000e+00,9.992007221626408864e-16,0.000000000000000000e+00,0.000000000000000000e+00,0.000000000000000000e+00,0.000000000000000000e+00,0.000000000000000000e+00,0.000000000000000000e+00,0.000000000000000000e+00,0.000000000000000000e+00
2.278006834513455203e-01,-7.895120552577614137e-03,7.754972655811206428e-01,7.397687006074284144e-02,-1.677261162143991235e+00,3.440976637345630196e-02,3.202859444572790260e+00,-7.648284126918754311e-02,1.045724504373203856e-01,-9.770151592508570237e-01,-2.592709106292401255e-01,1.957499999999998685e+00,-7.659424831399232192e-02,-2.348999999999995314e+00,1.963633208096451366e-01,6.661338147750939243e-16,6.749999999999999112e+00,4.996003610813204432e-16,-1.110223024625156540e-16,0.000000000000000000e+00,9.992007221626408864e-16,0.000000000000000000e+00,0.000000000000000000e+00,0.000000000000000000e+00,0.000000000000000000e+00,0.000000000000000000e+00,0.000000000000000000e+00,0.000000000000000000e+00,0.000000000000000000e+00
2.287998092559566932e-01,-7.790639518894265474e-03,7.745244708430180092e-01,7.371782580354813152e-02,-1.675305373381465124e+00,3.440976637345630196e-02,3.200512498057758393e+00,-7.648284126918754311e-02,1.045724504373203856e-01,-9.702710600697315169e-01,-2.592709106292401255e-01,1.957499999999998685e+00,-7.659424831399232192e-02,-2.348999999999995314e+00,1.963633208096451366e-01,6.661338147750939243e-16,6.749999999999999112e+00,4.996003610813204432e-16,-1.110223024625156540e-16,0.000000000000000000e+00,9.992007221626408864e-16,0.000000000000000000e+00,0.000000000000000000e+00,0.000000000000000000e+00,0.000000000000000000e+00,0.000000000000000000e+00,0.000000000000000000e+00,0.000000000000000000e+00,0.000000000000000000e+00
2.297989350605678660e-01,-7.686158485210915943e-03,7.735584143032775417e-01,7.345878154635342161e-02,-1.673349584618938568e+00,3.440976637345630196e-02,3.198165551542726970e+00,-7.648284126918754311e-02,1.045724504373203856e-01,-9.635269608886061210e-01,-2.592709106292401255e-01,1.957499999999998685e+00,-7.659424831399232192e-02,-2.348999999999995314e+00,1.963633208096451366e-01,6.661338147750939243e-16,6.749999999999999112e+00,4.996003610813204432e-16,-1.110223024625156540e-16,0.000000000000000000e+00,9.992007221626408864e-16,0.000000000000000000e+00,0.000000000000000000e+00,0.000000000000000000e+00,0.000000000000000000e+00,0.000000000000000000e+00,0.000000000000000000e+00,0.000000000000000000e+00,0.000000000000000000e+00
2.307980608651790111e-01,-7.581677451527569882e-03,7.725990959618993514e-01,7.319973728915872557e-02,-1.671393795856412234e+00,3.440976637345630196e-02,3.195818605027695547e+00,-7.648284126918754311e-02,1.045724504373203856e-01,-9.567828617074808362e-01,-2.592709106292401255e-01,1.957499999999998685e+00,-7.659424831399232192e-02,-2.348999999999995314e+00,1.963633208096451366e-01,6.661338147750939243e-16,6.749999999999999112e+00,4.996003610813204432e-16,-1.110223024625156540e-16,0.000000000000000000e+00,9.992007221626408864e-16,0.000000000000000000e+00,0.000000000000000000e+00,0.000000000000000000e+00,0.000000000000000000e+00,0.000000000000000000e+00,0.000000000000000000e+00,0.000000000000000000e+00,0.000000000000000000e+00
2.317971866697901839e-01,-7.477196417844220351e-03,7.716465158188834383e-01,7.294069303196401566e-02,-1.669438007093886123e+00,3.440976637345630196e-02,3.193471658512664124e+00,-7.648284126918754311e-02,1.045724504373203856e-01,-9.500387625263554403e-01,-2.592709106292401255e-01,1.957499999999998685e+00,-7.659424831399232192e-02,-2.348999999999995314e+00,1.963633208096451366e-01,6.661338147750939243e-16,6.749999999999999112e+00,4.996003610813204432e-16,-1.110223024625156540e-16,0.000000000000000000e+00,9.992007221626408864e-16,0.000000000000000000e+00,0.000000000000000000e+00,0.000000000000000000e+00,0.000000000000000000e+00,0.000000000000000000e+00,0.000000000000000000e+00,0.000000000000000000e+00,0.000000000000000000e+00
2.327963124744013568e-01,-7.372715384160870820e-03,7.707006738742298024e-01,7.268164877476930574e-02,-1.667482218331359567e+00,3.440976637345630196e-02,3.191124711997632257e+00,-7.648284126918754311e-02,1.045724504373203856e-01,-9.432946633452299334e-01,-2.592709106292401255e-01,1.957499999999998685e+00,-7.659424831399232192e-02,-2.348999999999995314e+00,1.963633208096451366e-01,6.661338147750939243e-16,6.749999999999999112e+00,4.996003610813204432e-16,-1.110223024625156540e-16,0.000000000000000000e+00,9.992007221626408864e-16,0.000000000000000000e+00,0.000000000000000000e+00,0.000000000000000000e+00,0.000000000000000000e+00,0.000000000000000000e+00,0.000000000000000000e+00,0.000000000000000000e+00,0.000000000000000000e+00
2.337954382790125296e-01,-7.268234350477521290e-03,7.697615701279384437e-01,7.242260451757459583e-02,-1.665526429568833233e+00,3.440976637345630196e-02,3.188777765482600390e+00,-7.648284126918754311e-02,1.045724504373203856e-01,-9.365505641641045376e-01,-2.592709106292401255e-01,1.957499999999998685e+00,-7.659424831399232192e-02,-2.348999999999995314e+00,1.963633208096451366e-01,6.661338147750939243e-16,6.749999999999999112e+00,4.996003610813204432e-16,-1.110223024625156540e-16,0.000000000000000000e+00,9.992007221626408864e-16,0.000000000000000000e+00,0.000000000000000000e+00,0.000000000000000000e+00,0.000000000000000000e+00,0.000000000000000000e+00,0.000000000000000000e+00,0.000000000000000000e+00,0.000000000000000000e+00
2.347945640836236747e-01,-7.163753316794175229e-03,7.688292045800092511e-01,7.216356026037989979e-02,-1.663570640806306900e+00,3.440976637345630196e-02,3.186430818967568968e+00,-7.648284126918754311e-02,1.045724504373203856e-01,-9.298064649829792527e-01,-2.592709106292401255e-01,1.957499999999998685e+00,-7.659424831399232192e-02,-2.348999999999995314e+00,1.963633208096451366e-01,6.661338147750939243e-16,6.749999999999999112e+00,4.996003610813204432e-16,-1.110223024625156540e-16,0.000000000000000000e+00,9.992007221626408864e-16,0.000000000000000000e+00,0.000000000000000000e+00,0.000000000000000000e+00,0.000000000000000000e+00,0.000000000000000000e+00,0.000000000000000000e+00,0.000000000000000000e+00,0.000000000000000000e+00
2.357936898882348475e-01,-7.059272283110825698e-03,7.679035772304423357e-01,7.190451600318518988e-02,-1.661614852043780344e+00,3.440976637345630196e-02,3.184083872452537545e+00,-7.648284126918754311e-02,1.045724504373203856e-01,-9.230623658018537459e-01,-2.592709106292401255e-01,1.957499999999998685e+00,-7.659424831399232192e-02,-2.348999999999995314e+00,1.963633208096451366e-01,6.661338147750939243e-16,6.749999999999999112e+00,4.996003610813204432e-16,-1.110223024625156540e-16,0.000000000000000000e+00,9.992007221626408864e-16,0.000000000000000000e+00,0.000000000000000000e+00,0.000000000000000000e+00,0.000000000000000000e+00,0.000000000000000000e+00,0.000000000000000000e+00,0.000000000000000000e+00,0.000000000000000000e+00
2.367928156928460204e-01,-6.954791249427476167e-03,7.669846880792376975e-01,7.164547174599047996e-02,-1.659659063281254232e+00,3.440976637345630196e-02,3.181736925937506122e+00,-7.648284126918754311e-02,1.045724504373203856e-01,-9.163182666207283500e-01,-2.592709106292401255e-01,1.957499999999998685e+00,-7.659424831399232192e-02,-2.348999999999995314e+00,1.963633208096451366e-01,6.661338147750939243e-16,6.749999999999999112e+00,4.996003610813204432e-16,-1.110223024625156540e-16,0.000000000000000000e+00,9.992007221626408864e-16,0.000000000000000000e+00,0.000000000000000000e+00,0.000000000000000000e+00,0.000000000000000000e+00,0.000000000000000000e+00,0.000000000000000000e+00,0.000000000000000000e+00,0.000000000000000000e+00
2.377919414974571655e-01,-6.850310215744130106e-03,7.660725371263952255e-01,7.138642748879577005e-02,-1.657703274518727898e+00,3.440976637345630196e-02,3.179389979422474255e+00,-7.648284126918754311e-02,1.045724504373203856e-01,-9.095741674396030652e-01,-2.592709106292401255e-01,1.957499999999998685e+00,-7.659424831399232192e-02,-2.348999999999995314e+00,1.963633208096451366e-01,6.661338147750939243e-16,6.749999999999999112e+00,4.996003610813204432e-16,-1.110223024625156540e-16,0.000000000000000000e+00,9.992007221626408864e-16,0.000000000000000000e+00,0.000000000000000000e+00,0.000000000000000000e+00,0.000000000000000000e+00,0.000000000000000000e+00,0.000000000000000000e+00,0.000000000000000000e+00,0.000000000000000000e+00
2.387910673020683383e-01,-6.745829182060780575e-03,7.651671243719150306e-01,7.112738323160107401e-02,-1.655747485756201343e+00,3.440976637345630196e-02,3.177043032907442388e+00,-7.648284126918754311e-02,1.045724504373203856e-01,-9.028300682584776693e-01,-2.592709106292401255e-01,1.957499999999998685e+00,-7.659424831399232192e-02,-2.348999999999995314e+00,1.963633208096451366e-01,6.661338147750939243e-16,6.749999999999999112e+00,4.996003610813204432e-16,-1.110223024625156540e-16,0.000000000000000000e+00,9.992007221626408864e-16,0.000000000000000000e+00,0.000000000000000000e+00,0.000000000000000000e+00,0.000000000000000000e+00,0.000000000000000000e+00,0.000000000000000000e+00,0.000000000000000000e+00,0.000000000000000000e+00
2.397901931066795111e-01,-6.641348148377431045e-03,7.642684498157971129e-01,7.086833897440636409e-02,-1.653791696993675231e+00,3.440976637345630196e-02,3.174696086392410965e+00,-7.648284126918754311e-02,1.045724504373203856e-01,-8.960859690773521624e-01,-2.592709106292401255e-01,1.957499999999998685e+00,-7.659424831399232192e-02,-2.348999999999995314e+00,1.963633208096451366e-01,6.661338147750939243e-16,6.749999999999999112e+00,4.996003610813204432e-16,-1.110223024625156540e-16,0.000000000000000000e+00,9.992007221626408864e-16,0.000000000000000000e+00,0.000000000000000000e+00,0.000000000000000000e+00,0.000000000000000000e+00,0.000000000000000000e+00,0.000000000000000000e+00,0.000000000000000000e+00,0.000000000000000000e+00
2.407893189112906562e-01,-6.536867114694084983e-03,7.633765134580414724e-01,7.060929471721166806e-02,-1.651835908231148897e+00,3.440976637345630196e-02,3.172349139877379098e+00,-7.648284126918754311e-02,1.045724504373203856e-01,-8.893418698962269886e-01,-2.592709106292401255e-01,1.957499999999998685e+00,-7.659424831399232192e-02,-2.348999999999995314e+00,1.963633208096451366e-01,6.661338147750939243e-16,6.749999999999999112e+00,4.996003610813204432e-16,-1.110223024625156540e-16,0.000000000000000000e+00,9.992007221626408864e-16,0.000000000000000000e+00,0.000000000000000000e+00,0.000000000000000000e+00,0.000000000000000000e+00,0.000000000000000000e+00,0.000000000000000000e+00,0.000000000000000000e+00,0.000000000000000000e+00
2.417884447159018291e-01,-6.432386081010735453e-03,7.624913152986481091e-01,7.035025046001694427e-02,-1.649880119468622341e+00,3.440976637345630196e-02,3.170002193362347676e+00,-7.648284126918754311e-02,1.045724504373203856e-01,-8.825977707151014817e-01,-2.592709106292401255e-01,1.957499999999998685e+00,-7.659424831399232192e-02,-2.348999999999995314e+00,1.963633208096451366e-01,6.661338147750939243e-16,6.749999999999999112e+00,4.996003610813204432e-16,-1.110223024625156540e-16,0.000000000000000000e+00,9.992007221626408864e-16,0.000000000000000000e+00,0.000000000000000000e+00,0.000000000000000000e+00,0.000000000000000000e+00,0.000000000000000000e+00,0.000000000000000000e+00,0.000000000000000000e+00,0.000000000000000000e+00
2.427875705205130019e-01,-6.327905047327386789e-03,7.616128553376169119e-01,7.009120620282224823e-02,-1.647924330706096008e+00,3.440976637345630196e-02,3.167655246847316253e+00,-7.648284126918754311e-02,1.045724504373203856e-01,-8.758536715339760859e-01,-2.592709106292401255e-01,1.957499999999998685e+00,-7.659424831399232192e-02,-2.348999999999995314e+00,1.963633208096451366e-01,6.661338147750939243e-16,6.749999999999999112e+00,4.996003610813204432e-16,-1.110223024625156540e-16,0.000000000000000000e+00,9.992007221626408864e-16,0.000000000000000000e+00,0.000000000000000000e+00,0.000000000000000000e+00,0.000000000000000000e+00,0.000000000000000000e+00,0.000000000000000000e+00,0.000000000000000000e+00,0.000000000000000000e+00
2.437866963251241748e-01,-6.223424013644037259e-03,7.607411335749479919e-01,6.983216194562753831e-02,-1.645968541943569674e+00,3.440976637345630196e-02,3.165308300332284386e+00,-7.648284126918754311e-02,1.045724504373203856e-01,-8.691095723528505790e-01,-2.592709106292401255e-01,1.957499999999998685e+00,-7.659424831399232192e-02,-2.348999999999995314e+00,1.963633208096451366e-01,6.661338147750939243e-16,6.749999999999999112e+00,4.996003610813204432e-16,-1.110223024625156540e-16,0.000000000000000000e+00,9.992007221626408864e-16,0.000000000000000000e+00,0.000000000000000000e+00,0.000000000000000000e+00,0.000000000000000000e+00,0.000000000000000000e+00,0.000000000000000000e+00,0.000000000000000000e+00,0.000000000000000000e+00
2.447858221297353198e-01,-6.118942979960690330e-03,7.598761500106413491e-01,6.957311768843284228e-02,-1.644012753181043340e+00,3.440976637345630196e-02,3.162961353817252963e+00,-7.648284126918754311e-02,1.045724504373203856e-01,-8.623654731717254052e-01,-2.592709106292401255e-01,1.957499999999998685e+00,-7.659424831399232192e-02,-2.348999999999995314e+00,1.963633208096451366e-01,6.661338147750939243e-16,6.749999999999999112e+00,4.996003610813204432e-16,-1.110223024625156540e-16,0.000000000000000000e+00,9.992007221626408864e-16,0.000000000000000000e+00,0.000000000000000000e+00,0.000000000000000000e+00,0.000000000000000000e+00,0.000000000000000000e+00,0.000000000000000000e+00,0.000000000000000000e+00,0.000000000000000000e+00
2.457849479343464927e-01,-6.014461946277341667e-03,7.590179046446969835e-01,6.931407343123811848e-02,-1.642056964418517007e+00,3.440976637345630196e-02,3.160614407302221096e+00,-7.648284126918754311e-02,1.045724504373203856e-01,-8.556213739905998983e-01,-2.592709106292401255e-01,1.957499999999998685e+00,-7.659424831399232192e-02,-2.348999999999995314e+00,1.963633208096451366e-01,6.661338147750939243e-16,6.749999999999999112e+00,4.996003610813204432e-16,-1.110223024625156540e-16,0.000000000000000000e+00,9.992007221626408864e-16,0.000000000000000000e+00,0.000000000000000000e+00,0.000000000000000000e+00,0.000000000000000000e+00,0.000000000000000000e+00,0.000000000000000000e+00,0.000000000000000000e+00,0.000000000000000000e+00
2.467840737389576655e-01,-5.909980912593992136e-03,7.581663974771146730e-01,6.905502917404342245e-02,-1.640101175655990673e+00,3.440976637345630196e-02,3.158267460787189673e+00,-7.648284126918754311e-02,1.045724504373203856e-01,-8.488772748094745024e-01,-2.592709106292401255e-01,1.957499999999998685e+00,-7.659424831399232192e-02,-2.348999999999995314e+00,1.963633208096451366e-01,6.661338147750939243e-16,6.749999999999999112e+00,4.996003610813204432e-16,-1.110223024625156540e-16,0.000000000000000000e+00,9.992007221626408864e-16,0.000000000000000000e+00,0.000000000000000000e+00,0.000000000000000000e+00,0.000000000000000000e+00,0.000000000000000000e+00,0.000000000000000000e+00,0.000000000000000000e+00,0.000000000000000000e+00
2.477831995435688106e-01,-5.805499878910645208e-03,7.573216285078948617e-01,6.879598491684872641e-02,-1.638145386893464339e+00,3.440976637345630196e-02,3.155920514272158250e+00,-7.648284126918754311e-02,1.045724504373203856e-01,-8.421331756283492176e-01,-2.592709106292401255e-01,1.957499999999998685e+00,-7.659424831399232192e-02,-2.348999999999995314e+00,1.963633208096451366e-01,6.661338147750939243e-16,6.749999999999999112e+00,4.996003610813204432e-16,-1.110223024625156540e-16,0.000000000000000000e+00,9.992007221626408864e-16,0.000000000000000000e+00,0.000000000000000000e+00,0.000000000000000000e+00,0.000000000000000000e+00,0.000000000000000000e+00,0.000000000000000000e+00,0.000000000000000000e+00,0.000000000000000000e+00
2.487823253481799834e-01,-5.701018845227296544e-03,7.564835977370372166e-01,6.853694065965401649e-02,-1.636189598130938005e+00,3.440976637345630196e-02,3.153573567757126384e+00,-7.648284126918754311e-02,1.045724504373203856e-01,-8.353890764472238217e-01,-2.592709106292401255e-01,1.957499999999998685e+00,-7.659424831399232192e-02,-2.348999999999995314e+00,1.963633208096451366e-01,6.661338147750939243e-16,6.749999999999999112e+00,4.996003610813204432e-16,-1.110223024625156540e-16,0.000000000000000000e+00,9.992007221626408864e-16,0.000000000000000000e+00,0.000000000000000000e+00,0.000000000000000000e+00,0.000000000000000000e+00,0.000000000000000000e+00,0.000000000000000000e+00,0.000000000000000000e+00,0.000000000000000000e+00
2.497814511527911563e-01,-5.596537811543946146e-03,7.556523051645417377e-01,6.827789640245929270e-02,-1.634233809368411450e+00,3.440976637345630196e-02,3.151226621242094517e+00,-7.648284126918754311e-02,1.045724504373203856e-01,-8.286449772660983148e-01,-2.592709106292401255e-01,1.957499999999998685e+00,-7.659424831399232192e-02,-2.348999999999995314e+00,1.963633208096451366e-01,6.661338147750939243e-16,6.749999999999999112e+00,4.996003610813204432e-16,-1.110223024625156540e-16,0.000000000000000000e+00,9.992007221626408864e-16,0.000000000000000000e+00,0.000000000000000000e+00,0.000000000000000000e+00,0.000000000000000000e+00,0.000000000000000000e+00,0.000000000000000000e+00,0.000000000000000000e+00,0.000000000000000000e+00
2.507805769574023014e-01,-5.492056777860597483e-03,7.548277507904085359e-01,6.801885214526459666e-02,-1.632278020605885116e+00,3.440976637345630196e-02,3.148879674727063094e+00,-7.648284126918754311e-02,1.045724504373203856e-01,-8.219008780849730300e-01,-2.592709106292401255e-01,1.957499999999998685e+00,-7.659424831399232192e-02,-2.348999999999995314e+00,1.963633208096451366e-01,6.661338147750939243e-16,6.749999999999999112e+00,4.996003610813204432e-16,-1.110223024625156540e-16,0.000000000000000000e+00,9.992007221626408864e-16,0.000000000000000000e+00,0.000000000000000000e+00,0.000000000000000000e+00,0.000000000000000000e+00,0.000000000000000000e+00,0.000000000000000000e+00,0.000000000000000000e+00,0.000000000000000000e+00
2.517797027620135020e-01,-5.387575744177245350e-03,7.540099346146376114e-01,6.775980788806988675e-02,-1.630322231843358560e+00,3.440976637345630196e-02,3.146532728212031671e+00,-7.648284126918754311e-02,1.045724504373203856e-01,-8.151567789038474121e-01,-2.592709106292401255e-01,1.957499999999998685e+00,-7.659424831399232192e-02,-2.348999999999995314e+00,1.963633208096451366e-01,6.661338147750939243e-16,6.749999999999999112e+00,4.996003610813204432e-16,-1.110223024625156540e-16,0.000000000000000000e+00,9.992007221626408864e-16,0.000000000000000000e+00,0.000000000000000000e+00,0.000000000000000000e+00,0.000000000000000000e+00,0.000000000000000000e+00,0.000000000000000000e+00,0.000000000000000000e+00,0.000000000000000000e+00
2.527788285666246471e-01,-5.283094710493899289e-03,7.531988566372290750e-01,6.750076363087517684e-02,-1.628366443080832449e+00,3.440976637345630196e-02,3.144185781697000248e+00,-7.648284126918754311e-02,1.045724504373203856e-01,-8.084126797227221273e-01,-2.592709106292401255e-01,1.957499999999998685e+00,-7.659424831399232192e-02,-2.348999999999995314e+00,1.963633208096451366e-01,6.661338147750939243e-16,6.749999999999999112e+00,4.996003610813204432e-16,-1.110223024625156540e-16,0.000000000000000000e+00,9.992007221626408864e-16,0.000000000000000000e+00,0.000000000000000000e+00,0.000000000000000000e+00,0.000000000000000000e+00,0.000000000000000000e+00,0.000000000000000000e+00,0.000000000000000000e+00,0.000000000000000000e+00
2.537779543712357921e-01,-5.178613676810552360e-03,7.523945168581827048e-01,6.724171937368048080e-02,-1.626410654318306115e+00,3.440976637345630196e-02,3.141838835181968381e+00,-7.648284126918754311e-02,1.045724504373203856e-01,-8.016685805415969535e-01,-2.592709106292401255e-01,1.957499999999998685e+00,-7.659424831399232192e-02,-2.348999999999995314e+00,1.963633208096451366e-01,6.661338147750939243e-16,6.749999999999999112e+00,4.996003610813204432e-16,-1.110223024625156540e-16,0.000000000000000000e+00,9.992007221626408864e-16,0.000000000000000000e+00,0.000000000000000000e+00,0.000000000000000000e+00,0.000000000000000000e+00,0.000000000000000000e+00,0.000000000000000000e+00,0.000000000000000000e+00,0.000000000000000000e+00
2.547770801758469927e-01,-5.074132643127200228e-03,7.515969152774983897e-01,6.698267511648577088e-02,-1.624454865555779559e+00,3.440976637345630196e-02,3.139491888666936514e+00,-7.648284126918754311e-02,1.045724504373203856e-01,-7.949244813604713356e-01,-2.592709106292401255e-01,1.957499999999998685e+00,-7.659424831399232192e-02,-2.348999999999995314e+00,1.963633208096451366e-01,6.661338147750939243e-16,6.749999999999999112e+00,4.996003610813204432e-16,-1.110223024625156540e-16,0.000000000000000000e+00,9.992007221626408864e-16,0.000000000000000000e+00,0.000000000000000000e+00,0.000000000000000000e+00,0.000000000000000000e+00,0.000000000000000000e+00,0.000000000000000000e+00,0.000000000000000000e+00,0.000000000000000000e+00
2.557762059804581378e-01,-4.969651609443854166e-03,7.508060518951766849e-01,6.672363085929107485e-02,-1.622499076793253447e+00,3.440976637345630196e-02,3.137144942151905092e+00,-7.648284126918754311e-02,1.045724504373203856e-01,-7.881803821793460507e-01,-2.592709106292401255e-01,1.957499999999998685e+00,-7.659424831399232192e-02,-2.348999999999995314e+00,1.963633208096451366e-01,6.661338147750939243e-16,6.749999999999999112e+00,4.996003610813204432e-16,-1.110223024625156540e-16,0.000000000000000000e+00,9.992007221626408864e-16,0.000000000000000000e+00,0.000000000000000000e+00,0.000000000000000000e+00,0.000000000000000000e+00,0.000000000000000000e+00,0.000000000000000000e+00,0.000000000000000000e+00,0.000000000000000000e+00
2.567753317850692829e-01,-4.865170575760507238e-03,7.500219267112169241e-01,6.646458660209636493e-02,-1.620543288030727114e+00,3.440976637345630196e-02,3.134797995636873669e+00,-7.648284126918754311e-02,1.045724504373203856e-01,-7.814362829982207659e-01,-2.592709106292401255e-01,1.957499999999998685e+00,-7.659424831399232192e-02,-2.348999999999995314e+00,1.963633208096451366e-01,6.661338147750939243e-16,6.749999999999999112e+00,4.996003610813204432e-16,-1.110223024625156540e-16,0.000000000000000000e+00,9.992007221626408864e-16,0.000000000000000000e+00,0.000000000000000000e+00,0.000000000000000000e+00,0.000000000000000000e+00,0.000000000000000000e+00,0.000000000000000000e+00,0.000000000000000000e+00,0.000000000000000000e+00
2.577744575896804835e-01,-4.760689542077155105e-03,7.492445397256195516e-01,6.620554234490164114e-02,-1.618587499268200558e+00,3.440976637345630196e-02,3.132451049121841802e+00,-7.648284126918754311e-02,1.045724504373203856e-01,-7.746921838170951480e-01,-2.592709106292401255e-01,1.957499999999998685e+00,-7.659424831399232192e-02,-2.348999999999995314e+00,1.963633208096451366e-01,6.661338147750939243e-16,6.749999999999999112e+00,4.996003610813204432e-16,-1.110223024625156540e-16,0.000000000000000000e+00,9.992007221626408864e-16,0.000000000000000000e+00,0.000000000000000000e+00,0.000000000000000000e+00,0.000000000000000000e+00,0.000000000000000000e+00,0.000000000000000000e+00,0.000000000000000000e+00,0.000000000000000000e+00
2.587735833942916286e-01,-4.656208508393809044e-03,7.484738909383844563e-01,6.594649808770694510e-02,-1.616631710505674224e+00,3.440976637345630196e-02,3.130104102606810379e+00,-7.648284126918754311e-02,1.045724504373203856e-01,-7.679480846359698631e-01,-2.592709106292401255e-01,1.957499999999998685e+00,-7.659424831399232192e-02,-2.348999999999995314e+00,1.963633208096451366e-01,6.661338147750939243e-16,6.749999999999999112e+00,4.996003610813204432e-16,-1.110223024625156540e-16,0.000000000000000000e+00,9.992007221626408864e-16,0.000000000000000000e+00,0.000000000000000000e+00,0.000000000000000000e+00,0.000000000000000000e+00,0.000000000000000000e+00,0.000000000000000000e+00,0.000000000000000000e+00,0.000000000000000000e+00
2.597727091989027737e-01,-4.551727474710462115e-03,7.477099803495116381e-01,6.568745383051224906e-02,-1.614675921743147891e+00,3.440976637345630196e-02,3.127757156091778512e+00,-7.648284126918754311e-02,1.045724504373203856e-01,-7.612039854548445783e-01,-2.592709106292401255e-01,1.957499999999998685e+00,-7.659424831399232192e-02,-2.348999999999995314e+00,1.963633208096451366e-01,6.661338147750939243e-16,6.749999999999999112e+00,4.996003610813204432e-16,-1.110223024625156540e-16,0.000000000000000000e+00,9.992007221626408864e-16,0.000000000000000000e+00,0.000000000000000000e+00,0.000000000000000000e+00,0.000000000000000000e+00,0.000000000000000000e+00,0.000000000000000000e+00,0.000000000000000000e+00,0.000000000000000000e+00
2.607718350035139743e-01,-4.447246441027109982e-03,7.469528079590008751e-01,6.542840957331752527e-02,-1.612720132980621557e+00,3.440976637345630196e-02,3.125410209576747089e+00,-7.648284126918754311e-02,1.045724504373203856e-01,-7.544598862737189604e-01,-2.592709106292401255e-01,1.957499999999998685e+00,-7.659424831399232192e-02,-2.348999999999995314e+00,1.963633208096451366e-01,6.661338147750939243e-16,6.749999999999999112e+00,4.996003610813204432e-16,-1.110223024625156540e-16,0.000000000000000000e+00,9.992007221626408864e-16,0.000000000000000000e+00,0.000000000000000000e+00,0.000000000000000000e+00,0.000000000000000000e+00,0.000000000000000000e+00,0.000000000000000000e+00,0.000000000000000000e+00,0.000000000000000000e+00
2.617709608081251194e-01,-4.342765407343763921e-03,7.462023796676714449e-01,6.516936531612282923e-02,-1.610764344218095223e+00,3.440976637345630196e-02,3.123063263061715666e+00,-7.648284126918754311e-02,1.045724504373203856e-01,-7.477157870925937866e-01,-2.592709106292401255e-01,1.957499999999998685e+00,-7.659424831399232192e-02,-2.348999999999995314e+00,1.963633208096451366e-01,6.661338147750939243e-16,6.749999999999999112e+00,4.996003610813204432e-16,-1.110223024625156540e-16,0.000000000000000000e+00,9.992007221626408864e-16,0.000000000000000000e+00,0.000000000000000000e+00,0.000000000000000000e+00,0.000000000000000000e+00,0.000000000000000000e+00,0.000000000000000000e+00,0.000000000000000000e+00,0.000000000000000000e+00
2.627700866127362644e-01,-4.238284373660416993e-03,7.454586895747041808e-01,6.491032105892813320e-02,-1.608808555455568889e+00,3.440976637345630196e-02,3.120716316546683800e+00,-7.648284126918754311e-02,1.045724504373203856e-01,-7.409716879114685018e-01,-2.592709106292401255e-01,1.957499999999998685e+00,-7.659424831399232192e-02,-2.348999999999995314e+00,1.963633208096451366e-01,6.661338147750939243e-16,6.749999999999999112e+00,4.996003610813204432e-16,-1.110223024625156540e-16,0.000000000000000000e+00,9.992007221626408864e-16,0.000000000000000000e+00,0.000000000000000000e+00,0.000000000000000000e+00,0.000000000000000000e+00,0.000000000000000000e+00,0.000000000000000000e+00,0.000000000000000000e+00,0.000000000000000000e+00
2.637692124173474650e-01,-4.133803339977064860e-03,7.447217376800991939e-01,6.465127680173342328e-02,-1.606852766693042556e+00,3.440976637345630196e-02,3.118369370031652377e+00,-7.648284126918754311e-02,1.045724504373203856e-01,-7.342275887303428838e-01,-2.592709106292401255e-01,1.957499999999998685e+00,-7.659424831399232192e-02,-2.348999999999995314e+00,1.963633208096451366e-01,6.661338147750939243e-16,6.749999999999999112e+00,4.996003610813204432e-16,-1.110223024625156540e-16,0.000000000000000000e+00,9.992007221626408864e-16,0.000000000000000000e+00,0.000000000000000000e+00,0.000000000000000000e+00,0.000000000000000000e+00,0.000000000000000000e+00,0.000000000000000000e+00,0.000000000000000000e+00,0.000000000000000000e+00
2.647683382219586101e-01,-4.029322306293718799e-03,7.439915239838564842e-01,6.439223254453871337e-02,-1.604896977930516222e+00,3.440976637345630196e-02,3.116022423516620510e+00,-7.648284126918754311e-02,1.045724504373203856e-01,-7.274834895492175990e-01,-2.592709106292401255e-01,1.957499999999998685e+00,-7.659424831399232192e-02,-2.348999999999995314e+00,1.963633208096451366e-01,6.661338147750939243e-16,6.749999999999999112e+00,4.996003610813204432e-16,-1.110223024625156540e-16,0.000000000000000000e+00,9.992007221626408864e-16,0.000000000000000000e+00,0.000000000000000000e+00,0.000000000000000000e+00,0.000000000000000000e+00,0.000000000000000000e+00,0.000000000000000000e+00,0.000000000000000000e+00,0.000000000000000000e+00
2.657674640265698107e-01,-3.924841272610366666e-03,7.432680484859758296e-01,6.413318828734398958e-02,-1.602941189167989888e+00,3.440976637345630196e-02,3.113675477001588643e+00,-7.648284126918754311e-02,1.045724504373203856e-01,-7.207393903680919811e-01,-2.592709106292401255e-01,1.957499999999998685e+00,-7.659424831399232192e-02,-2.348999999999995314e+00,1.963633208096451366e-01,6.661338147750939243e-16,6.749999999999999112e+00,4.996003610813204432e-16,-1.110223024625156540e-16,0.000000000000000000e+00,9.992007221626408864e-16,0.000000000000000000e+00,0.000000000000000000e+00,0.000000000000000000e+00,0.000000000000000000e+00,0.000000000000000000e+00,0.000000000000000000e+00,0.000000000000000000e+00,0.000000000000000000e+00
2.667665898311809558e-01,-3.820360238927020171e-03,7.425513111864576743e-01,6.387414403014927966e-02,-1.600985400405463555e+00,3.440976637345630196e-02,3.111328530486557220e+00,-7.648284126918754311e-02,1.045724504373203856e-01,-7.139952911869666963e-01,-2.592709106292401255e-01,1.957499999999998685e+00,-7.659424831399232192e-02,-2.348999999999995314e+00,1.963633208096451366e-01,6.661338147750939243e-16,6.749999999999999112e+00,4.996003610813204432e-16,-1.110223024625156540e-16,0.000000000000000000e+00,9.992007221626408864e-16,0.000000000000000000e+00,0.000000000000000000e+00,0.000000000000000000e+00,0.000000000000000000e+00,0.000000000000000000e+00,0.000000000000000000e+00,0.000000000000000000e+00,0.000000000000000000e+00
2.677657156357921009e-01,-3.715879205243673676e-03,7.418413120853017961e-01,6.361509977295456975e-02,-1.599029611642936999e+00,3.440976637345630196e-02,3.108981583971525797e+00,-7.648284126918754311e-02,1.045724504373203856e-01,-7.072511920058414114e-01,-2.592709106292401255e-01,1.957499999999998685e+00,-7.659424831399232192e-02,-2.348999999999995314e+00,1.963633208096451366e-01,6.661338147750939243e-16,6.749999999999999112e+00,4.996003610813204432e-16,-1.110223024625156540e-16,0.000000000000000000e+00,9.992007221626408864e-16,0.000000000000000000e+00,0.000000000000000000e+00,0.000000000000000000e+00,0.000000000000000000e+00,0.000000000000000000e+00,0.000000000000000000e+00,0.000000000000000000e+00,0.000000000000000000e+00
2.687648414404033015e-01,-3.611398171560321543e-03,7.411380511825078621e-01,6.335605551575984595e-02,-1.597073822880410665e+00,3.440976637345630196e-02,3.106634637456494374e+00,-7.648284126918754311e-02,1.045724504373203856e-01,-7.005070928247157935e-01,-2.592709106292401255e-01,1.957499999999998685e+00,-7.659424831399232192e-02,-2.348999999999995314e+00,1.963633208096451366e-01,6.661338147750939243e-16,6.749999999999999112e+00,4.996003610813204432e-16,-1.110223024625156540e-16,0.000000000000000000e+00,9.992007221626408864e-16,0.000000000000000000e+00,0.000000000000000000e+00,0.000000000000000000e+00,0.000000000000000000e+00,0.000000000000000000e+00,0.000000000000000000e+00,0.000000000000000000e+00,0.000000000000000000e+00
2.697639672450144466e-01,-3.506917137876975048e-03,7.404415284780764273e-01,6.309701125856514992e-02,-1.595118034117884553e+00,3.440976637345630196e-02,3.104287690941462508e+00,-7.648284126918754311e-02,1.045724504373203856e-01,-6.937629936435906197e-01,-2.592709106292401255e-01,1.957499999999998685e+00,-7.659424831399232192e-02,-2.348999999999995314e+00,1.963633208096451366e-01,6.661338147750939243e-16,6.749999999999999112e+00,4.996003610813204432e-16,-1.110223024625156540e-16,0.000000000000000000e+00,9.992007221626408864e-16,0.000000000000000000e+00,0.000000000000000000e+00,0.000000000000000000e+00,0.000000000000000000e+00,0.000000000000000000e+00,0.000000000000000000e+00,0.000000000000000000e+00,0.000000000000000000e+00
2.707630930496255917e-01,-3.402436104193628554e-03,7.397517439720071586e-01,6.283796700137044000e-02,-1.593162245355357998e+00,3.440976637345630196e-02,3.101940744426431085e+00,-7.648284126918754311e-02,1.045724504373203856e-01,-6.870188944624653349e-01,-2.592709106292401255e-01,1.957499999999998685e+00,-7.659424831399232192e-02,-2.348999999999995314e+00,1.963633208096451366e-01,6.661338147750939243e-16,6.749999999999999112e+00,4.996003610813204432e-16,-1.110223024625156540e-16,0.000000000000000000e+00,9.992007221626408864e-16,0.000000000000000000e+00,0.000000000000000000e+00,0.000000000000000000e+00,0.000000000000000000e+00,0.000000000000000000e+00,0.000000000000000000e+00,0.000000000000000000e+00,0.000000000000000000e+00
2.717622188542367923e-01,-3.297955070510276421e-03,7.390686976643002781e-01,6.257892274417571621e-02,-1.591206456592831664e+00,3.440976637345630196e-02,3.099593797911399218e+00,-7.648284126918754311e-02,1.045724504373203856e-01,-6.802747952813397170e-01,-2.592709106292401255e-01,1.957499999999998685e+00,-7.659424831399232192e-02,-2.348999999999995314e+00,1.963633208096451366e-01,6.661338147750939243e-16,6.749999999999999112e+00,4.996003610813204432e-16,-1.110223024625156540e-16,0.000000000000000000e+00,9.992007221626408864e-16,0.000000000000000000e+00,0.000000000000000000e+00,0.000000000000000000e+00,0.000000000000000000e+00,0.000000000000000000e+00,0.000000000000000000e+00,0.000000000000000000e+00,0.000000000000000000e+00
2.727613446588479373e-01,-3.193474036826929926e-03,7.383923895549554528e-01,6.231987848698100629e-02,-1.589250667830305552e+00,3.440976637345630196e-02,3.097246851396367795e+00,-7.648284126918754311e-02,1.045724504373203856e-01,-6.735306961002144321e-01,-2.592709106292401255e-01,1.957499999999998685e+00,-7.659424831399232192e-02,-2.348999999999995314e+00,1.963633208096451366e-01,6.661338147750939243e-16,6.749999999999999112e+00,4.996003610813204432e-16,-1.110223024625156540e-16,0.000000000000000000e+00,9.992007221626408864e-16,0.000000000000000000e+00,0.000000000000000000e+00,0.000000000000000000e+00,0.000000000000000000e+00,0.000000000000000000e+00,0.000000000000000000e+00,0.000000000000000000e+00,0.000000000000000000e+00
2.737604704634590824e-01,-3.088993003143583431e-03,7.377228196439729047e-01,6.206083422978629638e-02,-1.587294879067778997e+00,3.440976637345630196e-02,3.094899904881335928e+00,-7.648284126918754311e-02,1.045724504373203856e-01,-6.667865969190891473e-01,-2.592709106292401255e-01,1.957499999999998685e+00,-7.659424831399232192e-02,-2.348999999999995314e+00,1.963633208096451366e-01,6.661338147750939243e-16,6.749999999999999112e+00,4.996003610813204432e-16,-1.110223024625156540e-16,0.000000000000000000e+00,9.992007221626408864e-16,0.000000000000000000e+00,0.000000000000000000e+00,0.000000000000000000e+00,0.000000000000000000e+00,0.000000000000000000e+00,0.000000000000000000e+00,0.000000000000000000e+00,0.000000000000000000e+00
2.747595962680702830e-01,-2.984511969460231298e-03,7.370599879313527447e-01,6.180178997259157259e-02,-1.585339090305252663e+00,3.440976637345630196e-02,3.092552958366304505e+00,-7.648284126918754311e-02,1.045724504373203856e-01,-6.600424977379635294e-01,-2.592709106292401255e-01,1.957499999999998685e+00,-7.659424831399232192e-02,-2.348999999999995314e+00,1.963633208096451366e-01,6.661338147750939243e-16,6.749999999999999112e+00,4.996003610813204432e-16,-1.110223024625156540e-16,0.000000000000000000e+00,9.992007221626408864e-16,0.000000000000000000e+00,0.000000000000000000e+00,0.000000000000000000e+00,0.000000000000000000e+00,0.000000000000000000e+00,0.000000000000000000e+00,0.000000000000000000e+00,0.000000000000000000e+00
2.757587220726814281e-01,-2.880030935776884803e-03,7.364038944170947509e-01,6.154274571539686961e-02,-1.583383301542726329e+00,3.440976637345630196e-02,3.090206011851272638e+00,-7.648284126918754311e-02,1.045724504373203856e-01,-6.532983985568382446e-01,-2.592709106292401255e-01,1.957499999999998685e+00,-7.659424831399232192e-02,-2.348999999999995314e+00,1.963633208096451366e-01,6.661338147750939243e-16,6.749999999999999112e+00,4.996003610813204432e-16,-1.110223024625156540e-16,0.000000000000000000e+00,9.992007221626408864e-16,0.000000000000000000e+00,0.000000000000000000e+00,0.000000000000000000e+00,0.000000000000000000e+00,0.000000000000000000e+00,0.000000000000000000e+00,0.000000000000000000e+00,0.000000000000000000e+00
2.767578478772925732e-01,-2.775549902093538308e-03,7.357545391011989233e-01,6.128370145820215970e-02,-1.581427512780199995e+00,3.440976637345630196e-02,3.087859065336241216e+00,-7.648284126918754311e-02,1.045724504373203856e-01,-6.465542993757130708e-01,-2.592709106292401255e-01,1.957499999999998685e+00,-7.659424831399232192e-02,-2.348999999999995314e+00,1.963633208096451366e-01,6.661338147750939243e-16,6.749999999999999112e+00,4.996003610813204432e-16,-1.110223024625156540e-16,0.000000000000000000e+00,9.992007221626408864e-16,0.000000000000000000e+00,0.000000000000000000e+00,0.000000000000000000e+00,0.000000000000000000e+00,0.000000000000000000e+00,0.000000000000000000e+00,0.000000000000000000e+00,0.000000000000000000e+00
2.777569736819037738e-01,-2.671068868410186176e-03,7.351119219836654839e-01,6.102465720100743590e-02,-1.579471724017673662e+00,3.440976637345630196e-02,3.085512118821209793e+00,-7.648284126918754311e-02,1.045724504373203856e-01,-6.398102001945873418e-01,-2.592709106292401255e-01,1.957499999999998685e+00,-7.659424831399232192e-02,-2.348999999999995314e+00,1.963633208096451366e-01,6.661338147750939243e-16,6.749999999999999112e+00,4.996003610813204432e-16,-1.110223024625156540e-16,0.000000000000000000e+00,9.992007221626408864e-16,0.000000000000000000e+00,0.000000000000000000e+00,0.000000000000000000e+00,0.000000000000000000e+00,0.000000000000000000e+00,0.000000000000000000e+00,0.000000000000000000e+00,0.000000000000000000e+00
2.787560994865149189e-01,-2.566587834726839681e-03,7.344760430644942106e-01,6.076561294381272599e-02,-1.577515935255147328e+00,3.440976637345630196e-02,3.083165172306177926e+00,-7.648284126918754311e-02,1.045724504373203856e-01,-6.330661010134621680e-01,-2.592709106292401255e-01,1.957499999999998685e+00,-7.659424831399232192e-02,-2.348999999999995314e+00,1.963633208096451366e-01,6.661338147750939243e-16,6.749999999999999112e+00,4.996003610813204432e-16,-1.110223024625156540e-16,0.000000000000000000e+00,9.992007221626408864e-16,0.000000000000000000e+00,0.000000000000000000e+00,0.000000000000000000e+00,0.000000000000000000e+00,0.000000000000000000e+00,0.000000000000000000e+00,0.000000000000000000e+00,0.000000000000000000e+00
2.797552252911260640e-01,-2.462106801043493186e-03,7.338469023436853256e-01,6.050656868661802301e-02,-1.575560146492620994e+00,3.440976637345630196e-02,3.080818225791146503e+00,-7.648284126918754311e-02,1.045724504373203856e-01,-6.263220018323368832e-01,-2.592709106292401255e-01,1.957499999999998685e+00,-7.659424831399232192e-02,-2.348999999999995314e+00,1.963633208096451366e-01,6.661338147750939243e-16,6.749999999999999112e+00,4.996003610813204432e-16,-1.110223024625156540e-16,0.000000000000000000e+00,9.992007221626408864e-16,0.000000000000000000e+00,0.000000000000000000e+00,0.000000000000000000e+00,0.000000000000000000e+00,0.000000000000000000e+00,0.000000000000000000e+00,0.000000000000000000e+00,0.000000000000000000e+00
2.807543510957372646e-01,-2.357625767360141053e-03,7.332244998212384957e-01,6.024752442942329922e-02,-1.573604357730094661e+00,3.440976637345630196e-02,3.078471279276114636e+00,-7.648284126918754311e-02,1.045724504373203856e-01,-6.195779026512112653e-01,-2.592709106292401255e-01,1.957499999999998685e+00,-7.659424831399232192e-02,-2.348999999999995314e+00,1.963633208096451366e-01,6.661338147750939243e-16,6.749999999999999112e+00,4.996003610813204432e-16,-1.110223024625156540e-16,0.000000000000000000e+00,9.992007221626408864e-16,0.000000000000000000e+00,0.000000000000000000e+00,0.000000000000000000e+00,0.000000000000000000e+00,0.000000000000000000e+00,0.000000000000000000e+00,0.000000000000000000e+00,0.000000000000000000e+00
2.817534769003484096e-01,-2.253144733676794558e-03,7.326088354971539429e-01,5.998848017222858930e-02,-1.571648568967568327e+00,3.440976637345630196e-02,3.076124332761083213e+00,-7.648284126918754311e-02,1.045724504373203856e-01,-6.128338034700859804e-01,-2.592709106292401255e-01,1.957499999999998685e+00,-7.659424831399232192e-02,-2.348999999999995314e+00,1.963633208096451366e-01,6.661338147750939243e-16,6.749999999999999112e+00,4.996003610813204432e-16,-1.110223024625156540e-16,0.000000000000000000e+00,9.992007221626408864e-16,0.000000000000000000e+00,0.000000000000000000e+00,0.000000000000000000e+00,0.000000000000000000e+00,0.000000000000000000e+00,0.000000000000000000e+00,0.000000000000000000e+00,0.000000000000000000e+00
2.827526027049595547e-01,-2.148663699993448063e-03,7.319999093714317784e-01,5.972943591503387939e-02,-1.569692780205041771e+00,3.440976637345630196e-02,3.073777386246051790e+00,-7.648284126918754311e-02,1.045724504373203856e-01,-6.060897042889606956e-01,-2.592709106292401255e-01,1.957499999999998685e+00,-7.659424831399232192e-02,-2.348999999999995314e+00,1.963633208096451366e-01,6.661338147750939243e-16,6.749999999999999112e+00,4.996003610813204432e-16,-1.110223024625156540e-16,0.000000000000000000e+00,9.992007221626408864e-16,0.000000000000000000e+00,0.000000000000000000e+00,0.000000000000000000e+00,0.000000000000000000e+00,0.000000000000000000e+00,0.000000000000000000e+00,0.000000000000000000e+00,0.000000000000000000e+00
2.837517285095707553e-01,-2.044182666310095930e-03,7.313977214440718910e-01,5.947039165783916254e-02,-1.567736991442515437e+00,3.440976637345630196e-02,3.071430439731019923e+00,-7.648284126918754311e-02,1.045724504373203856e-01,-5.993456051078350777e-01,-2.592709106292401255e-01,1.957499999999998685e+00,-7.659424831399232192e-02,-2.348999999999995314e+00,1.963633208096451366e-01,6.661338147750939243e-16,6.749999999999999112e+00,4.996003610813204432e-16,-1.110223024625156540e-16,0.000000000000000000e+00,9.992007221626408864e-16,0.000000000000000000e+00,0.000000000000000000e+00,0.000000000000000000e+00,0.000000000000000000e+00,0.000000000000000000e+00,0.000000000000000000e+00,0.000000000000000000e+00,0.000000000000000000e+00
2.847508543141819004e-01,-1.939701632626749652e-03,7.308022717150740588e-01,5.921134740064445262e-02,-1.565781202679989104e+00,3.440976637345630196e-02,3.069083493215988501e+00,-7.648284126918754311e-02,1.045724504373203856e-01,-5.926015059267097929e-01,-2.592709106292401255e-01,1.957499999999998685e+00,-7.659424831399232192e-02,-2.348999999999995314e+00,1.963633208096451366e-01,6.661338147750939243e-16,6.749999999999999112e+00,4.996003610813204432e-16,-1.110223024625156540e-16,0.000000000000000000e+00,9.992007221626408864e-16,0.000000000000000000e+00,0.000000000000000000e+00,0.000000000000000000e+00,0.000000000000000000e+00,0.000000000000000000e+00,0.000000000000000000e+00,0.000000000000000000e+00,0.000000000000000000e+00
2.857499801187931010e-01,-1.835220598943397303e-03,7.302135601844385038e-01,5.895230314344972883e-02,-1.563825413917462770e+00,3.440976637345630196e-02,3.066736546700956634e+00,-7.648284126918754311e-02,1.045724504373203856e-01,-5.858574067455841750e-01,-2.592709106292401255e-01,1.957499999999998685e+00,-7.659424831399232192e-02,-2.348999999999995314e+00,1.963633208096451366e-01,6.661338147750939243e-16,6.749999999999999112e+00,4.996003610813204432e-16,-1.110223024625156540e-16,0.000000000000000000e+00,9.992007221626408864e-16,0.000000000000000000e+00,0.000000000000000000e+00,0.000000000000000000e+00,0.000000000000000000e+00,0.000000000000000000e+00,0.000000000000000000e+00,0.000000000000000000e+00,0.000000000000000000e+00
2.867491059234042461e-01,-1.730739565260050808e-03,7.296315868521653369e-01,5.869325888625501891e-02,-1.561869625154936436e+00,3.440976637345630196e-02,3.064389600185925211e+00,-7.648284126918754311e-02,1.045724504373203856e-01,-5.791133075644590011e-01,-2.592709106292401255e-01,1.957499999999998685e+00,-7.659424831399232192e-02,-2.348999999999995314e+00,1.963633208096451366e-01,6.661338147750939243e-16,6.749999999999999112e+00,4.996003610813204432e-16,-1.110223024625156540e-16,0.000000000000000000e+00,9.992007221626408864e-16,0.000000000000000000e+00,0.000000000000000000e+00,0.000000000000000000e+00,0.000000000000000000e+00,0.000000000000000000e+00,0.000000000000000000e+00,0.000000000000000000e+00,0.000000000000000000e+00
2.877482317280153912e-01,-1.626258531576704530e-03,7.290563517182544473e-01,5.843421462906031594e-02,-1.559913836392410103e+00,3.440976637345630196e-02,3.062042653670893788e+00,-7.648284126918754311e-02,1.045724504373203856e-01,-5.723692083833337163e-01,-2.592709106292401255e-01,1.957499999999998685e+00,-7.659424831399232192e-02,-2.348999999999995314e+00,1.963633208096451366e-01,6.661338147750939243e-16,6.749999999999999112e+00,4.996003610813204432e-16,-1.110223024625156540e-16,0.000000000000000000e+00,9.992007221626408864e-16,0.000000000000000000e+00,0.000000000000000000e+00,0.000000000000000000e+00,0.000000000000000000e+00,0.000000000000000000e+00,0.000000000000000000e+00,0.000000000000000000e+00,0.000000000000000000e+00
2.887473575326265918e-01,-1.521777497893352180e-03,7.284878547827056128e-01,5.817517037186559214e-02,-1.557958047629883769e+00,3.440976637345630196e-02,3.059695707155861921e+00,-7.648284126918754311e-02,1.045724504373203856e-01,-5.656251092022080984e-01,-2.592709106292401255e-01,1.957499999999998685e+00,-7.659424831399232192e-02,-2.348999999999995314e+00,1.963633208096451366e-01,6.661338147750939243e-16,6.749999999999999112e+00,4.996003610813204432e-16,-1.110223024625156540e-16,0.000000000000000000e+00,9.992007221626408864e-16,0.000000000000000000e+00,0.000000000000000000e+00,0.000000000000000000e+00,0.000000000000000000e+00,0.000000000000000000e+00,0.000000000000000000e+00,0.000000000000000000e+00,0.000000000000000000e+00
2.897464833372377369e-01,-1.417296464210005902e-03,7.279260960455190554e-01,5.791612611467088223e-02,-1.556002258867357435e+00,3.440976637345630196e-02,3.057348760640830054e+00,-7.648284126918754311e-02,1.045724504373203856e-01,-5.588810100210828136e-01,-2.592709106292401255e-01,1.957499999999998685e+00,-7.659424831399232192e-02,-2.348999999999995314e+00,1.963633208096451366e-01,6.661338147750939243e-16,6.749999999999999112e+00,4.996003610813204432e-16,-1.110223024625156540e-16,0.000000000000000000e+00,9.992007221626408864e-16,0.000000000000000000e+00,0.000000000000000000e+00,0.000000000000000000e+00,0.000000000000000000e+00,0.000000000000000000e+00,0.000000000000000000e+00,0.000000000000000000e+00,0.000000000000000000e+00
2.907456091418488819e-01,-1.312815430526659407e-03,7.273710755066948863e-01,5.765708185747617232e-02,-1.554046470104831101e+00,3.440976637345630196e-02,3.055001814125798187e+00,-7.648284126918754311e-02,1.045724504373203856e-01,-5.521369108399575287e-01,-2.592709106292401255e-01,1.957499999999998685e+00,-7.659424831399232192e-02,-2.348999999999995314e+00,1.963633208096451366e-01,6.661338147750939243e-16,6.749999999999999112e+00,4.996003610813204432e-16,-1.110223024625156540e-16,0.000000000000000000e+00,9.992007221626408864e-16,0.000000000000000000e+00,0.000000000000000000e+00,0.000000000000000000e+00,0.000000000000000000e+00,0.000000000000000000e+00,0.000000000000000000e+00,0.000000000000000000e+00,0.000000000000000000e+00
2.917447349464600825e-01,-1.208334396843307275e-03,7.268227931662329944e-01,5.739803760028144852e-02,-1.552090681342304546e+00,3.440976637345630196e-02,3.052654867610766765e+00,-7.648284126918754311e-02,1.045724504373203856e-01,-5.453928116588319108e-01,-2.592709106292401255e-01,1.957499999999998685e+00,-7.659424831399232192e-02,-2.348999999999995314e+00,1.963633208096451366e-01,6.661338147750939243e-16,6.749999999999999112e+00,4.996003610813204432e-16,-1.110223024625156540e-16,0.000000000000000000e+00,9.992007221626408864e-16,0.000000000000000000e+00,0.000000000000000000e+00,0.000000000000000000e+00,0.000000000000000000e+00,0.000000000000000000e+00,0.000000000000000000e+00,0.000000000000000000e+00,0.000000000000000000e+00
2.927438607510712276e-01,-1.103853363159960780e-03,7.262812490241331576e-01,5.713899334308674555e-02,-1.550134892579778212e+00,3.440976637345630196e-02,3.050307921095735342e+00,-7.648284126918754311e-02,1.045724504373203856e-01,-5.386487124777066260e-01,-2.592709106292401255e-01,1.957499999999998685e+00,-7.659424831399232192e-02,-2.348999999999995314e+00,1.963633208096451366e-01,6.661338147750939243e-16,6.749999999999999112e+00,4.996003610813204432e-16,-1.110223024625156540e-16,0.000000000000000000e+00,9.992007221626408864e-16,0.000000000000000000e+00,0.000000000000000000e+00,0.000000000000000000e+00,0.000000000000000000e+00,0.000000000000000000e+00,0.000000000000000000e+00,0.000000000000000000e+00,0.000000000000000000e+00
2.937429865556823727e-01,-9.993723294766142847e-04,7.257464430803955979e-01,5.687994908589203563e-02,-1.548179103817252100e+00,3.440976637345630196e-02,3.047960974580703475e+00,-7.648284126918754311e-02,1.045724504373203856e-01,-5.319046132965814522e-01,-2.592709106292401255e-01,1.957499999999998685e+00,-7.659424831399232192e-02,-2.348999999999995314e+00,1.963633208096451366e-01,6.661338147750939243e-16,6.749999999999999112e+00,4.996003610813204432e-16,-1.110223024625156540e-16,0.000000000000000000e+00,9.992007221626408864e-16,0.000000000000000000e+00,0.000000000000000000e+00,0.000000000000000000e+00,0.000000000000000000e+00,0.000000000000000000e+00,0.000000000000000000e+00,0.000000000000000000e+00,0.000000000000000000e+00
2.947421123602935733e-01,-8.948912957932621520e-04,7.252183753350204265e-01,5.662090482869731184e-02,-1.546223315054725544e+00,3.440976637345630196e-02,3.045614028065671608e+00,-7.648284126918754311e-02,1.045724504373203856e-01,-5.251605141154557232e-01,-2.592709106292401255e-01,1.957499999999998685e+00,-7.659424831399232192e-02,-2.348999999999995314e+00,1.963633208096451366e-01,6.661338147750939243e-16,6.749999999999999112e+00,4.996003610813204432e-16,-1.110223024625156540e-16,0.000000000000000000e+00,9.992007221626408864e-16,0.000000000000000000e+00,0.000000000000000000e+00,0.000000000000000000e+00,0.000000000000000000e+00,0.000000000000000000e+00,0.000000000000000000e+00,0.000000000000000000e+00,0.000000000000000000e+00
2.957412381649047184e-01,-7.904102621099156570e-04,7.246970457880075323e-01,5.636186057150260886e-02,-1.544267526292199211e+00,3.440976637345630196e-02,3.043267081550640185e+00,-7.648284126918754311e-02,1.045724504373203856e-01,-5.184164149343305494e-01,-2.592709106292401255e-01,1.957499999999998685e+00,-7.659424831399232192e-02,-2.348999999999995314e+00,1.963633208096451366e-01,6.661338147750939243e-16,6.749999999999999112e+00,4.996003610813204432e-16,-1.110223024625156540e-16,0.000000000000000000e+00,9.992007221626408864e-16,0.000000000000000000e+00,0.000000000000000000e+00,0.000000000000000000e+00,0.000000000000000000e+00,0.000000000000000000e+00,0.000000000000000000e+00,0.000000000000000000e+00,0.000000000000000000e+00
2.967403639695158635e-01,-6.859292284265692706e-04,7.241824544393566931e-01,5.610281631430789895e-02,-1.542311737529673099e+00,3.440976637345630196e-02,3.040920135035608318e+00,-7.648284126918754311e-02,1.045724504373203856e-01,-5.116723157532052646e-01,-2.592709106292401255e-01,1.957499999999998685e+00,-7.659424831399232192e-02,-2.348999999999995314e+00,1.963633208096451366e-01,6.661338147750939243e-16,6.749999999999999112e+00,4.996003610813204432e-16,-1.110223024625156540e-16,0.000000000000000000e+00,9.992007221626408864e-16,0.000000000000000000e+00,0.000000000000000000e+00,0.000000000000000000e+00,0.000000000000000000e+00,0.000000000000000000e+00,0.000000000000000000e+00,0.000000000000000000e+00,0.000000000000000000e+00
2.977394897741270641e-01,-5.814481947432170294e-04,7.236746012890681312e-01,5.584377205711317516e-02,-1.540355948767146543e+00,3.440976637345630196e-02,3.038573188520576451e+00,-7.648284126918754311e-02,1.045724504373203856e-01,-5.049282165720796467e-01,-2.592709106292401255e-01,1.957499999999998685e+00,-7.659424831399232192e-02,-2.348999999999995314e+00,1.963633208096451366e-01,6.661338147750939243e-16,6.749999999999999112e+00,4.996003610813204432e-16,-1.110223024625156540e-16,0.000000000000000000e+00,9.992007221626408864e-16,0.000000000000000000e+00,0.000000000000000000e+00,0.000000000000000000e+00,0.000000000000000000e+00,0.000000000000000000e+00,0.000000000000000000e+00,0.000000000000000000e+00,0.000000000000000000e+00
2.987386155787382092e-01,-4.769671610598705887e-04,7.231734863371419575e-01,5.558472779991846524e-02,-1.538400160004620210e+00,3.440976637345630196e-02,3.036226242005545028e+00,-7.648284126918754311e-02,1.045724504373203856e-01,-4.981841173909544174e-01,-2.592709106292401255e-01,1.957499999999998685e+00,-7.659424831399232192e-02,-2.348999999999995314e+00,1.963633208096451366e-01,6.661338147750939243e-16,6.749999999999999112e+00,4.996003610813204432e-16,-1.110223024625156540e-16,0.000000000000000000e+00,9.992007221626408864e-16,0.000000000000000000e+00,0.000000000000000000e+00,0.000000000000000000e+00,0.000000000000000000e+00,0.000000000000000000e+00,0.000000000000000000e+00,0.000000000000000000e+00,0.000000000000000000e+00
2.997377413833493542e-01,-3.724861273765242022e-04,7.226791095835780609e-01,5.532568354272376226e-02,-1.536444371242093876e+00,3.440976637345630196e-02,3.033879295490513162e+00,-7.648284126918754311e-02,1.045724504373203856e-01,-4.914400182098291880e-01,-2.592709106292401255e-01,1.957499999999998685e+00,-7.659424831399232192e-02,-2.348999999999995314e+00,1.963633208096451366e-01,6.661338147750939243e-16,6.749999999999999112e+00,4.996003610813204432e-16,-1.110223024625156540e-16,0.000000000000000000e+00,9.992007221626408864e-16,0.000000000000000000e+00,0.000000000000000000e+00,0.000000000000000000e+00,0.000000000000000000e+00,0.000000000000000000e+00,0.000000000000000000e+00,0.000000000000000000e+00,0.000000000000000000e+00
3.007368671879605548e-01,-2.680050936931719610e-04,7.221914710283762195e-01,5.506663928552903847e-02,-1.534488582479567542e+00,3.440976637345630196e-02,3.031532348975481739e+00,-7.648284126918754311e-02,1.045724504373203856e-01,-4.846959190287036257e-01,-2.592709106292401255e-01,1.957499999999998685e+00,-7.659424831399232192e-02,-2.348999999999995314e+00,1.963633208096451366e-01,6.661338147750939243e-16,6.749999999999999112e+00,4.996003610813204432e-16,-1.110223024625156540e-16,0.000000000000000000e+00,9.992007221626408864e-16,0.000000000000000000e+00,0.000000000000000000e+00,0.000000000000000000e+00,0.000000000000000000e+00,0.000000000000000000e+00,0.000000000000000000e+00,0.000000000000000000e+00,0.000000000000000000e+00
3.017359929925716999e-01,-1.635240600098255203e-04,7.217105706715367663e-01,5.480759502833432856e-02,-1.532532793717041208e+00,3.440976637345630196e-02,3.029185402460449872e+00,-7.648284126918754311e-02,1.045724504373203856e-01,-4.779518198475784518e-01,-2.592709106292401255e-01,1.957499999999998685e+00,-7.659424831399232192e-02,-2.348999999999995314e+00,1.963633208096451366e-01,6.661338147750939243e-16,6.749999999999999112e+00,4.996003610813204432e-16,-1.110223024625156540e-16,0.000000000000000000e+00,9.992007221626408864e-16,0.000000000000000000e+00,0.000000000000000000e+00,0.000000000000000000e+00,0.000000000000000000e+00,0.000000000000000000e+00,0.000000000000000000e+00,0.000000000000000000e+00,0.000000000000000000e+00
3.027351187971829005e-01,-5.904302632647329948e-05,7.212364085130595903e-01,5.454855077113960476e-02,-1.530577004954514653e+00,3.440976637345630196e-02,3.026838455945418449e+00,-7.648284126918754311e-02,1.045724504373203856e-01,-4.712077206664528339e-01,-2.592709106292401255e-01,1.957499999999998685e+00,-7.659424831399232192e-02,-2.348999999999995314e+00,1.963633208096451366e-01,6.661338147750939243e-16,6.749999999999999112e+00,4.996003610813204432e-16,-1.110223024625156540e-16,0.000000000000000000e+00,9.992007221626408864e-16,0.000000000000000000e+00,0.000000000000000000e+00,0.000000000000000000e+00,0.000000000000000000e+00,0.000000000000000000e+00,0.000000000000000000e+00,0.000000000000000000e+00,0.000000000000000000e+00
3.037342446017940456e-01,4.543800735687312088e-05,7.207689845529446915e-01,5.428950651394489485e-02,-1.528621216191988541e+00,3.440976637345630196e-02,3.024491509430387026e+00,-7.648284126918754311e-02,1.045724504373203856e-01,-4.644636214853276601e-01,-2.592709106292401255e-01,1.957499999999998685e+00,-7.659424831399232192e-02,-2.348999999999995314e+00,1.963633208096451366e-01,6.661338147750939243e-16,6.749999999999999112e+00,4.996003610813204432e-16,-1.110223024625156540e-16,0.000000000000000000e+00,9.992007221626408864e-16,0.000000000000000000e+00,0.000000000000000000e+00,0.000000000000000000e+00,0.000000000000000000e+00,0.000000000000000000e+00,0.000000000000000000e+00,0.000000000000000000e+00,0.000000000000000000e+00
3.047333704064051907e-01,1.499190410402195480e-04,7.203082987911918478e-01,5.403046225675019187e-02,-1.526665427429462207e+00,3.440976637345630196e-02,3.022144562915355159e+00,-7.648284126918754311e-02,1.045724504373203856e-01,-4.577195223042024308e-01,-2.592709106292401255e-01,1.957499999999998685e+00,-7.659424831399232192e-02,-2.348999999999995314e+00,1.963633208096451366e-01,6.661338147750939243e-16,6.749999999999999112e+00,4.996003610813204432e-16,-1.110223024625156540e-16,0.000000000000000000e+00,9.992007221626408864e-16,0.000000000000000000e+00,0.000000000000000000e+00,0.000000000000000000e+00,0.000000000000000000e+00,0.000000000000000000e+00,0.000000000000000000e+00,0.000000000000000000e+00,0.000000000000000000e+00
3.057324962110163913e-01,2.544000747235717892e-04,7.198543512278012813e-01,5.377141799955546808e-02,-1.524709638666935652e+00,3.440976637345630196e-02,3.019797616400323292e+00,-7.648284126918754311e-02,1.045724504373203856e-01,-4.509754231230768684e-01,-2.592709106292401255e-01,1.957499999999998685e+00,-7.659424831399232192e-02,-2.348999999999995314e+00,1.963633208096451366e-01,6.661338147750939243e-16,6.749999999999999112e+00,4.996003610813204432e-16,-1.110223024625156540e-16,0.000000000000000000e+00,9.992007221626408864e-16,0.000000000000000000e+00,0.000000000000000000e+00,0.000000000000000000e+00,0.000000000000000000e+00,0.000000000000000000e+00,0.000000000000000000e+00,0.000000000000000000e+00,0.000000000000000000e+00
3.067316220156275364e-01,3.588811084069181757e-04,7.194071418627731029e-01,5.351237374236075817e-02,-1.522753849904409318e+00,3.440976637345630196e-02,3.017450669885291425e+00,-7.648284126918754311e-02,1.045724504373203856e-01,-4.442313239419516946e-01,-2.592709106292401255e-01,1.957499999999998685e+00,-7.659424831399232192e-02,-2.348999999999995314e+00,1.963633208096451366e-01,6.661338147750939243e-16,6.749999999999999112e+00,4.996003610813204432e-16,-1.110223024625156540e-16,0.000000000000000000e+00,9.992007221626408864e-16,0.000000000000000000e+00,0.000000000000000000e+00,0.000000000000000000e+00,0.000000000000000000e+00,0.000000000000000000e+00,0.000000000000000000e+00,0.000000000000000000e+00,0.000000000000000000e+00
3.077307478202386815e-01,4.633621420902646164e-04,7.189666706961072018e-01,5.325332948516604825e-02,-1.520798061141882984e+00,3.440976637345630196e-02,3.015103723370260003e+00,-7.648284126918754311e-02,1.045724504373203856e-01,-4.374872247608264653e-01,-2.592709106292401255e-01,1.957499999999998685e+00,-7.659424831399232192e-02,-2.348999999999995314e+00,1.963633208096451366e-01,6.661338147750939243e-16,6.749999999999999112e+00,4.996003610813204432e-16,-1.110223024625156540e-16,0.000000000000000000e+00,9.992007221626408864e-16,0.000000000000000000e+00,0.000000000000000000e+00,0.000000000000000000e+00,0.000000000000000000e+00,0.000000000000000000e+00,0.000000000000000000e+00,0.000000000000000000e+00,0.000000000000000000e+00
3.087298736248498821e-01,5.678431757736168576e-04,7.185329377278034668e-01,5.299428522797133140e-02,-1.518842272379356650e+00,3.440976637345630196e-02,3.012756776855228580e+00,-7.648284126918754311e-02,1.045724504373203856e-01,-4.307431255797009029e-01,-2.592709106292401255e-01,1.957499999999998685e+00,-7.659424831399232192e-02,-2.348999999999995314e+00,1.963633208096451366e-01,6.661338147750939243e-16,6.749999999999999112e+00,4.996003610813204432e-16,-1.110223024625156540e-16,0.000000000000000000e+00,9.992007221626408864e-16,0.000000000000000000e+00,0.000000000000000000e+00,0.000000000000000000e+00,0.000000000000000000e+00,0.000000000000000000e+00,0.000000000000000000e+00,0.000000000000000000e+00,0.000000000000000000e+00
3.097289994294610271e-01,6.723242094569632440e-04,7.181059429578618980e-01,5.273524097077662148e-02,-1.516886483616830317e+00,3.440976637345630196e-02,3.010409830340196713e+00,-7.648284126918754311e-02,1.045724504373203856e-01,-4.239990263985756735e-01,-2.592709106292401255e-01,1.957499999999998685e+00,-7.659424831399232192e-02,-2.348999999999995314e+00,1.963633208096451366e-01,6.661338147750939243e-16,6.749999999999999112e+00,4.996003610813204432e-16,-1.110223024625156540e-16,0.000000000000000000e+00,9.992007221626408864e-16,0.000000000000000000e+00,0.000000000000000000e+00,0.000000000000000000e+00,0.000000000000000000e+00,0.000000000000000000e+00,0.000000000000000000e+00,0.000000000000000000e+00,0.000000000000000000e+00
3.107281252340721722e-01,7.768052431403100642e-04,7.176856863862827174e-01,5.247619671358191157e-02,-1.514930694854303983e+00,3.440976637345630196e-02,3.008062883825164846e+00,-7.648284126918754311e-02,1.045724504373203856e-01,-4.172549272174504997e-01,-2.592709106292401255e-01,1.957499999999998685e+00,-7.659424831399232192e-02,-2.348999999999995314e+00,1.963633208096451366e-01,6.661338147750939243e-16,6.749999999999999112e+00,4.996003610813204432e-16,-1.110223024625156540e-16,0.000000000000000000e+00,9.992007221626408864e-16,0.000000000000000000e+00,0.000000000000000000e+00,0.000000000000000000e+00,0.000000000000000000e+00,0.000000000000000000e+00,0.000000000000000000e+00,0.000000000000000000e+00,0.000000000000000000e+00
3.117272510386833728e-01,8.812862768236657748e-04,7.172721680130658140e-01,5.221715245638718778e-02,-1.512974906091777649e+00,3.440976637345630196e-02,3.005715937310133423e+00,-7.648284126918754311e-02,1.045724504373203856e-01,-4.105108280363249373e-01,-2.592709106292401255e-01,1.957499999999998685e+00,-7.659424831399232192e-02,-2.348999999999995314e+00,1.963633208096451366e-01,6.661338147750939243e-16,6.749999999999999112e+00,4.996003610813204432e-16,-1.110223024625156540e-16,0.000000000000000000e+00,9.992007221626408864e-16,0.000000000000000000e+00,0.000000000000000000e+00,0.000000000000000000e+00,0.000000000000000000e+00,0.000000000000000000e+00,0.000000000000000000e+00,0.000000000000000000e+00,0.000000000000000000e+00
3.127263768432945179e-01,9.857673105070157392e-04,7.168653878382110767e-01,5.195810819919248480e-02,-1.511019117329251316e+00,3.440976637345630196e-02,3.003368990795102000e+00,-7.648284126918754311e-02,1.045724504373203856e-01,-4.037667288551997080e-01,-2.592709106292401255e-01,1.957499999999998685e+00,-7.659424831399232192e-02,-2.348999999999995314e+00,1.963633208096451366e-01,6.661338147750939243e-16,6.749999999999999112e+00,4.996003610813204432e-16,-1.110223024625156540e-16,0.000000000000000000e+00,9.992007221626408864e-16,0.000000000000000000e+00,0.000000000000000000e+00,0.000000000000000000e+00,0.000000000000000000e+00,0.000000000000000000e+00,0.000000000000000000e+00,0.000000000000000000e+00,0.000000000000000000e+00
3.137255026479056630e-01,1.090248344190365487e-03,7.164653458617185056e-01,5.169906394199777488e-02,-1.509063328566724982e+00,3.440976637345630196e-02,3.001022044280070133e+00,-7.648284126918754311e-02,1.045724504373203856e-01,-3.970226296740745342e-01,-2.592709106292401255e-01,1.957499999999998685e+00,-7.659424831399232192e-02,-2.348999999999995314e+00,1.963633208096451366e-01,6.661338147750939243e-16,6.749999999999999112e+00,4.996003610813204432e-16,-1.110223024625156540e-16,0.000000000000000000e+00,9.992007221626408864e-16,0.000000000000000000e+00,0.000000000000000000e+00,0.000000000000000000e+00,0.000000000000000000e+00,0.000000000000000000e+00,0.000000000000000000e+00,0.000000000000000000e+00,0.000000000000000000e+00
3.147246284525168636e-01,1.194729377873721306e-03,7.160720420835883226e-01,5.144001968480305109e-02,-1.507107539804198426e+00,3.440976637345630196e-02,2.998675097765038267e+00,-7.648284126918754311e-02,1.045724504373203856e-01,-3.902785304929489163e-01,-2.592709106292401255e-01,1.957499999999998685e+00,-7.659424831399232192e-02,-2.348999999999995314e+00,1.963633208096451366e-01,6.661338147750939243e-16,6.749999999999999112e+00,4.996003610813204432e-16,-1.110223024625156540e-16,0.000000000000000000e+00,9.992007221626408864e-16,0.000000000000000000e+00,0.000000000000000000e+00,0.000000000000000000e+00,0.000000000000000000e+00,0.000000000000000000e+00,0.000000000000000000e+00,0.000000000000000000e+00,0.000000000000000000e+00
3.157237542571280087e-01,1.299210411557071053e-03,7.156854765038204169e-01,5.118097542760834118e-02,-1.505151751041672092e+00,3.440976637345630196e-02,2.996328151250006400e+00,-7.648284126918754311e-02,1.045724504373203856e-01,-3.835344313118237425e-01,-2.592709106292401255e-01,1.957499999999998685e+00,-7.659424831399232192e-02,-2.348999999999995314e+00,1.963633208096451366e-01,6.661338147750939243e-16,6.749999999999999112e+00,4.996003610813204432e-16,-1.110223024625156540e-16,0.000000000000000000e+00,9.992007221626408864e-16,0.000000000000000000e+00,0.000000000000000000e+00,0.000000000000000000e+00,0.000000000000000000e+00,0.000000000000000000e+00,0.000000000000000000e+00,0.000000000000000000e+00,0.000000000000000000e+00
3.167228800617391538e-01,1.403691445240421018e-03,7.153056491224146773e-01,5.092193117041363820e-02,-1.503195962279145759e+00,3.440976637345630196e-02,2.993981204734974977e+00,-7.648284126918754311e-02,1.045724504373203856e-01,-3.767903321306985132e-01,-2.592709106292401255e-01,1.957499999999998685e+00,-7.659424831399232192e-02,-2.348999999999995314e+00,1.963633208096451366e-01,6.661338147750939243e-16,6.749999999999999112e+00,4.996003610813204432e-16,-1.110223024625156540e-16,0.000000000000000000e+00,9.992007221626408864e-16,0.000000000000000000e+00,0.000000000000000000e+00,0.000000000000000000e+00,0.000000000000000000e+00,0.000000000000000000e+00,0.000000000000000000e+00,0.000000000000000000e+00,0.000000000000000000e+00
3.177220058663503544e-01,1.508172478923776620e-03,7.149325599393711039e-01,5.066288691321891441e-02,-1.501240173516619425e+00,3.440976637345630196e-02,2.991634258219943110e+00,-7.648284126918754311e-02,1.045724504373203856e-01,-3.700462329495729508e-01,-2.592709106292401255e-01,1.957499999999998685e+00,-7.659424831399232192e-02,-2.348999999999995314e+00,1.963633208096451366e-01,6.661338147750939243e-16,6.749999999999999112e+00,4.996003610813204432e-16,-1.110223024625156540e-16,0.000000000000000000e+00,9.992007221626408864e-16,0.000000000000000000e+00,0.000000000000000000e+00,0.000000000000000000e+00,0.000000000000000000e+00,0.000000000000000000e+00,0.000000000000000000e+00,0.000000000000000000e+00,0.000000000000000000e+00
3.187211316709614994e-01,1.612653512607126584e-03,7.145662089546899187e-01,5.040384265602420449e-02,-1.499284384754093091e+00,3.440976637345630196e-02,2.989287311704911687e+00,-7.648284126918754311e-02,1.045724504373203856e-01,-3.633021337684477770e-01,-2.592709106292401255e-01,1.957499999999998685e+00,-7.659424831399232192e-02,-2.348999999999995314e+00,1.963633208096451366e-01,6.661338147750939243e-16,6.749999999999999112e+00,4.996003610813204432e-16,-1.110223024625156540e-16,0.000000000000000000e+00,9.992007221626408864e-16,0.000000000000000000e+00,0.000000000000000000e+00,0.000000000000000000e+00,0.000000000000000000e+00,0.000000000000000000e+00,0.000000000000000000e+00,0.000000000000000000e+00,0.000000000000000000e+00
3.197202574755726445e-01,1.717134546290476549e-03,7.142065961683710107e-01,5.014479839882949458e-02,-1.497328595991566758e+00,3.440976637345630196e-02,2.986940365189880264e+00,-7.648284126918754311e-02,1.045724504373203856e-01,-3.565580345873225476e-01,-2.592709106292401255e-01,1.957499999999998685e+00,-7.659424831399232192e-02,-2.348999999999995314e+00,1.963633208096451366e-01,6.661338147750939243e-16,6.749999999999999112e+00,4.996003610813204432e-16,-1.110223024625156540e-16,0.000000000000000000e+00,9.992007221626408864e-16,0.000000000000000000e+00,0.000000000000000000e+00,0.000000000000000000e+00,0.000000000000000000e+00,0.000000000000000000e+00,0.000000000000000000e+00,0.000000000000000000e+00,0.000000000000000000e+00
3.207193832801838451e-01,1.821615579973832151e-03,7.138537215804142688e-01,4.988575414163477773e-02,-1.495372807229040424e+00,3.440976637345630196e-02,2.984593418674848397e+00,-7.648284126918754311e-02,1.045724504373203856e-01,-3.498139354061969852e-01,-2.592709106292401255e-01,1.957499999999998685e+00,-7.659424831399232192e-02,-2.348999999999995314e+00,1.963633208096451366e-01,6.661338147750939243e-16,6.749999999999999112e+00,4.996003610813204432e-16,-1.110223024625156540e-16,0.000000000000000000e+00,9.992007221626408864e-16,0.000000000000000000e+00,0.000000000000000000e+00,0.000000000000000000e+00,0.000000000000000000e+00,0.000000000000000000e+00,0.000000000000000000e+00,0.000000000000000000e+00,0.000000000000000000e+00
3.217185090847949902e-01,1.926096613657182115e-03,7.135075851908198041e-01,4.962670988444006781e-02,-1.493417018466514090e+00,3.440976637345630196e-02,2.982246472159816530e+00,-7.648284126918754311e-02,1.045724504373203856e-01,-3.430698362250717559e-01,-2.592709106292401255e-01,1.957499999999998685e+00,-7.659424831399232192e-02,-2.348999999999995314e+00,1.963633208096451366e-01,6.661338147750939243e-16,6.749999999999999112e+00,4.996003610813204432e-16,-1.110223024625156540e-16,0.000000000000000000e+00,9.992007221626408864e-16,0.000000000000000000e+00,0.000000000000000000e+00,0.000000000000000000e+00,0.000000000000000000e+00,0.000000000000000000e+00,0.000000000000000000e+00,0.000000000000000000e+00,0.000000000000000000e+00
3.227176348894061908e-01,2.030577647340537934e-03,7.131681869995875056e-01,4.936766562724534402e-02,-1.491461229703987534e+00,3.440976637345630196e-02,2.979899525644784664e+00,-7.648284126918754311e-02,1.045724504373203856e-01,-3.363257370439461935e-01,-2.592709106292401255e-01,1.957499999999998685e+00,-7.659424831399232192e-02,-2.348999999999995314e+00,1.963633208096451366e-01,6.661338147750939243e-16,6.749999999999999112e+00,4.996003610813204432e-16,-1.110223024625156540e-16,0.000000000000000000e+00,9.992007221626408864e-16,0.000000000000000000e+00,0.000000000000000000e+00,0.000000000000000000e+00,0.000000000000000000e+00,0.000000000000000000e+00,0.000000000000000000e+00,0.000000000000000000e+00,0.000000000000000000e+00
3.237167606940173359e-01,2.135058681023887465e-03,7.128355270067177063e-01,4.910862137005063410e-02,-1.489505440941461201e+00,3.440976637345630196e-02,2.977552579129753241e+00,-7.648284126918754311e-02,1.045724504373203856e-01,-3.295816378628210197e-01,-2.592709106292401255e-01,1.957499999999998685e+00,-7.659424831399232192e-02,-2.348999999999995314e+00,1.963633208096451366e-01,6.661338147750939243e-16,6.749999999999999112e+00,4.996003610813204432e-16,-1.110223024625156540e-16,0.000000000000000000e+00,9.992007221626408864e-16,0.000000000000000000e+00,0.000000000000000000e+00,0.000000000000000000e+00,0.000000000000000000e+00,0.000000000000000000e+00,0.000000000000000000e+00,0.000000000000000000e+00,0.000000000000000000e+00
3.247158864986284810e-01,2.239539714707237429e-03,7.125096052122098511e-01,4.884957711285593113e-02,-1.487549652178935089e+00,3.440976637345630196e-02,2.975205632614721818e+00,-7.648284126918754311e-02,1.045724504373203856e-01,-3.228375386816957904e-01,-2.592709106292401255e-01,1.957499999999998685e+00,-7.659424831399232192e-02,-2.348999999999995314e+00,1.963633208096451366e-01,6.661338147750939243e-16,6.749999999999999112e+00,4.996003610813204432e-16,-1.110223024625156540e-16,0.000000000000000000e+00,9.992007221626408864e-16,0.000000000000000000e+00,0.000000000000000000e+00,0.000000000000000000e+00,0.000000000000000000e+00,0.000000000000000000e+00,0.000000000000000000e+00,0.000000000000000000e+00,0.000000000000000000e+00
3.257150123032396816e-01,2.344020748390593465e-03,7.121904216160643841e-01,4.859053285566120733e-02,-1.485593863416408533e+00,3.440976637345630196e-02,2.972858686099689951e+00,-7.648284126918754311e-02,1.045724504373203856e-01,-3.160934395005702280e-01,-2.592709106292401255e-01,1.957499999999998685e+00,-7.659424831399232192e-02,-2.348999999999995314e+00,1.963633208096451366e-01,6.661338147750939243e-16,6.749999999999999112e+00,4.996003610813204432e-16,-1.110223024625156540e-16,0.000000000000000000e+00,9.992007221626408864e-16,0.000000000000000000e+00,0.000000000000000000e+00,0.000000000000000000e+00,0.000000000000000000e+00,0.000000000000000000e+00,0.000000000000000000e+00,0.000000000000000000e+00,0.000000000000000000e+00
3.267141381078508267e-01,2.448501782073942996e-03,7.118779762182811943e-01,4.833148859846649742e-02,-1.483638074653882200e+00,3.440976637345630196e-02,2.970511739584658084e+00,-7.648284126918754311e-02,1.045724504373203856e-01,-3.093493403194449987e-01,-2.592709106292401255e-01,1.957499999999998685e+00,-7.659424831399232192e-02,-2.348999999999995314e+00,1.963633208096451366e-01,6.661338147750939243e-16,6.749999999999999112e+00,4.996003610813204432e-16,-1.110223024625156540e-16,0.000000000000000000e+00,9.992007221626408864e-16,0.000000000000000000e+00,0.000000000000000000e+00,0.000000000000000000e+00,0.000000000000000000e+00,0.000000000000000000e+00,0.000000000000000000e+00,0.000000000000000000e+00,0.000000000000000000e+00
3.277132639124619717e-01,2.552982815757292960e-03,7.115722690188602817e-01,4.807244434127178750e-02,-1.481682285891356088e+00,3.440976637345630196e-02,2.968164793069627105e+00,-7.648284126918754311e-02,1.045724504373203856e-01,-3.026052411383198248e-01,-2.592709106292401255e-01,1.957499999999998685e+00,-7.659424831399232192e-02,-2.348999999999995314e+00,1.963633208096451366e-01,6.661338147750939243e-16,6.749999999999999112e+00,4.996003610813204432e-16,-1.110223024625156540e-16,0.000000000000000000e+00,9.992007221626408864e-16,0.000000000000000000e+00,0.000000000000000000e+00,0.000000000000000000e+00,0.000000000000000000e+00,0.000000000000000000e+00,0.000000000000000000e+00,0.000000000000000000e+00,0.000000000000000000e+00
3.287123897170731723e-01,2.657463849440648562e-03,7.112733000178015352e-01,4.781340008407707065e-02,-1.479726497128829532e+00,3.440976637345630196e-02,2.965817846554595238e+00,-7.648284126918754311e-02,1.045724504373203856e-01,-2.958611419571942625e-01,-2.592709106292401255e-01,1.957499999999998685e+00,-7.659424831399232192e-02,-2.348999999999995314e+00,1.963633208096451366e-01,6.661338147750939243e-16,6.749999999999999112e+00,4.996003610813204432e-16,-1.110223024625156540e-16,0.000000000000000000e+00,9.992007221626408864e-16,0.000000000000000000e+00,0.000000000000000000e+00,0.000000000000000000e+00,0.000000000000000000e+00,0.000000000000000000e+00,0.000000000000000000e+00,0.000000000000000000e+00,0.000000000000000000e+00
3.297115155216843174e-01,2.761944883123998527e-03,7.109810692151050660e-01,4.755435582688236074e-02,-1.477770708366303198e+00,3.440976637345630196e-02,2.963470900039563372e+00,-7.648284126918754311e-02,1.045724504373203856e-01,-2.891170427760690331e-01,-2.592709106292401255e-01,1.957499999999998685e+00,-7.659424831399232192e-02,-2.348999999999995314e+00,1.963633208096451366e-01,6.661338147750939243e-16,6.749999999999999112e+00,4.996003610813204432e-16,-1.110223024625156540e-16,0.000000000000000000e+00,9.992007221626408864e-16,0.000000000000000000e+00,0.000000000000000000e+00,0.000000000000000000e+00,0.000000000000000000e+00,0.000000000000000000e+00,0.000000000000000000e+00,0.000000000000000000e+00,0.000000000000000000e+00
3.307106413262954625e-01,2.866425916807348491e-03,7.106955766107708738e-01,4.729531156968765082e-02,-1.475814919603776865e+00,3.440976637345630196e-02,2.961123953524531505e+00,-7.648284126918754311e-02,1.045724504373203856e-01,-2.823729435949438593e-01,-2.592709106292401255e-01,1.957499999999998685e+00,-7.659424831399232192e-02,-2.348999999999995314e+00,1.963633208096451366e-01,6.661338147750939243e-16,6.749999999999999112e+00,4.996003610813204432e-16,-1.110223024625156540e-16,0.000000000000000000e+00,9.992007221626408864e-16,0.000000000000000000e+00,0.000000000000000000e+00,0.000000000000000000e+00,0.000000000000000000e+00,0.000000000000000000e+00,0.000000000000000000e+00,0.000000000000000000e+00,0.000000000000000000e+00
3.317097671309066631e-01,2.970906950490704093e-03,7.104168222047989589e-01,4.703626731249292703e-02,-1.473859130841250309e+00,3.440976637345630196e-02,2.958777007009499638e+00,-7.648284126918754311e-02,1.045724504373203856e-01,-2.756288444138182414e-01,-2.592709106292401255e-01,1.957499999999998685e+00,-7.659424831399232192e-02,-2.348999999999995314e+00,1.963633208096451366e-01,6.661338147750939243e-16,6.749999999999999112e+00,4.996003610813204432e-16,-1.110223024625156540e-16,0.000000000000000000e+00,9.992007221626408864e-16,0.000000000000000000e+00,0.000000000000000000e+00,0.000000000000000000e+00,0.000000000000000000e+00,0.000000000000000000e+00,0.000000000000000000e+00,0.000000000000000000e+00,0.000000000000000000e+00
3.327088929355178082e-01,3.075387984174054058e-03,7.101448059971890991e-01,4.677722305529822405e-02,-1.471903342078724197e+00,3.440976637345630196e-02,2.956430060494468215e+00,-7.648284126918754311e-02,1.045724504373203856e-01,-2.688847452326930676e-01,-2.592709106292401255e-01,1.957499999999998685e+00,-7.659424831399232192e-02,-2.348999999999995314e+00,1.963633208096451366e-01,6.661338147750939243e-16,6.749999999999999112e+00,4.996003610813204432e-16,-1.110223024625156540e-16,0.000000000000000000e+00,9.992007221626408864e-16,0.000000000000000000e+00,0.000000000000000000e+00,0.000000000000000000e+00,0.000000000000000000e+00,0.000000000000000000e+00,0.000000000000000000e+00,0.000000000000000000e+00,0.000000000000000000e+00
3.337080187401289533e-01,3.179869017857404022e-03,7.098795279879416276e-01,4.651817879810351414e-02,-1.469947553316197864e+00,3.440976637345630196e-02,2.954083113979436792e+00,-7.648284126918754311e-02,1.045724504373203856e-01,-2.621406460515678383e-01,-2.592709106292401255e-01,1.957499999999998685e+00,-7.659424831399232192e-02,-2.348999999999995314e+00,1.963633208096451366e-01,6.661338147750939243e-16,6.749999999999999112e+00,4.996003610813204432e-16,-1.110223024625156540e-16,0.000000000000000000e+00,9.992007221626408864e-16,0.000000000000000000e+00,0.000000000000000000e+00,0.000000000000000000e+00,0.000000000000000000e+00,0.000000000000000000e+00,0.000000000000000000e+00,0.000000000000000000e+00,0.000000000000000000e+00
3.347071445447401539e-01,3.284350051540759624e-03,7.096209881770564332e-01,4.625913454090879035e-02,-1.467991764553671308e+00,3.440976637345630196e-02,2.951736167464404925e+00,-7.648284126918754311e-02,1.045724504373203856e-01,-2.553965468704422759e-01,-2.592709106292401255e-01,1.957499999999998685e+00,-7.659424831399232192e-02,-2.348999999999995314e+00,1.963633208096451366e-01,6.661338147750939243e-16,6.749999999999999112e+00,4.996003610813204432e-16,-1.110223024625156540e-16,0.000000000000000000e+00,9.992007221626408864e-16,0.000000000000000000e+00,0.000000000000000000e+00,0.000000000000000000e+00,0.000000000000000000e+00,0.000000000000000000e+00,0.000000000000000000e+00,0.000000000000000000e+00,0.000000000000000000e+00
3.357062703493512990e-01,3.388831085224109588e-03,7.093691865645336270e-01,4.600009028371408043e-02,-1.466035975791145196e+00,3.440976637345630196e-02,2.949389220949373502e+00,-7.648284126918754311e-02,1.045724504373203856e-01,-2.486524476893170466e-01,-2.592709106292401255e-01,1.957499999999998685e+00,-7.659424831399232192e-02,-2.348999999999995314e+00,1.963633208096451366e-01,6.661338147750939243e-16,6.749999999999999112e+00,4.996003610813204432e-16,-1.110223024625156540e-16,0.000000000000000000e+00,9.992007221626408864e-16,0.000000000000000000e+00,0.000000000000000000e+00,0.000000000000000000e+00,0.000000000000000000e+00,0.000000000000000000e+00,0.000000000000000000e+00,0.000000000000000000e+00,0.000000000000000000e+00
3.367053961539624440e-01,3.493312118907459553e-03,7.091241231503727649e-01,4.574104602651937745e-02,-1.464080187028618862e+00,3.440976637345630196e-02,2.947042274434341635e+00,-7.648284126918754311e-02,1.045724504373203856e-01,-2.419083485081918172e-01,-2.592709106292401255e-01,1.957499999999998685e+00,-7.659424831399232192e-02,-2.348999999999995314e+00,1.963633208096451366e-01,6.661338147750939243e-16,6.749999999999999112e+00,4.996003610813204432e-16,-1.110223024625156540e-16,0.000000000000000000e+00,9.992007221626408864e-16,0.000000000000000000e+00,0.000000000000000000e+00,0.000000000000000000e+00,0.000000000000000000e+00,0.000000000000000000e+00,0.000000000000000000e+00,0.000000000000000000e+00,0.000000000000000000e+00
3.377045219585736446e-01,3.597793152590815155e-03,7.088857979345742910e-01,4.548200176932465366e-02,-1.462124398266092307e+00,3.440976637345630196e-02,2.944695327919309769e+00,-7.648284126918754311e-02,1.045724504373203856e-01,-2.351642493270662271e-01,-2.592709106292401255e-01,1.957499999999998685e+00,-7.659424831399232192e-02,-2.348999999999995314e+00,1.963633208096451366e-01,6.661338147750939243e-16,6.749999999999999112e+00,4.996003610813204432e-16,-1.110223024625156540e-16,0.000000000000000000e+00,9.992007221626408864e-16,0.000000000000000000e+00,0.000000000000000000e+00,0.000000000000000000e+00,0.000000000000000000e+00,0.000000000000000000e+00,0.000000000000000000e+00,0.000000000000000000e+00,0.000000000000000000e+00
3.387036477631847897e-01,3.702274186274165119e-03,7.086542109171380943e-01,4.522295751212994375e-02,-1.460168609503565973e+00,3.440976637345630196e-02,2.942348381404278346e+00,-7.648284126918754311e-02,1.045724504373203856e-01,-2.284201501459409978e-01,-2.592709106292401255e-01,1.957499999999998685e+00,-7.659424831399232192e-02,-2.348999999999995314e+00,1.963633208096451366e-01,6.661338147750939243e-16,6.749999999999999112e+00,4.996003610813204432e-16,-1.110223024625156540e-16,0.000000000000000000e+00,9.992007221626408864e-16,0.000000000000000000e+00,0.000000000000000000e+00,0.000000000000000000e+00,0.000000000000000000e+00,0.000000000000000000e+00,0.000000000000000000e+00,0.000000000000000000e+00,0.000000000000000000e+00
3.397027735677959903e-01,3.806755219957520722e-03,7.084293620980641748e-01,4.496391325493521995e-02,-1.458212820741039417e+00,3.440976637345630196e-02,2.940001434889246479e+00,-7.648284126918754311e-02,1.045724504373203856e-01,-2.216760509648154076e-01,-2.592709106292401255e-01,1.957499999999998685e+00,-7.659424831399232192e-02,-2.348999999999995314e+00,1.963633208096451366e-01,6.661338147750939243e-16,6.749999999999999112e+00,4.996003610813204432e-16,-1.110223024625156540e-16,0.000000000000000000e+00,9.992007221626408864e-16,0.000000000000000000e+00,0.000000000000000000e+00,0.000000000000000000e+00,0.000000000000000000e+00,0.000000000000000000e+00,0.000000000000000000e+00,0.000000000000000000e+00,0.000000000000000000e+00
3.407018993724071354e-01,3.911236253640870686e-03,7.082112514773524214e-01,4.470486899774051004e-02,-1.456257031978513306e+00,3.440976637345630196e-02,2.937654488374215056e+00,-7.648284126918754311e-02,1.045724504373203856e-01,-2.149319517836901783e-01,-2.592709106292401255e-01,1.957499999999998685e+00,-7.659424831399232192e-02,-2.348999999999995314e+00,1.963633208096451366e-01,6.661338147750939243e-16,6.749999999999999112e+00,4.996003610813204432e-16,-1.110223024625156540e-16,0.000000000000000000e+00,9.992007221626408864e-16,0.000000000000000000e+00,0.000000000000000000e+00,0.000000000000000000e+00,0.000000000000000000e+00,0.000000000000000000e+00,0.000000000000000000e+00,0.000000000000000000e+00,0.000000000000000000e+00
3.417010251770182805e-01,4.015717287324220217e-03,7.079998790550029453e-01,4.444582474054580706e-02,-1.454301243215986972e+00,3.440976637345630196e-02,2.935307541859183189e+00,-7.648284126918754311e-02,1.045724504373203856e-01,-2.081878526025649490e-01,-2.592709106292401255e-01,1.957499999999998685e+00,-7.659424831399232192e-02,-2.348999999999995314e+00,1.963633208096451366e-01,6.661338147750939243e-16,6.749999999999999112e+00,4.996003610813204432e-16,-1.110223024625156540e-16,0.000000000000000000e+00,9.992007221626408864e-16,0.000000000000000000e+00,0.000000000000000000e+00,0.000000000000000000e+00,0.000000000000000000e+00,0.000000000000000000e+00,0.000000000000000000e+00,0.000000000000000000e+00,0.000000000000000000e+00
3.427001509816294811e-01,4.120198321007575819e-03,7.077952448310157463e-01,4.418678048335108327e-02,-1.452345454453460416e+00,3.440976637345630196e-02,2.932960595344151322e+00,-7.648284126918754311e-02,1.045724504373203856e-01,-2.014437534214393311e-01,-2.592709106292401255e-01,1.957499999999998685e+00,-7.659424831399232192e-02,-2.348999999999995314e+00,1.963633208096451366e-01,6.661338147750939243e-16,6.749999999999999112e+00,4.996003610813204432e-16,-1.110223024625156540e-16,0.000000000000000000e+00,9.992007221626408864e-16,0.000000000000000000e+00,0.000000000000000000e+00,0.000000000000000000e+00,0.000000000000000000e+00,0.000000000000000000e+00,0.000000000000000000e+00,0.000000000000000000e+00,0.000000000000000000e+00
3.436992767862406262e-01,4.224679354690926217e-03,7.075973488053909355e-01,4.392773622615637336e-02,-1.450389665690934304e+00,3.440976637345630196e-02,2.930613648829120343e+00,-7.648284126918754311e-02,1.045724504373203856e-01,-1.946996542403141017e-01,-2.592709106292401255e-01,1.957499999999998685e+00,-7.659424831399232192e-02,-2.348999999999995314e+00,1.963633208096451366e-01,6.661338147750939243e-16,6.749999999999999112e+00,4.996003610813204432e-16,-1.110223024625156540e-16,0.000000000000000000e+00,9.992007221626408864e-16,0.000000000000000000e+00,0.000000000000000000e+00,0.000000000000000000e+00,0.000000000000000000e+00,0.000000000000000000e+00,0.000000000000000000e+00,0.000000000000000000e+00,0.000000000000000000e+00
3.446984025908517713e-01,4.329160388374275747e-03,7.074061909781280688e-01,4.366869196896167038e-02,-1.448433876928407971e+00,3.440976637345630196e-02,2.928266702314088477e+00,-7.648284126918754311e-02,1.045724504373203856e-01,-1.879555550591888724e-01,-2.592709106292401255e-01,1.957499999999998685e+00,-7.659424831399232192e-02,-2.348999999999995314e+00,1.963633208096451366e-01,6.661338147750939243e-16,6.749999999999999112e+00,4.996003610813204432e-16,-1.110223024625156540e-16,0.000000000000000000e+00,9.992007221626408864e-16,0.000000000000000000e+00,0.000000000000000000e+00,0.000000000000000000e+00,0.000000000000000000e+00,0.000000000000000000e+00,0.000000000000000000e+00,0.000000000000000000e+00,0.000000000000000000e+00
3.456975283954629719e-01,4.433641422057631350e-03,7.072217713492275903e-01,4.340964771176694659e-02,-1.446478088165881415e+00,3.440976637345630196e-02,2.925919755799056610e+00,-7.648284126918754311e-02,1.045724504373203856e-01,-1.812114558780632545e-01,-2.592709106292401255e-01,1.957499999999998685e+00,-7.659424831399232192e-02,-2.348999999999995314e+00,1.963633208096451366e-01,6.661338147750939243e-16,6.749999999999999112e+00,4.996003610813204432e-16,-1.110223024625156540e-16,0.000000000000000000e+00,9.992007221626408864e-16,0.000000000000000000e+00,0.000000000000000000e+00,0.000000000000000000e+00,0.000000000000000000e+00,0.000000000000000000e+00,0.000000000000000000e+00,0.000000000000000000e+00,0.000000000000000000e+00
3.466966542000741169e-01,4.538122455740981748e-03,7.070440899186893891e-01,4.315060345457223667e-02,-1.444522299403355081e+00,3.440976637345630196e-02,2.923572809284024743e+00,-7.648284126918754311e-02,1.045724504373203856e-01,-1.744673566969380252e-01,-2.592709106292401255e-01,1.957499999999998685e+00,-7.659424831399232192e-02,-2.348999999999995314e+00,1.963633208096451366e-01,6.661338147750939243e-16,6.749999999999999112e+00,4.996003610813204432e-16,-1.110223024625156540e-16,0.000000000000000000e+00,9.992007221626408864e-16,0.000000000000000000e+00,0.000000000000000000e+00,0.000000000000000000e+00,0.000000000000000000e+00,0.000000000000000000e+00,0.000000000000000000e+00,0.000000000000000000e+00,0.000000000000000000e+00
3.476957800046852620e-01,4.642603489424331278e-03,7.068731466865135760e-01,4.289155919737752676e-02,-1.442566510640828747e+00,3.440976637345630196e-02,2.921225862768993320e+00,-7.648284126918754311e-02,1.045724504373203856e-01,-1.677232575158127958e-01,-2.592709106292401255e-01,1.957499999999998685e+00,-7.659424831399232192e-02,-2.348999999999995314e+00,1.963633208096451366e-01,6.661338147750939243e-16,6.749999999999999112e+00,4.996003610813204432e-16,-1.110223024625156540e-16,0.000000000000000000e+00,9.992007221626408864e-16,0.000000000000000000e+00,0.000000000000000000e+00,0.000000000000000000e+00,0.000000000000000000e+00,0.000000000000000000e+00,0.000000000000000000e+00,0.000000000000000000e+00,0.000000000000000000e+00
3.486949058092964626e-01,4.747084523107686881e-03,7.067089416526998180e-01,4.263251494018280296e-02,-1.440610721878302414e+00,3.440976637345630196e-02,2.918878916253961453e+00,-7.648284126918754311e-02,1.045724504373203856e-01,-1.609791583346872057e-01,-2.592709106292401255e-01,1.957499999999998685e+00,-7.659424831399232192e-02,-2.348999999999995314e+00,1.963633208096451366e-01,6.661338147750939243e-16,6.749999999999999112e+00,4.996003610813204432e-16,-1.110223024625156540e-16,0.000000000000000000e+00,9.992007221626408864e-16,0.000000000000000000e+00,0.000000000000000000e+00,0.000000000000000000e+00,0.000000000000000000e+00,0.000000000000000000e+00,0.000000000000000000e+00,0.000000000000000000e+00,0.000000000000000000e+00
3.496940316139076077e-01,4.851565556791037279e-03,7.065514748172483372e-01,4.237347068298809999e-02,-1.438654933115776080e+00,3.440976637345630196e-02,2.916531969738930030e+00,-7.648284126918754311e-02,1.045724504373203856e-01,-1.542350591535619764e-01,-2.592709106292401255e-01,1.957499999999998685e+00,-7.659424831399232192e-02,-2.348999999999995314e+00,1.963633208096451366e-01,6.661338147750939243e-16,6.749999999999999112e+00,4.996003610813204432e-16,-1.110223024625156540e-16,0.000000000000000000e+00,9.992007221626408864e-16,0.000000000000000000e+00,0.000000000000000000e+00,0.000000000000000000e+00,0.000000000000000000e+00,0.000000000000000000e+00,0.000000000000000000e+00,0.000000000000000000e+00,0.000000000000000000e+00
3.506931574185187528e-01,4.956046590474386809e-03,7.064007461801591337e-01,4.211442642579339007e-02,-1.436699144353249746e+00,3.440976637345630196e-02,2.914185023223898163e+00,-7.648284126918754311e-02,1.045724504373203856e-01,-1.474909599724367470e-01,-2.592709106292401255e-01,1.957499999999998685e+00,-7.659424831399232192e-02,-2.348999999999995314e+00,1.963633208096451366e-01,6.661338147750939243e-16,6.749999999999999112e+00,4.996003610813204432e-16,-1.110223024625156540e-16,0.000000000000000000e+00,9.992007221626408864e-16,0.000000000000000000e+00,0.000000000000000000e+00,0.000000000000000000e+00,0.000000000000000000e+00,0.000000000000000000e+00,0.000000000000000000e+00,0.000000000000000000e+00,0.000000000000000000e+00
3.516922832231299534e-01,5.060527624157742412e-03,7.062567557414322073e-01,4.185538216859866628e-02,-1.434743355590723413e+00,3.440976637345630196e-02,2.911838076708866740e+00,-7.648284126918754311e-02,1.045724504373203856e-01,-1.407468607913111569e-01,-2.592709106292401255e-01,1.957499999999998685e+00,-7.659424831399232192e-02,-2.348999999999995314e+00,1.963633208096451366e-01,6.661338147750939243e-16,6.749999999999999112e+00,4.996003610813204432e-16,-1.110223024625156540e-16,0.000000000000000000e+00,9.992007221626408864e-16,0.000000000000000000e+00,0.000000000000000000e+00,0.000000000000000000e+00,0.000000000000000000e+00,0.000000000000000000e+00,0.000000000000000000e+00,0.000000000000000000e+00,0.000000000000000000e+00
3.526914090277410985e-01,5.165008657841092810e-03,7.061195035010674470e-01,4.159633791140395637e-02,-1.432787566828197079e+00,3.440976637345630196e-02,2.909491130193834874e+00,-7.648284126918754311e-02,1.045724504373203856e-01,-1.340027616101859276e-01,-2.592709106292401255e-01,1.957499999999998685e+00,-7.659424831399232192e-02,-2.348999999999995314e+00,1.963633208096451366e-01,6.661338147750939243e-16,6.749999999999999112e+00,4.996003610813204432e-16,-1.110223024625156540e-16,0.000000000000000000e+00,9.992007221626408864e-16,0.000000000000000000e+00,0.000000000000000000e+00,0.000000000000000000e+00,0.000000000000000000e+00,0.000000000000000000e+00,0.000000000000000000e+00,0.000000000000000000e+00,0.000000000000000000e+00
3.536905348323522436e-01,5.269489691524442340e-03,7.059889894590649639e-01,4.133729365420925339e-02,-1.430831778065670745e+00,3.440976637345630196e-02,2.907144183678803451e+00,-7.648284126918754311e-02,1.045724504373203856e-01,-1.272586624290606983e-01,-2.592709106292401255e-01,1.957499999999998685e+00,-7.659424831399232192e-02,-2.348999999999995314e+00,1.963633208096451366e-01,6.661338147750939243e-16,6.749999999999999112e+00,4.996003610813204432e-16,-1.110223024625156540e-16,0.000000000000000000e+00,9.992007221626408864e-16,0.000000000000000000e+00,0.000000000000000000e+00,0.000000000000000000e+00,0.000000000000000000e+00,0.000000000000000000e+00,0.000000000000000000e+00,0.000000000000000000e+00,0.000000000000000000e+00
3.546896606369634442e-01,5.373970725207797942e-03,7.058652136154247581e-01,4.107824939701452960e-02,-1.428875989303144411e+00,3.440976637345630196e-02,2.904797237163771584e+00,-7.648284126918754311e-02,1.045724504373203856e-01,-1.205145632479350803e-01,-2.592709106292401255e-01,1.957499999999998685e+00,-7.659424831399232192e-02,-2.348999999999995314e+00,1.963633208096451366e-01,6.661338147750939243e-16,6.749999999999999112e+00,4.996003610813204432e-16,-1.110223024625156540e-16,0.000000000000000000e+00,9.992007221626408864e-16,0.000000000000000000e+00,0.000000000000000000e+00,0.000000000000000000e+00,0.000000000000000000e+00,0.000000000000000000e+00,0.000000000000000000e+00,0.000000000000000000e+00,0.000000000000000000e+00
3.556887864415745892e-01,5.478451758891148340e-03,7.057481759701469404e-01,4.081920513981981968e-02,-1.426920200540618300e+00,3.440976637345630196e-02,2.902450290648739717e+00,-7.648284126918754311e-02,1.045724504373203856e-01,-1.137704640668098510e-01,-2.592709106292401255e-01,1.957499999999998685e+00,-7.659424831399232192e-02,-2.348999999999995314e+00,1.963633208096451366e-01,6.661338147750939243e-16,6.749999999999999112e+00,4.996003610813204432e-16,-1.110223024625156540e-16,0.000000000000000000e+00,9.992007221626408864e-16,0.000000000000000000e+00,0.000000000000000000e+00,0.000000000000000000e+00,0.000000000000000000e+00,0.000000000000000000e+00,0.000000000000000000e+00,0.000000000000000000e+00,0.000000000000000000e+00
3.566879122461857898e-01,5.582932792574503943e-03,7.056378765232311778e-01,4.056016088262509589e-02,-1.424964411778091966e+00,3.440976637345630196e-02,2.900103344133708294e+00,-7.648284126918754311e-02,1.045724504373203856e-01,-1.070263648856842470e-01,-2.592709106292401255e-01,1.957499999999998685e+00,-7.659424831399232192e-02,-2.348999999999995314e+00,1.963633208096451366e-01,6.661338147750939243e-16,6.749999999999999112e+00,4.996003610813204432e-16,-1.110223024625156540e-16,0.000000000000000000e+00,9.992007221626408864e-16,0.000000000000000000e+00,0.000000000000000000e+00,0.000000000000000000e+00,0.000000000000000000e+00,0.000000000000000000e+00,0.000000000000000000e+00,0.000000000000000000e+00,0.000000000000000000e+00
3.576870380507969349e-01,5.687413826257853473e-03,7.055343152746776925e-01,4.030111662543039291e-02,-1.423008623015565632e+00,3.440976637345630196e-02,2.897756397618676427e+00,-7.648284126918754311e-02,1.045724504373203856e-01,-1.002822657045590177e-01,-2.592709106292401255e-01,1.957499999999998685e+00,-7.659424831399232192e-02,-2.348999999999995314e+00,1.963633208096451366e-01,6.661338147750939243e-16,6.749999999999999112e+00,4.996003610813204432e-16,-1.110223024625156540e-16,0.000000000000000000e+00,9.992007221626408864e-16,0.000000000000000000e+00,0.000000000000000000e+00,0.000000000000000000e+00,0.000000000000000000e+00,0.000000000000000000e+00,0.000000000000000000e+00,0.000000000000000000e+00,0.000000000000000000e+00
3.586861638554080800e-01,5.791894859941203871e-03,7.054374922244864843e-01,4.004207236823568300e-02,-1.421052834253039299e+00,3.440976637345630196e-02,2.895409451103645004e+00,-7.648284126918754311e-02,1.045724504373203856e-01,-9.353816652343378835e-02,-2.592709106292401255e-01,1.957499999999998685e+00,-7.659424831399232192e-02,-2.348999999999995314e+00,1.963633208096451366e-01,6.661338147750939243e-16,6.749999999999999112e+00,4.996003610813204432e-16,-1.110223024625156540e-16,0.000000000000000000e+00,9.992007221626408864e-16,0.000000000000000000e+00,0.000000000000000000e+00,0.000000000000000000e+00,0.000000000000000000e+00,0.000000000000000000e+00,0.000000000000000000e+00,0.000000000000000000e+00,0.000000000000000000e+00
3.596852896600192806e-01,5.896375893624559474e-03,7.053474073726576643e-01,3.978302811104095921e-02,-1.419097045490512965e+00,3.440976637345630196e-02,2.893062504588613582e+00,-7.648284126918754311e-02,1.045724504373203856e-01,-8.679406734230818432e-02,-2.592709106292401255e-01,1.957499999999998685e+00,-7.659424831399232192e-02,-2.348999999999995314e+00,1.963633208096451366e-01,6.661338147750939243e-16,6.749999999999999112e+00,4.996003610813204432e-16,-1.110223024625156540e-16,0.000000000000000000e+00,9.992007221626408864e-16,0.000000000000000000e+00,0.000000000000000000e+00,0.000000000000000000e+00,0.000000000000000000e+00,0.000000000000000000e+00,0.000000000000000000e+00,0.000000000000000000e+00,0.000000000000000000e+00
3.606844154646304257e-01,6.000856927307909004e-03,7.052640607191908995e-01,3.952398385384624929e-02,-1.417141256727986853e+00,3.440976637345630196e-02,2.890715558073581715e+00,-7.648284126918754311e-02,1.045724504373203856e-01,-8.004996816118295500e-02,-2.592709106292401255e-01,1.957499999999998685e+00,-7.659424831399232192e-02,-2.348999999999995314e+00,1.963633208096451366e-01,6.661338147750939243e-16,6.749999999999999112e+00,4.996003610813204432e-16,-1.110223024625156540e-16,0.000000000000000000e+00,9.992007221626408864e-16,0.000000000000000000e+00,0.000000000000000000e+00,0.000000000000000000e+00,0.000000000000000000e+00,0.000000000000000000e+00,0.000000000000000000e+00,0.000000000000000000e+00,0.000000000000000000e+00
3.616835412692415708e-01,6.105337960991258535e-03,7.051874522640864118e-01,3.926493959665154632e-02,-1.415185467965460298e+00,3.440976637345630196e-02,2.888368611558549848e+00,-7.648284126918754311e-02,1.045724504373203856e-01,-7.330586898005772567e-02,-2.592709106292401255e-01,1.957499999999998685e+00,-7.659424831399232192e-02,-2.348999999999995314e+00,1.963633208096451366e-01,6.661338147750939243e-16,6.749999999999999112e+00,4.996003610813204432e-16,-1.110223024625156540e-16,0.000000000000000000e+00,9.992007221626408864e-16,0.000000000000000000e+00,0.000000000000000000e+00,0.000000000000000000e+00,0.000000000000000000e+00,0.000000000000000000e+00,0.000000000000000000e+00,0.000000000000000000e+00,0.000000000000000000e+00
3.626826670738527714e-01,6.209818994674615004e-03,7.051175820073442013e-01,3.900589533945682252e-02,-1.413229679202933964e+00,3.440976637345630196e-02,2.886021665043517981e+00,-7.648284126918754311e-02,1.045724504373203856e-01,-6.656176979893212164e-02,-2.592709106292401255e-01,1.957499999999998685e+00,-7.659424831399232192e-02,-2.348999999999995314e+00,1.963633208096451366e-01,6.661338147750939243e-16,6.749999999999999112e+00,4.996003610813204432e-16,-1.110223024625156540e-16,0.000000000000000000e+00,9.992007221626408864e-16,0.000000000000000000e+00,0.000000000000000000e+00,0.000000000000000000e+00,0.000000000000000000e+00,0.000000000000000000e+00,0.000000000000000000e+00,0.000000000000000000e+00,0.000000000000000000e+00
3.636817928784639165e-01,6.314300028357964535e-03,7.050544499489643790e-01,3.874685108226211261e-02,-1.411273890440407852e+00,3.440976637345630196e-02,2.883674718528486558e+00,-7.648284126918754311e-02,1.045724504373203856e-01,-5.981767061780689926e-02,-2.592709106292401255e-01,1.957499999999998685e+00,-7.659424831399232192e-02,-2.348999999999995314e+00,1.963633208096451366e-01,6.661338147750939243e-16,6.749999999999999112e+00,4.996003610813204432e-16,-1.110223024625156540e-16,0.000000000000000000e+00,9.992007221626408864e-16,0.000000000000000000e+00,0.000000000000000000e+00,0.000000000000000000e+00,0.000000000000000000e+00,0.000000000000000000e+00,0.000000000000000000e+00,0.000000000000000000e+00,0.000000000000000000e+00
3.646809186830750615e-01,6.418781062041314066e-03,7.049980560889466119e-01,3.848780682506740269e-02,-1.409318101677881518e+00,3.440976637345630196e-02,2.881327772013455135e+00,-7.648284126918754311e-02,1.045724504373203856e-01,-5.307357143668167687e-02,-2.592709106292401255e-01,1.957499999999998685e+00,-7.659424831399232192e-02,-2.348999999999995314e+00,1.963633208096451366e-01,6.661338147750939243e-16,6.749999999999999112e+00,4.996003610813204432e-16,-1.110223024625156540e-16,0.000000000000000000e+00,9.992007221626408864e-16,0.000000000000000000e+00,0.000000000000000000e+00,0.000000000000000000e+00,0.000000000000000000e+00,0.000000000000000000e+00,0.000000000000000000e+00,0.000000000000000000e+00,0.000000000000000000e+00
3.656800444876862621e-01,6.523262095724670535e-03,7.049484004272911220e-01,3.822876256787268584e-02,-1.407362312915355185e+00,3.440976637345630196e-02,2.878980825498423268e+00,-7.648284126918754311e-02,1.045724504373203856e-01,-4.632947225555607978e-02,-2.592709106292401255e-01,1.957499999999998685e+00,-7.659424831399232192e-02,-2.348999999999995314e+00,1.963633208096451366e-01,6.661338147750939243e-16,6.749999999999999112e+00,4.996003610813204432e-16,-1.110223024625156540e-16,0.000000000000000000e+00,9.992007221626408864e-16,0.000000000000000000e+00,0.000000000000000000e+00,0.000000000000000000e+00,0.000000000000000000e+00,0.000000000000000000e+00,0.000000000000000000e+00,0.000000000000000000e+00,0.000000000000000000e+00
3.666791702922974072e-01,6.627743129408020066e-03,7.049054829639979092e-01,3.796971831067797593e-02,-1.405406524152828851e+00,3.440976637345630196e-02,2.876633878983391401e+00,-7.648284126918754311e-02,1.045724504373203856e-01,-3.958537307443085740e-02,-2.592709106292401255e-01,1.957499999999998685e+00,-7.659424831399232192e-02,-2.348999999999995314e+00,1.963633208096451366e-01,6.661338147750939243e-16,6.749999999999999112e+00,4.996003610813204432e-16,-1.110223024625156540e-16,0.000000000000000000e+00,9.992007221626408864e-16,0.000000000000000000e+00,0.000000000000000000e+00,0.000000000000000000e+00,0.000000000000000000e+00,0.000000000000000000e+00,0.000000000000000000e+00,0.000000000000000000e+00,0.000000000000000000e+00
3.676782960969085523e-01,6.732224163091369597e-03,7.048693036990670846e-01,3.771067405348326601e-02,-1.403450735390302739e+00,3.440976637345630196e-02,2.874286932468359979e+00,-7.648284126918754311e-02,1.045724504373203856e-01,-3.284127389330563501e-02,-2.592709106292401255e-01,1.957499999999998685e+00,-7.659424831399232192e-02,-2.348999999999995314e+00,1.963633208096451366e-01,6.661338147750939243e-16,6.749999999999999112e+00,4.996003610813204432e-16,-1.110223024625156540e-16,0.000000000000000000e+00,9.992007221626408864e-16,0.000000000000000000e+00,0.000000000000000000e+00,0.000000000000000000e+00,0.000000000000000000e+00,0.000000000000000000e+00,0.000000000000000000e+00,0.000000000000000000e+00,0.000000000000000000e+00
3.686774219015197529e-01,6.836705196774725199e-03,7.048398626324983152e-01,3.745162979628854222e-02,-1.401494946627776406e+00,3.440976637345630196e-02,2.871939985953328112e+00,-7.648284126918754311e-02,1.045724504373203856e-01,-2.609717471218003793e-02,-2.592709106292401255e-01,1.957499999999998685e+00,-7.659424831399232192e-02,-2.348999999999995314e+00,1.963633208096451366e-01,6.661338147750939243e-16,6.749999999999999112e+00,4.996003610813204432e-16,-1.110223024625156540e-16,0.000000000000000000e+00,9.992007221626408864e-16,0.000000000000000000e+00,0.000000000000000000e+00,0.000000000000000000e+00,0.000000000000000000e+00,0.000000000000000000e+00,0.000000000000000000e+00,0.000000000000000000e+00,0.000000000000000000e+00
3.696765477061308980e-01,6.941186230458075597e-03,7.048171597642918229e-01,3.719258553909383924e-02,-1.399539157865250072e+00,3.440976637345630196e-02,2.869593039438296689e+00,-7.648284126918754311e-02,1.045724504373203856e-01,-1.935307553105481554e-02,-2.592709106292401255e-01,1.957499999999998685e+00,-7.659424831399232192e-02,-2.348999999999995314e+00,1.963633208096451366e-01,6.661338147750939243e-16,6.749999999999999112e+00,4.996003610813204432e-16,-1.110223024625156540e-16,0.000000000000000000e+00,9.992007221626408864e-16,0.000000000000000000e+00,0.000000000000000000e+00,0.000000000000000000e+00,0.000000000000000000e+00,0.000000000000000000e+00,0.000000000000000000e+00,0.000000000000000000e+00,0.000000000000000000e+00
3.706756735107420431e-01,7.045667264141425128e-03,7.048011950944476078e-01,3.693354128189912933e-02,-1.397583369102723738e+00,3.440976637345630196e-02,2.867246092923264822e+00,-7.648284126918754311e-02,1.045724504373203856e-01,-1.260897634992959315e-02,-2.592709106292401255e-01,1.957499999999998685e+00,-7.659424831399232192e-02,-2.348999999999995314e+00,1.963633208096451366e-01,6.661338147750939243e-16,6.749999999999999112e+00,4.996003610813204432e-16,-1.110223024625156540e-16,0.000000000000000000e+00,9.992007221626408864e-16,0.000000000000000000e+00,0.000000000000000000e+00,0.000000000000000000e+00,0.000000000000000000e+00,0.000000000000000000e+00,0.000000000000000000e+00,0.000000000000000000e+00,0.000000000000000000e+00
3.716747993153532437e-01,7.150148297824780730e-03,7.047919686229657810e-01,3.667449702470440553e-02,-1.395627580340197404e+00,3.440976637345630196e-02,2.864899146408232955e+00,-7.648284126918754311e-02,1.045724504373203856e-01,-5.864877168803995199e-03,-2.592709106292401255e-01,1.957499999999998685e+00,-7.659424831399232192e-02,-2.348999999999995314e+00,1.963633208096451366e-01,6.661338147750939243e-16,6.749999999999999112e+00,4.996003610813204432e-16,-1.110223024625156540e-16,0.000000000000000000e+00,9.992007221626408864e-16,0.000000000000000000e+00,0.000000000000000000e+00,0.000000000000000000e+00,0.000000000000000000e+00,0.000000000000000000e+00,0.000000000000000000e+00,0.000000000000000000e+00,0.000000000000000000e+00
3.726739251199643888e-01,7.254629331508131128e-03,7.047894803498460092e-01,3.641545276750969562e-02,-1.393671791577671293e+00,3.440976637345630196e-02,2.862552199893201532e+00,-7.648284126918754311e-02,1.045724504373203856e-01,8.792220123212271879e-04,-2.592709106292401255e-01,1.957499999999998685e+00,-7.659424831399232192e-02,-2.348999999999995314e+00,1.963633208096451366e-01,6.661338147750939243e-16,6.749999999999999112e+00,4.996003610813204432e-16,-1.110223024625156540e-16,0.000000000000000000e+00,9.992007221626408864e-16,0.000000000000000000e+00,0.000000000000000000e+00,0.000000000000000000e+00,0.000000000000000000e+00,0.000000000000000000e+00,0.000000000000000000e+00,0.000000000000000000e+00,0.000000000000000000e+00
3.736730509245755338e-01,7.359110365191480659e-03,7.047937302750885147e-01,3.615640851031499264e-02,-1.391716002815144737e+00,3.440976637345630196e-02,2.860205253378170109e+00,-7.648284126918754311e-02,1.045724504373203856e-01,7.623321193446449574e-03,-2.592709106292401255e-01,1.957499999999998685e+00,-7.659424831399232192e-02,-2.348999999999995314e+00,1.963633208096451366e-01,6.661338147750939243e-16,6.749999999999999112e+00,4.996003610813204432e-16,-1.110223024625156540e-16,0.000000000000000000e+00,9.992007221626408864e-16,0.000000000000000000e+00,0.000000000000000000e+00,0.000000000000000000e+00,0.000000000000000000e+00,0.000000000000000000e+00,0.000000000000000000e+00,0.000000000000000000e+00,0.000000000000000000e+00
3.746721767291867344e-01,7.463591398874836261e-03,7.048047183986932973e-01,3.589736425312026885e-02,-1.389760214052618403e+00,3.440976637345630196e-02,2.857858306863138242e+00,-7.648284126918754311e-02,1.045724504373203856e-01,1.436742037457204579e-02,-2.592709106292401255e-01,1.957499999999998685e+00,-7.659424831399232192e-02,-2.348999999999995314e+00,1.963633208096451366e-01,6.661338147750939243e-16,6.749999999999999112e+00,4.996003610813204432e-16,-1.110223024625156540e-16,0.000000000000000000e+00,9.992007221626408864e-16,0.000000000000000000e+00,0.000000000000000000e+00,0.000000000000000000e+00,0.000000000000000000e+00,0.000000000000000000e+00,0.000000000000000000e+00,0.000000000000000000e+00,0.000000000000000000e+00
3.756713025337978795e-01,7.568072432558186659e-03,7.048224447206604681e-01,3.563831999592555894e-02,-1.387804425290092292e+00,3.440976637345630196e-02,2.855511360348106820e+00,-7.648284126918754311e-02,1.045724504373203856e-01,2.111151955569726818e-02,-2.592709106292401255e-01,1.957499999999998685e+00,-7.659424831399232192e-02,-2.348999999999995314e+00,1.963633208096451366e-01,6.661338147750939243e-16,6.749999999999999112e+00,4.996003610813204432e-16,-1.110223024625156540e-16,0.000000000000000000e+00,9.992007221626408864e-16,0.000000000000000000e+00,0.000000000000000000e+00,0.000000000000000000e+00,0.000000000000000000e+00,0.000000000000000000e+00,0.000000000000000000e+00,0.000000000000000000e+00,0.000000000000000000e+00
3.766704283384090801e-01,7.672553466241542261e-03,7.048469092409896941e-01,3.537927573873083514e-02,-1.385848636527565958e+00,3.440976637345630196e-02,2.853164413833074953e+00,-7.648284126918754311e-02,1.045724504373203856e-01,2.785561873682286527e-02,-2.592709106292401255e-01,1.957499999999998685e+00,-7.659424831399232192e-02,-2.348999999999995314e+00,1.963633208096451366e-01,6.661338147750939243e-16,6.749999999999999112e+00,4.996003610813204432e-16,-1.110223024625156540e-16,0.000000000000000000e+00,9.992007221626408864e-16,0.000000000000000000e+00,0.000000000000000000e+00,0.000000000000000000e+00,0.000000000000000000e+00,0.000000000000000000e+00,0.000000000000000000e+00,0.000000000000000000e+00,0.000000000000000000e+00
3.776695541430202252e-01,7.777034499924891792e-03,7.048781119596813083e-01,3.512023148153613217e-02,-1.383892847765039624e+00,3.440976637345630196e-02,2.850817467318043086e+00,-7.648284126918754311e-02,1.045724504373203856e-01,3.459971791794808765e-02,-2.592709106292401255e-01,1.957499999999998685e+00,-7.659424831399232192e-02,-2.348999999999995314e+00,1.963633208096451366e-01,6.661338147750939243e-16,6.749999999999999112e+00,4.996003610813204432e-16,-1.110223024625156540e-16,0.000000000000000000e+00,9.992007221626408864e-16,0.000000000000000000e+00,0.000000000000000000e+00,0.000000000000000000e+00,0.000000000000000000e+00,0.000000000000000000e+00,0.000000000000000000e+00,0.000000000000000000e+00,0.000000000000000000e+00
3.786686799476313703e-01,7.881515533608241322e-03,7.049160528767350886e-01,3.486118722434142225e-02,-1.381937059002513291e+00,3.440976637345630196e-02,2.848470520803011219e+00,-7.648284126918754311e-02,1.045724504373203856e-01,4.134381709907331004e-02,-2.592709106292401255e-01,1.957499999999998685e+00,-7.659424831399232192e-02,-2.348999999999995314e+00,1.963633208096451366e-01,6.661338147750939243e-16,6.749999999999999112e+00,4.996003610813204432e-16,-1.110223024625156540e-16,0.000000000000000000e+00,9.992007221626408864e-16,0.000000000000000000e+00,0.000000000000000000e+00,0.000000000000000000e+00,0.000000000000000000e+00,0.000000000000000000e+00,0.000000000000000000e+00,0.000000000000000000e+00,0.000000000000000000e+00
3.796678057522425709e-01,7.985996567291597792e-03,7.049607319921512572e-01,3.460214296714669846e-02,-1.379981270239987179e+00,3.440976637345630196e-02,2.846123574287979796e+00,-7.648284126918754311e-02,1.045724504373203856e-01,4.808791628019890713e-02,-2.592709106292401255e-01,1.957499999999998685e+00,-7.659424831399232192e-02,-2.348999999999995314e+00,1.963633208096451366e-01,6.661338147750939243e-16,6.749999999999999112e+00,4.996003610813204432e-16,-1.110223024625156540e-16,0.000000000000000000e+00,9.992007221626408864e-16,0.000000000000000000e+00,0.000000000000000000e+00,0.000000000000000000e+00,0.000000000000000000e+00,0.000000000000000000e+00,0.000000000000000000e+00,0.000000000000000000e+00,0.000000000000000000e+00
3.806669315568537160e-01,8.090477600974947323e-03,7.050121493059294808e-01,3.434309870995198855e-02,-1.378025481477460845e+00,3.440976637345630196e-02,2.843776627772948373e+00,-7.648284126918754311e-02,1.045724504373203856e-01,5.483201546132412951e-02,-2.592709106292401255e-01,1.957499999999998685e+00,-7.659424831399232192e-02,-2.348999999999995314e+00,1.963633208096451366e-01,6.661338147750939243e-16,6.749999999999999112e+00,4.996003610813204432e-16,-1.110223024625156540e-16,0.000000000000000000e+00,9.992007221626408864e-16,0.000000000000000000e+00,0.000000000000000000e+00,0.000000000000000000e+00,0.000000000000000000e+00,0.000000000000000000e+00,0.000000000000000000e+00,0.000000000000000000e+00,0.000000000000000000e+00
3.816660573614648611e-01,8.194958634658296853e-03,7.050703048180699817e-01,3.408405445275728557e-02,-1.376069692714934511e+00,3.440976637345630196e-02,2.841429681257916506e+00,-7.648284126918754311e-02,1.045724504373203856e-01,6.157611464244935190e-02,-2.592709106292401255e-01,1.957499999999998685e+00,-7.659424831399232192e-02,-2.348999999999995314e+00,1.963633208096451366e-01,6.661338147750939243e-16,6.749999999999999112e+00,4.996003610813204432e-16,-1.110223024625156540e-16,0.000000000000000000e+00,9.992007221626408864e-16,0.000000000000000000e+00,0.000000000000000000e+00,0.000000000000000000e+00,0.000000000000000000e+00,0.000000000000000000e+00,0.000000000000000000e+00,0.000000000000000000e+00,0.000000000000000000e+00
3.826651831660760616e-01,8.299439668341653323e-03,7.051351985285728707e-01,3.382501019556256178e-02,-1.374113903952408178e+00,3.440976637345630196e-02,2.839082734742884639e+00,-7.648284126918754311e-02,1.045724504373203856e-01,6.832021382357494899e-02,-2.592709106292401255e-01,1.957499999999998685e+00,-7.659424831399232192e-02,-2.348999999999995314e+00,1.963633208096451366e-01,6.661338147750939243e-16,6.749999999999999112e+00,4.996003610813204432e-16,-1.110223024625156540e-16,0.000000000000000000e+00,9.992007221626408864e-16,0.000000000000000000e+00,0.000000000000000000e+00,0.000000000000000000e+00,0.000000000000000000e+00,0.000000000000000000e+00,0.000000000000000000e+00,0.000000000000000000e+00,0.000000000000000000e+00
3.836643089706872067e-01,8.403920702025002853e-03,7.052068304374379260e-01,3.356596593836785186e-02,-1.372158115189881844e+00,3.440976637345630196e-02,2.836735788227853217e+00,-7.648284126918754311e-02,1.045724504373203856e-01,7.506431300470017831e-02,-2.592709106292401255e-01,1.957499999999998685e+00,-7.659424831399232192e-02,-2.348999999999995314e+00,1.963633208096451366e-01,6.661338147750939243e-16,6.749999999999999112e+00,4.996003610813204432e-16,-1.110223024625156540e-16,0.000000000000000000e+00,9.992007221626408864e-16,0.000000000000000000e+00,0.000000000000000000e+00,0.000000000000000000e+00,0.000000000000000000e+00,0.000000000000000000e+00,0.000000000000000000e+00,0.000000000000000000e+00,0.000000000000000000e+00
3.846634347752983518e-01,8.508401735708352384e-03,7.052852005446652583e-01,3.330692168117314195e-02,-1.370202326427355732e+00,3.440976637345630196e-02,2.834388841712821794e+00,-7.648284126918754311e-02,1.045724504373203856e-01,8.180841218582540764e-02,-2.592709106292401255e-01,1.957499999999998685e+00,-7.659424831399232192e-02,-2.348999999999995314e+00,1.963633208096451366e-01,6.661338147750939243e-16,6.749999999999999112e+00,4.996003610813204432e-16,-1.110223024625156540e-16,0.000000000000000000e+00,9.992007221626408864e-16,0.000000000000000000e+00,0.000000000000000000e+00,0.000000000000000000e+00,0.000000000000000000e+00,0.000000000000000000e+00,0.000000000000000000e+00,0.000000000000000000e+00,0.000000000000000000e+00
3.856625605799095524e-01,8.612882769391708854e-03,7.053703088502547569e-01,3.304787742397842509e-02,-1.368246537664829177e+00,3.440976637345630196e-02,2.832041895197789927e+00,-7.648284126918754311e-02,1.045724504373203856e-01,8.855251136695101166e-02,-2.592709106292401255e-01,1.957499999999998685e+00,-7.659424831399232192e-02,-2.348999999999995314e+00,1.963633208096451366e-01,6.661338147750939243e-16,6.749999999999999112e+00,4.996003610813204432e-16,-1.110223024625156540e-16,0.000000000000000000e+00,9.992007221626408864e-16,0.000000000000000000e+00,0.000000000000000000e+00,0.000000000000000000e+00,0.000000000000000000e+00,0.000000000000000000e+00,0.000000000000000000e+00,0.000000000000000000e+00,0.000000000000000000e+00
3.866616863845206975e-01,8.717363803075058384e-03,7.054621553542065326e-01,3.278883316678371518e-02,-1.366290748902302843e+00,3.440976637345630196e-02,2.829694948682758060e+00,-7.648284126918754311e-02,1.045724504373203856e-01,9.529661054807624099e-02,-2.592709106292401255e-01,1.957499999999998685e+00,-7.659424831399232192e-02,-2.348999999999995314e+00,1.963633208096451366e-01,6.661338147750939243e-16,6.749999999999999112e+00,4.996003610813204432e-16,-1.110223024625156540e-16,0.000000000000000000e+00,9.992007221626408864e-16,0.000000000000000000e+00,0.000000000000000000e+00,0.000000000000000000e+00,0.000000000000000000e+00,0.000000000000000000e+00,0.000000000000000000e+00,0.000000000000000000e+00,0.000000000000000000e+00
3.876608121891318426e-01,8.821844836758407915e-03,7.055607400565206966e-01,3.252978890958900526e-02,-1.364334960139776731e+00,3.440976637345630196e-02,2.827348002167726193e+00,-7.648284126918754311e-02,1.045724504373203856e-01,1.020407097292014703e-01,-2.592709106292401255e-01,1.957499999999998685e+00,-7.659424831399232192e-02,-2.348999999999995314e+00,1.963633208096451366e-01,6.661338147750939243e-16,6.749999999999999112e+00,4.996003610813204432e-16,-1.110223024625156540e-16,0.000000000000000000e+00,9.992007221626408864e-16,0.000000000000000000e+00,0.000000000000000000e+00,0.000000000000000000e+00,0.000000000000000000e+00,0.000000000000000000e+00,0.000000000000000000e+00,0.000000000000000000e+00,0.000000000000000000e+00
3.886599379937430432e-01,8.926325870441764385e-03,7.056660629571969157e-01,3.227074465239428147e-02,-1.362379171377250398e+00,3.440976637345630196e-02,2.825001055652694770e+00,-7.648284126918754311e-02,1.045724504373203856e-01,1.087848089103270743e-01,-2.592709106292401255e-01,1.957499999999998685e+00,-7.659424831399232192e-02,-2.348999999999995314e+00,1.963633208096451366e-01,6.661338147750939243e-16,6.749999999999999112e+00,4.996003610813204432e-16,-1.110223024625156540e-16,0.000000000000000000e+00,9.992007221626408864e-16,0.000000000000000000e+00,0.000000000000000000e+00,0.000000000000000000e+00,0.000000000000000000e+00,0.000000000000000000e+00,0.000000000000000000e+00,0.000000000000000000e+00,0.000000000000000000e+00
3.896590637983541883e-01,9.030806904125113915e-03,7.057781240562355229e-01,3.201170039519957849e-02,-1.360423382614724064e+00,3.440976637345630196e-02,2.822654109137663347e+00,-7.648284126918754311e-02,1.045724504373203856e-01,1.155289080914523037e-01,-2.592709106292401255e-01,1.957499999999998685e+00,-7.659424831399232192e-02,-2.348999999999995314e+00,1.963633208096451366e-01,6.661338147750939243e-16,6.749999999999999112e+00,4.996003610813204432e-16,-1.110223024625156540e-16,0.000000000000000000e+00,9.992007221626408864e-16,0.000000000000000000e+00,0.000000000000000000e+00,0.000000000000000000e+00,0.000000000000000000e+00,0.000000000000000000e+00,0.000000000000000000e+00,0.000000000000000000e+00,0.000000000000000000e+00
3.906581896029653334e-01,9.135287937808463446e-03,7.058969233536362964e-01,3.175265613800486858e-02,-1.358467593852197730e+00,3.440976637345630196e-02,2.820307162622631481e+00,-7.648284126918754311e-02,1.045724504373203856e-01,1.222730072725775330e-01,-2.592709106292401255e-01,1.957499999999998685e+00,-7.659424831399232192e-02,-2.348999999999995314e+00,1.963633208096451366e-01,6.661338147750939243e-16,6.749999999999999112e+00,4.996003610813204432e-16,-1.110223024625156540e-16,0.000000000000000000e+00,9.992007221626408864e-16,0.000000000000000000e+00,0.000000000000000000e+00,0.000000000000000000e+00,0.000000000000000000e+00,0.000000000000000000e+00,0.000000000000000000e+00,0.000000000000000000e+00,0.000000000000000000e+00
3.916573154075765339e-01,9.239768971491819916e-03,7.060224608493994580e-01,3.149361188081014479e-02,-1.356511805089671618e+00,3.440976637345630196e-02,2.817960216107600058e+00,-7.648284126918754311e-02,1.045724504373203856e-01,1.290171064537031231e-01,-2.592709106292401255e-01,1.957499999999998685e+00,-7.659424831399232192e-02,-2.348999999999995314e+00,1.963633208096451366e-01,6.661338147750939243e-16,6.749999999999999112e+00,4.996003610813204432e-16,-1.110223024625156540e-16,0.000000000000000000e+00,9.992007221626408864e-16,0.000000000000000000e+00,0.000000000000000000e+00,0.000000000000000000e+00,0.000000000000000000e+00,0.000000000000000000e+00,0.000000000000000000e+00,0.000000000000000000e+00,0.000000000000000000e+00
3.926564412121876790e-01,9.344250005175169446e-03,7.061547365435247858e-01,3.123456762361543487e-02,-1.354556016327145285e+00,3.440976637345630196e-02,2.815613269592568191e+00,-7.648284126918754311e-02,1.045724504373203856e-01,1.357612056348283525e-01,-2.592709106292401255e-01,1.957499999999998685e+00,-7.659424831399232192e-02,-2.348999999999995314e+00,1.963633208096451366e-01,6.661338147750939243e-16,6.749999999999999112e+00,4.996003610813204432e-16,-1.110223024625156540e-16,0.000000000000000000e+00,9.992007221626408864e-16,0.000000000000000000e+00,0.000000000000000000e+00,0.000000000000000000e+00,0.000000000000000000e+00,0.000000000000000000e+00,0.000000000000000000e+00,0.000000000000000000e+00,0.000000000000000000e+00
3.936555670167988796e-01,9.448731038858525916e-03,7.062937504360122798e-01,3.097552336642071455e-02,-1.352600227564618729e+00,3.440976637345630196e-02,2.813266323077536324e+00,-7.648284126918754311e-02,1.045724504373203856e-01,1.425053048159539704e-01,-2.592709106292401255e-01,1.957499999999998685e+00,-7.659424831399232192e-02,-2.348999999999995314e+00,1.963633208096451366e-01,6.661338147750939243e-16,6.749999999999999112e+00,4.996003610813204432e-16,-1.110223024625156540e-16,0.000000000000000000e+00,9.992007221626408864e-16,0.000000000000000000e+00,0.000000000000000000e+00,0.000000000000000000e+00,0.000000000000000000e+00,0.000000000000000000e+00,0.000000000000000000e+00,0.000000000000000000e+00,0.000000000000000000e+00
3.946546928214100247e-01,9.553212072541875446e-03,7.064395025268621620e-01,3.071647910922600463e-02,-1.350644438802092617e+00,3.440976637345630196e-02,2.810919376562504901e+00,-7.648284126918754311e-02,1.045724504373203856e-01,1.492494039970791997e-01,-2.592709106292401255e-01,1.957499999999998685e+00,-7.659424831399232192e-02,-2.348999999999995314e+00,1.963633208096451366e-01,6.661338147750939243e-16,6.749999999999999112e+00,4.996003610813204432e-16,-1.110223024625156540e-16,0.000000000000000000e+00,9.992007221626408864e-16,0.000000000000000000e+00,0.000000000000000000e+00,0.000000000000000000e+00,0.000000000000000000e+00,0.000000000000000000e+00,0.000000000000000000e+00,0.000000000000000000e+00,0.000000000000000000e+00
3.956538186260211698e-01,9.657693106225224977e-03,7.065919928160742103e-01,3.045743485203129819e-02,-1.348688650039566284e+00,3.440976637345630196e-02,2.808572430047473034e+00,-7.648284126918754311e-02,1.045724504373203856e-01,1.559935031782044290e-01,-2.592709106292401255e-01,1.957499999999998685e+00,-7.659424831399232192e-02,-2.348999999999995314e+00,1.963633208096451366e-01,6.661338147750939243e-16,6.749999999999999112e+00,4.996003610813204432e-16,-1.110223024625156540e-16,0.000000000000000000e+00,9.992007221626408864e-16,0.000000000000000000e+00,0.000000000000000000e+00,0.000000000000000000e+00,0.000000000000000000e+00,0.000000000000000000e+00,0.000000000000000000e+00,0.000000000000000000e+00,0.000000000000000000e+00
3.966529444306323704e-01,9.762174139908579712e-03,7.067512213036485358e-01,3.019839059483657440e-02,-1.346732861277039950e+00,3.440976637345630196e-02,2.806225483532441611e+00,-7.648284126918754311e-02,1.045724504373203856e-01,1.627376023593300469e-01,-2.592709106292401255e-01,1.957499999999998685e+00,-7.659424831399232192e-02,-2.348999999999995314e+00,1.963633208096451366e-01,6.661338147750939243e-16,6.749999999999999112e+00,4.996003610813204432e-16,-1.110223024625156540e-16,0.000000000000000000e+00,9.992007221626408864e-16,0.000000000000000000e+00,0.000000000000000000e+00,0.000000000000000000e+00,0.000000000000000000e+00,0.000000000000000000e+00,0.000000000000000000e+00,0.000000000000000000e+00,0.000000000000000000e+00
3.976520702352435155e-01,9.866655173591930977e-03,7.069171879895850275e-01,2.993934633764186795e-02,-1.344777072514513616e+00,3.440976637345630196e-02,2.803878537017409744e+00,-7.648284126918754311e-02,1.045724504373203856e-01,1.694817015404552762e-01,-2.592709106292401255e-01,1.957499999999998685e+00,-7.659424831399232192e-02,-2.348999999999995314e+00,1.963633208096451366e-01,6.661338147750939243e-16,6.749999999999999112e+00,4.996003610813204432e-16,-1.110223024625156540e-16,0.000000000000000000e+00,9.992007221626408864e-16,0.000000000000000000e+00,0.000000000000000000e+00,0.000000000000000000e+00,0.000000000000000000e+00,0.000000000000000000e+00,0.000000000000000000e+00,0.000000000000000000e+00,0.000000000000000000e+00
3.986511960398546606e-01,9.971136207275280508e-03,7.070898928738839073e-01,2.968030208044715804e-02,-1.342821283751987282e+00,3.440976637345630196e-02,2.801531590502378322e+00,-7.648284126918754311e-02,1.045724504373203856e-01,1.762258007215805056e-01,-2.592709106292401255e-01,1.957499999999998685e+00,-7.659424831399232192e-02,-2.348999999999995314e+00,1.963633208096451366e-01,6.661338147750939243e-16,6.749999999999999112e+00,4.996003610813204432e-16,-1.110223024625156540e-16,0.000000000000000000e+00,9.992007221626408864e-16,0.000000000000000000e+00,0.000000000000000000e+00,0.000000000000000000e+00,0.000000000000000000e+00,0.000000000000000000e+00,0.000000000000000000e+00,0.000000000000000000e+00,0.000000000000000000e+00
3.996503218444658612e-01,1.007561724095863524e-02,7.072693359565450644e-01,2.942125782325243771e-02,-1.340865494989461171e+00,3.440976637345630196e-02,2.799184643987346455e+00,-7.648284126918754311e-02,1.045724504373203856e-01,1.829698999027060957e-01,-2.592709106292401255e-01,1.957499999999998685e+00,-7.659424831399232192e-02,-2.348999999999995314e+00,1.963633208096451366e-01,6.661338147750939243e-16,6.749999999999999112e+00,4.996003610813204432e-16,-1.110223024625156540e-16,0.000000000000000000e+00,9.992007221626408864e-16,0.000000000000000000e+00,0.000000000000000000e+00,0.000000000000000000e+00,0.000000000000000000e+00,0.000000000000000000e+00,0.000000000000000000e+00,0.000000000000000000e+00,0.000000000000000000e+00
4.006494476490770063e-01,1.018009827464198651e-02,7.074555172375683876e-01,2.916221356605772780e-02,-1.338909706226934837e+00,3.440976637345630196e-02,2.796837697472315032e+00,-7.648284126918754311e-02,1.045724504373203856e-01,1.897139990838313250e-01,-2.592709106292401255e-01,1.957499999999998685e+00,-7.659424831399232192e-02,-2.348999999999995314e+00,1.963633208096451366e-01,6.661338147750939243e-16,6.749999999999999112e+00,4.996003610813204432e-16,-1.110223024625156540e-16,0.000000000000000000e+00,9.992007221626408864e-16,0.000000000000000000e+00,0.000000000000000000e+00,0.000000000000000000e+00,0.000000000000000000e+00,0.000000000000000000e+00,0.000000000000000000e+00,0.000000000000000000e+00,0.000000000000000000e+00
4.016485734536881513e-01,1.028457930832533604e-02,7.076484367169539880e-01,2.890316930886302135e-02,-1.336953917464408503e+00,3.440976637345630196e-02,2.794490750957283165e+00,-7.648284126918754311e-02,1.045724504373203856e-01,1.964580982649565544e-01,-2.592709106292401255e-01,1.957499999999998685e+00,-7.659424831399232192e-02,-2.348999999999995314e+00,1.963633208096451366e-01,6.661338147750939243e-16,6.749999999999999112e+00,4.996003610813204432e-16,-1.110223024625156540e-16,0.000000000000000000e+00,9.992007221626408864e-16,0.000000000000000000e+00,0.000000000000000000e+00,0.000000000000000000e+00,0.000000000000000000e+00,0.000000000000000000e+00,0.000000000000000000e+00,0.000000000000000000e+00,0.000000000000000000e+00
4.026476992582993519e-01,1.038906034200869077e-02,7.078480943947018655e-01,2.864412505166829756e-02,-1.334998128701882170e+00,3.440976637345630196e-02,2.792143804442251298e+00,-7.648284126918754311e-02,1.045724504373203856e-01,2.032021974460821445e-01,-2.592709106292401255e-01,1.957499999999998685e+00,-7.659424831399232192e-02,-2.348999999999995314e+00,1.963633208096451366e-01,6.661338147750939243e-16,6.749999999999999112e+00,4.996003610813204432e-16,-1.110223024625156540e-16,0.000000000000000000e+00,9.992007221626408864e-16,0.000000000000000000e+00,0.000000000000000000e+00,0.000000000000000000e+00,0.000000000000000000e+00,0.000000000000000000e+00,0.000000000000000000e+00,0.000000000000000000e+00,0.000000000000000000e+00
4.036468250629104970e-01,1.049354137569204204e-02,7.080544902708119093e-01,2.838508079447359111e-02,-1.333042339939356058e+00,3.440976637345630196e-02,2.789796857927219431e+00,-7.648284126918754311e-02,1.045724504373203856e-01,2.099462966272073738e-01,-2.592709106292401255e-01,1.957499999999998685e+00,-7.659424831399232192e-02,-2.348999999999995314e+00,1.963633208096451366e-01,6.661338147750939243e-16,6.749999999999999112e+00,4.996003610813204432e-16,-1.110223024625156540e-16,0.000000000000000000e+00,9.992007221626408864e-16,0.000000000000000000e+00,0.000000000000000000e+00,0.000000000000000000e+00,0.000000000000000000e+00,0.000000000000000000e+00,0.000000000000000000e+00,0.000000000000000000e+00,0.000000000000000000e+00
4.046459508675216421e-01,1.059802240937539157e-02,7.082676243452842302e-01,2.812603653727888120e-02,-1.331086551176829724e+00,3.440976637345630196e-02,2.787449911412188452e+00,-7.648284126918754311e-02,1.045724504373203856e-01,2.166903958083326032e-01,-2.592709106292401255e-01,1.957499999999998685e+00,-7.659424831399232192e-02,-2.348999999999995314e+00,1.963633208096451366e-01,6.661338147750939243e-16,6.749999999999999112e+00,4.996003610813204432e-16,-1.110223024625156540e-16,0.000000000000000000e+00,9.992007221626408864e-16,0.000000000000000000e+00,0.000000000000000000e+00,0.000000000000000000e+00,0.000000000000000000e+00,0.000000000000000000e+00,0.000000000000000000e+00,0.000000000000000000e+00,0.000000000000000000e+00
4.056450766721328427e-01,1.070250344305874630e-02,7.084874966181188283e-01,2.786699228008416088e-02,-1.329130762414303168e+00,3.440976637345630196e-02,2.785102964897156586e+00,-7.648284126918754311e-02,1.045724504373203856e-01,2.234344949894582211e-01,-2.592709106292401255e-01,1.957499999999998685e+00,-7.659424831399232192e-02,-2.348999999999995314e+00,1.963633208096451366e-01,6.661338147750939243e-16,6.749999999999999112e+00,4.996003610813204432e-16,-1.110223024625156540e-16,0.000000000000000000e+00,9.992007221626408864e-16,0.000000000000000000e+00,0.000000000000000000e+00,0.000000000000000000e+00,0.000000000000000000e+00,0.000000000000000000e+00,0.000000000000000000e+00,0.000000000000000000e+00,0.000000000000000000e+00
4.066442024767439878e-01,1.080698447674209757e-02,7.087141070893157035e-01,2.760794802288945096e-02,-1.327174973651777057e+00,3.440976637345630196e-02,2.782756018382124719e+00,-7.648284126918754311e-02,1.045724504373203856e-01,2.301785941705834504e-01,-2.592709106292401255e-01,1.957499999999998685e+00,-7.659424831399232192e-02,-2.348999999999995314e+00,1.963633208096451366e-01,6.661338147750939243e-16,6.749999999999999112e+00,4.996003610813204432e-16,-1.110223024625156540e-16,0.000000000000000000e+00,9.992007221626408864e-16,0.000000000000000000e+00,0.000000000000000000e+00,0.000000000000000000e+00,0.000000000000000000e+00,0.000000000000000000e+00,0.000000000000000000e+00,0.000000000000000000e+00,0.000000000000000000e+00
4.076433282813551329e-01,1.091146551042544710e-02,7.089474557588748560e-01,2.734890376569474452e-02,-1.325219184889250723e+00,3.440976637345630196e-02,2.780409071867093296e+00,-7.648284126918754311e-02,1.045724504373203856e-01,2.369226933517086797e-01,-2.592709106292401255e-01,1.957499999999998685e+00,-7.659424831399232192e-02,-2.348999999999995314e+00,1.963633208096451366e-01,6.661338147750939243e-16,6.749999999999999112e+00,4.996003610813204432e-16,-1.110223024625156540e-16,0.000000000000000000e+00,9.992007221626408864e-16,0.000000000000000000e+00,0.000000000000000000e+00,0.000000000000000000e+00,0.000000000000000000e+00,0.000000000000000000e+00,0.000000000000000000e+00,0.000000000000000000e+00,0.000000000000000000e+00
4.086424540859663335e-01,1.101594654410880184e-02,7.091875426267961746e-01,2.708985950850002072e-02,-1.323263396126724389e+00,3.440976637345630196e-02,2.778062125352061429e+00,-7.648284126918754311e-02,1.045724504373203856e-01,2.436667925328342976e-01,-2.592709106292401255e-01,1.957499999999998685e+00,-7.659424831399232192e-02,-2.348999999999995314e+00,1.963633208096451366e-01,6.661338147750939243e-16,6.749999999999999112e+00,4.996003610813204432e-16,-1.110223024625156540e-16,0.000000000000000000e+00,9.992007221626408864e-16,0.000000000000000000e+00,0.000000000000000000e+00,0.000000000000000000e+00,0.000000000000000000e+00,0.000000000000000000e+00,0.000000000000000000e+00,0.000000000000000000e+00,0.000000000000000000e+00
4.096415798905774786e-01,1.112042757779215310e-02,7.094343676930798814e-01,2.683081525130531428e-02,-1.321307607364198056e+00,3.440976637345630196e-02,2.775715178837030006e+00,-7.648284126918754311e-02,1.045724504373203856e-01,2.504108917139595269e-01,-2.592709106292401255e-01,1.957499999999998685e+00,-7.659424831399232192e-02,-2.348999999999995314e+00,1.963633208096451366e-01,6.661338147750939243e-16,6.749999999999999112e+00,4.996003610813204432e-16,-1.110223024625156540e-16,0.000000000000000000e+00,9.992007221626408864e-16,0.000000000000000000e+00,0.000000000000000000e+00,0.000000000000000000e+00,0.000000000000000000e+00,0.000000000000000000e+00,0.000000000000000000e+00,0.000000000000000000e+00,0.000000000000000000e+00
4.106407056951886236e-01,1.122490861147550263e-02,7.096879309577256434e-01,2.657177099411060436e-02,-1.319351818601671722e+00,3.440976637345630196e-02,2.773368232321998139e+00,-7.648284126918754311e-02,1.045724504373203856e-01,2.571549908950847008e-01,-2.592709106292401255e-01,1.957499999999998685e+00,-7.659424831399232192e-02,-2.348999999999995314e+00,1.963633208096451366e-01,6.661338147750939243e-16,6.749999999999999112e+00,4.996003610813204432e-16,-1.110223024625156540e-16,0.000000000000000000e+00,9.992007221626408864e-16,0.000000000000000000e+00,0.000000000000000000e+00,0.000000000000000000e+00,0.000000000000000000e+00,0.000000000000000000e+00,0.000000000000000000e+00,0.000000000000000000e+00,0.000000000000000000e+00
4.116398314997998242e-01,1.132938964515885737e-02,7.099482324207337935e-01,2.631272673691588404e-02,-1.317396029839145610e+00,3.440976637345630196e-02,2.771021285806966272e+00,-7.648284126918754311e-02,1.045724504373203856e-01,2.638990900762103187e-01,-2.592709106292401255e-01,1.957499999999998685e+00,-7.659424831399232192e-02,-2.348999999999995314e+00,1.963633208096451366e-01,6.661338147750939243e-16,6.749999999999999112e+00,4.996003610813204432e-16,-1.110223024625156540e-16,0.000000000000000000e+00,9.992007221626408864e-16,0.000000000000000000e+00,0.000000000000000000e+00,0.000000000000000000e+00,0.000000000000000000e+00,0.000000000000000000e+00,0.000000000000000000e+00,0.000000000000000000e+00,0.000000000000000000e+00
4.126389573044109693e-01,1.143387067884220863e-02,7.102152720821041099e-01,2.605368247972117413e-02,-1.315440241076619277e+00,3.440976637345630196e-02,2.768674339291934849e+00,-7.648284126918754311e-02,1.045724504373203856e-01,2.706431892573354925e-01,-2.592709106292401255e-01,1.957499999999998685e+00,-7.659424831399232192e-02,-2.348999999999995314e+00,1.963633208096451366e-01,6.661338147750939243e-16,6.749999999999999112e+00,4.996003610813204432e-16,-1.110223024625156540e-16,0.000000000000000000e+00,9.992007221626408864e-16,0.000000000000000000e+00,0.000000000000000000e+00,0.000000000000000000e+00,0.000000000000000000e+00,0.000000000000000000e+00,0.000000000000000000e+00,0.000000000000000000e+00,0.000000000000000000e+00
4.136380831090221699e-01,1.153835171252556337e-02,7.104890499418367034e-01,2.579463822252645380e-02,-1.313484452314092721e+00,3.440976637345630196e-02,2.766327392776902983e+00,-7.648284126918754311e-02,1.045724504373203856e-01,2.773872884384610549e-01,-2.592709106292401255e-01,1.957499999999998685e+00,-7.659424831399232192e-02,-2.348999999999995314e+00,1.963633208096451366e-01,6.661338147750939243e-16,6.749999999999999112e+00,4.996003610813204432e-16,-1.110223024625156540e-16,0.000000000000000000e+00,9.992007221626408864e-16,0.000000000000000000e+00,0.000000000000000000e+00,0.000000000000000000e+00,0.000000000000000000e+00,0.000000000000000000e+00,0.000000000000000000e+00,0.000000000000000000e+00,0.000000000000000000e+00
4.146372089136333150e-01,1.164283274620891290e-02,7.107695659999314630e-01,2.553559396533174389e-02,-1.311528663551566609e+00,3.440976637345630196e-02,2.763980446261871560e+00,-7.648284126918754311e-02,1.045724504373203856e-01,2.841313876195862842e-01,-2.592709106292401255e-01,1.957499999999998685e+00,-7.659424831399232192e-02,-2.348999999999995314e+00,1.963633208096451366e-01,6.661338147750939243e-16,6.749999999999999112e+00,4.996003610813204432e-16,-1.110223024625156540e-16,0.000000000000000000e+00,9.992007221626408864e-16,0.000000000000000000e+00,0.000000000000000000e+00,0.000000000000000000e+00,0.000000000000000000e+00,0.000000000000000000e+00,0.000000000000000000e+00,0.000000000000000000e+00,0.000000000000000000e+00
4.156363347182444601e-01,1.174731377989226243e-02,7.110568202563886109e-01,2.527654970813703744e-02,-1.309572874789040497e+00,3.440976637345630196e-02,2.761633499746840137e+00,-7.648284126918754311e-02,1.045724504373203856e-01,2.908754868007114580e-01,-2.592709106292401255e-01,1.957499999999998685e+00,-7.659424831399232192e-02,-2.348999999999995314e+00,1.963633208096451366e-01,6.661338147750939243e-16,6.749999999999999112e+00,4.996003610813204432e-16,-1.110223024625156540e-16,0.000000000000000000e+00,9.992007221626408864e-16,0.000000000000000000e+00,0.000000000000000000e+00,0.000000000000000000e+00,0.000000000000000000e+00,0.000000000000000000e+00,0.000000000000000000e+00,0.000000000000000000e+00,0.000000000000000000e+00
4.166354605228556607e-01,1.185179481357561890e-02,7.113508127112080359e-01,2.501750545094231365e-02,-1.307617086026513942e+00,3.440976637345630196e-02,2.759286553231808270e+00,-7.648284126918754311e-02,1.045724504373203856e-01,2.976195859818370759e-01,-2.592709106292401255e-01,1.957499999999998685e+00,-7.659424831399232192e-02,-2.348999999999995314e+00,1.963633208096451366e-01,6.661338147750939243e-16,6.749999999999999112e+00,4.996003610813204432e-16,-1.110223024625156540e-16,0.000000000000000000e+00,9.992007221626408864e-16,0.000000000000000000e+00,0.000000000000000000e+00,0.000000000000000000e+00,0.000000000000000000e+00,0.000000000000000000e+00,0.000000000000000000e+00,0.000000000000000000e+00,0.000000000000000000e+00
4.176345863274668058e-01,1.195627584725896843e-02,7.116515433643897381e-01,2.475846119374760720e-02,-1.305661297263987608e+00,3.440976637345630196e-02,2.756939606716776403e+00,-7.648284126918754311e-02,1.045724504373203856e-01,3.043636851629622497e-01,-2.592709106292401255e-01,1.957499999999998685e+00,-7.659424831399232192e-02,-2.348999999999995314e+00,1.963633208096451366e-01,6.661338147750939243e-16,6.749999999999999112e+00,4.996003610813204432e-16,-1.110223024625156540e-16,0.000000000000000000e+00,9.992007221626408864e-16,0.000000000000000000e+00,0.000000000000000000e+00,0.000000000000000000e+00,0.000000000000000000e+00,0.000000000000000000e+00,0.000000000000000000e+00,0.000000000000000000e+00,0.000000000000000000e+00
4.186337121320779509e-01,1.206075688094231796e-02,7.119590122159334955e-01,2.449941693655289729e-02,-1.303705508501461496e+00,3.440976637345630196e-02,2.754592660201744536e+00,-7.648284126918754311e-02,1.045724504373203856e-01,3.111077843440874791e-01,-2.592709106292401255e-01,1.957499999999998685e+00,-7.659424831399232192e-02,-2.348999999999995314e+00,1.963633208096451366e-01,6.661338147750939243e-16,6.749999999999999112e+00,4.996003610813204432e-16,-1.110223024625156540e-16,0.000000000000000000e+00,9.992007221626408864e-16,0.000000000000000000e+00,0.000000000000000000e+00,0.000000000000000000e+00,0.000000000000000000e+00,0.000000000000000000e+00,0.000000000000000000e+00,0.000000000000000000e+00,0.000000000000000000e+00
4.196328379366891514e-01,1.216523791462567443e-02,7.122732192658396411e-01,2.424037267935817697e-02,-1.301749719738935163e+00,3.440976637345630196e-02,2.752245713686712669e+00,-7.648284126918754311e-02,1.045724504373203856e-01,3.178518835252130414e-01,-2.592709106292401255e-01,1.957499999999998685e+00,-7.659424831399232192e-02,-2.348999999999995314e+00,1.963633208096451366e-01,6.661338147750939243e-16,6.749999999999999112e+00,4.996003610813204432e-16,-1.110223024625156540e-16,0.000000000000000000e+00,9.992007221626408864e-16,0.000000000000000000e+00,0.000000000000000000e+00,0.000000000000000000e+00,0.000000000000000000e+00,0.000000000000000000e+00,0.000000000000000000e+00,0.000000000000000000e+00,0.000000000000000000e+00
4.206319637413002965e-01,1.226971894830902396e-02,7.125941645141079528e-01,2.398132842216346705e-02,-1.299793930976408829e+00,3.440976637345630196e-02,2.749898767171681691e+00,-7.648284126918754311e-02,1.045724504373203856e-01,3.245959827063382153e-01,-2.592709106292401255e-01,1.957499999999998685e+00,-7.659424831399232192e-02,-2.348999999999995314e+00,1.963633208096451366e-01,6.661338147750939243e-16,6.749999999999999112e+00,4.996003610813204432e-16,-1.110223024625156540e-16,0.000000000000000000e+00,9.992007221626408864e-16,0.000000000000000000e+00,0.000000000000000000e+00,0.000000000000000000e+00,0.000000000000000000e+00,0.000000000000000000e+00,0.000000000000000000e+00,0.000000000000000000e+00,0.000000000000000000e+00
4.216310895459114416e-01,1.237419998199237349e-02,7.129218479607385417e-01,2.372228416496876061e-02,-1.297838142213882495e+00,3.440976637345630196e-02,2.747551820656649824e+00,-7.648284126918754311e-02,1.045724504373203856e-01,3.313400818874634446e-01,-2.592709106292401255e-01,1.957499999999998685e+00,-7.659424831399232192e-02,-2.348999999999995314e+00,1.963633208096451366e-01,6.661338147750939243e-16,6.749999999999999112e+00,4.996003610813204432e-16,-1.110223024625156540e-16,0.000000000000000000e+00,9.992007221626408864e-16,0.000000000000000000e+00,0.000000000000000000e+00,0.000000000000000000e+00,0.000000000000000000e+00,0.000000000000000000e+00,0.000000000000000000e+00,0.000000000000000000e+00,0.000000000000000000e+00
4.226302153505226422e-01,1.247868101567572996e-02,7.132562696057314078e-01,2.346323990777403681e-02,-1.295882353451356162e+00,3.440976637345630196e-02,2.745204874141617957e+00,-7.648284126918754311e-02,1.045724504373203856e-01,3.380841810685890070e-01,-2.592709106292401255e-01,1.957499999999998685e+00,-7.659424831399232192e-02,-2.348999999999995314e+00,1.963633208096451366e-01,6.661338147750939243e-16,6.749999999999999112e+00,4.996003610813204432e-16,-1.110223024625156540e-16,0.000000000000000000e+00,9.992007221626408864e-16,0.000000000000000000e+00,0.000000000000000000e+00,0.000000000000000000e+00,0.000000000000000000e+00,0.000000000000000000e+00,0.000000000000000000e+00,0.000000000000000000e+00,0.000000000000000000e+00
4.236293411551337873e-01,1.258316204935907949e-02,7.135974294490865510e-01,2.320419565057933037e-02,-1.293926564688830050e+00,3.440976637345630196e-02,2.742857927626586534e+00,-7.648284126918754311e-02,1.045724504373203856e-01,3.448282802497142363e-01,-2.592709106292401255e-01,1.957499999999998685e+00,-7.659424831399232192e-02,-2.348999999999995314e+00,1.963633208096451366e-01,6.661338147750939243e-16,6.749999999999999112e+00,4.996003610813204432e-16,-1.110223024625156540e-16,0.000000000000000000e+00,9.992007221626408864e-16,0.000000000000000000e+00,0.000000000000000000e+00,0.000000000000000000e+00,0.000000000000000000e+00,0.000000000000000000e+00,0.000000000000000000e+00,0.000000000000000000e+00,0.000000000000000000e+00
4.246284669597449324e-01,1.268764308304242902e-02,7.139453274908038605e-01,2.294515139338462045e-02,-1.291970775926303716e+00,3.440976637345630196e-02,2.740510981111555111e+00,-7.648284126918754311e-02,1.045724504373203856e-01,3.515723794308394101e-01,-2.592709106292401255e-01,1.957499999999998685e+00,-7.659424831399232192e-02,-2.348999999999995314e+00,1.963633208096451366e-01,6.661338147750939243e-16,6.749999999999999112e+00,4.996003610813204432e-16,-1.110223024625156540e-16,0.000000000000000000e+00,9.992007221626408864e-16,0.000000000000000000e+00,0.000000000000000000e+00,0.000000000000000000e+00,0.000000000000000000e+00,0.000000000000000000e+00,0.000000000000000000e+00,0.000000000000000000e+00,0.000000000000000000e+00
4.256275927643561330e-01,1.279212411672578549e-02,7.142999637308835581e-01,2.268610713618990013e-02,-1.290014987163777160e+00,3.440976637345630196e-02,2.738164034596523244e+00,-7.648284126918754311e-02,1.045724504373203856e-01,3.583164786119649725e-01,-2.592709106292401255e-01,1.957499999999998685e+00,-7.659424831399232192e-02,-2.348999999999995314e+00,1.963633208096451366e-01,6.661338147750939243e-16,6.749999999999999112e+00,4.996003610813204432e-16,-1.110223024625156540e-16,0.000000000000000000e+00,9.992007221626408864e-16,0.000000000000000000e+00,0.000000000000000000e+00,0.000000000000000000e+00,0.000000000000000000e+00,0.000000000000000000e+00,0.000000000000000000e+00,0.000000000000000000e+00,0.000000000000000000e+00
4.266267185689672781e-01,1.289660515040913502e-02,7.146613381693254219e-01,2.242706287899519021e-02,-1.288059198401251049e+00,3.440976637345630196e-02,2.735817088081491377e+00,-7.648284126918754311e-02,1.045724504373203856e-01,3.650605777930902018e-01,-2.592709106292401255e-01,1.957499999999998685e+00,-7.659424831399232192e-02,-2.348999999999995314e+00,1.963633208096451366e-01,6.661338147750939243e-16,6.749999999999999112e+00,4.996003610813204432e-16,-1.110223024625156540e-16,0.000000000000000000e+00,9.992007221626408864e-16,0.000000000000000000e+00,0.000000000000000000e+00,0.000000000000000000e+00,0.000000000000000000e+00,0.000000000000000000e+00,0.000000000000000000e+00,0.000000000000000000e+00,0.000000000000000000e+00
4.276258443735784232e-01,1.300108618409248455e-02,7.150294508061294518e-01,2.216801862180048377e-02,-1.286103409638724937e+00,3.440976637345630196e-02,2.733470141566459510e+00,-7.648284126918754311e-02,1.045724504373203856e-01,3.718046769742153757e-01,-2.592709106292401255e-01,1.957499999999998685e+00,-7.659424831399232192e-02,-2.348999999999995314e+00,1.963633208096451366e-01,6.661338147750939243e-16,6.749999999999999112e+00,4.996003610813204432e-16,-1.110223024625156540e-16,0.000000000000000000e+00,9.992007221626408864e-16,0.000000000000000000e+00,0.000000000000000000e+00,0.000000000000000000e+00,0.000000000000000000e+00,0.000000000000000000e+00,0.000000000000000000e+00,0.000000000000000000e+00,0.000000000000000000e+00
4.286249701781896237e-01,1.310556721777584102e-02,7.154043016412958700e-01,2.190897436460575998e-02,-1.284147620876198381e+00,3.440976637345630196e-02,2.731123195051428088e+00,-7.648284126918754311e-02,1.045724504373203856e-01,3.785487761553409936e-01,-2.592709106292401255e-01,1.957499999999998685e+00,-7.659424831399232192e-02,-2.348999999999995314e+00,1.963633208096451366e-01,6.661338147750939243e-16,6.749999999999999112e+00,4.996003610813204432e-16,-1.110223024625156540e-16,0.000000000000000000e+00,9.992007221626408864e-16,0.000000000000000000e+00,0.000000000000000000e+00,0.000000000000000000e+00,0.000000000000000000e+00,0.000000000000000000e+00,0.000000000000000000e+00,0.000000000000000000e+00,0.000000000000000000e+00
4.296240959828007688e-01,1.321004825145919055e-02,7.157858906748244543e-01,2.164993010741105353e-02,-1.282191832113672048e+00,3.440976637345630196e-02,2.728776248536396221e+00,-7.648284126918754311e-02,1.045724504373203856e-01,3.852928753364661674e-01,-2.592709106292401255e-01,1.957499999999998685e+00,-7.659424831399232192e-02,-2.348999999999995314e+00,1.963633208096451366e-01,6.661338147750939243e-16,6.749999999999999112e+00,4.996003610813204432e-16,-1.110223024625156540e-16,0.000000000000000000e+00,9.992007221626408864e-16,0.000000000000000000e+00,0.000000000000000000e+00,0.000000000000000000e+00,0.000000000000000000e+00,0.000000000000000000e+00,0.000000000000000000e+00,0.000000000000000000e+00,0.000000000000000000e+00
4.306232217874119694e-01,1.331452928514254702e-02,7.161742179067153158e-01,2.139088585021632974e-02,-1.280236043351145714e+00,3.440976637345630196e-02,2.726429302021364798e+00,-7.648284126918754311e-02,1.045724504373203856e-01,3.920369745175917298e-01,-2.592709106292401255e-01,1.957499999999998685e+00,-7.659424831399232192e-02,-2.348999999999995314e+00,1.963633208096451366e-01,6.661338147750939243e-16,6.749999999999999112e+00,4.996003610813204432e-16,-1.110223024625156540e-16,0.000000000000000000e+00,9.992007221626408864e-16,0.000000000000000000e+00,0.000000000000000000e+00,0.000000000000000000e+00,0.000000000000000000e+00,0.000000000000000000e+00,0.000000000000000000e+00,0.000000000000000000e+00,0.000000000000000000e+00
4.316223475920231145e-01,1.341901031882589655e-02,7.165692833369684545e-01,2.113184159302162329e-02,-1.278280254588619602e+00,3.440976637345630196e-02,2.724082355506333375e+00,-7.648284126918754311e-02,1.045724504373203856e-01,3.987810736987169591e-01,-2.592709106292401255e-01,1.957499999999998685e+00,-7.659424831399232192e-02,-2.348999999999995314e+00,1.963633208096451366e-01,6.661338147750939243e-16,6.749999999999999112e+00,4.996003610813204432e-16,-1.110223024625156540e-16,0.000000000000000000e+00,9.992007221626408864e-16,0.000000000000000000e+00,0.000000000000000000e+00,0.000000000000000000e+00,0.000000000000000000e+00,0.000000000000000000e+00,0.000000000000000000e+00,0.000000000000000000e+00,0.000000000000000000e+00
4.326214733966342596e-01,1.352349135250924608e-02,7.169710869655837593e-01,2.087279733582691338e-02,-1.276324465826093268e+00,3.440976637345630196e-02,2.721735408991301508e+00,-7.648284126918754311e-02,1.045724504373203856e-01,4.055251728798421329e-01,-2.592709106292401255e-01,1.957499999999998685e+00,-7.659424831399232192e-02,-2.348999999999995314e+00,1.963633208096451366e-01,6.661338147750939243e-16,6.749999999999999112e+00,4.996003610813204432e-16,-1.110223024625156540e-16,0.000000000000000000e+00,9.992007221626408864e-16,0.000000000000000000e+00,0.000000000000000000e+00,0.000000000000000000e+00,0.000000000000000000e+00,0.000000000000000000e+00,0.000000000000000000e+00,0.000000000000000000e+00,0.000000000000000000e+00
4.336205992012454602e-01,1.362797238619260255e-02,7.173796287925614523e-01,2.061375307863218959e-02,-1.274368677063566713e+00,3.440976637345630196e-02,2.719388462476269641e+00,-7.648284126918754311e-02,1.045724504373203856e-01,4.122692720609677508e-01,-2.592709106292401255e-01,1.957499999999998685e+00,-7.659424831399232192e-02,-2.348999999999995314e+00,1.963633208096451366e-01,6.661338147750939243e-16,6.749999999999999112e+00,4.996003610813204432e-16,-1.110223024625156540e-16,0.000000000000000000e+00,9.992007221626408864e-16,0.000000000000000000e+00,0.000000000000000000e+00,0.000000000000000000e+00,0.000000000000000000e+00,0.000000000000000000e+00,0.000000000000000000e+00,0.000000000000000000e+00,0.000000000000000000e+00
4.346197250058566053e-01,1.373245341987595208e-02,7.177949088179013115e-01,2.035470882143748314e-02,-1.272412888301040601e+00,3.440976637345630196e-02,2.717041515961237774e+00,-7.648284126918754311e-02,1.045724504373203856e-01,4.190133712420929246e-01,-2.592709106292401255e-01,1.957499999999998685e+00,-7.659424831399232192e-02,-2.348999999999995314e+00,1.963633208096451366e-01,6.661338147750939243e-16,6.749999999999999112e+00,4.996003610813204432e-16,-1.110223024625156540e-16,0.000000000000000000e+00,9.992007221626408864e-16,0.000000000000000000e+00,0.000000000000000000e+00,0.000000000000000000e+00,0.000000000000000000e+00,0.000000000000000000e+00,0.000000000000000000e+00,0.000000000000000000e+00,0.000000000000000000e+00
4.356188508104677504e-01,1.383693445355930161e-02,7.182169270416034479e-01,2.009566456424277670e-02,-1.270457099538514489e+00,3.440976637345630196e-02,2.714694569446206351e+00,-7.648284126918754311e-02,1.045724504373203856e-01,4.257574704232181539e-01,-2.592709106292401255e-01,1.957499999999998685e+00,-7.659424831399232192e-02,-2.348999999999995314e+00,1.963633208096451366e-01,6.661338147750939243e-16,6.749999999999999112e+00,4.996003610813204432e-16,-1.110223024625156540e-16,0.000000000000000000e+00,9.992007221626408864e-16,0.000000000000000000e+00,0.000000000000000000e+00,0.000000000000000000e+00,0.000000000000000000e+00,0.000000000000000000e+00,0.000000000000000000e+00,0.000000000000000000e+00,0.000000000000000000e+00
4.366179766150789510e-01,1.394141548724265808e-02,7.186456834636677504e-01,1.983662030704805290e-02,-1.268501310775987934e+00,3.440976637345630196e-02,2.712347622931174929e+00,-7.648284126918754311e-02,1.045724504373203856e-01,4.325015696043437163e-01,-2.592709106292401255e-01,1.957499999999998685e+00,-7.659424831399232192e-02,-2.348999999999995314e+00,1.963633208096451366e-01,6.661338147750939243e-16,6.749999999999999112e+00,4.996003610813204432e-16,-1.110223024625156540e-16,0.000000000000000000e+00,9.992007221626408864e-16,0.000000000000000000e+00,0.000000000000000000e+00,0.000000000000000000e+00,0.000000000000000000e+00,0.000000000000000000e+00,0.000000000000000000e+00,0.000000000000000000e+00,0.000000000000000000e+00
4.376171024196900960e-01,1.404589652092600761e-02,7.190811780840943301e-01,1.957757604985334299e-02,-1.266545522013461600e+00,3.440976637345630196e-02,2.710000676416143062e+00,-7.648284126918754311e-02,1.045724504373203856e-01,4.392456687854688901e-01,-2.592709106292401255e-01,1.957499999999998685e+00,-7.659424831399232192e-02,-2.348999999999995314e+00,1.963633208096451366e-01,6.661338147750939243e-16,6.749999999999999112e+00,4.996003610813204432e-16,-1.110223024625156540e-16,0.000000000000000000e+00,9.992007221626408864e-16,0.000000000000000000e+00,0.000000000000000000e+00,0.000000000000000000e+00,0.000000000000000000e+00,0.000000000000000000e+00,0.000000000000000000e+00,0.000000000000000000e+00,0.000000000000000000e+00
4.386162282243012411e-01,1.415037755460935714e-02,7.195234109028831870e-01,1.931853179265863654e-02,-1.264589733250935488e+00,3.440976637345630196e-02,2.707653729901111195e+00,-7.648284126918754311e-02,1.045724504373203856e-01,4.459897679665941195e-01,-2.592709106292401255e-01,1.957499999999998685e+00,-7.659424831399232192e-02,-2.348999999999995314e+00,1.963633208096451366e-01,6.661338147750939243e-16,6.749999999999999112e+00,4.996003610813204432e-16,-1.110223024625156540e-16,0.000000000000000000e+00,9.992007221626408864e-16,0.000000000000000000e+00,0.000000000000000000e+00,0.000000000000000000e+00,0.000000000000000000e+00,0.000000000000000000e+00,0.000000000000000000e+00,0.000000000000000000e+00,0.000000000000000000e+00
4.396153540289124417e-01,1.425485858829271361e-02,7.199723819200344321e-01,1.905948753546391275e-02,-1.262633944488409155e+00,3.440976637345630196e-02,2.705306783386079772e+00,-7.648284126918754311e-02,1.045724504373203856e-01,4.527338671477196819e-01,-2.592709106292401255e-01,1.957499999999998685e+00,-7.659424831399232192e-02,-2.348999999999995314e+00,1.963633208096451366e-01,6.661338147750939243e-16,6.749999999999999112e+00,4.996003610813204432e-16,-1.110223024625156540e-16,0.000000000000000000e+00,9.992007221626408864e-16,0.000000000000000000e+00,0.000000000000000000e+00,0.000000000000000000e+00,0.000000000000000000e+00,0.000000000000000000e+00,0.000000000000000000e+00,0.000000000000000000e+00,0.000000000000000000e+00
4.406144798335235868e-01,1.435933962197606314e-02,7.204280911355477324e-01,1.880044327826920630e-02,-1.260678155725882821e+00,3.440976637345630196e-02,2.702959836871048349e+00,-7.648284126918754311e-02,1.045724504373203856e-01,4.594779663288449112e-01,-2.592709106292401255e-01,1.957499999999998685e+00,-7.659424831399232192e-02,-2.348999999999995314e+00,1.963633208096451366e-01,6.661338147750939243e-16,6.749999999999999112e+00,4.996003610813204432e-16,-1.110223024625156540e-16,0.000000000000000000e+00,9.992007221626408864e-16,0.000000000000000000e+00,0.000000000000000000e+00,0.000000000000000000e+00,0.000000000000000000e+00,0.000000000000000000e+00,0.000000000000000000e+00,0.000000000000000000e+00,0.000000000000000000e+00
4.416136056381347319e-01,1.446382065565941268e-02,7.208905385494234208e-01,1.854139902107449986e-02,-1.258722366963356487e+00,3.440976637345630196e-02,2.700612890356016482e+00,-7.648284126918754311e-02,1.045724504373203856e-01,4.662220655099700850e-01,-2.592709106292401255e-01,1.957499999999998685e+00,-7.659424831399232192e-02,-2.348999999999995314e+00,1.963633208096451366e-01,6.661338147750939243e-16,6.749999999999999112e+00,4.996003610813204432e-16,-1.110223024625156540e-16,0.000000000000000000e+00,9.992007221626408864e-16,0.000000000000000000e+00,0.000000000000000000e+00,0.000000000000000000e+00,0.000000000000000000e+00,0.000000000000000000e+00,0.000000000000000000e+00,0.000000000000000000e+00,0.000000000000000000e+00
4.426127314427459325e-01,1.456830168934276915e-02,7.213597241616612754e-01,1.828235476387977607e-02,-1.256766578200830153e+00,3.440976637345630196e-02,2.698265943840984615e+00,-7.648284126918754311e-02,1.045724504373203856e-01,4.729661646910956474e-01,-2.592709106292401255e-01,1.957499999999998685e+00,-7.659424831399232192e-02,-2.348999999999995314e+00,1.963633208096451366e-01,6.661338147750939243e-16,6.749999999999999112e+00,4.996003610813204432e-16,-1.110223024625156540e-16,0.000000000000000000e+00,9.992007221626408864e-16,0.000000000000000000e+00,0.000000000000000000e+00,0.000000000000000000e+00,0.000000000000000000e+00,0.000000000000000000e+00,0.000000000000000000e+00,0.000000000000000000e+00,0.000000000000000000e+00
4.436118572473570776e-01,1.467278272302611868e-02,7.218356479722614072e-01,1.802331050668506615e-02,-1.254810789438304042e+00,3.440976637345630196e-02,2.695918997325952748e+00,-7.648284126918754311e-02,1.045724504373203856e-01,4.797102638722208767e-01,-2.592709106292401255e-01,1.957499999999998685e+00,-7.659424831399232192e-02,-2.348999999999995314e+00,1.963633208096451366e-01,6.661338147750939243e-16,6.749999999999999112e+00,4.996003610813204432e-16,-1.110223024625156540e-16,0.000000000000000000e+00,9.992007221626408864e-16,0.000000000000000000e+00,0.000000000000000000e+00,0.000000000000000000e+00,0.000000000000000000e+00,0.000000000000000000e+00,0.000000000000000000e+00,0.000000000000000000e+00,0.000000000000000000e+00
4.446109830519682227e-01,1.477726375670946821e-02,7.223183099812237051e-01,1.776426624949035971e-02,-1.252855000675777708e+00,3.440976637345630196e-02,2.693572050810921326e+00,-7.648284126918754311e-02,1.045724504373203856e-01,4.864543630533460505e-01,-2.592709106292401255e-01,1.957499999999998685e+00,-7.659424831399232192e-02,-2.348999999999995314e+00,1.963633208096451366e-01,6.661338147750939243e-16,6.749999999999999112e+00,4.996003610813204432e-16,-1.110223024625156540e-16,0.000000000000000000e+00,9.992007221626408864e-16,0.000000000000000000e+00,0.000000000000000000e+00,0.000000000000000000e+00,0.000000000000000000e+00,0.000000000000000000e+00,0.000000000000000000e+00,0.000000000000000000e+00,0.000000000000000000e+00
4.456101088565794233e-01,1.488174479039282294e-02,7.228077101885482803e-01,1.750522199229563591e-02,-1.250899211913251374e+00,3.440976637345630196e-02,2.691225104295889459e+00,-7.648284126918754311e-02,1.045724504373203856e-01,4.931984622344716684e-01,-2.592709106292401255e-01,1.957499999999998685e+00,-7.659424831399232192e-02,-2.348999999999995314e+00,1.963633208096451366e-01,6.661338147750939243e-16,6.749999999999999112e+00,4.996003610813204432e-16,-1.110223024625156540e-16,0.000000000000000000e+00,9.992007221626408864e-16,0.000000000000000000e+00,0.000000000000000000e+00,0.000000000000000000e+00,0.000000000000000000e+00,0.000000000000000000e+00,0.000000000000000000e+00,0.000000000000000000e+00,0.000000000000000000e+00
4.466092346611905683e-01,1.498622582407617421e-02,7.233038485942351326e-01,1.724617773510092947e-02,-1.248943423150725041e+00,3.440976637345630196e-02,2.688878157780858036e+00,-7.648284126918754311e-02,1.045724504373203856e-01,4.999425614155968423e-01,-2.592709106292401255e-01,1.957499999999998685e+00,-7.659424831399232192e-02,-2.348999999999995314e+00,1.963633208096451366e-01,6.661338147750939243e-16,6.749999999999999112e+00,4.996003610813204432e-16,-1.110223024625156540e-16,0.000000000000000000e+00,9.992007221626408864e-16,0.000000000000000000e+00,0.000000000000000000e+00,0.000000000000000000e+00,0.000000000000000000e+00,0.000000000000000000e+00,0.000000000000000000e+00,0.000000000000000000e+00,0.000000000000000000e+00
4.476083604658017689e-01,1.509070685775952894e-02,7.238067251982843731e-01,1.698713347790620568e-02,-1.246987634388198707e+00,3.440976637345630196e-02,2.686531211265826613e+00,-7.648284126918754311e-02,1.045724504373203856e-01,5.066866605967225157e-01,-2.592709106292401255e-01,1.957499999999998685e+00,-7.659424831399232192e-02,-2.348999999999995314e+00,1.963633208096451366e-01,6.661338147750939243e-16,6.749999999999999112e+00,4.996003610813204432e-16,-1.110223024625156540e-16,0.000000000000000000e+00,9.992007221626408864e-16,0.000000000000000000e+00,0.000000000000000000e+00,0.000000000000000000e+00,0.000000000000000000e+00,0.000000000000000000e+00,0.000000000000000000e+00,0.000000000000000000e+00,0.000000000000000000e+00
4.486074862704129140e-01,1.519518789144287847e-02,7.243163400006957797e-01,1.672808922071149923e-02,-1.245031845625672595e+00,3.440976637345630196e-02,2.684184264750794746e+00,-7.648284126918754311e-02,1.045724504373203856e-01,5.134307597778476895e-01,-2.592709106292401255e-01,1.957499999999998685e+00,-7.659424831399232192e-02,-2.348999999999995314e+00,1.963633208096451366e-01,6.661338147750939243e-16,6.749999999999999112e+00,4.996003610813204432e-16,-1.110223024625156540e-16,0.000000000000000000e+00,9.992007221626408864e-16,0.000000000000000000e+00,0.000000000000000000e+00,0.000000000000000000e+00,0.000000000000000000e+00,0.000000000000000000e+00,0.000000000000000000e+00,0.000000000000000000e+00,0.000000000000000000e+00
4.496066120750240591e-01,1.529966892512622974e-02,7.248326930014693525e-01,1.646904496351678931e-02,-1.243076056863146039e+00,3.440976637345630196e-02,2.681837318235762879e+00,-7.648284126918754311e-02,1.045724504373203856e-01,5.201748589589729743e-01,-2.592709106292401255e-01,1.957499999999998685e+00,-7.659424831399232192e-02,-2.348999999999995314e+00,1.963633208096451366e-01,6.661338147750939243e-16,6.749999999999999112e+00,4.996003610813204432e-16,-1.110223024625156540e-16,0.000000000000000000e+00,9.992007221626408864e-16,0.000000000000000000e+00,0.000000000000000000e+00,0.000000000000000000e+00,0.000000000000000000e+00,0.000000000000000000e+00,0.000000000000000000e+00,0.000000000000000000e+00,0.000000000000000000e+00
4.506057378796352597e-01,1.540414995880958447e-02,7.253557842006053136e-01,1.621000070632206899e-02,-1.241120268100619706e+00,3.440976637345630196e-02,2.679490371720731012e+00,-7.648284126918754311e-02,1.045724504373203856e-01,5.269189581400985922e-01,-2.592709106292401255e-01,1.957499999999998685e+00,-7.659424831399232192e-02,-2.348999999999995314e+00,1.963633208096451366e-01,6.661338147750939243e-16,6.749999999999999112e+00,4.996003610813204432e-16,-1.110223024625156540e-16,0.000000000000000000e+00,9.992007221626408864e-16,0.000000000000000000e+00,0.000000000000000000e+00,0.000000000000000000e+00,0.000000000000000000e+00,0.000000000000000000e+00,0.000000000000000000e+00,0.000000000000000000e+00,0.000000000000000000e+00
4.516048636842464048e-01,1.550863099249293400e-02,7.258856135981033297e-01,1.595095644912735908e-02,-1.239164479338093594e+00,3.440976637345630196e-02,2.677143425205699589e+00,-7.648284126918754311e-02,1.045724504373203856e-01,5.336630573212238771e-01,-2.592709106292401255e-01,1.957499999999998685e+00,-7.659424831399232192e-02,-2.348999999999995314e+00,1.963633208096451366e-01,6.661338147750939243e-16,6.749999999999999112e+00,4.996003610813204432e-16,-1.110223024625156540e-16,0.000000000000000000e+00,9.992007221626408864e-16,0.000000000000000000e+00,0.000000000000000000e+00,0.000000000000000000e+00,0.000000000000000000e+00,0.000000000000000000e+00,0.000000000000000000e+00,0.000000000000000000e+00,0.000000000000000000e+00
4.526039894888575499e-01,1.561311202617628527e-02,7.264221811939637341e-01,1.569191219193265263e-02,-1.237208690575567260e+00,3.440976637345630196e-02,2.674796478690668167e+00,-7.648284126918754311e-02,1.045724504373203856e-01,5.404071565023491619e-01,-2.592709106292401255e-01,1.957499999999998685e+00,-7.659424831399232192e-02,-2.348999999999995314e+00,1.963633208096451366e-01,6.661338147750939243e-16,6.749999999999999112e+00,4.996003610813204432e-16,-1.110223024625156540e-16,0.000000000000000000e+00,9.992007221626408864e-16,0.000000000000000000e+00,0.000000000000000000e+00,0.000000000000000000e+00,0.000000000000000000e+00,0.000000000000000000e+00,0.000000000000000000e+00,0.000000000000000000e+00,0.000000000000000000e+00
4.536031152934687505e-01,1.571759305985964000e-02,7.269654869881863046e-01,1.543286793473793057e-02,-1.235252901813040927e+00,3.440976637345630196e-02,2.672449532175636300e+00,-7.648284126918754311e-02,1.045724504373203856e-01,5.471512556834747798e-01,-2.592709106292401255e-01,1.957499999999998685e+00,-7.659424831399232192e-02,-2.348999999999995314e+00,1.963633208096451366e-01,6.661338147750939243e-16,6.749999999999999112e+00,4.996003610813204432e-16,-1.110223024625156540e-16,0.000000000000000000e+00,9.992007221626408864e-16,0.000000000000000000e+00,0.000000000000000000e+00,0.000000000000000000e+00,0.000000000000000000e+00,0.000000000000000000e+00,0.000000000000000000e+00,0.000000000000000000e+00,0.000000000000000000e+00
4.546022410980798956e-01,1.582207409354299127e-02,7.275155309807711523e-01,1.517382367754322239e-02,-1.233297113050514593e+00,3.440976637345630196e-02,2.670102585660604433e+00,-7.648284126918754311e-02,1.045724504373203856e-01,5.538953548646000646e-01,-2.592709106292401255e-01,1.957499999999998685e+00,-7.659424831399232192e-02,-2.348999999999995314e+00,1.963633208096451366e-01,6.661338147750939243e-16,6.749999999999999112e+00,4.996003610813204432e-16,-1.110223024625156540e-16,0.000000000000000000e+00,9.992007221626408864e-16,0.000000000000000000e+00,0.000000000000000000e+00,0.000000000000000000e+00,0.000000000000000000e+00,0.000000000000000000e+00,0.000000000000000000e+00,0.000000000000000000e+00,0.000000000000000000e+00
4.556013669026910407e-01,1.592655512722633906e-02,7.280723131717183882e-01,1.491477942034851421e-02,-1.231341324287988481e+00,3.440976637345630196e-02,2.667755639145573454e+00,-7.648284126918754311e-02,1.045724504373203856e-01,5.606394540457252385e-01,-2.592709106292401255e-01,1.957499999999998685e+00,-7.659424831399232192e-02,-2.348999999999995314e+00,1.963633208096451366e-01,6.661338147750939243e-16,6.749999999999999112e+00,4.996003610813204432e-16,-1.110223024625156540e-16,0.000000000000000000e+00,9.992007221626408864e-16,0.000000000000000000e+00,0.000000000000000000e+00,0.000000000000000000e+00,0.000000000000000000e+00,0.000000000000000000e+00,0.000000000000000000e+00,0.000000000000000000e+00,0.000000000000000000e+00
4.566004927073022412e-01,1.603103616090969727e-02,7.286358335610277903e-01,1.465573516315379042e-02,-1.229385535525462148e+00,3.440976637345630196e-02,2.665408692630541587e+00,-7.648284126918754311e-02,1.045724504373203856e-01,5.673835532268508564e-01,-2.592709106292401255e-01,1.957499999999998685e+00,-7.659424831399232192e-02,-2.348999999999995314e+00,1.963633208096451366e-01,6.661338147750939243e-16,6.749999999999999112e+00,4.996003610813204432e-16,-1.110223024625156540e-16,0.000000000000000000e+00,9.992007221626408864e-16,0.000000000000000000e+00,0.000000000000000000e+00,0.000000000000000000e+00,0.000000000000000000e+00,0.000000000000000000e+00,0.000000000000000000e+00,0.000000000000000000e+00,0.000000000000000000e+00
4.575996185119133863e-01,1.613551719459304506e-02,7.292060921486994696e-01,1.439669090595908398e-02,-1.227429746762935814e+00,3.440976637345630196e-02,2.663061746115509720e+00,-7.648284126918754311e-02,1.045724504373203856e-01,5.741276524079761412e-01,-2.592709106292401255e-01,1.957499999999998685e+00,-7.659424831399232192e-02,-2.348999999999995314e+00,1.963633208096451366e-01,6.661338147750939243e-16,6.749999999999999112e+00,4.996003610813204432e-16,-1.110223024625156540e-16,0.000000000000000000e+00,9.992007221626408864e-16,0.000000000000000000e+00,0.000000000000000000e+00,0.000000000000000000e+00,0.000000000000000000e+00,0.000000000000000000e+00,0.000000000000000000e+00,0.000000000000000000e+00,0.000000000000000000e+00
4.585987443165245314e-01,1.623999822827639633e-02,7.297830889347333150e-01,1.413764664876437580e-02,-1.225473958000409480e+00,3.440976637345630196e-02,2.660714799600477853e+00,-7.648284126918754311e-02,1.045724504373203856e-01,5.808717515891014260e-01,-2.592709106292401255e-01,1.957499999999998685e+00,-7.659424831399232192e-02,-2.348999999999995314e+00,1.963633208096451366e-01,6.661338147750939243e-16,6.749999999999999112e+00,4.996003610813204432e-16,-1.110223024625156540e-16,0.000000000000000000e+00,9.992007221626408864e-16,0.000000000000000000e+00,0.000000000000000000e+00,0.000000000000000000e+00,0.000000000000000000e+00,0.000000000000000000e+00,0.000000000000000000e+00,0.000000000000000000e+00,0.000000000000000000e+00
4.595978701211357320e-01,1.634447926195975107e-02,7.303668239191294376e-01,1.387860239156965200e-02,-1.223518169237883146e+00,3.440976637345630196e-02,2.658367853085445986e+00,-7.648284126918754311e-02,1.045724504373203856e-01,5.876158507702270439e-01,-2.592709106292401255e-01,1.957499999999998685e+00,-7.659424831399232192e-02,-2.348999999999995314e+00,1.963633208096451366e-01,6.661338147750939243e-16,6.749999999999999112e+00,4.996003610813204432e-16,-1.110223024625156540e-16,0.000000000000000000e+00,9.992007221626408864e-16,0.000000000000000000e+00,0.000000000000000000e+00,0.000000000000000000e+00,0.000000000000000000e+00,0.000000000000000000e+00,0.000000000000000000e+00,0.000000000000000000e+00,0.000000000000000000e+00
4.605969959257468771e-01,1.644896029564310233e-02,7.309572971018877263e-01,1.361955813437494556e-02,-1.221562380475357035e+00,3.440976637345630196e-02,2.656020906570415008e+00,-7.648284126918754311e-02,1.045724504373203856e-01,5.943599499513523288e-01,-2.592709106292401255e-01,1.957499999999998685e+00,-7.659424831399232192e-02,-2.348999999999995314e+00,1.963633208096451366e-01,6.661338147750939243e-16,6.749999999999999112e+00,4.996003610813204432e-16,-1.110223024625156540e-16,0.000000000000000000e+00,9.992007221626408864e-16,0.000000000000000000e+00,0.000000000000000000e+00,0.000000000000000000e+00,0.000000000000000000e+00,0.000000000000000000e+00,0.000000000000000000e+00,0.000000000000000000e+00,0.000000000000000000e+00
4.615961217303580222e-01,1.655344132932645013e-02,7.315545084830082923e-01,1.336051387718023738e-02,-1.219606591712830479e+00,3.440976637345630196e-02,2.653673960055383141e+00,-7.648284126918754311e-02,1.045724504373203856e-01,6.011040491324776136e-01,-2.592709106292401255e-01,1.957499999999998685e+00,-7.659424831399232192e-02,-2.348999999999995314e+00,1.963633208096451366e-01,6.661338147750939243e-16,6.749999999999999112e+00,4.996003610813204432e-16,-1.110223024625156540e-16,0.000000000000000000e+00,9.992007221626408864e-16,0.000000000000000000e+00,0.000000000000000000e+00,0.000000000000000000e+00,0.000000000000000000e+00,0.000000000000000000e+00,0.000000000000000000e+00,0.000000000000000000e+00,0.000000000000000000e+00
4.625952475349692228e-01,1.665792236300980833e-02,7.321584580624912464e-01,1.310146961998551358e-02,-1.217650802950304145e+00,3.440976637345630196e-02,2.651327013540351274e+00,-7.648284126918754311e-02,1.045724504373203856e-01,6.078481483136032315e-01,-2.592709106292401255e-01,1.957499999999998685e+00,-7.659424831399232192e-02,-2.348999999999995314e+00,1.963633208096451366e-01,6.661338147750939243e-16,6.749999999999999112e+00,4.996003610813204432e-16,-1.110223024625156540e-16,0.000000000000000000e+00,9.992007221626408864e-16,0.000000000000000000e+00,0.000000000000000000e+00,0.000000000000000000e+00,0.000000000000000000e+00,0.000000000000000000e+00,0.000000000000000000e+00,0.000000000000000000e+00,0.000000000000000000e+00
4.635943733395803679e-01,1.676240339669315613e-02,7.327691458403363667e-01,1.284242536279080540e-02,-1.215695014187778034e+00,3.440976637345630196e-02,2.648980067025319851e+00,-7.648284126918754311e-02,1.045724504373203856e-01,6.145922474947284053e-01,-2.592709106292401255e-01,1.957499999999998685e+00,-7.659424831399232192e-02,-2.348999999999995314e+00,1.963633208096451366e-01,6.661338147750939243e-16,6.749999999999999112e+00,4.996003610813204432e-16,-1.110223024625156540e-16,0.000000000000000000e+00,9.992007221626408864e-16,0.000000000000000000e+00,0.000000000000000000e+00,0.000000000000000000e+00,0.000000000000000000e+00,0.000000000000000000e+00,0.000000000000000000e+00,0.000000000000000000e+00,0.000000000000000000e+00
4.645934991441915130e-01,1.686688443037650739e-02,7.333865718165437642e-01,1.258338110559609896e-02,-1.213739225425251700e+00,3.440976637345630196e-02,2.646633120510287984e+00,-7.648284126918754311e-02,1.045724504373203856e-01,6.213363466758536902e-01,-2.592709106292401255e-01,1.957499999999998685e+00,-7.659424831399232192e-02,-2.348999999999995314e+00,1.963633208096451366e-01,6.661338147750939243e-16,6.749999999999999112e+00,4.996003610813204432e-16,-1.110223024625156540e-16,0.000000000000000000e+00,9.992007221626408864e-16,0.000000000000000000e+00,0.000000000000000000e+00,0.000000000000000000e+00,0.000000000000000000e+00,0.000000000000000000e+00,0.000000000000000000e+00,0.000000000000000000e+00,0.000000000000000000e+00
4.655926249488027135e-01,1.697136546405986213e-02,7.340107359911134388e-01,1.232433684840137517e-02,-1.211783436662725366e+00,3.440976637345630196e-02,2.644286173995256117e+00,-7.648284126918754311e-02,1.045724504373203856e-01,6.280804458569793081e-01,-2.592709106292401255e-01,1.957499999999998685e+00,-7.659424831399232192e-02,-2.348999999999995314e+00,1.963633208096451366e-01,6.661338147750939243e-16,6.749999999999999112e+00,4.996003610813204432e-16,-1.110223024625156540e-16,0.000000000000000000e+00,9.992007221626408864e-16,0.000000000000000000e+00,0.000000000000000000e+00,0.000000000000000000e+00,0.000000000000000000e+00,0.000000000000000000e+00,0.000000000000000000e+00,0.000000000000000000e+00,0.000000000000000000e+00
4.665917507534138586e-01,1.707584649774321339e-02,7.346416383640453907e-01,1.206529259120666699e-02,-1.209827647900199032e+00,3.440976637345630196e-02,2.641939227480224694e+00,-7.648284126918754311e-02,1.045724504373203856e-01,6.348245450381045929e-01,-2.592709106292401255e-01,1.957499999999998685e+00,-7.659424831399232192e-02,-2.348999999999995314e+00,1.963633208096451366e-01,6.661338147750939243e-16,6.749999999999999112e+00,4.996003610813204432e-16,-1.110223024625156540e-16,0.000000000000000000e+00,9.992007221626408864e-16,0.000000000000000000e+00,0.000000000000000000e+00,0.000000000000000000e+00,0.000000000000000000e+00,0.000000000000000000e+00,0.000000000000000000e+00,0.000000000000000000e+00,0.000000000000000000e+00
4.675908765580250592e-01,1.718032753142656813e-02,7.352792789353395086e-01,1.180624833401194493e-02,-1.207871859137672699e+00,3.440976637345630196e-02,2.639592280965192828e+00,-7.648284126918754311e-02,1.045724504373203856e-01,6.415686442192302108e-01,-2.592709106292401255e-01,1.957499999999998685e+00,-7.659424831399232192e-02,-2.348999999999995314e+00,1.963633208096451366e-01,6.661338147750939243e-16,6.749999999999999112e+00,4.996003610813204432e-16,-1.110223024625156540e-16,0.000000000000000000e+00,9.992007221626408864e-16,0.000000000000000000e+00,0.000000000000000000e+00,0.000000000000000000e+00,0.000000000000000000e+00,0.000000000000000000e+00,0.000000000000000000e+00,0.000000000000000000e+00,0.000000000000000000e+00
4.685900023626362043e-01,1.728480856510991939e-02,7.359236577049957928e-01,1.154720407681723675e-02,-1.205916070375146587e+00,3.440976637345630196e-02,2.637245334450161405e+00,-7.648284126918754311e-02,1.045724504373203856e-01,6.483127434003554956e-01,-2.592709106292401255e-01,1.957499999999998685e+00,-7.659424831399232192e-02,-2.348999999999995314e+00,1.963633208096451366e-01,6.661338147750939243e-16,6.749999999999999112e+00,4.996003610813204432e-16,-1.110223024625156540e-16,0.000000000000000000e+00,9.992007221626408864e-16,0.000000000000000000e+00,0.000000000000000000e+00,0.000000000000000000e+00,0.000000000000000000e+00,0.000000000000000000e+00,0.000000000000000000e+00,0.000000000000000000e+00,0.000000000000000000e+00
4.695891281672473494e-01,1.738928959879326719e-02,7.365747746730143541e-01,1.128815981962252857e-02,-1.203960281612620253e+00,3.440976637345630196e-02,2.634898387935129538e+00,-7.648284126918754311e-02,1.045724504373203856e-01,6.550568425814807805e-01,-2.592709106292401255e-01,1.957499999999998685e+00,-7.659424831399232192e-02,-2.348999999999995314e+00,1.963633208096451366e-01,6.661338147750939243e-16,6.749999999999999112e+00,4.996003610813204432e-16,-1.110223024625156540e-16,0.000000000000000000e+00,9.992007221626408864e-16,0.000000000000000000e+00,0.000000000000000000e+00,0.000000000000000000e+00,0.000000000000000000e+00,0.000000000000000000e+00,0.000000000000000000e+00,0.000000000000000000e+00,0.000000000000000000e+00
4.705882539718585500e-01,1.749377063247662192e-02,7.372326298393953037e-01,1.102911556242780651e-02,-1.202004492850093698e+00,3.440976637345630196e-02,2.632551441420097671e+00,-7.648284126918754311e-02,1.045724504373203856e-01,6.618009417626063984e-01,-2.592709106292401255e-01,1.957499999999998685e+00,-7.659424831399232192e-02,-2.348999999999995314e+00,1.963633208096451366e-01,6.661338147750939243e-16,6.749999999999999112e+00,4.996003610813204432e-16,-1.110223024625156540e-16,0.000000000000000000e+00,9.992007221626408864e-16,0.000000000000000000e+00,0.000000000000000000e+00,0.000000000000000000e+00,0.000000000000000000e+00,0.000000000000000000e+00,0.000000000000000000e+00,0.000000000000000000e+00,0.000000000000000000e+00
4.715873797764696951e-01,1.759825166615997319e-02,7.378972232041384194e-01,1.077007130523309833e-02,-1.200048704087567586e+00,3.440976637345630196e-02,2.630204494905066692e+00,-7.648284126918754311e-02,1.045724504373203856e-01,6.685450409437316832e-01,-2.592709106292401255e-01,1.957499999999998685e+00,-7.659424831399232192e-02,-2.348999999999995314e+00,1.963633208096451366e-01,6.661338147750939243e-16,6.749999999999999112e+00,4.996003610813204432e-16,-1.110223024625156540e-16,0.000000000000000000e+00,9.992007221626408864e-16,0.000000000000000000e+00,0.000000000000000000e+00,0.000000000000000000e+00,0.000000000000000000e+00,0.000000000000000000e+00,0.000000000000000000e+00,0.000000000000000000e+00,0.000000000000000000e+00
4.725865055810808402e-01,1.770273269984332445e-02,7.385685547672438123e-01,1.051102704803839015e-02,-1.198092915325041474e+00,3.440976637345630196e-02,2.627857548390034825e+00,-7.648284126918754311e-02,1.045724504373203856e-01,6.752891401248568570e-01,-2.592709106292401255e-01,1.957499999999998685e+00,-7.659424831399232192e-02,-2.348999999999995314e+00,1.963633208096451366e-01,6.661338147750939243e-16,6.749999999999999112e+00,4.996003610813204432e-16,-1.110223024625156540e-16,0.000000000000000000e+00,9.992007221626408864e-16,0.000000000000000000e+00,0.000000000000000000e+00,0.000000000000000000e+00,0.000000000000000000e+00,0.000000000000000000e+00,0.000000000000000000e+00,0.000000000000000000e+00,0.000000000000000000e+00
4.735856313856920408e-01,1.780721373352667919e-02,7.392466245287115933e-01,1.025198279084366809e-02,-1.196137126562514919e+00,3.440976637345630196e-02,2.625510601875002958e+00,-7.648284126918754311e-02,1.045724504373203856e-01,6.820332393059824749e-01,-2.592709106292401255e-01,1.957499999999998685e+00,-7.659424831399232192e-02,-2.348999999999995314e+00,1.963633208096451366e-01,6.661338147750939243e-16,6.749999999999999112e+00,4.996003610813204432e-16,-1.110223024625156540e-16,0.000000000000000000e+00,9.992007221626408864e-16,0.000000000000000000e+00,0.000000000000000000e+00,0.000000000000000000e+00,0.000000000000000000e+00,0.000000000000000000e+00,0.000000000000000000e+00,0.000000000000000000e+00,0.000000000000000000e+00
4.745847571903031858e-01,1.791169476721002699e-02,7.399314324885414296e-01,9.992938533648959912e-03,-1.194181337799988585e+00,3.440976637345630196e-02,2.623163655359971091e+00,-7.648284126918754311e-02,1.045724504373203856e-01,6.887773384871077598e-01,-2.592709106292401255e-01,1.957499999999998685e+00,-7.659424831399232192e-02,-2.348999999999995314e+00,1.963633208096451366e-01,6.661338147750939243e-16,6.749999999999999112e+00,4.996003610813204432e-16,-1.110223024625156540e-16,0.000000000000000000e+00,9.992007221626408864e-16,0.000000000000000000e+00,0.000000000000000000e+00,0.000000000000000000e+00,0.000000000000000000e+00,0.000000000000000000e+00,0.000000000000000000e+00,0.000000000000000000e+00,0.000000000000000000e+00
4.755838829949143309e-01,1.801617580089337825e-02,7.406229786467335430e-01,9.733894276454251732e-03,-1.192225549037462473e+00,3.440976637345630196e-02,2.620816708844939669e+00,-7.648284126918754311e-02,1.045724504373203856e-01,6.955214376682330446e-01,-2.592709106292401255e-01,1.957499999999998685e+00,-7.659424831399232192e-02,-2.348999999999995314e+00,1.963633208096451366e-01,6.661338147750939243e-16,6.749999999999999112e+00,4.996003610813204432e-16,-1.110223024625156540e-16,0.000000000000000000e+00,9.992007221626408864e-16,0.000000000000000000e+00,0.000000000000000000e+00,0.000000000000000000e+00,0.000000000000000000e+00,0.000000000000000000e+00,0.000000000000000000e+00,0.000000000000000000e+00,0.000000000000000000e+00
4.765830087995255315e-01,1.812065683457673299e-02,7.413212630032879336e-01,9.474850019259529674e-03,-1.190269760274936139e+00,3.440976637345630196e-02,2.618469762329908246e+00,-7.648284126918754311e-02,1.045724504373203856e-01,7.022655368493586625e-01,-2.592709106292401255e-01,1.957499999999998685e+00,-7.659424831399232192e-02,-2.348999999999995314e+00,1.963633208096451366e-01,6.661338147750939243e-16,6.749999999999999112e+00,4.996003610813204432e-16,-1.110223024625156540e-16,0.000000000000000000e+00,9.992007221626408864e-16,0.000000000000000000e+00,0.000000000000000000e+00,0.000000000000000000e+00,0.000000000000000000e+00,0.000000000000000000e+00,0.000000000000000000e+00,0.000000000000000000e+00,0.000000000000000000e+00
4.775821346041366766e-01,1.822513786826008425e-02,7.420262855582044903e-01,9.215805762064821494e-03,-1.188313971512409806e+00,3.440976637345630196e-02,2.616122815814876379e+00,-7.648284126918754311e-02,1.045724504373203856e-01,7.090096360304839473e-01,-2.592709106292401255e-01,1.957499999999998685e+00,-7.659424831399232192e-02,-2.348999999999995314e+00,1.963633208096451366e-01,6.661338147750939243e-16,6.749999999999999112e+00,4.996003610813204432e-16,-1.110223024625156540e-16,0.000000000000000000e+00,9.992007221626408864e-16,0.000000000000000000e+00,0.000000000000000000e+00,0.000000000000000000e+00,0.000000000000000000e+00,0.000000000000000000e+00,0.000000000000000000e+00,0.000000000000000000e+00,0.000000000000000000e+00
4.785812604087478217e-01,1.832961890194343552e-02,7.427380463114833242e-01,8.956761504870113313e-03,-1.186358182749883472e+00,3.440976637345630196e-02,2.613775869299844512e+00,-7.648284126918754311e-02,1.045724504373203856e-01,7.157537352116092322e-01,-2.592709106292401255e-01,1.957499999999998685e+00,-7.659424831399232192e-02,-2.348999999999995314e+00,1.963633208096451366e-01,6.661338147750939243e-16,6.749999999999999112e+00,4.996003610813204432e-16,-1.110223024625156540e-16,0.000000000000000000e+00,9.992007221626408864e-16,0.000000000000000000e+00,0.000000000000000000e+00,0.000000000000000000e+00,0.000000000000000000e+00,0.000000000000000000e+00,0.000000000000000000e+00,0.000000000000000000e+00,0.000000000000000000e+00
4.795803862133590223e-01,1.843409993562679025e-02,7.434565452631245464e-01,8.697717247675391256e-03,-1.184402393987357138e+00,3.440976637345630196e-02,2.611428922784813089e+00,-7.648284126918754311e-02,1.045724504373203856e-01,7.224978343927348501e-01,-2.592709106292401255e-01,1.957499999999998685e+00,-7.659424831399232192e-02,-2.348999999999995314e+00,1.963633208096451366e-01,6.661338147750939243e-16,6.749999999999999112e+00,4.996003610813204432e-16,-1.110223024625156540e-16,0.000000000000000000e+00,9.992007221626408864e-16,0.000000000000000000e+00,0.000000000000000000e+00,0.000000000000000000e+00,0.000000000000000000e+00,0.000000000000000000e+00,0.000000000000000000e+00,0.000000000000000000e+00,0.000000000000000000e+00
4.805795120179701674e-01,1.853858096931013805e-02,7.441817824131279346e-01,8.438672990480683075e-03,-1.182446605224831027e+00,3.440976637345630196e-02,2.609081976269781222e+00,-7.648284126918754311e-02,1.045724504373203856e-01,7.292419335738600239e-01,-2.592709106292401255e-01,1.957499999999998685e+00,-7.659424831399232192e-02,-2.348999999999995314e+00,1.963633208096451366e-01,6.661338147750939243e-16,6.749999999999999112e+00,4.996003610813204432e-16,-1.110223024625156540e-16,0.000000000000000000e+00,9.992007221626408864e-16,0.000000000000000000e+00,0.000000000000000000e+00,0.000000000000000000e+00,0.000000000000000000e+00,0.000000000000000000e+00,0.000000000000000000e+00,0.000000000000000000e+00,0.000000000000000000e+00
4.815786378225813125e-01,1.864306200299348931e-02,7.449137577614936001e-01,8.179628733285974895e-03,-1.180490816462304693e+00,3.440976637345630196e-02,2.606735029754749799e+00,-7.648284126918754311e-02,1.045724504373203856e-01,7.359860327549853087e-01,-2.592709106292401255e-01,1.957499999999998685e+00,-7.659424831399232192e-02,-2.348999999999995314e+00,1.963633208096451366e-01,6.661338147750939243e-16,6.749999999999999112e+00,4.996003610813204432e-16,-1.110223024625156540e-16,0.000000000000000000e+00,9.992007221626408864e-16,0.000000000000000000e+00,0.000000000000000000e+00,0.000000000000000000e+00,0.000000000000000000e+00,0.000000000000000000e+00,0.000000000000000000e+00,0.000000000000000000e+00,0.000000000000000000e+00
4.825777636271925131e-01,1.874754303667684405e-02,7.456524713082215428e-01,7.920584476091252837e-03,-1.178535027699778137e+00,3.440976637345630196e-02,2.604388083239717933e+00,-7.648284126918754311e-02,1.045724504373203856e-01,7.427301319361109266e-01,-2.592709106292401255e-01,1.957499999999998685e+00,-7.659424831399232192e-02,-2.348999999999995314e+00,1.963633208096451366e-01,6.661338147750939243e-16,6.749999999999999112e+00,4.996003610813204432e-16,-1.110223024625156540e-16,0.000000000000000000e+00,9.992007221626408864e-16,0.000000000000000000e+00,0.000000000000000000e+00,0.000000000000000000e+00,1.456617118896495526e+02,0.000000000000000000e+00,0.000000000000000000e+00,0.000000000000000000e+00,0.000000000000000000e+00
4.835768894318036581e-01,1.885202407036019531e-02,7.463979230533116516e-01,7.661588730354913258e-03,-1.176579238937252025e+00,3.440976637345630196e-02,2.602041136724686066e+00,-7.648284126918754311e-02,1.045724504373203856e-01,7.494742311172362115e-01,-2.591253762541473882e-01,1.957499999999998685e+00,-7.659424831399232192e-02,-2.348999999999995314e+00,1.963633208096451366e-01,6.661338147750939243e-16,6.749999999999999112e+00,2.910687501855582227e-01,-1.110223024625156540e-16,0.000000000000000000e+00,9.992007221626408864e-16,0.000000000000000000e+00,0.000000000000000000e+00,0.000000000000000000e+00,3.956617118896423904e+02,0.000000000000000000e+00,0.000000000000000000e+00,0.000000000000000000e+00,0.000000000000000000e+00
4.845760152364148587e-01,1.895650510404355005e-02,7.471501129967640376e-01,7.402918365296397817e-03,-1.174623450174725692e+00,3.440976637345630196e-02,2.599694190209654643e+00,-7.648284126918754311e-02,1.045724504373203856e-01,7.562183302983618294e-01,-2.585849631505034441e-01,1.957499999999998685e+00,-7.659424831399232192e-02,-2.348999999999995314e+00,1.963633208096451366e-01,6.661338147750939243e-16,6.749999999999999112e+00,7.906316524911580768e-01,-1.110223024625156540e-16,0.000000000000000000e+00,9.992007221626408864e-16,0.000000000000000000e+00,0.000000000000000000e+00,0.000000000000000000e+00,4.999999999999995453e+02,0.000000000000000000e+00,0.000000000000000000e+00,0.000000000000000000e+00,0.000000000000000000e+00
4.855751410410260038e-01,1.906098613772690131e-02,7.479090411385785897e-01,7.145037320597304696e-03,-1.172667661412199358e+00,3.440976637345630196e-02,2.597347243694622776e+00,-7.648284126918754311e-02,1.045724504373203856e-01,7.629624294794871142e-01,-2.575454242422483553e-01,1.957499999999998685e+00,-7.659424831399232192e-02,-2.348999999999995314e+00,1.963633208096451366e-01,6.661338147750939243e-16,6.749999999999999112e+00,1.290194554796730175e+00,-1.110223024625156540e-16,0.000000000000000000e+00,9.992007221626408864e-16,0.000000000000000000e+00,0.000000000000000000e+00,0.000000000000000000e+00,4.999999999999996021e+02,0.000000000000000000e+00,0.000000000000000000e+00,0.000000000000000000e+00,0.000000000000000000e+00
4.865742668456371489e-01,1.916546717141024911e-02,7.486747074787555301e-01,6.888444284964538589e-03,-1.170711872649673024e+00,3.440976637345630196e-02,2.595000297179591353e+00,-7.648284126918754311e-02,1.045724504373203856e-01,7.697065286606123991e-01,-2.560067595293821774e-01,1.957499999999998685e+00,-7.659424831399232192e-02,-2.348999999999995314e+00,1.963633208096451366e-01,6.661338147750939243e-16,6.749999999999999112e+00,1.789757457102302274e+00,-1.110223024625156540e-16,0.000000000000000000e+00,9.992007221626408864e-16,0.000000000000000000e+00,0.000000000000000000e+00,0.000000000000000000e+00,4.999999999999995453e+02,0.000000000000000000e+00,0.000000000000000000e+00,0.000000000000000000e+00,0.000000000000000000e+00
4.875733926502483495e-01,1.926994820509360731e-02,7.494471120172947476e-01,6.633637947105000716e-03,-1.168756083887146913e+00,3.440976637345630196e-02,2.592653350664559930e+00,-7.648284126918754311e-02,1.045724504373203856e-01,7.764506278417380170e-01,-2.539689690119046883e-01,1.957499999999998685e+00,-7.659424831399232192e-02,-2.348999999999995314e+00,1.963633208096451366e-01,6.661338147750939243e-16,6.749999999999999112e+00,2.289320359407902128e+00,-1.110223024625156540e-16,0.000000000000000000e+00,9.992007221626408864e-16,0.000000000000000000e+00,0.000000000000000000e+00,0.000000000000000000e+00,4.999999999999994316e+02,0.000000000000000000e+00,0.000000000000000000e+00,0.000000000000000000e+00,0.000000000000000000e+00
4.885725184548594946e-01,1.937442923877695511e-02,7.502262547541961313e-01,6.381116995725629598e-03,-1.166800295124620579e+00,3.440976637345630196e-02,2.590306404149528063e+00,-7.648284126918754311e-02,1.045724504373203856e-01,7.831947270228633018e-01,-2.514320526898161656e-01,1.957499999999998685e+00,-7.659424831399232192e-02,-2.348999999999995314e+00,1.963633208096451366e-01,6.661338147750939243e-16,6.749999999999999112e+00,2.788883261713474226e+00,-1.110223024625156540e-16,0.000000000000000000e+00,9.992007221626408864e-16,0.000000000000000000e+00,0.000000000000000000e+00,0.000000000000000000e+00,4.999999999999995453e+02,0.000000000000000000e+00,0.000000000000000000e+00,0.000000000000000000e+00,0.000000000000000000e+00
4.895716442594706397e-01,1.947891027246030637e-02,7.510121356894597922e-01,6.131380119533337732e-03,-1.164844506362094245e+00,3.440976637345630196e-02,2.587959457634496196e+00,-7.648284126918754311e-02,1.045724504373203856e-01,7.899388262039884756e-01,-2.483960105631164983e-01,1.957499999999998685e+00,-7.659424831399232192e-02,-2.348999999999995314e+00,1.963633208096451366e-01,6.661338147750939243e-16,6.749999999999999112e+00,3.288446164019046325e+00,-1.110223024625156540e-16,0.000000000000000000e+00,9.992007221626408864e-16,0.000000000000000000e+00,0.000000000000000000e+00,0.000000000000000000e+00,4.999999999999995453e+02,0.000000000000000000e+00,0.000000000000000000e+00,0.000000000000000000e+00,0.000000000000000000e+00
4.905707700640818403e-01,1.958339130614366111e-02,7.518047548230857302e-01,5.884926007235025472e-03,-1.162888717599567912e+00,3.440976637345630196e-02,2.585612511119464330e+00,-7.648284126918754311e-02,1.045724504373203856e-01,7.966829253851140935e-01,-2.448608426318054365e-01,1.957499999999998685e+00,-7.659424831399232192e-02,-2.348999999999995314e+00,1.963633208096451366e-01,6.661338147750939243e-16,6.749999999999999112e+00,3.788009066324645957e+00,-1.110223024625156540e-16,0.000000000000000000e+00,9.992007221626408864e-16,0.000000000000000000e+00,0.000000000000000000e+00,0.000000000000000000e+00,4.999999999999990905e+02,0.000000000000000000e+00,0.000000000000000000e+00,0.000000000000000000e+00,0.000000000000000000e+00
4.915698958686929854e-01,1.968787233982701237e-02,7.526041121550738344e-01,5.642253347537633072e-03,-1.160932928837041800e+00,3.440976637345630196e-02,2.583265564604432907e+00,-7.648284126918754311e-02,1.045724504373203856e-01,8.034270245662393783e-01,-2.408265488958834244e-01,1.957499999999998685e+00,-7.659424831399232192e-02,-2.348999999999995314e+00,1.963633208096451366e-01,6.661338147750939243e-16,6.749999999999999112e+00,4.287571968630217611e+00,-1.110223024625156540e-16,0.000000000000000000e+00,9.992007221626408864e-16,0.000000000000000000e+00,0.000000000000000000e+00,0.000000000000000000e+00,4.999999999999997726e+02,0.000000000000000000e+00,0.000000000000000000e+00,0.000000000000000000e+00,0.000000000000000000e+00
4.925690216733041304e-01,1.979235337351036017e-02,7.534102076854242158e-01,5.403860829148061755e-03,-1.158977140074515466e+00,3.440976637345630196e-02,2.580918618089401484e+00,-7.648284126918754311e-02,1.045724504373203856e-01,8.101711237473646632e-01,-2.362931293553502676e-01,1.957499999999998685e+00,-7.659424831399232192e-02,-2.348999999999995314e+00,1.963633208096451366e-01,6.661338147750939243e-16,6.749999999999999112e+00,4.787134870935790154e+00,-1.110223024625156540e-16,0.000000000000000000e+00,9.992007221626408864e-16,0.000000000000000000e+00,0.000000000000000000e+00,0.000000000000000000e+00,4.999999999999995453e+02,0.000000000000000000e+00,0.000000000000000000e+00,0.000000000000000000e+00,0.000000000000000000e+00
4.935681474779153310e-01,1.989683440719371837e-02,7.542230414141367634e-01,5.170247140773226620e-03,-1.157021351311988910e+00,3.440976637345630196e-02,2.578571671574369617e+00,-7.648284126918754311e-02,1.045724504373203856e-01,8.169152229284902811e-01,-2.312605840102056609e-01,1.957499999999998685e+00,-7.659424831399232192e-02,-2.348999999999995314e+00,1.963633208096451366e-01,6.661338147750939243e-16,6.749999999999999112e+00,5.286697773241389342e+00,-1.110223024625156540e-16,0.000000000000000000e+00,9.992007221626408864e-16,0.000000000000000000e+00,-2.692992578716321646e+02,0.000000000000000000e+00,5.000000000000000000e+02,0.000000000000000000e+00,0.000000000000000000e+00,0.000000000000000000e+00,0.000000000000000000e+00
4.945672732825264761e-01,2.000122575293116628e-02,7.550426133412116991e-01,4.941910971120065318e-03,-1.155065562549462799e+00,3.440976637345630196e-02,2.576224725059337750e+00,-7.648284126918754311e-02,1.043033865996182141e-01,8.236593221096155659e-01,-2.257289128604502149e-01,1.957499999999998685e+00,-7.659424831399232192e-02,-2.348999999999995314e+00,1.963633208096451366e-01,-5.381276754043418098e-01,6.749999999999999112e+00,5.786260675546961885e+00,-1.110223024625156540e-16,0.000000000000000000e+00,9.992007221626408864e-16,0.000000000000000000e+00,-6.442992578716243770e+02,0.000000000000000000e+00,4.999999999999995453e+02,0.000000000000000000e+00,0.000000000000000000e+00,0.000000000000000000e+00,0.000000000000000000e+00
4.955663990871376212e-01,2.010504442386008145e-02,7.558689234666489121e-01,4.719351008895479940e-03,-1.153109773786936465e+00,3.440976637345630196e-02,2.573877778544306327e+00,-7.648284126918754311e-02,1.033912423940263337e-01,8.304034212907408508e-01,-2.196981159060835687e-01,1.957499999999998685e+00,-7.659424831399232192e-02,-2.348999999999995314e+00,1.963633208096451366e-01,-1.287472028862699958e+00,6.749999999999999112e+00,6.285823577852533539e+00,-1.110223024625156540e-16,0.000000000000000000e+00,9.992007221626408864e-16,0.000000000000000000e+00,-7.499999999999993179e+02,0.000000000000000000e+00,4.999999999999995453e+02,0.000000000000000000e+00,0.000000000000000000e+00,0.000000000000000000e+00,0.000000000000000000e+00
4.965655248917488218e-01,2.020757758969976212e-02,7.567019717904482912e-01,4.503065942806372575e-03,-1.151153985024410131e+00,3.440976637345630196e-02,2.571530832029274460e+00,-7.648284126918754311e-02,1.017304094815176252e-01,8.371475204718664687e-01,-2.131681931471054448e-01,1.957499999999998685e+00,-7.659424831399232192e-02,-2.348999999999995314e+00,1.963633208096451366e-01,-2.036816382321099628e+00,6.749999999999999112e+00,6.785386480158133615e+00,-1.110223024625156540e-16,0.000000000000000000e+00,9.992007221626408864e-16,0.000000000000000000e+00,-7.499999999999992042e+02,0.000000000000000000e+00,5.000000000000000000e+02,0.000000000000000000e+00,0.000000000000000000e+00,0.000000000000000000e+00,0.000000000000000000e+00
4.975646506963599669e-01,2.030807721738982566e-02,7.575417583126099474e-01,4.293554461559686078e-03,-1.149198196261883798e+00,3.440976637345630196e-02,2.569183885514243038e+00,-7.648284126918754311e-02,9.932088786209228304e-02,8.438916196529916425e-01,-2.061391445835165093e-01,1.957499999999998685e+00,-7.659424831399232192e-02,-2.348999999999995314e+00,1.963633208096451366e-01,-2.786160735779457553e+00,6.749999999999999112e+00,7.284949382463706158e+00,-1.110223024625156540e-16,0.000000000000000000e+00,9.992007221626408864e-16,0.000000000000000000e+00,-7.499999999999994316e+02,0.000000000000000000e+00,4.999999999999995453e+02,0.000000000000000000e+00,0.000000000000000000e+00,0.000000000000000000e+00,0.000000000000000000e+00
4.985637765009711120e-01,2.040579527386989639e-02,7.583882830331338809e-01,4.091315253862325141e-03,-1.147242407499357464e+00,3.440976637345630196e-02,2.566836938999211171e+00,-7.648284126918754311e-02,9.616267753575019617e-02,8.506357188341169273e-01,-1.986109702153164291e-01,1.957499999999998685e+00,-7.659424831399232192e-02,-2.348999999999995314e+00,1.963633208096451366e-01,-3.535505089237815923e+00,6.749999999999999112e+00,7.784512284769277812e+00,-1.110223024625156540e-16,0.000000000000000000e+00,9.992007221626408864e-16,0.000000000000000000e+00,-7.499999999999990905e+02,0.000000000000000000e+00,4.999999999999995453e+02,0.000000000000000000e+00,0.000000000000000000e+00,0.000000000000000000e+00,0.000000000000000000e+00
4.995629023055823126e-01,2.049998372607960903e-02,7.592415459520199805e-01,3.896847008421197057e-03,-1.145286618736831130e+00,3.440976637345630196e-02,2.564489992484179304e+00,-7.648284126918754311e-02,9.225577850249118417e-02,8.573798180152425452e-01,-1.905836700425047603e-01,1.957499999999998685e+00,-7.659424831399232192e-02,-2.348999999999995314e+00,1.963633208096451366e-01,-4.284849442696215149e+00,6.749999999999999112e+00,8.284075187074877888e+00,-1.110223024625156540e-16,0.000000000000000000e+00,9.992007221626408864e-16,0.000000000000000000e+00,-7.499999999999993179e+02,0.000000000000000000e+00,5.000000000000072760e+02,0.000000000000000000e+00,0.000000000000000000e+00,0.000000000000000000e+00,0.000000000000000000e+00
5.005620281101934577e-01,2.058989454095857749e-02,7.601015470692684683e-01,3.710648413943233408e-03,-1.143330829974304796e+00,3.440976637345630196e-02,2.562143045969147881e+00,-7.648284126918754311e-02,8.760019076231563562e-02,8.641239171963681631e-01,-1.820572440650820856e-01,1.957499999999998685e+00,-7.659424831399232192e-02,-2.348999999999995314e+00,1.963633208096451366e-01,-5.034193796154573519e+00,6.749999999999999112e+00,8.783638089380465530e+00,-1.110223024625156540e-16,0.000000000000000000e+00,9.992007221626408864e-16,0.000000000000000000e+00,-7.499999999999995453e+02,0.000000000000000000e+00,3.582756093481912103e+02,0.000000000000000000e+00,0.000000000000000000e+00,0.000000000000000000e+00,0.000000000000000000e+00
5.015611539148046027e-01,2.067477968544643302e-02,7.609682863848790113e-01,3.533170958970062621e-03,-1.141375041211778463e+00,3.440976637345630196e-02,2.559796099454116902e+00,-7.648284126918754311e-02,8.219591431522337011e-02,8.708680163774934480e-01,-1.731732927788913468e-01,1.957499999999998685e+00,-7.659424831399232192e-02,-2.348999999999995314e+00,1.963633208096451366e-01,-5.783538149612931889e+00,6.749999999999999112e+00,8.999999999999998224e+00,-1.110223024625156540e-16,0.000000000000000000e+00,9.992007221626408864e-16,0.000000000000000000e+00,-7.499999999999995453e+02,0.000000000000000000e+00,1.082756093481839343e+02,0.000000000000000000e+00,0.000000000000000000e+00,0.000000000000000000e+00,0.000000000000000000e+00
5.025602797194157478e-01,2.075389112648280340e-02,7.618417638988519425e-01,3.364641708161463744e-03,-1.139419252449252351e+00,3.440976637345630196e-02,2.557449152939085035e+00,-7.648284126918754311e-02,7.604294916121438763e-02,8.776121155586187328e-01,-1.641811605373910410e-01,1.957499999999998685e+00,-7.659424831399232192e-02,-2.348999999999995314e+00,1.963633208096451366e-01,-6.532882503071290259e+00,6.749999999999999112e+00,8.999999999999998224e+00,-1.110223024625156540e-16,0.000000000000000000e+00,9.992007221626408864e-16,0.000000000000000000e+00,-7.499999999999990905e+02,-2.952990928378312674e+00,-3.937321237837750232e+00,0.000000000000000000e+00,0.000000000000000000e+00,1.009741958682895111e-28,0.000000000000000000e+00
5.035594055240270039e-01,2.082648083100731295e-02,7.627214662511297982e-01,3.204058916531690466e-03,-1.137463463686726017e+00,3.440976637345630196e-02,2.555102206424053168e+00,-7.648284126918754311e-02,6.914129530028791104e-02,8.843532643303076979e-01,-1.551929621751391430e-01,1.957499999999998685e+00,-7.659424831399232192e-02,-2.348999999999995314e+00,1.963633208096451366e-01,-7.282226856529731229e+00,6.744099181125347009e+00,8.992132241500462086e+00,-1.110223024625156540e-16,0.000000000000000000e+00,9.992007221626408864e-16,0.000000000000000000e+00,-7.500000000000000000e+02,-1.904529909283878624e+02,-2.539373212378523021e+02,0.000000000000000000e+00,0.000000000000000000e+00,-1.009741958682895111e-28,0.000000000000000000e+00
5.045585313286381490e-01,2.089180076595958252e-02,7.636083475890101946e-01,3.053403184789717055e-03,-1.135507674924199684e+00,3.440976637345630196e-02,2.552755259909021746e+00,-7.648284126918754311e-02,6.149095273244541832e-02,8.909044544274645760e-01,-1.464580420455967313e-01,1.957499999999998685e+00,-7.659424831399232192e-02,-2.348999999999995314e+00,1.963633208096451366e-01,-8.031571209988090487e+00,6.369427004396168712e+00,8.492569339194890432e+00,-1.110223024625156540e-16,0.000000000000000000e+00,9.992007221626408864e-16,0.000000000000000000e+00,-7.500000000000000000e+02,-3.749999999999990905e+02,-4.999999999999986358e+02,0.000000000000000000e+00,0.000000000000000000e+00,0.000000000000000000e+00,0.000000000000000000e+00
5.055576571332492941e-01,2.094910289827923641e-02,7.645015875357271673e-01,2.911225598163017306e-03,-1.133551886161673350e+00,3.440976637345630196e-02,2.550408313393990323e+00,-7.648284126918754311e-02,5.309192145768620863e-02,8.970813001711630541e-01,-1.382222477206654643e-01,1.957499999999998685e+00,-7.659424831399232192e-02,-2.348999999999995314e+00,1.963633208096451366e-01,-8.780915563446448857e+00,5.994754827666989527e+00,7.993006436889318778e+00,-1.110223024625156540e-16,0.000000000000000000e+00,9.992007221626408864e-16,0.000000000000000000e+00,-7.500000000000000000e+02,-3.749999999999995453e+02,-4.999999999999995453e+02,0.000000000000000000e+00,0.000000000000000000e+00,0.000000000000000000e+00,0.000000000000000000e+00
5.065567829378604392e-01,2.099763919490590242e-02,7.654008120747503030e-01,2.777027467944687394e-03,-1.131596097399147016e+00,3.440976637345630196e-02,2.548061366878958900e+00,-7.648284126918754311e-02,4.394420147601028198e-02,9.028838015614031320e-01,-1.304855792003453419e-01,1.957499999999998685e+00,-7.659424831399232192e-02,-2.348999999999995314e+00,1.963633208096451366e-01,-9.530259916904807227e+00,5.620082650937810342e+00,7.493443534583746235e+00,-1.110223024625156540e-16,0.000000000000000000e+00,9.992007221626408864e-16,0.000000000000000000e+00,-7.500000000000081855e+02,-3.750000000000000000e+02,-4.999999999999995453e+02,0.000000000000000000e+00,0.000000000000000000e+00,0.000000000000000000e+00,0.000000000000000000e+00
5.075559087424715843e-01,2.103721343686632689e-02,7.663056471895495214e-01,2.650310105427797040e-03,-1.129640308636620905e+00,3.440976637345630196e-02,2.545714420363927033e+00,-7.648284126918754311e-02,3.408832071558455523e-02,9.083119585981848099e-01,-1.232480364846363780e-01,1.957499999999998685e+00,-7.659424831399232192e-02,-2.348999999999995314e+00,1.963633208096451366e-01,-1.027960427036318336e+01,5.245410474208631157e+00,6.993880632278174581e+00,-1.110223024625156540e-16,0.000000000000000000e+00,9.992007221626408864e-16,0.000000000000000000e+00,-1.057007421284688462e+02,-3.750000000000000000e+02,-4.999999999999995453e+02,0.000000000000000000e+00,0.000000000000000000e+00,0.000000000000000000e+00,0.000000000000000000e+00
5.085550345470827294e-01,2.106611260950137787e-02,7.672157188635947422e-01,2.530574821905441554e-03,-1.127684519874094571e+00,3.440976637345630196e-02,2.543367473848895610e+00,-7.648284126918754311e-02,2.407877731745645261e-02,9.133657712815080876e-01,-1.165096195735385587e-01,1.957499999999998685e+00,-7.659424831399232192e-02,-2.348999999999995314e+00,1.963633208096451366e-01,-9.741476594959010527e+00,4.870738297479451973e+00,6.494317729972602038e+00,-1.110223024625156540e-16,0.000000000000000000e+00,9.992007221626408864e-16,0.000000000000000000e+00,6.442992578715338823e+02,-3.750000000000004547e+02,-5.000000000000000000e+02,0.000000000000000000e+00,0.000000000000000000e+00,1.009741958682895111e-28,0.000000000000000000e+00
5.095541603516939855e-01,2.108542994109147140e-02,7.681306530803556631e-01,2.417322928670679379e-03,-1.125728731111568015e+00,3.440976637345630196e-02,2.541020527333864187e+00,-7.648284126918754311e-02,1.472039595765936917e-02,9.180452396113736313e-01,-1.102703284670512457e-01,1.957499999999998685e+00,-7.659424831399232192e-02,-2.348999999999995314e+00,1.963633208096451366e-01,-8.992132241500568668e+00,4.496066120750231043e+00,5.994754827666974428e+00,-1.110223024625156540e-16,0.000000000000000000e+00,9.992007221626408864e-16,0.000000000000000000e+00,7.499999999999990905e+02,-3.749999999999995453e+02,-4.999999999999990905e+02,0.000000000000000000e+00,0.000000000000000000e+00,-1.009741958682895111e-28,0.000000000000000000e+00
5.105532861563051306e-01,2.109577133091038517e-02,7.690500758233020928e-01,2.310055737016630112e-03,-1.123772942349041681e+00,3.440976637345630196e-02,2.538673580818832320e+00,-7.648284126918754311e-02,6.110703304780111186e-03,9.223503635877801088e-01,-1.045301631651757712e-01,1.957499999999998685e+00,-7.659424831399232192e-02,-2.348999999999995314e+00,1.963633208096451366e-01,-8.242787888042212074e+00,4.121393944021051858e+00,5.495191925361402774e+00,-1.110223024625156540e-16,0.000000000000000000e+00,9.992007221626408864e-16,0.000000000000000000e+00,7.499999999999990905e+02,-3.749999999999993179e+02,-4.999999999999995453e+02,0.000000000000000000e+00,0.000000000000000000e+00,0.000000000000000000e+00,0.000000000000000000e+00
5.115524119609162756e-01,2.109788481201849836e-02,7.699736130759037289e-01,2.208274558236351763e-03,-1.121817153586515570e+00,3.440976637345630196e-02,2.536326634303800898e+00,-7.648284126918754311e-02,-1.750300641182431574e-03,9.262811432107284082e-01,-9.928912366791142752e-02,1.957499999999998685e+00,-7.659424831399232192e-02,-2.348999999999995314e+00,1.963633208096451366e-01,-7.493443534583852816e+00,3.746721767291873118e+00,4.995629023055830231e+00,-1.110223024625156540e-16,0.000000000000000000e+00,9.992007221626408864e-16,0.000000000000000000e+00,7.499999999999995453e+02,-3.749999999999997726e+02,-4.999999999999995453e+02,0.000000000000000000e+00,0.000000000000000000e+00,0.000000000000000000e+00,0.000000000000000000e+00
5.125515377655274207e-01,2.109251841747618664e-02,7.709008908216307132e-01,2.111480703622939641e-03,-1.119861364823989236e+00,3.440976637345630196e-02,2.533979687788769475e+00,-7.648284126918754311e-02,-8.862615880228257373e-03,9.298375784802183075e-01,-9.454720997525822845e-02,1.957499999999998685e+00,-7.659424831399232192e-02,-2.348999999999995314e+00,1.963633208096451366e-01,-6.744099181125495335e+00,3.372049590562693933e+00,4.496066120750258577e+00,-1.110223024625156540e-16,0.000000000000000000e+00,9.992007221626408864e-16,0.000000000000000000e+00,7.499999999999990905e+02,-3.749999999999997726e+02,-4.999999999999997726e+02,3.286098962437239095e-14,0.000000000000000000e+00,-5.258124581346360719e-14,0.000000000000000000e+00
5.135506635701385658e-01,2.108042018034382570e-02,7.718315350439524103e-01,2.019175484469463034e-03,-1.117905576061462902e+00,3.440976637345630196e-02,2.531632741273738052e+00,-7.648284126918754311e-02,-1.522624241235736794e-02,9.330196693962499177e-01,-9.030442208721617403e-02,1.957499999999998685e+00,-7.659424831399232192e-02,-2.348999999999995314e+00,1.963633208096451366e-01,-5.994754827667136965e+00,2.997377413833515192e+00,3.996503218444686034e+00,-4.535777706497655717e-17,0.000000000000000000e+00,8.941301631009743205e-16,0.000000000000000000e+00,7.500000000000000000e+02,-3.749999999999995453e+02,-5.000000000000002274e+02,5.555972128340789652e-14,0.000000000000000000e+00,-5.000374915506169465e-13,0.000000000000000000e+00
5.145497893747498219e-01,2.106233813368178776e-02,7.727651717263391840e-01,1.930860212068995349e-03,-1.117161000000011839e+00,3.440976637345630196e-02,2.530620000000000314e+00,-7.648284126918754311e-02,-2.084118023757037391e-02,9.358274159588233498e-01,-8.656076000378490343e-02,1.957499999999998685e+00,-7.659424831399232192e-02,-2.348999999999995314e+00,1.963633208096451366e-01,-5.245410474208695106e+00,2.622705237104294262e+00,3.496940316139058424e+00,0.000000000000000000e+00,0.000000000000000000e+00,0.000000000000000000e+00,0.000000000000000000e+00,7.499999999999990905e+02,-3.749999999999997726e+02,-4.999999999999995453e+02,2.269873165903368172e-14,0.000000000000000000e+00,-4.474562457371504110e-13,0.000000000000000000e+00
5.155489151793609670e-01,2.103902031055045543e-02,7.737014268522602878e-01,1.846036197714638833e-03,-1.117161000000011839e+00,3.440976637345630196e-02,2.530620000000000314e+00,-7.648284126918754311e-02,-2.570742935586596556e-02,9.382608181679381598e-01,-8.331622372496519380e-02,1.957499999999998685e+00,-7.659424831399232192e-02,-2.348999999999995314e+00,1.963633208096451366e-01,-4.496066120750337625e+00,2.248033060375115078e+00,2.997377413833486326e+00,0.000000000000000000e+00,0.000000000000000000e+00,0.000000000000000000e+00,0.000000000000000000e+00,7.499999999999990905e+02,-3.749999999999996589e+02,-4.999999999999995453e+02,0.000000000000000000e+00,0.000000000000000000e+00,0.000000000000000000e+00,0.000000000000000000e+00
5.165480409839721121e-01,2.101121474401020442e-02,7.746399264051858635e-01,1.764204752699480121e-03,-1.117161000000011839e+00,3.440976637345630196e-02,2.530620000000000314e+00,-7.648284126918754311e-02,-2.982498976724484024e-02,9.403198760235944587e-01,-8.057081325075662881e-02,1.957499999999998685e+00,-7.659424831399232192e-02,-2.348999999999995314e+00,1.963633208096451366e-01,-3.746721767291979255e+00,1.873360883645936115e+00,2.497814511527914227e+00,0.000000000000000000e+00,0.000000000000000000e+00,0.000000000000000000e+00,0.000000000000000000e+00,7.499999999999997726e+02,-3.749999999999994316e+02,-4.999999999999996589e+02,0.000000000000000000e+00,0.000000000000000000e+00,0.000000000000000000e+00,0.000000000000000000e+00
5.175471667885832572e-01,2.097966946712139652e-02,7.755802963685856088e-01,1.684867188316615822e-03,-1.117161000000011839e+00,3.440976637345630196e-02,2.530620000000000314e+00,-7.648284126918754311e-02,-3.319386147170699797e-02,9.420045895257924684e-01,-7.832452858115920846e-02,1.957499999999998685e+00,-7.659424831399232192e-02,-2.348999999999995314e+00,1.963633208096451366e-01,-2.997377413833620885e+00,1.498688706916757152e+00,1.998251609222342129e+00,0.000000000000000000e+00,0.000000000000000000e+00,0.000000000000000000e+00,0.000000000000000000e+00,7.499999999999993179e+02,-3.749999999999997726e+02,-4.999999999999996589e+02,0.000000000000000000e+00,0.000000000000000000e+00,0.000000000000000000e+00,0.000000000000000000e+00
5.185462925931944023e-01,2.094513251294441436e-02,7.765221627259294435e-01,1.607524815859115008e-03,-1.117161000000011839e+00,3.440976637345630196e-02,2.530620000000000314e+00,-7.648284126918754311e-02,-3.581404446925244567e-02,9.433149586745321891e-01,-7.657736971617293276e-02,1.957499999999998685e+00,-7.659424831399232192e-02,-2.348999999999995314e+00,1.963633208096451366e-01,-2.248033060375262959e+00,1.124016530187577967e+00,1.498688706916770030e+00,0.000000000000000000e+00,0.000000000000000000e+00,0.000000000000000000e+00,0.000000000000000000e+00,7.499999999999993179e+02,-3.749999999999998295e+02,-4.999999999999995453e+02,0.000000000000000000e+00,0.000000000000000000e+00,0.000000000000000000e+00,0.000000000000000000e+00
5.195454183978055474e-01,2.090835191453963710e-02,7.774651514606869540e-01,1.531678946620046097e-03,-1.117161000000011839e+00,3.440976637345630196e-02,2.530620000000000314e+00,-7.648284126918754311e-02,-3.768553875988117641e-02,9.442509834698135096e-01,-7.532933665579780169e-02,1.957499999999998685e+00,-7.659424831399232192e-02,-2.348999999999995314e+00,1.963633208096451366e-01,-1.498688706916904589e+00,7.493443534583988930e-01,9.991258046111979318e-01,0.000000000000000000e+00,0.000000000000000000e+00,0.000000000000000000e+00,0.000000000000000000e+00,7.499999999999995453e+02,-3.749999999999996589e+02,-4.999999999999996589e+02,0.000000000000000000e+00,0.000000000000000000e+00,0.000000000000000000e+00,0.000000000000000000e+00
5.205445442024168035e-01,2.087007570496742653e-02,7.784088885563285043e-01,1.456830891892498111e-03,-1.117161000000011839e+00,3.440976637345630196e-02,2.530620000000000314e+00,-7.648284126918754311e-02,-3.880834434359329427e-02,9.448126639116365411e-01,-7.458042940003378751e-02,1.957499999999998685e+00,-7.659424831399232192e-02,-2.348999999999995314e+00,1.963633208096451366e-01,-7.493443534584632859e-01,3.746721767291781857e-01,4.995629023055703222e-01,0.000000000000000000e+00,0.000000000000000000e+00,0.000000000000000000e+00,0.000000000000000000e+00,7.500000000000102318e+02,-3.749999999999992042e+02,-4.999999999999986358e+02,0.000000000000000000e+00,0.000000000000000000e+00,0.000000000000000000e+00,0.000000000000000000e+00
5.215436700070279485e-01,2.083106316069305991e-02,7.793529999963231258e-01,1.382481962969583922e-03,-1.117161000000011839e+00,3.440976637345630196e-02,2.530620000000000314e+00,-7.648284126918754311e-02,-3.923107081899804283e-02,9.450000000000011724e-01,-7.433064794888100124e-02,1.957499999999998685e+00,-7.659424831399232192e-02,-2.348999999999995314e+00,1.963633208096451366e-01,-8.326672684688674053e-14,0.000000000000000000e+00,0.000000000000000000e+00,0.000000000000000000e+00,0.000000000000000000e+00,0.000000000000000000e+00,0.000000000000000000e+00,-4.224866812610912348e-01,2.112433406573472894e-01,-4.999999999999920419e+02,0.000000000000000000e+00,-3.752112433406516061e+02,0.000000000000000000e+00,5.002816577875354369e+02
5.225416707991217269e-01,2.079178577084200147e-02,7.802961731199012929e-01,1.308216750707084453e-03,-1.115207413449488261e+00,3.433320050287010095e-02,2.528275696139372197e+00,-7.628670418601600500e-02,-3.960532111603320277e-02,9.451871251485187697e-01,-7.458014814690444583e-02,1.957499999999999574e+00,-7.696849861102747492e-02,-2.348999999999999755e+00,1.968623212056920257e-01,-7.485005940703134408e-01,3.742502970351567204e-01,-4.990003960468756272e-01,0.000000000000000000e+00,-7.485005940703134408e-01,0.000000000000000000e+00,9.980007920937512544e-01,-7.499999999999379270e+02,3.749999999999898250e+02,-4.999999999999864144e+02,0.000000000000000000e+00,-7.499999999999796501e+02,0.000000000000000000e+00,9.999999999999728288e+02
5.235396715912155052e-01,2.075176137980280430e-02,7.812397197440734686e-01,1.233453537652491128e-03,-1.113253826898964682e+00,3.425588763109576468e-02,2.525931392278744081e+00,-7.608957110126028656e-02,-4.072657260120898098e-02,9.457477508911066311e-01,-7.532764913702162668e-02,1.957499999999999574e+00,-7.808975009620326702e-02,-2.348999999999999755e+00,1.983573231859263875e-01,-1.497001188140626882e+00,7.485005940703134408e-01,-9.980007920937512544e-01,0.000000000000000000e+00,-1.497001188140626882e+00,0.000000000000000000e+00,1.996001584187502509e+00,-7.500000000000212594e+02,3.750000000000106297e+02,-5.000000000000141540e+02,0.000000000000000000e+00,-7.500000000000212594e+02,0.000000000000000000e+00,1.000000000000028308e+03
5.245376723833091726e-01,2.071024448579325203e-02,7.821840126197306953e-01,1.157695322617663738e-03,-1.111300240348441326e+00,3.417708225635106983e-02,2.523587088418115520e+00,-7.589044801254410388e-02,-4.259482527452539830e-02,9.466818772277648675e-01,-7.657315091923257155e-02,1.957499999999999574e+00,-7.995800276951967045e-02,-2.348999999999999755e+00,2.008483267503482772e-01,-2.245501782210939989e+00,1.122750891105469995e+00,-1.497001188140626660e+00,0.000000000000000000e+00,-2.245501782210939989e+00,0.000000000000000000e+00,2.994002376281253319e+00,-7.500000000000213731e+02,3.750000000000106866e+02,-5.000000000000142677e+02,0.000000000000000000e+00,-7.500000000000213731e+02,0.000000000000000000e+00,1.000000000000028535e+03
5.255356731754029509e-01,2.066648958703113867e-02,7.831294244977643482e-01,1.080445104414460991e-03,-1.109346653797917748e+00,3.409603887685380696e-02,2.521242784557487404e+00,-7.568834091749115922e-02,-4.521007913598243388e-02,9.479895041584934789e-01,-7.831665349353726657e-02,1.957499999999999574e+00,-8.257325663097671298e-02,-2.348999999999999755e+00,2.043353318989576672e-01,-2.994002376281253763e+00,1.497001188140626882e+00,-1.996001584187502509e+00,0.000000000000000000e+00,-2.994002376281253763e+00,0.000000000000000000e+00,3.992003168375005018e+00,-7.499999999999797637e+02,3.749999999999898819e+02,-4.999999999999865850e+02,0.000000000000000000e+00,-7.499999999999797637e+02,0.000000000000000000e+00,9.999999999999731699e+02
5.265336739674967292e-01,2.061975118173425478e-02,7.840763281290653586e-01,1.001205881854742678e-03,-1.107393067247394169e+00,3.401201199082178050e-02,2.518898480696859288e+00,-7.548225581372518256e-02,-4.857233418558010163e-02,9.496706316832922434e-01,-8.055815685993571174e-02,1.957499999999999574e+00,-8.593551168057438072e-02,-2.348999999999999755e+00,2.088183386317545576e-01,-3.742502970351567093e+00,1.871251485175783547e+00,-2.495001980234378358e+00,0.000000000000000000e+00,-3.742502970351567093e+00,0.000000000000000000e+00,4.990003960468756716e+00,-7.499999999999793090e+02,3.749999999999896545e+02,-4.999999999999862439e+02,0.000000000000000000e+00,-7.499999999999793090e+02,0.000000000000000000e+00,9.999999999999724878e+02
5.275316747595905076e-01,2.056928376812038398e-02,7.850250962645248798e-01,9.194806537503682651e-04,-1.105439480696870591e+00,3.392425609647276713e-02,2.516554176836230727e+00,-7.527119869886990389e-02,-5.268159042331839459e-02,9.517252598021613830e-01,-8.329766101842790704e-02,1.957499999999999574e+00,-9.004476791831267368e-02,-2.348999999999999755e+00,2.142973469487389482e-01,-4.491003564421879979e+00,2.245501782210939989e+00,-2.994002376281253319e+00,0.000000000000000000e+00,-4.491003564421879979e+00,0.000000000000000000e+00,5.988004752562506638e+00,-7.500000000000211458e+02,3.750000000000105729e+02,-5.000000000000140972e+02,0.000000000000000000e+00,-7.500000000000211458e+02,0.000000000000000000e+00,1.000000000000028194e+03
5.285296755516841749e-01,2.051434184440732028e-02,7.859761016550339541e-01,8.347724189131967842e-04,-1.103485894146347235e+00,3.383202569202455740e-02,2.514209872975603055e+00,-7.505417557054902544e-02,-5.753784784919731971e-02,9.541533885151007865e-01,-8.653516596901385249e-02,1.957499999999999574e+00,-9.490102534419159186e-02,-2.348999999999999755e+00,2.207723568499108391e-01,-5.239504158492193753e+00,2.619752079246096876e+00,-3.493002772328129168e+00,0.000000000000000000e+00,-5.239504158492193753e+00,0.000000000000000000e+00,6.986005544656258337e+00,-7.500000000000213731e+02,7.297193234288897656e+00,-5.000000000000143245e+02,0.000000000000000000e+00,-7.500000000000213731e+02,0.000000000000000000e+00,1.000000000000028649e+03
5.295276763437779532e-01,2.045417990881284731e-02,7.869296022457281659e-01,7.465841761550878102e-04,-1.101532307595823656e+00,3.373457527569494185e-02,2.511865569114974495e+00,-7.483019242638626334e-02,-6.314110646321687004e-02,9.565890294096736080e-01,-9.027067171169354809e-02,1.957499999999999574e+00,-1.005042839582111491e-01,-2.348999999999999755e+00,2.282433683352702303e-01,-5.988004752562507527e+00,2.260066991466621378e+00,-3.992003168375005018e+00,0.000000000000000000e+00,-5.988004752562507527e+00,0.000000000000000000e+00,7.984006336750010036e+00,-7.499999999999790816e+02,-3.677028067657421389e+02,-4.999999999999863576e+02,0.000000000000000000e+00,-7.499999999999790816e+02,0.000000000000000000e+00,9.999999999999727152e+02
5.305256771358717316e-01,2.038805245955475909e-02,7.878853441576249006e-01,6.544189242879008090e-04,-1.099578721045300078e+00,3.363115934570170412e-02,2.509521265254346378e+00,-7.459825526400536144e-02,-6.949136626537703865e-02,9.586574689670774863e-01,-9.450417824646699383e-02,1.957499999999999574e+00,-1.068545437603713177e-01,-2.348999999999999755e+00,2.367103814048171218e-01,-6.736505346632819524e+00,1.885816694431464491e+00,-4.491003564421879979e+00,0.000000000000000000e+00,-6.736505346632819524e+00,0.000000000000000000e+00,8.982007128843759958e+00,-7.499999999999790816e+02,-3.749999999999897682e+02,-4.999999999999861302e+02,0.000000000000000000e+00,-7.499999999999790816e+02,0.000000000000000000e+00,9.999999999999722604e+02
5.315236779279655099e-01,2.031521399485084270e-02,7.888429636313478710e-01,5.577796621234949216e-04,-1.097625134494776500e+00,3.352103240026264863e-02,2.507176961393718262e+00,-7.435737008103000811e-02,-7.658862725567784635e-02,9.603524079304109895e-01,-9.923568557333420359e-02,1.957499999999999574e+00,-1.139518047506721254e-01,-2.348999999999999755e+00,2.461733960585515413e-01,-7.485005940703133298e+00,1.511566397396307826e+00,-4.990003960468755828e+00,0.000000000000000000e+00,-7.485005940703133298e+00,0.000000000000000000e+00,9.980007920937511656e+00,-7.500000000000204636e+02,-3.750000000000103455e+02,-5.000000000000136424e+02,0.000000000000000000e+00,-7.500000000000204636e+02,0.000000000000000000e+00,1.000000000000027285e+03
5.325216787200591773e-01,2.023491901291888523e-02,7.898020879160061458e-01,4.561693884737298850e-04,-1.095671547944253144e+00,3.340344893759555206e-02,2.504832657533089701e+00,-7.410654287508394722e-02,-8.443288943411926539e-02,9.616738462996742287e-01,-1.044651936922951496e-01,1.957499999999999574e+00,-1.217960669291135306e-01,-2.348999999999999755e+00,2.566324122964734333e-01,-8.233506534773445296e+00,1.137316100361151605e+00,-5.489004356515629901e+00,0.000000000000000000e+00,-8.233506534773445296e+00,0.000000000000000000e+00,1.097800871303125980e+01,-7.500000000000204636e+02,-3.750000000000101181e+02,-5.000000000000127329e+02,0.000000000000000000e+00,-7.500000000000204636e+02,0.000000000000000000e+00,1.000000000000025466e+03
5.335196795121529556e-01,2.014642201197667723e-02,7.907623442607084607e-01,3.490911021504650570e-04,-1.093717961393729565e+00,3.327766345591819108e-02,2.502488353672461585e+00,-7.384477964379088100e-02,-9.302415280070129577e-02,9.626217840748672039e-01,-1.101927026033498458e-01,1.957499999999999574e+00,-1.303873302956955471e-01,-2.348999999999999755e+00,2.680874301185828257e-01,-8.982007128843758181e+00,7.630658033259954953e-01,-5.988004752562504862e+00,0.000000000000000000e+00,-8.982007128843758181e+00,0.000000000000000000e+00,1.197600950512500972e+01,-7.499999999999790816e+02,-3.749999999999895408e+02,-4.999999999999863576e+02,0.000000000000000000e+00,-7.499999999999790816e+02,0.000000000000000000e+00,9.999999999999727152e+02
5.345176803042467339e-01,2.004897749024201273e-02,7.917233599145637735e-01,2.360478019655592530e-04,-1.091764374843205987e+00,3.314293045344839095e-02,2.500144049811833469e+00,-7.357108638477452556e-02,-1.023624173554239652e-01,9.631962212559899150e-01,-1.164182123064982921e-01,1.957499999999999574e+00,-1.397255948504182166e-01,-2.348999999999999755e+00,2.805384495248797183e-01,-9.730507722914071067e+00,3.888155062908387194e-01,-6.487005148609380711e+00,0.000000000000000000e+00,-9.730507722914071067e+00,0.000000000000000000e+00,1.297401029721876142e+01,-7.499999999999790816e+02,-3.749999999999895408e+02,-4.999999999999859028e+02,0.000000000000000000e+00,-7.499999999999790816e+02,0.000000000000000000e+00,9.999999999999718057e+02
5.355156810963405123e-01,1.994183994593267187e-02,7.926847621266810417e-01,1.165424867308724000e-04,-1.089810788292682409e+00,3.299850442840390058e-02,2.497799745951205352e+00,-7.328446909565862477e-02,-1.124476830982872461e-01,9.633971578430422511e-01,-1.231417228017405024e-01,1.957499999999999574e+00,-1.498108605932814974e-01,-2.348999999999999755e+00,2.939854705153641112e-01,-1.047900831698438395e+01,1.456520925568260960e-02,-6.986005544656255672e+00,0.000000000000000000e+00,-1.047900831698438395e+01,0.000000000000000000e+00,1.397201108931251134e+01,-7.500000000000218279e+02,-1.947971932342337880e+02,-5.000000000000140972e+02,0.000000000000000000e+00,-7.500000000000218279e+02,0.000000000000000000e+00,1.000000000000028194e+03
5.365136818884341796e-01,1.982426387726644867e-02,7.936462374567981870e-01,-9.921844741736605272e-06,-1.087857201742159052e+00,3.284363987900253828e-02,2.495455442090577236e+00,-7.298393377406686700e-02,-1.232799500292911660e-01,9.634034966140722078e-01,-1.303632340890764629e-01,1.957499999999999574e+00,-1.606431275242854173e-01,-2.348999999999999755e+00,3.084284930900360600e-01,-1.122750891105469684e+01,1.231653667943533037e-16,-7.485005940703131522e+00,0.000000000000000000e+00,-1.122750891105469684e+01,0.000000000000000000e+00,1.497001188140626304e+01,-7.500000000000209184e+02,-7.297193234249597538e+00,-5.000000000000140972e+02,0.000000000000000000e+00,-7.500000000000209184e+02,0.000000000000000000e+00,1.000000000000028194e+03
5.375116826805279580e-01,1.969550378246113370e-02,7.946077149095249759e-01,-1.438421936404080256e-04,-1.085903615191635696e+00,3.267759130346208074e-02,2.493111138229948676e+00,-7.266848641762299610e-02,-1.348592181484356833e-01,9.634034966140722078e-01,-1.380827461685061597e-01,1.957499999999999574e+00,-1.722223956434299486e-01,-2.348999999999999755e+00,3.238675172488954535e-01,-1.197600950512500972e+01,1.231653667943533037e-16,-7.984006336750006483e+00,0.000000000000000000e+00,-1.197600950512500972e+01,0.000000000000000000e+00,1.596801267350001297e+01,-7.499999999999781721e+02,0.000000000000000000e+00,-4.999999999999849933e+02,0.000000000000000000e+00,-7.499999999999781721e+02,0.000000000000000000e+00,9.999999999999699867e+02
5.385096834726217363e-01,1.955481415973451403e-02,7.955691923622516537e-01,-2.857155611532825575e-04,-1.083950028641112118e+00,3.249961320000031156e-02,2.490766834369320559e+00,-7.233713302395070044e-02,-1.471854874557208537e-01,9.634034966140722078e-01,-1.463002590400296066e-01,1.957499999999999574e+00,-1.845486649507151189e-01,-2.348999999999999755e+00,3.403025429919423472e-01,-1.272451009919532083e+01,1.231653667943533037e-16,-8.483006732796880556e+00,0.000000000000000000e+00,-1.272451009919532083e+01,0.000000000000000000e+00,1.696601346559376111e+01,-7.499999999999790816e+02,0.000000000000000000e+00,-4.999999999999859028e+02,0.000000000000000000e+00,-7.499999999999790816e+02,0.000000000000000000e+00,9.999999999999718057e+02
5.395076842647155146e-01,1.940144950730437676e-02,7.965306698149784426e-01,-4.360389484685008163e-04,-1.081996442090588539e+00,3.230896006683503519e-02,2.488422530508692443e+00,-7.198887959067373776e-02,-1.602587579511466354e-01,9.634034966140722078e-01,-1.550157727036468036e-01,1.957499999999999574e+00,-1.976219354461409006e-01,-2.348999999999999755e+00,3.577335703191767413e-01,-1.347301069326563550e+01,1.231653667943533037e-16,-8.982007128843756405e+00,0.000000000000000000e+00,-1.347301069326563550e+01,0.000000000000000000e+00,1.796401425768751281e+01,-3.885216860287673626e+02,0.000000000000000000e+00,-2.590144573525112719e+02,0.000000000000000000e+00,-3.885216860287673626e+02,0.000000000000000000e+00,5.180289147050225438e+02
5.405056850568091820e-01,1.923478457526973939e-02,7.974921472677051204e-01,-5.952291888533889439e-04,-1.080042855540065183e+00,3.210500665406524484e-02,2.486078226648064327e+00,-7.162289245125742776e-02,-1.737182739910450857e-01,9.634034966140722078e-01,-1.639887833969124742e-01,1.957499999999999574e+00,-2.110814514860393787e-01,-2.348999999999999755e+00,3.756795917057080825e-01,-1.349999999999999822e+01,1.231653667943533037e-16,-8.999999999999998224e+00,0.000000000000000000e+00,-1.349999999999999822e+01,0.000000000000000000e+00,1.799999999999999645e+01,-1.352168602879828541e+01,0.000000000000000000e+00,-9.014457352531280776e+00,0.000000000000000000e+00,-1.352168602879828541e+01,0.000000000000000000e+00,1.802891470506256155e+01
5.415036858489029603e-01,1.905467812006635467e-02,7.984536247204317982e-01,-7.633804446841047781e-04,-1.078089268989541605e+00,3.188761171812672102e-02,2.483733922787435766e+00,-7.123898328094946386e-02,-1.871912846843107325e-01,9.634034966140722078e-01,-1.729707905257562295e-01,1.957499999999999574e+00,-2.245544621793050255e-01,-2.348999999999999755e+00,3.936436059633955931e-01,-1.349999999999999822e+01,1.231653667943533037e-16,-8.999999999999998224e+00,0.000000000000000000e+00,-1.349999999999999822e+01,0.000000000000000000e+00,1.799999999999999645e+01,0.000000000000000000e+00,0.000000000000000000e+00,0.000000000000000000e+00,0.000000000000000000e+00,0.000000000000000000e+00,0.000000000000000000e+00,0.000000000000000000e+00
5.425016866409967387e-01,1.886112564347644169e-02,7.994151021731586981e-01,-9.404957147725080679e-04,-1.076135682439018026e+00,3.165677076080167240e-02,2.481389618926807650e+00,-7.083714608212612895e-02,-2.006642953775763516e-01,9.634034966140722078e-01,-1.819527976545999848e-01,1.957499999999999574e+00,-2.380274728725706446e-01,-2.348999999999999755e+00,4.116076202210831037e-01,-1.349999999999999822e+01,1.231653667943533037e-16,-8.999999999999998224e+00,0.000000000000000000e+00,-1.349999999999999822e+01,0.000000000000000000e+00,1.799999999999999645e+01,0.000000000000000000e+00,0.000000000000000000e+00,0.000000000000000000e+00,0.000000000000000000e+00,0.000000000000000000e+00,0.000000000000000000e+00,0.000000000000000000e+00
5.434996874330905170e-01,1.865412714549999698e-02,8.003765796258853760e-01,-1.126574999118599030e-03,-1.074182095888494448e+00,3.141248378209007819e-02,2.479045315066179533e+00,-7.041738085478739528e-02,-2.141373060708419984e-01,9.634034966140722078e-01,-1.909348047834437401e-01,1.957499999999999574e+00,-2.515004835658362636e-01,-2.348999999999999755e+00,4.295716344787706142e-01,-1.349999999999999822e+01,1.231653667943533037e-16,-8.999999999999998224e+00,0.000000000000000000e+00,-1.349999999999999822e+01,0.000000000000000000e+00,1.799999999999999645e+01,0.000000000000000000e+00,0.000000000000000000e+00,0.000000000000000000e+00,0.000000000000000000e+00,0.000000000000000000e+00,0.000000000000000000e+00,0.000000000000000000e+00
5.444976882251841843e-01,1.843368262613702402e-02,8.013380570786120538e-01,-1.321618297722377666e-03,-1.072228509337971092e+00,3.115475078199195919e-02,2.476701011205550973e+00,-6.997968759893331836e-02,-2.276103167641076175e-01,9.634034966140722078e-01,-1.999168119122874954e-01,1.957499999999999574e+00,-2.649734942591019382e-01,-2.348999999999999755e+00,4.475356487364581248e-01,-1.349999999999999822e+01,1.231653667943533037e-16,-8.999999999999998224e+00,0.000000000000000000e+00,-1.349999999999999822e+01,0.000000000000000000e+00,1.799999999999999645e+01,4.409357824896687816e+00,0.000000000000000000e+00,2.031770955271631465e+02,0.000000000000000000e+00,0.000000000000000000e+00,0.000000000000000000e+00,0.000000000000000000e+00
5.454956890172779627e-01,1.820002360397443911e-02,8.022995345313388427e-01,-1.526041987065121595e-03,-1.070274922787447514e+00,3.088357176050730846e-02,2.474356707344923301e+00,-6.952406631456384267e-02,-2.410789269147713687e-01,9.634034966140722078e-01,-2.086960481388598354e-01,1.957499999999999574e+00,-2.784465049523675573e-01,-2.348999999999999755e+00,4.654996629941456354e-01,-1.349119891479625366e+01,1.231653667943533037e-16,-8.594458195457130856e+00,0.000000000000000000e+00,-1.349999999999999822e+01,0.000000000000000000e+00,1.799999999999999645e+01,3.794093578248875929e+02,0.000000000000000000e+00,4.531770955271681487e+02,0.000000000000000000e+00,0.000000000000000000e+00,0.000000000000000000e+00,0.000000000000000000e+00
5.464936898093717410e-01,1.795284447123618801e-02,8.032610119840655205e-01,-1.738523069418496840e-03,-1.068321336236923935e+00,3.059894671763612600e-02,2.472012403484294740e+00,-6.905051700167899598e-02,-2.541703856317278354e-01,9.634034966140722078e-01,-2.170240128690904269e-01,1.957499999999999574e+00,-2.919195156456332318e-01,-2.348999999999999755e+00,4.834636772518332015e-01,-1.274269832072593900e+01,1.231653667943533037e-16,-8.095457799410255006e+00,0.000000000000000000e+00,-1.349999999999999822e+01,0.000000000000000000e+00,1.799999999999999645e+01,7.499999999999799911e+02,0.000000000000000000e+00,4.999999999999859028e+02,0.000000000000000000e+00,0.000000000000000000e+00,0.000000000000000000e+00,0.000000000000000000e+00
5.474916906014655194e-01,1.769297212057288626e-02,8.042224894367921983e-01,-1.959066622640828845e-03,-1.066367749686400357e+00,3.030087565337841529e-02,2.469668099623666624e+00,-6.855903966027877827e-02,-2.665148431605435797e-01,9.634034966140722078e-01,-2.248539768072272682e-01,1.957499999999999574e+00,-3.053925263388988509e-01,-2.348999999999999755e+00,5.014276915095206011e-01,-1.199419772665562611e+01,1.231653667943533037e-16,-7.596457403363380045e+00,0.000000000000000000e+00,-1.349999999999999822e+01,0.000000000000000000e+00,1.799999999999999645e+01,7.500000000000200089e+02,0.000000000000000000e+00,5.000000000000136424e+02,0.000000000000000000e+00,1.222914622776397664e+02,0.000000000000000000e+00,0.000000000000000000e+00
5.484896913935591867e-01,1.742115205376675371e-02,8.051839668895189872e-01,-2.187175645543977184e-03,-1.064414163135877001e+00,2.998826207500764063e-02,2.467323795763038508e+00,-6.804963429036318956e-02,-2.781122995012187404e-01,9.634034966140722078e-01,-2.321859399532703316e-01,1.957499999999999574e+00,-3.187434900559451001e-01,-2.348999999999999755e+00,5.193917057672081672e-01,-1.124569713258531500e+01,1.231653667943533037e-16,-7.097457007316505084e+00,0.000000000000000000e+00,-1.325590604756125757e+01,0.000000000000000000e+00,1.799999999999999645e+01,7.500000000000200089e+02,0.000000000000000000e+00,5.000000000000131877e+02,0.000000000000000000e+00,4.972914622776079341e+02,0.000000000000000000e+00,0.000000000000000000e+00
5.494876921856529650e-01,1.713812977259999634e-02,8.061454443422456650e-01,-2.422353136939800998e-03,-1.062460576585353422e+00,2.966368306118169137e-02,2.464979491902409947e+00,-6.752230089193222984e-02,-2.889627546537532066e-01,9.634034966140722078e-01,-2.390199023072196727e-01,1.957499999999999574e+00,-3.315996559056665349e-01,-2.348999999999999755e+00,5.373557200248957333e-01,-1.049719653851500212e+01,1.231653667943533037e-16,-6.598456611269630123e+00,0.000000000000000000e+00,-1.250740545349094468e+01,0.000000000000000000e+00,1.799999999999999645e+01,7.499999999999790816e+02,0.000000000000000000e+00,4.999999999999849933e+02,0.000000000000000000e+00,7.499999999999790816e+02,0.000000000000000000e+00,0.000000000000000000e+00
5.504856929777467434e-01,1.684465077885482359e-02,8.071069217949723429e-01,-2.664102095640160078e-03,-1.060506990034829844e+00,2.932664612229793355e-02,2.462635188041781831e+00,-6.697703946498588523e-02,-2.990662086181471446e-01,9.634034966140722078e-01,-2.453558638690752358e-01,1.957499999999999574e+00,-3.437088205672472752e-01,-2.348999999999999755e+00,5.553197342825831884e-01,-9.748695944444689232e+00,1.231653667943533037e-16,-6.099456215222756050e+00,0.000000000000000000e+00,-1.175890485942063357e+01,0.000000000000000000e+00,1.799999999999999645e+01,7.499999999999799911e+02,0.000000000000000000e+00,4.999999999999863576e+02,0.000000000000000000e+00,7.499999999999790816e+02,0.000000000000000000e+00,0.000000000000000000e+00
5.514836937698405217e-01,1.654145823010896160e-02,8.080683992476992428e-01,-2.911925520456914648e-03,-1.058553403484306266e+00,2.897789676013856966e-02,2.460290884181153714e+00,-6.641385000952416962e-02,-3.084224660440260113e-01,9.634034966140722078e-01,-2.511938246388371043e-01,1.957499999999999574e+00,-3.550709840406874873e-01,-2.348999999999999755e+00,5.732837485402707545e-01,-9.000195350374374570e+00,1.231653667943533037e-16,-5.600455819175879313e+00,0.000000000000000000e+00,-1.101040426535031891e+01,0.000000000000000000e+00,1.799999999999999645e+01,7.500000000000209184e+02,0.000000000000000000e+00,5.000000000000145519e+02,0.000000000000000000e+00,7.500000000000209184e+02,0.000000000000000000e+00,0.000000000000000000e+00
5.524816945619341890e-01,1.622928601843873914e-02,8.090298767004259206e-01,-3.165326410201922333e-03,-1.056599816933782909e+00,2.861818047648581609e-02,2.457946580320525598e+00,-6.583273252554706911e-02,-3.170304182262089765e-01,9.634034966140722078e-01,-2.565337846165052227e-01,1.957499999999999574e+00,-3.656861463259870049e-01,-2.348999999999999755e+00,5.912477627979583206e-01,-8.251694756304063461e+00,1.231653667943533037e-16,-5.101455423129004352e+00,0.000000000000000000e+00,-1.026190367128000602e+01,0.000000000000000000e+00,1.799999999999999645e+01,7.500000000000204636e+02,0.000000000000000000e+00,5.000000000000145519e+02,0.000000000000000000e+00,7.500000000000200089e+02,0.000000000000000000e+00,0.000000000000000000e+00
5.534796953540279674e-01,1.590889659834860206e-02,8.099913541531527095e-01,-3.423807763687043790e-03,-1.054646230383259331e+00,2.824824277312188922e-02,2.455602276459897482e+00,-6.523368701305459760e-02,-3.248913692202513026e-01,9.634034966140722078e-01,-2.613757438020795631e-01,1.957499999999999574e+00,-3.755543074231458833e-01,-2.348999999999999755e+00,6.092117770556458867e-01,-7.503194162233750575e+00,1.231653667943533037e-16,-4.602455027082127614e+00,0.000000000000000000e+00,-9.513403077209693137e+00,0.000000000000000000e+00,1.799999999999999645e+01,7.499999999999786269e+02,0.000000000000000000e+00,4.999999999999868123e+02,0.000000000000000000e+00,7.499999999999781721e+02,0.000000000000000000e+00,0.000000000000000000e+00
5.544776961461217457e-01,1.558103547162075289e-02,8.109528316058793873e-01,-3.686872579724137511e-03,-1.052692643832735753e+00,2.786882915182899503e-02,2.453257972599268921e+00,-6.461671347204676896e-02,-3.320053190261530451e-01,9.634034966140722078e-01,-2.657197021955601812e-01,1.957499999999999574e+00,-3.846754673321641227e-01,-2.348999999999999755e+00,6.271757913133333417e-01,-6.754693568163438577e+00,1.231653667943533037e-16,-4.103454631035252653e+00,0.000000000000000000e+00,-8.764902483139382028e+00,0.000000000000000000e+00,1.799999999999999645e+01,7.499999999999786269e+02,0.000000000000000000e+00,4.999999999999859028e+02,0.000000000000000000e+00,7.499999999999781721e+02,0.000000000000000000e+00,0.000000000000000000e+00
5.554756969382155241e-01,1.524644814003740453e-02,8.119143090586060652e-01,-3.954023857125063719e-03,-1.050739057282212174e+00,2.748068511438934297e-02,2.450913668738640805e+00,-6.398181190252355544e-02,-3.383722676439140931e-01,9.634034966140722078e-01,-2.695656597969470214e-01,1.957499999999999574e+00,-3.930496260530417785e-01,-2.348999999999999755e+00,6.451398055710209078e-01,-6.006192974093125692e+00,1.231653667943533037e-16,-3.604454234988377692e+00,0.000000000000000000e+00,-8.016401889069069142e+00,0.000000000000000000e+00,1.799999999999999645e+01,7.500000000000204636e+02,0.000000000000000000e+00,5.000000000000136424e+02,0.000000000000000000e+00,7.500000000000200089e+02,0.000000000000000000e+00,0.000000000000000000e+00
5.564736977303091914e-01,1.490588010538076817e-02,8.128757865113328540e-01,-4.224764594701680906e-03,-1.048785470731688818e+00,2.708455616258514248e-02,2.448569364878012689e+00,-6.332898230448495702e-02,-3.439922150735345574e-01,9.634034966140722078e-01,-2.729136166062400837e-01,1.957499999999999574e+00,-4.006767835857787952e-01,-2.348999999999999755e+00,6.631038198287083629e-01,-5.257692380022813694e+00,1.231653667943533037e-16,-3.105453838941503175e+00,0.000000000000000000e+00,-7.267901294998757145e+00,0.000000000000000000e+00,1.799999999999999645e+01,7.500000000000195541e+02,0.000000000000000000e+00,5.000000000000136424e+02,0.000000000000000000e+00,7.500000000000195541e+02,0.000000000000000000e+00,-2.041516421642245405e+02
5.574716985224029697e-01,1.456007686943305152e-02,8.138372639640595319e-01,-4.498597791265849730e-03,-1.046831884181165240e+00,2.668118779819860995e-02,2.446225061017384572e+00,-6.265672074463597696e-02,-3.488651613150143271e-01,9.634034966140722078e-01,-2.757635726234394791e-01,1.957499999999999574e+00,-4.075569399303751728e-01,-2.348999999999999755e+00,6.808640905858087677e-01,-4.509191785952501696e+00,1.231653667943533037e-16,-2.606453442894628214e+00,0.000000000000000000e+00,-6.519400700928445147e+00,0.000000000000000000e+00,1.759251299882568986e+01,7.499999999999786269e+02,0.000000000000000000e+00,4.999999999999856755e+02,0.000000000000000000e+00,7.499999999999786269e+02,0.000000000000000000e+00,-7.041516421642227215e+02
5.584696993144967481e-01,1.420978393397647269e-02,8.147987414167863207e-01,-4.775026445629428247e-03,-1.044878297630641661e+00,2.627132552301195481e-02,2.443880757156756012e+00,-6.196862564289804670e-02,-3.529911063683535688e-01,9.634034966140722078e-01,-2.781155278485450411e-01,1.957499999999999574e+00,-4.136900950868309668e-01,-2.348999999999999755e+00,6.979236166541814557e-01,-3.760691191882189255e+00,1.231653667943533037e-16,-2.107453046847753253e+00,0.000000000000000000e+00,-5.770900106858132261e+00,0.000000000000000000e+00,1.659451220673193816e+01,7.499999999999813554e+02,0.000000000000000000e+00,4.999999999999873808e+02,0.000000000000000000e+00,7.499999999999813554e+02,0.000000000000000000e+00,-9.999999999999772626e+02
5.594677001065905264e-01,1.385574680079323245e-02,8.157602188695131096e-01,-5.053553556604278851e-03,-1.042924711080118083e+00,2.585571483880738305e-02,2.441536453296127895e+00,-6.126400200281428149e-02,-3.563700502335521159e-01,9.634034966140722078e-01,-2.799694822815568807e-01,1.957499999999999574e+00,-4.190762490551461217e-01,-2.348999999999999755e+00,7.139871411383665878e-01,-3.012190597811871484e+00,1.231653667943533037e-16,-1.608452650800875183e+00,0.000000000000000000e+00,-5.022399512787814935e+00,0.000000000000000000e+00,1.559651141463818114e+01,7.500000000000229647e+02,0.000000000000000000e+00,5.000000000000152340e+02,0.000000000000000000e+00,7.500000000000227374e+02,0.000000000000000000e+00,-1.000000000000031832e+03
5.604657008986841937e-01,1.349871097166555067e-02,8.167216963222397874e-01,-5.333682123002256130e-03,-1.040971124529594727e+00,2.543510124736711453e-02,2.439192149435499779e+00,-6.054384382676097909e-02,-3.590019929106100793e-01,9.634034966140722078e-01,-2.813254359224749979e-01,1.957499999999999574e+00,-4.237154018353206375e-01,-2.348999999999999755e+00,7.290546640383642751e-01,-2.263690003741559487e+00,1.231653667943533037e-16,-1.109452254754000222e+00,0.000000000000000000e+00,-4.273898918717502937e+00,0.000000000000000000e+00,1.459851062254443121e+01,7.500000000000200089e+02,0.000000000000000000e+00,5.000000000000134719e+02,0.000000000000000000e+00,7.500000000000200089e+02,0.000000000000000000e+00,-1.000000000000026375e+03
5.614637016907779721e-01,1.313942194837563505e-02,8.176831737749664653e-01,-5.614915143635221609e-03,-1.039017537979071149e+00,2.501023025047335174e-02,2.436847845574871219e+00,-5.980914511711441645e-02,-3.608869343995274037e-01,9.634034966140722078e-01,-2.821833887712993372e-01,1.957499999999999574e+00,-4.276075534273545142e-01,-2.348999999999999755e+00,7.431261853541744067e-01,-1.515189409671247045e+00,1.231653667943533037e-16,-6.104518587071253721e-01,0.000000000000000000e+00,-3.525398324647190496e+00,0.000000000000000000e+00,1.360050983045068307e+01,7.499999999999786269e+02,0.000000000000000000e+00,4.999999999999865281e+02,0.000000000000000000e+00,7.499999999999786269e+02,0.000000000000000000e+00,-9.999999999999708962e+02
5.624617024828717504e-01,1.277862523270569678e-02,8.186446512276932541e-01,-5.896755617315035947e-03,-1.037063951428547570e+00,2.458184734990831108e-02,2.434503541714243546e+00,-5.906089987625087051e-02,-3.620248747003040890e-01,9.634034966140722078e-01,-2.825433408280299541e-01,1.957499999999999574e+00,-4.307527038312478074e-01,-2.348999999999999755e+00,7.562017050857969824e-01,-7.666888156009348254e-01,1.231653667943533037e-16,-1.114514626602488012e-01,0.000000000000000000e+00,-2.776897730576878054e+00,0.000000000000000000e+00,1.260250903835693315e+01,7.499999999999799911e+02,0.000000000000000000e+00,4.999999999999866986e+02,0.000000000000000000e+00,7.499999999999782858e+02,0.000000000000000000e+00,-9.999999999999718057e+02
5.634597032749655288e-01,1.241706632643794529e-02,8.196061286804199320e-01,-6.178706542853557200e-03,-1.035110364878023992e+00,2.415069804745419851e-02,2.432159237853614986e+00,-5.830010210654661823e-02,-3.624158138129401352e-01,9.634034966140722078e-01,-2.824052920926667931e-01,1.957499999999999574e+00,-4.331508530470004059e-01,-2.348999999999999755e+00,7.682812232332321134e-01,-1.818822153061927516e-02,1.231653667943533037e-16,3.875489333866264929e-01,0.000000000000000000e+00,-2.028397136506566056e+00,0.000000000000000000e+00,1.160450824626318322e+01,7.499999999999801048e+02,0.000000000000000000e+00,4.999999999999859028e+02,0.000000000000000000e+00,7.499999999999782858e+02,0.000000000000000000e+00,-9.999999999999708962e+02
5.644577040670593071e-01,1.205549073135459524e-02,8.205676061331466098e-01,-6.460270919062645160e-03,-1.033156778327500636e+00,2.371752784489323043e-02,2.429814933992986870e+00,-5.752774581037795043e-02,-3.620597517374355978e-01,9.634034966140722078e-01,-2.817692425652098542e-01,1.957499999999999574e+00,-4.348020010746124209e-01,-2.348999999999999755e+00,7.793647397964797996e-01,7.303123725396930555e-01,1.231653667943533037e-16,8.865493294335013985e-01,0.000000000000000000e+00,-1.279896542436253615e+00,0.000000000000000000e+00,1.060650745416943330e+01,7.500000000000202363e+02,0.000000000000000000e+00,5.000000000000134719e+02,0.000000000000000000e+00,7.500000000000208047e+02,0.000000000000000000e+00,-1.000000000000027285e+03
5.654557048591529744e-01,1.169464394923785608e-02,8.215290835858733987e-01,-6.740951744754159619e-03,-1.031203191776977057e+00,2.328308224400761628e-02,2.427470630132358753e+00,-5.674482499012114406e-02,-3.609566884737904768e-01,9.634034966140722078e-01,-2.806351922456591930e-01,1.957499999999999574e+00,-4.357061479140837967e-01,-2.348999999999999755e+00,7.894522547755399300e-01,1.478812966610005386e+00,1.231653667943533037e-16,1.385549725480376138e+00,0.000000000000000000e+00,-5.313959483659402849e-01,0.000000000000000000e+00,9.608506662075683380e+00,7.500000000000202363e+02,0.000000000000000000e+00,5.000000000000134150e+02,0.000000000000000000e+00,7.500000000000218279e+02,0.000000000000000000e+00,-1.000000000000027285e+03
5.664537056512467528e-01,1.133527148186993724e-02,8.224905610386000765e-01,-7.020252018739957765e-03,-1.029249605226453479e+00,2.284810674657956203e-02,2.425126326271730193e+00,-5.595233364815248300e-02,-3.591066240220046613e-01,9.634034966140722078e-01,-2.790031411340148093e-01,1.957499999999999574e+00,-4.358632935654145890e-01,-2.348999999999999755e+00,7.985437681704125046e-01,2.227313560680317828e+00,1.231653667943533037e-16,1.884550121527251099e+00,0.000000000000000000e+00,2.171046457043742939e-01,0.000000000000000000e+00,8.610505869981933458e+00,7.499999999999783995e+02,0.000000000000000000e+00,4.999999999999856755e+02,0.000000000000000000e+00,7.499999999999796501e+02,0.000000000000000000e+00,-9.999999999999704414e+02
5.674517064433405311e-01,1.097811883103304992e-02,8.234520384913268654e-01,-7.297674739831901992e-03,-1.027296018675929901e+00,2.241334685439128407e-02,2.422782022411102076e+00,-5.515126578684824421e-02,-3.565095583820782621e-01,9.634034966140722078e-01,-2.768730892302766478e-01,1.957499999999999574e+00,-4.352734380286047422e-01,-2.348999999999999755e+00,8.066392799810976344e-01,2.975814154750629825e+00,1.231653667943533037e-16,2.383550517574125838e+00,0.000000000000000000e+00,9.656052397746865967e-01,0.000000000000000000e+00,7.612505077888184424e+00,7.500000000000202363e+02,0.000000000000000000e+00,5.000000000000134150e+02,0.000000000000000000e+00,7.500000000000203499e+02,0.000000000000000000e+00,-1.000000000000026375e+03
5.684497072354341984e-01,1.062393149850940355e-02,8.244135159440536542e-01,-7.572722906841850357e-03,-1.025342432125406544e+00,2.197954806922499185e-02,2.420437718550473960e+00,-5.434261540858471157e-02,-3.531654915540112238e-01,9.634034966140722078e-01,-2.742450365344447083e-01,1.957499999999999574e+00,-4.339365813036542563e-01,-2.348999999999999755e+00,8.137387902075952084e-01,3.724314748820942267e+00,1.231653667943533037e-16,2.882550913621000799e+00,0.000000000000000000e+00,1.714105833844999038e+00,0.000000000000000000e+00,6.614504285794434502e+00,7.500000000000204636e+02,0.000000000000000000e+00,5.000000000000136424e+02,0.000000000000000000e+00,7.500000000000202363e+02,0.000000000000000000e+00,-1.000000000000027285e+03
5.694477080275279768e-01,1.027345498608121278e-02,8.253749933967803321e-01,-7.844899518581662651e-03,-1.023388845574882966e+00,2.154745589286289481e-02,2.418093414689845844e+00,-5.352737651573816202e-02,-3.490744235378035465e-01,9.634034966140722078e-01,-2.711189830465190465e-01,1.957499999999999574e+00,-4.318527233905631868e-01,-2.348999999999999755e+00,8.198422988499053377e-01,4.472815342891254708e+00,1.231653667943533037e-16,3.381551309667875760e+00,0.000000000000000000e+00,2.462606427915311258e+00,0.000000000000000000e+00,5.616503493700684579e+00,7.499999999999811280e+02,0.000000000000000000e+00,4.999999999999870397e+02,0.000000000000000000e+00,7.499999999999809006e+02,0.000000000000000000e+00,-9.999999999999745341e+02
5.704457088196217551e-01,9.927434795530683601e-03,8.263364708495071209e-01,-8.113707573863197797e-03,-1.021435259024359388e+00,2.111781582708720587e-02,2.415749110829217283e+00,-5.270654311068487946e-02,-3.442363543334552300e-01,9.634034966140722078e-01,-2.674949287664996067e-01,1.957499999999999574e+00,-4.290218642893314227e-01,-2.348999999999999755e+00,8.249498059080280221e-01,5.221315936961572035e+00,1.231653667943533037e-16,3.880551705714753385e+00,0.000000000000000000e+00,3.211107021985628585e+00,0.000000000000000000e+00,4.618502701606928440e+00,7.499999999999809006e+02,0.000000000000000000e+00,4.999999999999868123e+02,0.000000000000000000e+00,7.499999999999811280e+02,0.000000000000000000e+00,-9.999999999999745341e+02
5.714437096117155335e-01,9.586616428640032384e-03,8.272979483022337988e-01,-8.378650071498313853e-03,-1.019481672473835809e+00,2.069137337368013446e-02,2.413404806968589167e+00,-5.188110919580114777e-02,-3.386512839409663300e-01,9.634034966140722078e-01,-2.633728736943864446e-01,1.957499999999999574e+00,-4.254440039999590750e-01,-2.348999999999999755e+00,8.290613113819631508e-01,5.969816531031884033e+00,1.231653667943533037e-16,4.379552101761627902e+00,0.000000000000000000e+00,3.959607616055941026e+00,0.000000000000000000e+00,3.620501909513178518e+00,7.499999999999786269e+02,0.000000000000000000e+00,4.999999999999854481e+02,0.000000000000000000e+00,7.499999999999788542e+02,0.000000000000000000e+00,-9.999999999999715783e+02
5.724417104038093118e-01,9.251745387191468578e-03,8.282594257549604766e-01,-8.639230010298872345e-03,-1.017528085923312453e+00,2.026887403442389352e-02,2.411060503107961051e+00,-5.105206877346325084e-02,-3.323192123603367354e-01,9.634034966140722078e-01,-2.587528178301795601e-01,1.957499999999999574e+00,-4.211191425224460883e-01,-2.348999999999999755e+00,8.321768152717107236e-01,6.718317125102196918e+00,1.231653667943533037e-16,4.878552497808502864e+00,0.000000000000000000e+00,4.708108210126253468e+00,0.000000000000000000e+00,2.622501117419428596e+00,7.500000000000204636e+02,0.000000000000000000e+00,5.000000000000136424e+02,0.000000000000000000e+00,7.500000000000202363e+02,0.000000000000000000e+00,-1.000000000000027057e+03
5.734397111959029791e-01,8.923567172967199895e-03,8.292209032076872655e-01,-8.894950389076729594e-03,-1.015574499372788875e+00,1.985106331110069247e-02,2.408716199247332490e+00,-5.022041584604745867e-02,-3.252401395915666127e-01,9.634034966140722078e-01,-2.536347611738788976e-01,1.957499999999999574e+00,-4.160472798567925179e-01,-2.348999999999999755e+00,8.342963175772708517e-01,7.466817719172508916e+00,1.231653667943533037e-16,5.377552893855377825e+00,0.000000000000000000e+00,5.456608804196565465e+00,0.000000000000000000e+00,1.624500325325679118e+00,7.500000000000200089e+02,0.000000000000000000e+00,5.000000000000136424e+02,0.000000000000000000e+00,7.500000000000204636e+02,0.000000000000000000e+00,-1.000000000000027740e+03
5.744377119879967575e-01,8.602827287749442720e-03,8.301823806604140543e-01,-9.145314206643750596e-03,-1.013620912822265296e+00,1.943868670549274771e-02,2.406371895386704818e+00,-4.938714441593006904e-02,-3.174140656346557954e-01,9.634034966140722078e-01,-2.480187037254844296e-01,1.957499999999999574e+00,-4.102284160029982529e-01,-2.348999999999999755e+00,8.354198182986435350e-01,8.215318313242821802e+00,1.231653667943533037e-16,5.876553289902252786e+00,0.000000000000000000e+00,6.205109398266877463e+00,0.000000000000000000e+00,6.264995332319276411e-01,7.499999999999777174e+02,0.000000000000000000e+00,4.999999999999854481e+02,0.000000000000000000e+00,7.499999999999786269e+02,0.000000000000000000e+00,-9.999999999999735110e+02
5.754357127800905358e-01,8.290271233320404762e-03,8.311438581131407322e-01,-9.389824461811789938e-03,-1.011667326271741718e+00,1.903248971938225828e-02,2.404027591526076257e+00,-4.855324848548734501e-02,-3.088409904896043945e-01,9.634034966140722078e-01,-2.419046454849962391e-01,1.957499999999999574e+00,-4.036625509610634044e-01,-2.348999999999999755e+00,8.355473174358285515e-01,8.963818907313132911e+00,1.231653667943533037e-16,6.375553685949127747e+00,0.000000000000000000e+00,6.953609992337190349e+00,0.000000000000000000e+00,-3.715012588618247236e-01,7.499999999999781721e+02,0.000000000000000000e+00,4.999999999999859028e+02,0.000000000000000000e+00,7.499999999999786269e+02,0.000000000000000000e+00,-9.999999999999724878e+02
5.764337135721843142e-01,7.986644511462297202e-03,8.321053355658675210e-01,-9.627984153392707412e-03,-1.009713739721218362e+00,1.863321785455144750e-02,2.401683287665448585e+00,-4.771972205709557741e-02,-2.995209141564122990e-01,9.634034966140722078e-01,-2.352925864524142985e-01,1.957499999999999574e+00,-3.963496847309879723e-01,-2.348999999999999755e+00,8.346788149888262343e-01,9.712319501383445797e+00,1.231653667943533037e-16,6.874554081996002708e+00,0.000000000000000000e+00,7.702110586407502346e+00,0.000000000000000000e+00,-1.369502050955574424e+00,7.500000000000209184e+02,0.000000000000000000e+00,5.000000000000136424e+02,0.000000000000000000e+00,7.500000000000200089e+02,0.000000000000000000e+00,-1.000000000000026830e+03
5.774317143642779815e-01,7.692692623957328620e-03,8.330668130185941989e-01,-9.859296280198362808e-03,-1.007760153170695006e+00,1.824161661278251786e-02,2.399338983804820025e+00,-4.688755913313105012e-02,-2.894538366350796754e-01,9.634034966140722078e-01,-2.281825266277386077e-01,1.957499999999999574e+00,-3.882898173127718455e-01,-2.348999999999999755e+00,8.328143109576363612e-01,1.046082009545375868e+01,1.231653667943533037e-16,7.373554478042877669e+00,0.000000000000000000e+00,8.450611180477814344e+00,0.000000000000000000e+00,-2.367502843049324124e+00,7.500000000000200089e+02,0.000000000000000000e+00,5.000000000000131877e+02,0.000000000000000000e+00,7.500000000000204636e+02,0.000000000000000000e+00,-1.000000000000026830e+03
5.784297151563717598e-01,7.409161072587712796e-03,8.340282904713208767e-01,-1.008326384104061765e-02,-1.005806566620171427e+00,1.785843149585768577e-02,2.396994679944191464e+00,-4.605775371597004009e-02,-2.786397579256063572e-01,9.634034966140722078e-01,-2.205744660109691668e-01,1.957499999999999574e+00,-3.794829487064151352e-01,-2.348999999999999755e+00,8.299538053422589323e-01,1.120932068952406979e+01,1.231653667943533037e-16,7.872554874089752630e+00,0.000000000000000000e+00,9.199111774548127229e+00,0.000000000000000000e+00,-3.365503635143073602e+00,7.499999999999781721e+02,0.000000000000000000e+00,4.999999999999849933e+02,0.000000000000000000e+00,7.499999999999781721e+02,0.000000000000000000e+00,-9.999999999999711235e+02
5.794277159484655382e-01,7.136795359135660911e-03,8.349897679240476656e-01,-1.029938983473132827e-02,-1.003852980069647849e+00,1.748440800555915720e-02,2.394650376083563792e+00,-4.523129980798883121e-02,-2.670786780279924555e-01,9.634034966140722078e-01,-2.124684046021059758e-01,1.957499999999999574e+00,-3.699290789119177858e-01,-2.348999999999999755e+00,8.260972981426940587e-01,1.195782128359438268e+01,1.231653667943533037e-16,8.371555270136626703e+00,0.000000000000000000e+00,9.947612368618438339e+00,0.000000000000000000e+00,-4.363504427236823524e+00,7.499999999999809006e+02,0.000000000000000000e+00,4.999999999999868123e+02,0.000000000000000000e+00,7.499999999999809006e+02,0.000000000000000000e+00,-9.999999999999747615e+02
5.804257167405593165e-01,6.876340985383381545e-03,8.359512453767743434e-01,-1.050717726008235445e-02,-1.001899393519124271e+00,1.712029164366914505e-02,2.392306072222935232e+00,-4.440919141156370042e-02,-2.547705969422378036e-01,9.634034966140722078e-01,-2.038643424011489791e-01,1.957499999999999574e+00,-3.596282079292797418e-01,-2.348999999999999755e+00,8.212447893589416292e-01,1.270632187766469912e+01,1.231653667943533037e-16,8.870555666183504329e+00,0.000000000000000000e+00,1.069611296268875655e+01,0.000000000000000000e+00,-5.361505219330579664e+00,7.500000000000218279e+02,0.000000000000000000e+00,3.148518191778712207e+02,0.000000000000000000e+00,7.500000000000236469e+02,0.000000000000000000e+00,-1.000000000000030468e+03
5.814237175326529838e-01,6.628543453113089345e-03,8.369127228295011323e-01,-1.070619070858259622e-02,-9.999458069686008033e-01,1.676682791196985878e-02,2.389961768362307115e+00,-4.359242252907093856e-02,-2.417155146683426792e-01,9.634034966140722078e-01,-1.949470574392134781e-01,1.957499999999999574e+00,-3.485803357585011142e-01,-2.348999999999999755e+00,8.153962789910016440e-01,1.345482247173501023e+01,1.231653667943533037e-16,8.999999999999998224e+00,0.000000000000000000e+00,1.144461355675906944e+01,0.000000000000000000e+00,-6.359506011424329586e+00,3.976340142327471767e+02,0.000000000000000000e+00,6.485181917789032013e+01,0.000000000000000000e+00,7.500000000000200089e+02,0.000000000000000000e+00,-1.000000000000027285e+03
5.824217183247467622e-01,6.394031043596024901e-03,8.378742002822278101e-01,-1.089626171688078647e-02,-9.979922204180772249e-01,1.642476231224351130e-02,2.387617464501678999e+00,-4.278198716288681563e-02,-2.282650927392095574e-01,9.634034966140722078e-01,-1.859650503103697228e-01,1.957499999999999574e+00,-3.367854623995819030e-01,-2.348999999999999755e+00,8.085517670388743250e-01,1.349999999999999822e+01,1.231653667943533037e-16,8.999999999999998224e+00,0.000000000000000000e+00,1.219311415082938055e+01,0.000000000000000000e+00,-7.357506803518079508e+00,2.263401423269806401e+01,0.000000000000000000e+00,0.000000000000000000e+00,0.000000000000000000e+00,7.499999999999781721e+02,0.000000000000000000e+00,-9.999999999999704414e+02
5.834197191168405405e-01,6.172957125877447104e-03,8.388356777349545990e-01,-1.107736871092128948e-02,-9.960386338675537576e-01,1.609484034627231552e-02,2.385273160641050882e+00,-4.197887931538760858e-02,-2.147920820459439106e-01,9.634034966140722078e-01,-1.769830431815259675e-01,1.957499999999999574e+00,-3.242435878525219972e-01,-2.348999999999999755e+00,8.007112535025593392e-01,1.349999999999999822e+01,1.231653667943533037e-16,8.999999999999998224e+00,0.000000000000000000e+00,1.294161474489969343e+01,0.000000000000000000e+00,-8.355507595611827654e+00,0.000000000000000000e+00,0.000000000000000000e+00,0.000000000000000000e+00,0.000000000000000000e+00,6.547519097799549854e+02,0.000000000000000000e+00,-9.999999999999708962e+02
5.844177199089343189e-01,5.965329229545400166e-03,8.397971551876813878e-01,-1.124951169070410352e-02,-9.940850473170301793e-01,1.577777582994865577e-02,2.382928856780422322e+00,-4.118409298894961518e-02,-2.013190713526782916e-01,9.634034966140722078e-01,-1.680010360526822122e-01,1.957499999999999574e+00,-3.110497697868065403e-01,-2.348999999999999755e+00,7.918747383820570196e-01,1.349999999999999822e+01,1.231653667943533037e-16,8.999999999999998224e+00,0.000000000000000000e+00,1.349999999999999822e+01,0.000000000000000000e+00,-9.353508387705577576e+00,0.000000000000000000e+00,0.000000000000000000e+00,0.000000000000000000e+00,0.000000000000000000e+00,2.797519097799495285e+02,0.000000000000000000e+00,-1.000000000000028194e+03
5.854157207010279862e-01,5.771147354599884954e-03,8.407586326404080657e-01,-1.141269065622923205e-02,-9.921314607665067120e-01,1.547406427080233980e-02,2.380584552919794206e+00,-4.039862218594910542e-02,-1.878460606594126725e-01,9.634034966140722078e-01,-1.590190289238384569e-01,1.957499999999999574e+00,-2.975767590935409213e-01,-2.348999999999999755e+00,7.820422216773670332e-01,1.349999999999999822e+01,1.231653667943533037e-16,8.999999999999998224e+00,0.000000000000000000e+00,1.349999999999999822e+01,0.000000000000000000e+00,-1.035150917979932750e+01,0.000000000000000000e+00,0.000000000000000000e+00,0.000000000000000000e+00,0.000000000000000000e+00,0.000000000000000000e+00,0.000000000000000000e+00,-1.000000000000027285e+03
5.864137214931217645e-01,5.590411501040901468e-03,8.417201100931347435e-01,-1.156690560749667335e-02,-9.901778742159831337e-01,1.518379873304255556e-02,2.378240249059166089e+00,-3.962346090876236321e-02,-1.743730499661470257e-01,9.634034966140722078e-01,-1.500370217949947016e-01,1.957499999999999574e+00,-2.841037484002753022e-01,-2.348999999999999755e+00,7.712137033884897130e-01,1.349999999999999822e+01,1.231653667943533037e-16,8.999999999999998224e+00,0.000000000000000000e+00,1.349999999999999822e+01,0.000000000000000000e+00,-1.134950997189307742e+01,0.000000000000000000e+00,0.000000000000000000e+00,0.000000000000000000e+00,0.000000000000000000e+00,0.000000000000000000e+00,0.000000000000000000e+00,-9.999999999999718057e+02
5.874117222852155429e-01,5.423121668868448840e-03,8.426815875458615324e-01,-1.171215654450642740e-02,-9.882242876654596664e-01,1.490697921666930305e-02,2.375895945198537973e+00,-3.885960315976567242e-02,-1.609000392728813789e-01,9.634034966140722078e-01,-1.410550146661509463e-01,1.957499999999999574e+00,-2.706307377070096276e-01,-2.348999999999999755e+00,7.593891835154247261e-01,1.349999999999999822e+01,1.231653667943533037e-16,8.999999999999998224e+00,0.000000000000000000e+00,1.349999999999999822e+01,0.000000000000000000e+00,-1.234751076398682734e+01,0.000000000000000000e+00,0.000000000000000000e+00,0.000000000000000000e+00,0.000000000000000000e+00,0.000000000000000000e+00,0.000000000000000000e+00,-9.999999999999718057e+02
5.884097230773093212e-01,5.269277858082527938e-03,8.436430649985882102e-01,-1.184844346725849248e-02,-9.862707011149361991e-01,1.464360572168258053e-02,2.373551641337909857e+00,-3.810804294133531694e-02,-1.474270285796157598e-01,9.634034966140722078e-01,-1.320730075373071910e-01,1.957499999999999574e+00,-2.571577270137440085e-01,-2.348999999999999755e+00,7.465686620581724053e-01,1.349999999999999822e+01,1.231653667943533037e-16,8.999999999999998224e+00,0.000000000000000000e+00,1.349999999999999822e+01,0.000000000000000000e+00,-1.334551155608057726e+01,0.000000000000000000e+00,0.000000000000000000e+00,0.000000000000000000e+00,0.000000000000000000e+00,0.000000000000000000e+00,0.000000000000000000e+00,-1.000000000000027285e+03
5.894077238694029885e-01,5.128880068683137027e-03,8.446045424513148880e-01,-1.197576637575286859e-02,-9.843171145644127318e-01,1.439367824808238973e-02,2.371207337477281296e+00,-3.736977425584757373e-02,-1.339540178863501407e-01,9.634034966140722078e-01,-1.230910004084634496e-01,1.957499999999999574e+00,-2.436847163204783895e-01,-2.348999999999999755e+00,7.327521390167324178e-01,1.349999999999999822e+01,1.231653667943533037e-16,8.999999999999998224e+00,0.000000000000000000e+00,1.349999999999999822e+01,0.000000000000000000e+00,-1.434351234817432719e+01,0.000000000000000000e+00,0.000000000000000000e+00,0.000000000000000000e+00,0.000000000000000000e+00,0.000000000000000000e+00,0.000000000000000000e+00,-1.000000000000027285e+03
5.904057246614967669e-01,5.001928300670278708e-03,8.455660199040417879e-01,-1.209412526998955920e-02,-9.823635280138891535e-01,1.415719679586872892e-02,2.368863033616653180e+00,-3.664579110567871972e-02,-1.204810071930845078e-01,9.634034966140722078e-01,-1.141089932796197082e-01,1.957499999999999574e+00,-2.302117056272127427e-01,-2.348999999999999755e+00,7.179396143911050965e-01,1.349999999999999822e+01,1.231653667943533037e-16,8.999999999999998224e+00,0.000000000000000000e+00,1.349999999999999822e+01,0.000000000000000000e+00,-1.534151314026807711e+01,0.000000000000000000e+00,0.000000000000000000e+00,0.000000000000000000e+00,0.000000000000000000e+00,0.000000000000000000e+00,0.000000000000000000e+00,-9.999999999999708962e+02
5.914037254535905452e-01,4.888422554043952116e-03,8.465274973567684658e-01,-1.220352014996856256e-02,-9.804099414633656862e-01,1.393416136504160158e-02,2.366518729756025063e+00,-3.593708749320504575e-02,-1.070079964998188887e-01,9.634034966140722078e-01,-1.051269861507759668e-01,1.957499999999999574e+00,-2.167386949339471236e-01,-2.348999999999999755e+00,7.021310881812901084e-01,1.349999999999999822e+01,1.231653667943533037e-16,8.999999999999998224e+00,0.000000000000000000e+00,1.349999999999999822e+01,0.000000000000000000e+00,-1.633951393236182525e+01,0.000000000000000000e+00,0.000000000000000000e+00,0.000000000000000000e+00,0.000000000000000000e+00,0.000000000000000000e+00,0.000000000000000000e+00,-9.999999999999699867e+02
5.924017262456843236e-01,4.788362828804155515e-03,8.474889748094951436e-01,-1.230416603564205708e-02,-9.784563549128422189e-01,1.372457195560100596e-02,2.364174425895396947e+00,-3.524465742080282876e-02,-9.353498580655326966e-02,9.634034966140722078e-01,-9.614497902193223922e-02,1.957499999999999574e+00,-2.032656842406814768e-01,-2.348999999999999755e+00,6.853265603872877865e-01,1.349999999999999822e+01,1.231653667943533037e-16,8.999999999999998224e+00,0.000000000000000000e+00,1.349999999999999822e+01,0.000000000000000000e+00,-1.733751472445557340e+01,0.000000000000000000e+00,0.000000000000000000e+00,-1.958295683626211030e+02,0.000000000000000000e+00,0.000000000000000000e+00,0.000000000000000000e+00,-8.319061872458887592e+02
5.933997270377779909e-01,4.701749124950889772e-03,8.484504522622219325e-01,-1.239563199476051772e-02,-9.765027683623186405e-01,1.352842856754694206e-02,2.361830122034768831e+00,-3.456943897159558271e-02,-8.006197511328765060e-02,9.634034966140722078e-01,-8.735840995742975845e-02,1.957499999999999574e+00,-1.897926735474158577e-01,-2.348999999999999755e+00,6.676937887673726202e-01,1.349999999999999822e+01,1.231653667943533037e-16,8.609123871317505561e+00,0.000000000000000000e+00,1.349999999999999822e+01,0.000000000000000000e+00,-1.799999999999999645e+01,-2.027322859039495597e+02,0.000000000000000000e+00,-4.458295683626006394e+02,0.000000000000000000e+00,0.000000000000000000e+00,0.000000000000000000e+00,-3.319061872459315055e+02
5.943977278298717692e-01,4.629659105822532539e-03,8.494119297149486103e-01,-1.247860667634755928e-02,-9.745491818117950622e-01,1.334573120087940816e-02,2.359485818174140270e+00,-3.391203813669112221e-02,-6.679129140193720837e-02,9.634034966140722078e-01,-7.901577955133881614e-02,1.957499999999999574e+00,-1.763196628541502109e-01,-2.348999999999999755e+00,6.497297745096850541e-01,1.309534603616972781e+01,1.231653667943533037e-16,8.110123475270629712e+00,0.000000000000000000e+00,1.349999999999999822e+01,0.000000000000000000e+00,-1.799999999999999645e+01,-5.777322859039495597e+02,0.000000000000000000e+00,-4.999999999999854481e+02,0.000000000000000000e+00,0.000000000000000000e+00,0.000000000000000000e+00,0.000000000000000000e+00
5.953957286219655476e-01,4.569399439742902712e-03,8.503734071676753992e-01,-1.255350422138978329e-02,-9.725955952612715949e-01,1.317647985559840598e-02,2.357141514313512154e+00,-3.327256533030203967e-02,-5.409568556360732500e-02,9.634034966140722078e-01,-7.117114993734163786e-02,1.957499999999999574e+00,-1.628466521608845918e-01,-2.348999999999999755e+00,6.317657602519975990e-01,1.234684544209941670e+01,1.231653667943533037e-16,7.611123079223755639e+00,0.000000000000000000e+00,1.349999999999999822e+01,0.000000000000000000e+00,-1.799999999999999645e+01,-7.499999999999827196e+02,0.000000000000000000e+00,-4.999999999999890861e+02,0.000000000000000000e+00,0.000000000000000000e+00,0.000000000000000000e+00,0.000000000000000000e+00
5.963937294140593259e-01,4.521437138709690114e-03,8.513348846204020770e-01,-1.262082163107533170e-02,-9.706420087107481276e-01,1.302012865303751182e-02,2.354797210452884038e+00,-3.265102055242831425e-02,-4.214708091341790724e-02,9.634034966140722078e-01,-6.382452111543809870e-02,1.957499999999999574e+00,-1.493736414676188062e-01,-2.348999999999999755e+00,6.138017459943098109e-01,1.159834484802909316e+01,1.231653667943533037e-16,7.112122683176873572e+00,0.000000000000000000e+00,1.349999999999999822e+01,0.000000000000000000e+00,-1.799999999999999645e+01,-7.499999999999845386e+02,0.000000000000000000e+00,-4.999999999999890861e+02,0.000000000000000000e+00,-2.178911001591222885e+02,0.000000000000000000e+00,0.000000000000000000e+00
5.973917302061531043e-01,4.485026700940687033e-03,8.522963620731287548e-01,-1.268105590659234297e-02,-9.686884221602245493e-01,1.287870091131860899e-02,2.352452906592255477e+00,-3.204740380306998065e-02,-3.094547745136928818e-02,9.634034966140722078e-01,-5.697589308562840682e-02,1.957499999999999574e+00,-1.361180862649022105e-01,-2.348999999999999755e+00,5.958377317366223558e-01,1.084984425395878027e+01,1.231653667943533037e-16,6.613122287129998611e+00,0.000000000000000000e+00,1.306508901890202168e+01,0.000000000000000000e+00,-1.799999999999999645e+01,-7.500000000000200089e+02,0.000000000000000000e+00,-5.000000000000131877e+02,0.000000000000000000e+00,-5.928911001591613967e+02,0.000000000000000000e+00,0.000000000000000000e+00
5.983897309982467716e-01,4.459422624653682291e-03,8.532578395258555437e-01,-1.273470404912895905e-02,-9.667348356097009709e-01,1.274923897911997561e-02,2.350108602731627805e+00,-3.146171508222701807e-02,-2.049087517746129086e-02,9.634034966140722078e-01,-5.062526584791247203e-02,1.957499999999999574e+00,-1.234527374438400410e-01,-2.348999999999999755e+00,5.778737174789347897e-01,1.010134365988846916e+01,1.231653667943533037e-16,6.114121891083123650e+00,0.000000000000000000e+00,1.231658842483170879e+01,0.000000000000000000e+00,-1.799999999999999645e+01,-7.500000000000200089e+02,0.000000000000000000e+00,-5.000000000000136424e+02,0.000000000000000000e+00,-7.500000000000209184e+02,0.000000000000000000e+00,0.000000000000000000e+00
5.993877317903405499e-01,4.443879408066465572e-03,8.542193169785823326e-01,-1.278226305987332188e-02,-9.647812490591775036e-01,1.263204415495049540e-02,2.347764298870999244e+00,-3.089395438989943690e-02,-1.078327409169391876e-02,9.634034966140722078e-01,-4.477263940229028738e-02,1.957499999999999574e+00,-1.115343898109184967e-01,-2.348999999999999755e+00,5.599097032212472236e-01,9.352843065818156276e+00,1.231653667943533037e-16,5.615121495036248689e+00,0.000000000000000000e+00,1.156808783076139591e+01,0.000000000000000000e+00,-1.799999999999999645e+01,-7.499999999999790816e+02,0.000000000000000000e+00,-4.999999999999854481e+02,0.000000000000000000e+00,-7.499999999999781721e+02,0.000000000000000000e+00,0.000000000000000000e+00
6.003857325824343283e-01,4.437651549396825698e-03,8.551807944313090104e-01,-1.282422994001356994e-02,-9.628276625086540363e-01,1.252637093702795718e-02,2.345419995010371128e+00,-3.034412172608722327e-02,-1.822674194067171877e-03,9.634034966140722078e-01,-3.941801374876185288e-02,1.957499999999999574e+00,-1.003630433661375637e-01,-2.348999999999999755e+00,5.419456889635597685e-01,8.604342471747843391e+00,1.231653667943533037e-16,5.116121098989373728e+00,0.000000000000000000e+00,1.081958723669108480e+01,0.000000000000000000e+00,-1.799999999999999645e+01,-7.500000000000204636e+02,0.000000000000000000e+00,-5.000000000000131877e+02,0.000000000000000000e+00,-7.500000000000200089e+02,0.000000000000000000e+00,0.000000000000000000e+00
6.013837333745279956e-01,4.439993546862550620e-03,8.561422718840357993e-01,-1.286110169073784171e-02,-9.608740759581304580e-01,1.243147382357014802e-02,2.343075691149743012e+00,-2.981221709079038759e-02,6.390924515418951526e-03,9.634034966140722078e-01,-3.456138888732716852e-02,1.957499999999999574e+00,-8.993869810949726984e-02,-2.348999999999999755e+00,5.239816747058723134e-01,7.855841877677532281e+00,1.231653667943533037e-16,4.617120702942499655e+00,0.000000000000000000e+00,1.007108664262077191e+01,0.000000000000000000e+00,-1.799999999999999645e+01,-7.500000000000200089e+02,0.000000000000000000e+00,-5.000000000000127329e+02,0.000000000000000000e+00,-7.500000000000218279e+02,0.000000000000000000e+00,0.000000000000000000e+00
6.023817341666217740e-01,4.450159898681429159e-03,8.571037493367624771e-01,-1.289337531323428258e-02,-9.589204894076068797e-01,1.234660731279486022e-02,2.340731387289114451e+00,-2.929824048400892639e-02,1.385752203676444798e-02,9.634034966140722078e-01,-3.020276481798623777e-02,1.957499999999999574e+00,-8.026135404099760118e-02,-2.348999999999999755e+00,5.060176604481847473e-01,7.107341283607219395e+00,1.231653667943533037e-16,4.118120306895624694e+00,0.000000000000000000e+00,9.322586048550459026e+00,0.000000000000000000e+00,-1.799999999999999645e+01,-7.499999999999786269e+02,0.000000000000000000e+00,-4.999999999999856755e+02,0.000000000000000000e+00,-7.499999999999781721e+02,0.000000000000000000e+00,0.000000000000000000e+00
6.033797349587155523e-01,4.467405103071248398e-03,8.580652267894891549e-01,-1.292154780869102931e-02,-9.569669028570834124e-01,1.227102590291988087e-02,2.338387083428486779e+00,-2.880219190574283966e-02,2.057711836996932095e-02,9.634034966140722078e-01,-2.634214154073905023e-02,1.957499999999999574e+00,-7.133101116063855773e-02,-2.348999999999999755e+00,4.880536461904972367e-01,6.358840689536907398e+00,1.231653667943533037e-16,3.619119910848749733e+00,0.000000000000000000e+00,8.574085454480147916e+00,0.000000000000000000e+00,-1.799999999999999645e+01,-7.499999999999781721e+02,0.000000000000000000e+00,-4.999999999999856755e+02,0.000000000000000000e+00,-7.499999999999781721e+02,0.000000000000000000e+00,0.000000000000000000e+00
6.043777357508093306e-01,4.490983658249802363e-03,8.590267042422159438e-01,-1.294611617829622384e-02,-9.550133163065599451e-01,1.220398409216299704e-02,2.336042779567858219e+00,-2.832407135599213088e-02,2.654971351503357044e-02,9.634034966140722078e-01,-2.297951905558561631e-02,1.957499999999999574e+00,-6.314766946842012563e-02,-2.348999999999999755e+00,4.700896319328097261e-01,5.610340095466595400e+00,1.231653667943533037e-16,3.120119514801874772e+00,0.000000000000000000e+00,7.825584860409835031e+00,0.000000000000000000e+00,-1.799999999999999645e+01,-7.499999999999786269e+02,0.000000000000000000e+00,-4.999999999999856755e+02,0.000000000000000000e+00,-7.499999999999781721e+02,0.000000000000000000e+00,0.000000000000000000e+00
6.053757365429031090e-01,4.520150062434877269e-03,8.599881816949426216e-01,-1.296757742323800811e-02,-9.530597297560363668e-01,1.214473637874199929e-02,2.333698475707230102e+00,-2.786387883475679311e-02,3.177530747195719818e-02,9.634034966140722078e-01,-2.011489736252592905e-02,1.957499999999999574e+00,-5.571132896434232568e-02,-2.348999999999999755e+00,4.521256176751222156e-01,4.861839501396282515e+00,1.231653667943533037e-16,2.621119118754999811e+00,0.000000000000000000e+00,7.077084266339523033e+00,0.000000000000000000e+00,-1.799999999999999645e+01,-7.500000000000204636e+02,0.000000000000000000e+00,-5.000000000000136424e+02,0.000000000000000000e+00,-7.500000000000200089e+02,0.000000000000000000e+00,0.000000000000000000e+00
6.063737373349967763e-01,4.554158813844261938e-03,8.609496591476694105e-01,-1.298642854470452232e-02,-9.511061432055127884e-01,1.209253726087467645e-02,2.331354171846601986e+00,-2.742161434203683329e-02,3.625390024074019724e-02,9.634034966140722078e-01,-1.774827646155999195e-02,1.957499999999999574e+00,-4.902198964840514400e-02,-2.348999999999999755e+00,4.341616034174347050e-01,4.113338907325970517e+00,1.231653667943533037e-16,2.122118722708124849e+00,0.000000000000000000e+00,6.328583672269211036e+00,0.000000000000000000e+00,-1.799999999999999645e+01,-7.500000000000202363e+02,0.000000000000000000e+00,-5.000000000000135287e+02,0.000000000000000000e+00,-7.500000000000204636e+02,0.000000000000000000e+00,0.000000000000000000e+00
6.073717381270905546e-01,4.592264410695745189e-03,8.619111366003961994e-01,-1.300316654388390669e-02,-9.491525566549893211e-01,1.204664123677881733e-02,2.329009867985973425e+00,-2.699727787783224794e-02,3.998549182138257108e-02,9.634034966140722078e-01,-1.587965635268780498e-02,1.957499999999999574e+00,-4.307965152060859448e-02,-2.348999999999999755e+00,4.161975891597471944e-01,3.364838313255658075e+00,1.231653667943533037e-16,1.623118326661250110e+00,0.000000000000000000e+00,5.580083078198898150e+00,0.000000000000000000e+00,-1.799999999999999645e+01,-7.499999999999783995e+02,0.000000000000000000e+00,-4.999999999999854481e+02,0.000000000000000000e+00,-7.499999999999786269e+02,0.000000000000000000e+00,0.000000000000000000e+00
6.083697389191843330e-01,4.633721351207117575e-03,8.628726140531228772e-01,-1.301828842196429969e-02,-9.471989701044658538e-01,1.200630280467221249e-02,2.326665564125345753e+00,-2.659086944214303361e-02,4.297008221388431970e-02,9.634034966140722078e-01,-1.450903703590936816e-02,1.957499999999999574e+00,-3.788431458095266324e-02,-2.348999999999999755e+00,3.982335749020596838e-01,2.616337719185346078e+00,1.231653667943533037e-16,1.124117930614375371e+00,0.000000000000000000e+00,4.831582484128586152e+00,0.000000000000000000e+00,-1.799999999999999645e+01,-7.500000000000201226e+02,0.000000000000000000e+00,-5.000000000000134719e+02,0.000000000000000000e+00,-7.500000000000197815e+02,0.000000000000000000e+00,0.000000000000000000e+00
6.093677397112780003e-01,4.677784133596168785e-03,8.638340915058496661e-01,-1.303229118013384501e-02,-9.452453835539423865e-01,1.197077646277265074e-02,2.324321260264717193e+00,-2.620238903496920069e-02,4.520767141824544311e-02,9.634034966140722078e-01,-1.363641851122468149e-02,1.957499999999999574e+00,-3.343597882943736416e-02,-2.348999999999999755e+00,3.802695606443721732e-01,1.867837125115033636e+00,1.231653667943533037e-16,6.251175345675004102e-01,0.000000000000000000e+00,4.083081890058274155e+00,0.000000000000000000e+00,-1.799999999999999645e+01,-7.500000000000202363e+02,0.000000000000000000e+00,-5.000000000000128466e+02,0.000000000000000000e+00,-7.500000000000200089e+02,0.000000000000000000e+00,0.000000000000000000e+00
6.103657405033717787e-01,4.723707256080687637e-03,8.647955689585763439e-01,-1.304567181958068284e-02,-9.432917970034188082e-01,1.193931670929791918e-02,2.321976956404089076e+00,-2.583183665631073878e-02,4.669825943446594130e-02,9.634034966140722078e-01,-1.326180077863374322e-02,1.957499999999999574e+00,-2.973464426606268335e-02,-2.348999999999999755e+00,3.623055463866846626e-01,1.119336531044721417e+00,1.231653667943533037e-16,1.261171385206269480e-01,0.000000000000000000e+00,3.334581295987961713e+00,0.000000000000000000e+00,-1.799999999999999645e+01,-7.499999999999780584e+02,0.000000000000000000e+00,-3.131848889899280266e+02,0.000000000000000000e+00,-7.499999999999786269e+02,0.000000000000000000e+00,0.000000000000000000e+00
6.113637412954655570e-01,4.770745216878461217e-03,8.657570464113030217e-01,-1.304902201430280413e-02,-9.413382104528953409e-01,1.191117804246581008e-02,2.319632652543460960e+00,-2.547921230616765828e-02,4.744184626254582121e-02,9.634034966140722078e-01,-1.319874220937342947e-02,1.957499999999999574e+00,-2.678031089082863123e-02,-2.348999999999999755e+00,3.443415321289971520e-01,3.708359369744099188e-01,1.231653667943533037e-16,0.000000000000000000e+00,0.000000000000000000e+00,2.586080701917649272e+00,0.000000000000000000e+00,-1.799999999999999645e+01,-5.607894001248155291e+02,0.000000000000000000e+00,-6.318488898993589231e+01,0.000000000000000000e+00,-7.499999999999783995e+02,0.000000000000000000e+00,0.000000000000000000e+00
6.123617420875593353e-01,4.794232612431156837e-03,8.667185238640298106e-01,-1.304902201430280413e-02,-9.393846239023718736e-01,1.188561496049411227e-02,2.317288348682832844e+00,-2.514451598453994532e-02,4.762726423103302159e-02,9.634034966140722078e-01,-1.319874220937342947e-02,1.957499999999999574e+00,-2.457297870373520085e-02,-2.348999999999999755e+00,3.263775178713096414e-01,0.000000000000000000e+00,1.231653667943533037e-16,0.000000000000000000e+00,0.000000000000000000e+00,1.837580107847337274e+00,0.000000000000000000e+00,-1.799999999999999645e+01,-1.857894001248266989e+02,0.000000000000000000e+00,0.000000000000000000e+00,0.000000000000000000e+00,-7.499999999999783995e+02,0.000000000000000000e+00,0.000000000000000000e+00
6.133597428796531137e-01,4.794232612431156837e-03,8.676800013167564884e-01,-1.304902201430280413e-02,-9.374310373518482953e-01,1.186188196160061284e-02,2.314944044822204283e+00,-2.482774769142761032e-02,4.762726423103302159e-02,9.634034966140722078e-01,-1.319874220937342947e-02,1.957499999999999574e+00,-2.311264770478239569e-02,-2.348999999999999755e+00,3.084135036136221308e-01,0.000000000000000000e+00,1.231653667943533037e-16,0.000000000000000000e+00,0.000000000000000000e+00,1.089079513777024832e+00,0.000000000000000000e+00,-1.799999999999999645e+01,0.000000000000000000e+00,0.000000000000000000e+00,0.000000000000000000e+00,0.000000000000000000e+00,-7.500000000000198952e+02,0.000000000000000000e+00,0.000000000000000000e+00
6.143577436717467810e-01,4.794232612431156837e-03,8.686414787694831663e-01,-1.304902201430280413e-02,-9.354774508013247170e-01,1.183923354400310234e-02,2.312599740961576167e+00,-2.452890742683064979e-02,4.762726423103302159e-02,9.634034966140722078e-01,-1.319874220937342947e-02,1.957499999999999574e+00,-2.239931789397021228e-02,-2.348999999999999755e+00,2.904494893559346202e-01,0.000000000000000000e+00,1.231653667943533037e-16,0.000000000000000000e+00,0.000000000000000000e+00,3.405789197067135010e-01,0.000000000000000000e+00,-1.799999999999999645e+01,0.000000000000000000e+00,0.000000000000000000e+00,0.000000000000000000e+00,0.000000000000000000e+00,-5.456305858697124904e+02,0.000000000000000000e+00,0.000000000000000000e+00
6.153557444638405594e-01,4.794232612431156837e-03,8.696029562222100662e-01,-1.304902201430280413e-02,-9.335238642508012497e-01,1.182908246286285686e-02,2.310255437100948050e+00,-2.424799519074906373e-02,4.762726423103302159e-02,9.634034966140722078e-01,-1.319874220937342947e-02,1.957499999999999574e+00,-2.222902843411685495e-02,-2.348999999999999755e+00,2.724854750982471097e-01,0.000000000000000000e+00,1.231653667943533037e-16,0.000000000000000000e+00,0.000000000000000000e+00,0.000000000000000000e+00,0.000000000000000000e+00,-1.799999999999999645e+01,0.000000000000000000e+00,0.000000000000000000e+00,0.000000000000000000e+00,0.000000000000000000e+00,-1.706305858696706252e+02,0.000000000000000000e+00,0.000000000000000000e+00
6.163537452559343377e-01,4.794232612431156837e-03,8.705644336749367440e-01,-1.304902201430280413e-02,-9.315702777002777824e-01,1.182908246286285686e-02,2.307911133240319490e+00,-2.398501098318285563e-02,4.762726423103302159e-02,9.634034966140722078e-01,-1.319874220937342947e-02,1.957499999999999574e+00,-2.222902843411685495e-02,-2.348999999999999755e+00,2.545214608405595991e-01,0.000000000000000000e+00,1.231653667943533037e-16,0.000000000000000000e+00,0.000000000000000000e+00,0.000000000000000000e+00,0.000000000000000000e+00,-1.799999999999999645e+01,0.000000000000000000e+00,0.000000000000000000e+00,0.000000000000000000e+00,0.000000000000000000e+00,0.000000000000000000e+00,0.000000000000000000e+00,0.000000000000000000e+00
6.173517460480280050e-01,4.794232612431156837e-03,8.715259111276634219e-01,-1.304902201430280413e-02,-9.296166911497542040e-01,1.182908246286285686e-02,2.305566829379691374e+00,-2.373995480413201853e-02,4.762726423103302159e-02,9.634034966140722078e-01,-1.319874220937342947e-02,1.957499999999999574e+00,-2.222902843411685495e-02,-2.348999999999999755e+00,2.365574465828721162e-01,0.000000000000000000e+00,1.231653667943533037e-16,0.000000000000000000e+00,0.000000000000000000e+00,0.000000000000000000e+00,0.000000000000000000e+00,-1.799999999999999645e+01,0.000000000000000000e+00,0.000000000000000000e+00,0.000000000000000000e+00,0.000000000000000000e+00,0.000000000000000000e+00,0.000000000000000000e+00,0.000000000000000000e+00
6.183497468401217834e-01,4.794232612431156837e-03,8.724873885803902107e-01,-1.304902201430280413e-02,-9.276631045992306257e-01,1.182908246286285686e-02,2.303222525519063257e+00,-2.351282665359655591e-02,4.762726423103302159e-02,9.634034966140722078e-01,-1.319874220937342947e-02,1.957499999999999574e+00,-2.222902843411685495e-02,-2.348999999999999755e+00,2.185934323251843836e-01,0.000000000000000000e+00,1.231653667943533037e-16,0.000000000000000000e+00,0.000000000000000000e+00,0.000000000000000000e+00,0.000000000000000000e+00,-1.799999999999999645e+01,0.000000000000000000e+00,0.000000000000000000e+00,0.000000000000000000e+00,0.000000000000000000e+00,0.000000000000000000e+00,0.000000000000000000e+00,0.000000000000000000e+00
6.193477476322155617e-01,4.794232612431156837e-03,8.734488660331168886e-01,-1.304902201430280413e-02,-9.257095180487071584e-01,1.182908246286285686e-02,2.300878221658435141e+00,-2.330362653157647124e-02,4.762726423103302159e-02,9.634034966140722078e-01,-1.319874220937342947e-02,1.957499999999999574e+00,-2.222902843411685495e-02,-2.348999999999999755e+00,2.006294180674969008e-01,0.000000000000000000e+00,1.231653667943533037e-16,0.000000000000000000e+00,0.000000000000000000e+00,0.000000000000000000e+00,0.000000000000000000e+00,-1.799999999999999645e+01,0.000000000000000000e+00,0.000000000000000000e+00,0.000000000000000000e+00,0.000000000000000000e+00,0.000000000000000000e+00,0.000000000000000000e+00,1.068934939735281660e+02
6.203457484243093401e-01,4.794232612431156837e-03,8.744103434858436774e-01,-1.304902201430280413e-02,-9.237559314981836911e-01,1.182908246286285686e-02,2.298533917797807025e+00,-2.311200894870732783e-02,4.762726423103302159e-02,9.634034966140722078e-01,-1.319874220937342947e-02,1.957499999999999574e+00,-2.222902843411685495e-02,-2.348999999999999755e+00,1.827720836014646300e-01,0.000000000000000000e+00,1.231653667943533037e-16,0.000000000000000000e+00,0.000000000000000000e+00,0.000000000000000000e+00,0.000000000000000000e+00,-1.778664041668949025e+01,0.000000000000000000e+00,0.000000000000000000e+00,0.000000000000000000e+00,0.000000000000000000e+00,0.000000000000000000e+00,0.000000000000000000e+00,6.068934939735154330e+02
6.213437492164031184e-01,4.794232612431156837e-03,8.753718209385703553e-01,-1.304902201430280413e-02,-9.218023449476601128e-01,1.182908246286285686e-02,2.296189613937178464e+00,-2.293828473646577701e-02,4.762726423103302159e-02,9.634034966140722078e-01,-1.319874220937342947e-02,1.957499999999999574e+00,-2.222902843411685495e-02,-2.348999999999999755e+00,1.655184301152282655e-01,0.000000000000000000e+00,1.231653667943533037e-16,0.000000000000000000e+00,0.000000000000000000e+00,0.000000000000000000e+00,0.000000000000000000e+00,-1.678863962459573855e+01,0.000000000000000000e+00,0.000000000000000000e+00,0.000000000000000000e+00,0.000000000000000000e+00,0.000000000000000000e+00,0.000000000000000000e+00,1.000000000000027285e+03
6.223417500084967857e-01,4.794232612431156837e-03,8.763332983912971441e-01,-1.304902201430280413e-02,-9.198487583971365344e-01,1.182908246286285686e-02,2.293845310076550348e+00,-2.278128318998791368e-02,4.762726423103302159e-02,9.634034966140722078e-01,-1.319874220937342947e-02,1.957499999999999574e+00,-2.222902843411685495e-02,-2.348999999999999755e+00,1.492607782131794292e-01,0.000000000000000000e+00,1.231653667943533037e-16,0.000000000000000000e+00,0.000000000000000000e+00,0.000000000000000000e+00,0.000000000000000000e+00,-1.579063883250199041e+01,0.000000000000000000e+00,0.000000000000000000e+00,0.000000000000000000e+00,0.000000000000000000e+00,0.000000000000000000e+00,0.000000000000000000e+00,1.000000000000026375e+03
6.233397508005905641e-01,4.794232612431156837e-03,8.772947758440239330e-01,-1.304902201430280413e-02,-9.178951718466130671e-01,1.182908246286285686e-02,2.291501006215922231e+00,-2.264001030689746091e-02,4.762726423103302159e-02,9.634034966140722078e-01,-1.319874220937342947e-02,1.957499999999999574e+00,-2.222902843411685495e-02,-2.348999999999999755e+00,1.339991278953180653e-01,0.000000000000000000e+00,1.231653667943533037e-16,0.000000000000000000e+00,0.000000000000000000e+00,0.000000000000000000e+00,0.000000000000000000e+00,-1.479263804040824049e+01,0.000000000000000000e+00,0.000000000000000000e+00,0.000000000000000000e+00,0.000000000000000000e+00,0.000000000000000000e+00,0.000000000000000000e+00,9.999999999999718057e+02
6.243377515926843424e-01,4.794232612431156837e-03,8.782562532967506108e-01,-1.304902201430280413e-02,-9.159415852960895998e-01,1.182908246286285686e-02,2.289156702355294115e+00,-2.251347208481813134e-02,4.762726423103302159e-02,9.634034966140722078e-01,-1.319874220937342947e-02,1.957499999999999574e+00,-2.222902843411685495e-02,-2.348999999999999755e+00,1.197334791616442018e-01,0.000000000000000000e+00,1.231653667943533037e-16,0.000000000000000000e+00,0.000000000000000000e+00,0.000000000000000000e+00,0.000000000000000000e+00,-1.379463724831449056e+01,0.000000000000000000e+00,0.000000000000000000e+00,0.000000000000000000e+00,0.000000000000000000e+00,0.000000000000000000e+00,0.000000000000000000e+00,9.999999999999708962e+02
6.253357523847781207e-01,4.794232612431156837e-03,8.792177307494772887e-01,-1.304902201430280413e-02,-9.139879987455660215e-01,1.182908246286285686e-02,2.286812398494665999e+00,-2.240067452137364801e-02,4.762726423103302159e-02,9.634034966140722078e-01,-1.319874220937342947e-02,1.957499999999999574e+00,-2.222902843411685495e-02,-2.348999999999999755e+00,1.064638320121578385e-01,0.000000000000000000e+00,1.231653667943533037e-16,0.000000000000000000e+00,0.000000000000000000e+00,0.000000000000000000e+00,0.000000000000000000e+00,-1.279663645622074064e+01,0.000000000000000000e+00,0.000000000000000000e+00,0.000000000000000000e+00,0.000000000000000000e+00,0.000000000000000000e+00,0.000000000000000000e+00,1.000000000000027285e+03
6.263337531768717881e-01,4.794232612431156837e-03,8.801792082022040775e-01,-1.304902201430280413e-02,-9.120344121950425542e-01,1.182908246286285686e-02,2.284468094634037438e+00,-2.230062361418773051e-02,4.762726423103302159e-02,9.634034966140722078e-01,-1.319874220937342947e-02,1.957499999999999574e+00,-2.222902843411685495e-02,-2.348999999999999755e+00,9.419018644685897557e-02,0.000000000000000000e+00,1.231653667943533037e-16,0.000000000000000000e+00,0.000000000000000000e+00,0.000000000000000000e+00,0.000000000000000000e+00,-1.179863566412699072e+01,0.000000000000000000e+00,0.000000000000000000e+00,0.000000000000000000e+00,0.000000000000000000e+00,0.000000000000000000e+00,0.000000000000000000e+00,1.000000000000027285e+03
6.273317539689655664e-01,4.794232612431156837e-03,8.811406856549307554e-01,-1.304902201430280413e-02,-9.100808256445189759e-01,1.182908246286285686e-02,2.282123790773409766e+00,-2.221232536088409495e-02,4.762726423103302159e-02,9.634034966140722078e-01,-1.319874220937342947e-02,1.957499999999999574e+00,-2.222902843411685495e-02,-2.348999999999999755e+00,8.291254246574761289e-02,0.000000000000000000e+00,1.231653667943533037e-16,0.000000000000000000e+00,0.000000000000000000e+00,0.000000000000000000e+00,0.000000000000000000e+00,-1.080063487203324080e+01,0.000000000000000000e+00,0.000000000000000000e+00,0.000000000000000000e+00,0.000000000000000000e+00,0.000000000000000000e+00,0.000000000000000000e+00,9.999999999999708962e+02
6.283297547610593448e-01,4.794232612431156837e-03,8.821021631076574332e-01,-1.304902201430280413e-02,-9.081272390939955086e-01,1.182908246286285686e-02,2.279779486912781206e+00,-2.213478575908646093e-02,4.762726423103302159e-02,9.634034966140722078e-01,-1.319874220937342947e-02,1.957499999999999574e+00,-2.222902843411685495e-02,-2.348999999999999755e+00,7.263090006882375049e-02,0.000000000000000000e+00,1.231653667943533037e-16,0.000000000000000000e+00,0.000000000000000000e+00,0.000000000000000000e+00,0.000000000000000000e+00,-9.802634079939490874e+00,0.000000000000000000e+00,0.000000000000000000e+00,0.000000000000000000e+00,0.000000000000000000e+00,0.000000000000000000e+00,0.000000000000000000e+00,9.999999999999708962e+02
6.293277555531531231e-01,4.794232612431156837e-03,8.830636405603842221e-01,-1.304902201430280413e-02,-9.061736525434720413e-01,1.182908246286285686e-02,2.277435183052153089e+00,-2.206701080641854454e-02,4.762726423103302159e-02,9.634034966140722078e-01,-1.319874220937342947e-02,1.957499999999999574e+00,-2.222902843411685495e-02,-2.348999999999999755e+00,6.334525925608738839e-02,0.000000000000000000e+00,1.231653667943533037e-16,0.000000000000000000e+00,0.000000000000000000e+00,0.000000000000000000e+00,0.000000000000000000e+00,-8.804633287845742728e+00,0.000000000000000000e+00,0.000000000000000000e+00,0.000000000000000000e+00,0.000000000000000000e+00,0.000000000000000000e+00,0.000000000000000000e+00,1.000000000000026375e+03
6.303257563452467904e-01,4.794232612431156837e-03,8.840251180131108999e-01,-1.304902201430280413e-02,-9.042200659929484630e-01,1.182908246286285686e-02,2.275090879191524973e+00,-2.200800650050406884e-02,4.762726423103302159e-02,9.634034966140722078e-01,-1.319874220937342947e-02,1.957499999999999574e+00,-2.222902843411685495e-02,-2.348999999999999755e+00,5.505562002753852657e-02,0.000000000000000000e+00,1.231653667943533037e-16,0.000000000000000000e+00,0.000000000000000000e+00,0.000000000000000000e+00,0.000000000000000000e+00,-7.806632495751991918e+00,0.000000000000000000e+00,0.000000000000000000e+00,0.000000000000000000e+00,0.000000000000000000e+00,0.000000000000000000e+00,0.000000000000000000e+00,1.000000000000027285e+03
6.313237571373405688e-01,4.794232612431156837e-03,8.849865954658376888e-01,-1.304902201430280413e-02,-9.022664794424249957e-01,1.182908246286285686e-02,2.272746575330896412e+00,-2.195677883896674995e-02,4.762726423103302159e-02,9.634034966140722078e-01,-1.319874220937342947e-02,1.957499999999999574e+00,-2.222902843411685495e-02,-2.348999999999999755e+00,4.776198238317716505e-02,0.000000000000000000e+00,1.231653667943533037e-16,0.000000000000000000e+00,0.000000000000000000e+00,0.000000000000000000e+00,0.000000000000000000e+00,-6.808631703658242884e+00,0.000000000000000000e+00,0.000000000000000000e+00,0.000000000000000000e+00,0.000000000000000000e+00,0.000000000000000000e+00,0.000000000000000000e+00,9.999999999999708962e+02
6.323217579294343471e-01,4.794232612431156837e-03,8.859480729185644776e-01,-1.304902201430280413e-02,-9.003128928919015284e-01,1.182908246286285686e-02,2.270402271470268296e+00,-2.191233381943031092e-02,4.762726423103302159e-02,9.634034966140722078e-01,-1.319874220937342947e-02,1.957499999999999574e+00,-2.222902843411685495e-02,-2.348999999999999755e+00,4.146434632300329687e-02,0.000000000000000000e+00,1.231653667943533037e-16,0.000000000000000000e+00,0.000000000000000000e+00,0.000000000000000000e+00,0.000000000000000000e+00,-5.810630911564492962e+00,0.000000000000000000e+00,0.000000000000000000e+00,0.000000000000000000e+00,0.000000000000000000e+00,0.000000000000000000e+00,0.000000000000000000e+00,9.999999999999713509e+02
6.333197587215281255e-01,4.794232612431156837e-03,8.869095503712911555e-01,-1.304902201430280413e-02,-8.983593063413779500e-01,1.182908246286285686e-02,2.268057967609640180e+00,-2.187367743951847132e-02,4.762726423103302159e-02,9.634034966140722078e-01,-1.319874220937342947e-02,1.957499999999999574e+00,-2.222902843411685495e-02,-2.348999999999999755e+00,3.616271184701692898e-02,0.000000000000000000e+00,1.231653667943533037e-16,0.000000000000000000e+00,0.000000000000000000e+00,0.000000000000000000e+00,0.000000000000000000e+00,-4.812630119470743040e+00,0.000000000000000000e+00,0.000000000000000000e+00,0.000000000000000000e+00,0.000000000000000000e+00,0.000000000000000000e+00,0.000000000000000000e+00,1.000000000000027285e+03
6.343177595136217928e-01,4.794232612431156837e-03,8.878710278240179443e-01,-1.304902201430280413e-02,-8.964057197908543717e-01,1.182908246286285686e-02,2.265713663749012063e+00,-2.183981569685494381e-02,4.762726423103302159e-02,9.634034966140722078e-01,-1.319874220937342947e-02,1.957499999999999574e+00,-2.222902843411685495e-02,-2.348999999999999755e+00,3.185707895521806138e-02,0.000000000000000000e+00,1.231653667943533037e-16,0.000000000000000000e+00,0.000000000000000000e+00,0.000000000000000000e+00,0.000000000000000000e+00,-3.814629327376993562e+00,0.000000000000000000e+00,0.000000000000000000e+00,0.000000000000000000e+00,0.000000000000000000e+00,0.000000000000000000e+00,0.000000000000000000e+00,1.000000000000027057e+03
6.353157603057155711e-01,4.794232612431156837e-03,8.888325052767446222e-01,-1.304902201430280413e-02,-8.944521332403309044e-01,1.182908246286285686e-02,2.263369359888383947e+00,-2.180975458906345490e-02,4.762726423103302159e-02,9.634034966140722078e-01,-1.319874220937342947e-02,1.957499999999999574e+00,-2.222902843411685495e-02,-2.348999999999999755e+00,2.854744764760669407e-02,0.000000000000000000e+00,1.231653667943533037e-16,0.000000000000000000e+00,0.000000000000000000e+00,0.000000000000000000e+00,0.000000000000000000e+00,-2.816628535283243639e+00,0.000000000000000000e+00,0.000000000000000000e+00,0.000000000000000000e+00,0.000000000000000000e+00,0.000000000000000000e+00,0.000000000000000000e+00,9.999999999999713509e+02
6.363137610978093495e-01,4.794232612431156837e-03,8.897939827294713000e-01,-1.304902201430280413e-02,-8.924985466898074371e-01,1.182908246286285686e-02,2.261025056027755831e+00,-2.178250011376771378e-02,4.762726423103302159e-02,9.634034966140722078e-01,-1.319874220937342947e-02,1.957499999999999574e+00,-2.222902843411685495e-02,-2.348999999999999755e+00,2.623381792418282704e-02,0.000000000000000000e+00,1.231653667943533037e-16,0.000000000000000000e+00,0.000000000000000000e+00,0.000000000000000000e+00,0.000000000000000000e+00,-1.818627743189494161e+00,0.000000000000000000e+00,0.000000000000000000e+00,0.000000000000000000e+00,0.000000000000000000e+00,0.000000000000000000e+00,0.000000000000000000e+00,9.999999999999708962e+02
6.373117618899031278e-01,4.794232612431156837e-03,8.907554601821980889e-01,-1.304902201430280413e-02,-8.905449601392838588e-01,1.182908246286285686e-02,2.258680752167127270e+00,-2.175705826859144348e-02,4.762726423103302159e-02,9.634034966140722078e-01,-1.319874220937342947e-02,1.957499999999999574e+00,-2.222902843411685495e-02,-2.348999999999999755e+00,2.491618978494646031e-02,0.000000000000000000e+00,1.231653667943533037e-16,0.000000000000000000e+00,0.000000000000000000e+00,0.000000000000000000e+00,0.000000000000000000e+00,-8.206269510957450164e-01,0.000000000000000000e+00,0.000000000000000000e+00,0.000000000000000000e+00,0.000000000000000000e+00,0.000000000000000000e+00,0.000000000000000000e+00,9.111354207315529266e+02
6.383097626819967951e-01,4.794232612431156837e-03,8.917169376349248777e-01,-1.304902201430280413e-02,-8.885913735887602805e-01,1.182908246286285686e-02,2.256336448306499154e+00,-2.173681131487321255e-02,4.762726423103302159e-02,9.634034966140722078e-01,-1.319874220937342947e-02,1.957499999999999574e+00,-2.222902843411685495e-02,-2.348999999999999755e+00,2.450587630939858944e-02,0.000000000000000000e+00,1.231653667943533037e-16,0.000000000000000000e+00,0.000000000000000000e+00,0.000000000000000000e+00,0.000000000000000000e+00,0.000000000000000000e+00,0.000000000000000000e+00,0.000000000000000000e+00,0.000000000000000000e+00,0.000000000000000000e+00,0.000000000000000000e+00,0.000000000000000000e+00,4.111354207315953317e+02
6.393077634740905735e-01,4.794232612431156837e-03,8.926784150876515556e-01,-1.304902201430280413e-02,-8.866377870382368132e-01,1.182908246286285686e-02,2.253992144445871038e+00,-2.173681131487321255e-02,4.762726423103302159e-02,9.634034966140722078e-01,-1.319874220937342947e-02,1.957499999999999574e+00,-2.222902843411685495e-02,-2.348999999999999755e+00,2.450587630939858944e-02,0.000000000000000000e+00,1.231653667943533037e-16,0.000000000000000000e+00,0.000000000000000000e+00,0.000000000000000000e+00,0.000000000000000000e+00,0.000000000000000000e+00,0.000000000000000000e+00,0.000000000000000000e+00,0.000000000000000000e+00,0.000000000000000000e+00,0.000000000000000000e+00,0.000000000000000000e+00,0.000000000000000000e+00
6.403057642661843518e-01,4.794232612431156837e-03,8.936398925403783444e-01,-1.304902201430280413e-02,-8.846842004877133459e-01,1.182908246286285686e-02,2.251647840585242921e+00,-2.173681131487321255e-02,4.762726423103302159e-02,9.634034966140722078e-01,-1.319874220937342947e-02,1.957499999999999574e+00,-2.222902843411685495e-02,-2.348999999999999755e+00,2.450587630939858944e-02,0.000000000000000000e+00,1.231653667943533037e-16,0.000000000000000000e+00,0.000000000000000000e+00,0.000000000000000000e+00,0.000000000000000000e+00,0.000000000000000000e+00,0.000000000000000000e+00,0.000000000000000000e+00,0.000000000000000000e+00,0.000000000000000000e+00,0.000000000000000000e+00,0.000000000000000000e+00,0.000000000000000000e+00
6.413037650582781302e-01,4.794232612431156837e-03,8.946013699931050223e-01,-1.304902201430280413e-02,-8.827306139371897675e-01,1.182908246286285686e-02,2.249303536724614805e+00,-2.173681131487321255e-02,4.762726423103302159e-02,9.634034966140722078e-01,-1.319874220937342947e-02,1.957499999999999574e+00,-2.222902843411685495e-02,-2.348999999999999755e+00,2.450587630939858944e-02,0.000000000000000000e+00,1.231653667943533037e-16,0.000000000000000000e+00,0.000000000000000000e+00,0.000000000000000000e+00,0.000000000000000000e+00,0.000000000000000000e+00,0.000000000000000000e+00,0.000000000000000000e+00,0.000000000000000000e+00,0.000000000000000000e+00,0.000000000000000000e+00,0.000000000000000000e+00,0.000000000000000000e+00
6.423017658503717975e-01,4.794232612431156837e-03,8.955628474458317001e-01,-1.304902201430280413e-02,-8.807770273866661892e-01,1.182908246286285686e-02,2.246959232863986244e+00,-2.173681131487321255e-02,4.762726423103302159e-02,9.634034966140722078e-01,-1.319874220937342947e-02,1.957499999999999574e+00,-2.222902843411685495e-02,-2.348999999999999755e+00,2.450587630939858944e-02,0.000000000000000000e+00,1.231653667943533037e-16,0.000000000000000000e+00,0.000000000000000000e+00,0.000000000000000000e+00,0.000000000000000000e+00,0.000000000000000000e+00,0.000000000000000000e+00,0.000000000000000000e+00,0.000000000000000000e+00,0.000000000000000000e+00,0.000000000000000000e+00,0.000000000000000000e+00,0.000000000000000000e+00
6.432997666424655758e-01,4.794232612431156837e-03,8.965243248985584890e-01,-1.304902201430280413e-02,-8.788234408361427219e-01,1.182908246286285686e-02,2.244614929003358128e+00,-2.173681131487321255e-02,4.762726423103302159e-02,9.634034966140722078e-01,-1.319874220937342947e-02,1.957499999999999574e+00,-2.222902843411685495e-02,-2.348999999999999755e+00,2.450587630939858944e-02,0.000000000000000000e+00,1.231653667943533037e-16,0.000000000000000000e+00,0.000000000000000000e+00,0.000000000000000000e+00,0.000000000000000000e+00,0.000000000000000000e+00,0.000000000000000000e+00,0.000000000000000000e+00,0.000000000000000000e+00,0.000000000000000000e+00,0.000000000000000000e+00,0.000000000000000000e+00,0.000000000000000000e+00
6.442977674345593542e-01,4.794232612431156837e-03,8.974858023512851668e-01,-1.304902201430280413e-02,-8.768698542856192546e-01,1.182908246286285686e-02,2.242270625142730012e+00,-2.173681131487321255e-02,4.762726423103302159e-02,9.634034966140722078e-01,-1.319874220937342947e-02,1.957499999999999574e+00,-2.222902843411685495e-02,-2.348999999999999755e+00,2.450587630939858944e-02,0.000000000000000000e+00,1.231653667943533037e-16,0.000000000000000000e+00,0.000000000000000000e+00,0.000000000000000000e+00,0.000000000000000000e+00,0.000000000000000000e+00,0.000000000000000000e+00,0.000000000000000000e+00,0.000000000000000000e+00,0.000000000000000000e+00,0.000000000000000000e+00,0.000000000000000000e+00,0.000000000000000000e+00
6.452957682266531325e-01,4.794232612431156837e-03,8.984472798040119557e-01,-1.304902201430280413e-02,-8.749162677350956763e-01,1.182908246286285686e-02,2.239926321282101451e+00,-2.173681131487321255e-02,4.762726423103302159e-02,9.634034966140722078e-01,-1.319874220937342947e-02,1.957499999999999574e+00,-2.222902843411685495e-02,-2.348999999999999755e+00,2.450587630939858944e-02,0.000000000000000000e+00,1.231653667943533037e-16,0.000000000000000000e+00,0.000000000000000000e+00,0.000000000000000000e+00,0.000000000000000000e+00,0.000000000000000000e+00,0.000000000000000000e+00,0.000000000000000000e+00,0.000000000000000000e+00,0.000000000000000000e+00,0.000000000000000000e+00,0.000000000000000000e+00,0.000000000000000000e+00
6.462937690187469109e-01,4.794232612431156837e-03,8.994087572567386335e-01,-1.304902201430280413e-02,-8.729626811845722090e-01,1.182908246286285686e-02,2.237582017421473335e+00,-2.173681131487321255e-02,4.762726423103302159e-02,9.634034966140722078e-01,-1.319874220937342947e-02,1.957499999999999574e+00,-2.222902843411685495e-02,-2.348999999999999755e+00,2.450587630939858944e-02,0.000000000000000000e+00,1.231653667943533037e-16,0.000000000000000000e+00,0.000000000000000000e+00,0.000000000000000000e+00,0.000000000000000000e+00,0.000000000000000000e+00,0.000000000000000000e+00,0.000000000000000000e+00,0.000000000000000000e+00,0.000000000000000000e+00,0.000000000000000000e+00,0.000000000000000000e+00,0.000000000000000000e+00
6.472917698108405782e-01,4.794232612431156837e-03,9.003702347094654224e-01,-1.304902201430280413e-02,-8.710090946340486306e-01,1.182908246286285686e-02,2.235237713560845219e+00,-2.173681131487321255e-02,4.762726423103302159e-02,9.634034966140722078e-01,-1.319874220937342947e-02,1.957499999999999574e+00,-2.222902843411685495e-02,-2.348999999999999755e+00,2.450587630939858944e-02,0.000000000000000000e+00,1.231653667943533037e-16,0.000000000000000000e+00,0.000000000000000000e+00,0.000000000000000000e+00,0.000000000000000000e+00,0.000000000000000000e+00,0.000000000000000000e+00,0.000000000000000000e+00,0.000000000000000000e+00,0.000000000000000000e+00,0.000000000000000000e+00,0.000000000000000000e+00,0.000000000000000000e+00
6.482897706029343565e-01,4.794232612431156837e-03,9.013317121621922112e-01,-1.304902201430280413e-02,-8.690555080835251633e-01,1.182908246286285686e-02,2.232893409700216658e+00,-2.173681131487321255e-02,4.762726423103302159e-02,9.634034966140722078e-01,-1.319874220937342947e-02,1.957499999999999574e+00,-2.222902843411685495e-02,-2.348999999999999755e+00,2.450587630939858944e-02,0.000000000000000000e+00,1.231653667943533037e-16,0.000000000000000000e+00,0.000000000000000000e+00,0.000000000000000000e+00,0.000000000000000000e+00,0.000000000000000000e+00,0.000000000000000000e+00,0.000000000000000000e+00,0.000000000000000000e+00,0.000000000000000000e+00,0.000000000000000000e+00,0.000000000000000000e+00,0.000000000000000000e+00
6.492877713950281349e-01,4.794232612431156837e-03,9.022931896149188891e-01,-1.304902201430280413e-02,-8.671019215330016960e-01,1.182908246286285686e-02,2.230549105839588986e+00,-2.173681131487321255e-02,4.762726423103302159e-02,9.634034966140722078e-01,-1.319874220937342947e-02,1.957499999999999574e+00,-2.222902843411685495e-02,-2.348999999999999755e+00,2.450587630939858944e-02,0.000000000000000000e+00,1.231653667943533037e-16,0.000000000000000000e+00,0.000000000000000000e+00,0.000000000000000000e+00,0.000000000000000000e+00,0.000000000000000000e+00,0.000000000000000000e+00,0.000000000000000000e+00,0.000000000000000000e+00,0.000000000000000000e+00,0.000000000000000000e+00,0.000000000000000000e+00,0.000000000000000000e+00
6.502857721871218022e-01,4.794232612431156837e-03,9.032546670676455669e-01,-1.304902201430280413e-02,-8.651483349824781177e-01,1.182908246286285686e-02,2.228204801978960425e+00,-2.173681131487321255e-02,4.762726423103302159e-02,9.634034966140722078e-01,-1.319874220937342947e-02,1.957499999999999574e+00,-2.222902843411685495e-02,-2.348999999999999755e+00,2.450587630939858944e-02,0.000000000000000000e+00,1.231653667943533037e-16,0.000000000000000000e+00,0.000000000000000000e+00,0.000000000000000000e+00,0.000000000000000000e+00,0.000000000000000000e+00,0.000000000000000000e+00,0.000000000000000000e+00,0.000000000000000000e+00,0.000000000000000000e+00,0.000000000000000000e+00,0.000000000000000000e+00,0.000000000000000000e+00
6.512837729792155805e-01,4.794232612431156837e-03,9.042161445203723558e-01,-1.304902201430280413e-02,-8.631947484319546504e-01,1.182908246286285686e-02,2.225860498118332309e+00,-2.173681131487321255e-02,4.762726423103302159e-02,9.634034966140722078e-01,-1.319874220937342947e-02,1.957499999999999574e+00,-2.222902843411685495e-02,-2.348999999999999755e+00,2.450587630939858944e-02,0.000000000000000000e+00,1.231653667943533037e-16,0.000000000000000000e+00,0.000000000000000000e+00,0.000000000000000000e+00,0.000000000000000000e+00,0.000000000000000000e+00,0.000000000000000000e+00,0.000000000000000000e+00,0.000000000000000000e+00,0.000000000000000000e+00,0.000000000000000000e+00,0.000000000000000000e+00,0.000000000000000000e+00
6.522817737713093589e-01,4.794232612431156837e-03,9.051776219730991446e-01,-1.304902201430280413e-02,-8.612411618814311831e-01,1.182908246286285686e-02,2.223516194257704193e+00,-2.173681131487321255e-02,4.762726423103302159e-02,9.634034966140722078e-01,-1.319874220937342947e-02,1.957499999999999574e+00,-2.222902843411685495e-02,-2.348999999999999755e+00,2.450587630939858944e-02,0.000000000000000000e+00,1.231653667943533037e-16,0.000000000000000000e+00,0.000000000000000000e+00,0.000000000000000000e+00,0.000000000000000000e+00,0.000000000000000000e+00,0.000000000000000000e+00,0.000000000000000000e+00,0.000000000000000000e+00,0.000000000000000000e+00,0.000000000000000000e+00,0.000000000000000000e+00,0.000000000000000000e+00
6.532797745634031372e-01,4.794232612431156837e-03,9.061390994258258225e-01,-1.304902201430280413e-02,-8.592875753309076048e-01,1.182908246286285686e-02,2.221171890397076076e+00,-2.173681131487321255e-02,4.762726423103302159e-02,9.634034966140722078e-01,-1.319874220937342947e-02,1.957499999999999574e+00,-2.222902843411685495e-02,-2.348999999999999755e+00,2.450587630939858944e-02,0.000000000000000000e+00,1.231653667943533037e-16,0.000000000000000000e+00,0.000000000000000000e+00,0.000000000000000000e+00,0.000000000000000000e+00,0.000000000000000000e+00,0.000000000000000000e+00,0.000000000000000000e+00,0.000000000000000000e+00,0.000000000000000000e+00,0.000000000000000000e+00,0.000000000000000000e+00,0.000000000000000000e+00
6.542777753554969156e-01,4.794232612431156837e-03,9.071005768785526113e-01,-1.304902201430280413e-02,-8.573339887803840265e-01,1.182908246286285686e-02,2.218827586536447960e+00,-2.173681131487321255e-02,4.762726423103302159e-02,9.634034966140722078e-01,-1.319874220937342947e-02,1.957499999999999574e+00,-2.222902843411685495e-02,-2.348999999999999755e+00,2.450587630939858944e-02,0.000000000000000000e+00,1.231653667943533037e-16,0.000000000000000000e+00,0.000000000000000000e+00,0.000000000000000000e+00,0.000000000000000000e+00,0.000000000000000000e+00,0.000000000000000000e+00,0.000000000000000000e+00,0.000000000000000000e+00,0.000000000000000000e+00,0.000000000000000000e+00,0.000000000000000000e+00,0.000000000000000000e+00
6.552757761475905829e-01,4.794232612431156837e-03,9.080620543312792892e-01,-1.304902201430280413e-02,-8.553804022298605592e-01,1.182908246286285686e-02,2.216483282675819400e+00,-2.173681131487321255e-02,4.762726423103302159e-02,9.634034966140722078e-01,-1.319874220937342947e-02,1.957499999999999574e+00,-2.222902843411685495e-02,-2.348999999999999755e+00,2.450587630939858944e-02,0.000000000000000000e+00,1.231653667943533037e-16,0.000000000000000000e+00,0.000000000000000000e+00,0.000000000000000000e+00,0.000000000000000000e+00,0.000000000000000000e+00,0.000000000000000000e+00,0.000000000000000000e+00,0.000000000000000000e+00,0.000000000000000000e+00,0.000000000000000000e+00,0.000000000000000000e+00,0.000000000000000000e+00
6.562737769396843612e-01,4.794232612431156837e-03,9.090235317840060780e-01,-1.304902201430280413e-02,-8.534268156793370919e-01,1.182908246286285686e-02,2.214138978815191727e+00,-2.173681131487321255e-02,4.762726423103302159e-02,9.634034966140722078e-01,-1.319874220937342947e-02,1.957499999999999574e+00,-2.222902843411685495e-02,-2.348999999999999755e+00,2.450587630939858944e-02,0.000000000000000000e+00,1.231653667943533037e-16,0.000000000000000000e+00,0.000000000000000000e+00,0.000000000000000000e+00,0.000000000000000000e+00,0.000000000000000000e+00,0.000000000000000000e+00,0.000000000000000000e+00,0.000000000000000000e+00,0.000000000000000000e+00,0.000000000000000000e+00,0.000000000000000000e+00,0.000000000000000000e+00
6.572717777317781396e-01,4.794232612431156837e-03,9.099850092367328669e-01,-1.304902201430280413e-02,-8.514732291288135135e-01,1.182908246286285686e-02,2.211794674954563167e+00,-2.173681131487321255e-02,4.762726423103302159e-02,9.634034966140722078e-01,-1.319874220937342947e-02,1.957499999999999574e+00,-2.222902843411685495e-02,-2.348999999999999755e+00,2.450587630939858944e-02,0.000000000000000000e+00,1.231653667943533037e-16,0.000000000000000000e+00,0.000000000000000000e+00,0.000000000000000000e+00,0.000000000000000000e+00,0.000000000000000000e+00,0.000000000000000000e+00,0.000000000000000000e+00,0.000000000000000000e+00,0.000000000000000000e+00,0.000000000000000000e+00,0.000000000000000000e+00,0.000000000000000000e+00
6.582697785238718069e-01,4.794232612431156837e-03,9.109464866894595447e-01,-1.304902201430280413e-02,-8.495196425782899352e-01,1.182908246286285686e-02,2.209450371093935050e+00,-2.173681131487321255e-02,4.762726423103302159e-02,9.634034966140722078e-01,-1.319874220937342947e-02,1.957499999999999574e+00,-2.222902843411685495e-02,-2.348999999999999755e+00,2.450587630939858944e-02,0.000000000000000000e+00,1.231653667943533037e-16,0.000000000000000000e+00,0.000000000000000000e+00,0.000000000000000000e+00,0.000000000000000000e+00,0.000000000000000000e+00,0.000000000000000000e+00,0.000000000000000000e+00,0.000000000000000000e+00,0.000000000000000000e+00,0.000000000000000000e+00,0.000000000000000000e+00,0.000000000000000000e+00
6.592677793159655852e-01,4.794232612431156837e-03,9.119079641421863336e-01,-1.304902201430280413e-02,-8.475660560277664679e-01,1.182908246286285686e-02,2.207106067233306934e+00,-2.173681131487321255e-02,4.762726423103302159e-02,9.634034966140722078e-01,-1.319874220937342947e-02,1.957499999999999574e+00,-2.222902843411685495e-02,-2.348999999999999755e+00,2.450587630939858944e-02,0.000000000000000000e+00,1.231653667943533037e-16,0.000000000000000000e+00,0.000000000000000000e+00,0.000000000000000000e+00,0.000000000000000000e+00,0.000000000000000000e+00,0.000000000000000000e+00,0.000000000000000000e+00,0.000000000000000000e+00,0.000000000000000000e+00,0.000000000000000000e+00,0.000000000000000000e+00,0.000000000000000000e+00
6.602657801080593636e-01,4.794232612431156837e-03,9.128694415949131225e-01,-1.304902201430280413e-02,-8.456124694772430006e-01,1.182908246286285686e-02,2.204761763372678374e+00,-2.173681131487321255e-02,4.762726423103302159e-02,9.634034966140722078e-01,-1.319874220937342947e-02,1.957499999999999574e+00,-2.222902843411685495e-02,-2.348999999999999755e+00,2.450587630939858944e-02,0.000000000000000000e+00,1.231653667943533037e-16,0.000000000000000000e+00,0.000000000000000000e+00,0.000000000000000000e+00,0.000000000000000000e+00,0.000000000000000000e+00,0.000000000000000000e+00,0.000000000000000000e+00,0.000000000000000000e+00,0.000000000000000000e+00,0.000000000000000000e+00,0.000000000000000000e+00,0.000000000000000000e+00
6.612637809001531419e-01,4.794232612431156837e-03,9.138309190476398003e-01,-1.304902201430280413e-02,-8.436588829267194223e-01,1.182908246286285686e-02,2.202417459512050257e+00,-2.173681131487321255e-02,4.762726423103302159e-02,9.634034966140722078e-01,-1.319874220937342947e-02,1.957499999999999574e+00,-2.222902843411685495e-02,-2.348999999999999755e+00,2.450587630939858944e-02,0.000000000000000000e+00,1.231653667943533037e-16,0.000000000000000000e+00,0.000000000000000000e+00,0.000000000000000000e+00,0.000000000000000000e+00,0.000000000000000000e+00,0.000000000000000000e+00,0.000000000000000000e+00,0.000000000000000000e+00,0.000000000000000000e+00,0.000000000000000000e+00,0.000000000000000000e+00,0.000000000000000000e+00
6.622617816922469203e-01,4.794232612431156837e-03,9.147923965003665892e-01,-1.304902201430280413e-02,-8.417052963761959550e-01,1.182908246286285686e-02,2.200073155651422141e+00,-2.173681131487321255e-02,4.762726423103302159e-02,9.634034966140722078e-01,-1.319874220937342947e-02,1.957499999999999574e+00,-2.222902843411685495e-02,-2.348999999999999755e+00,2.450587630939858944e-02,0.000000000000000000e+00,1.231653667943533037e-16,0.000000000000000000e+00,0.000000000000000000e+00,0.000000000000000000e+00,0.000000000000000000e+00,0.000000000000000000e+00,0.000000000000000000e+00,0.000000000000000000e+00,0.000000000000000000e+00,0.000000000000000000e+00,0.000000000000000000e+00,0.000000000000000000e+00,0.000000000000000000e+00
6.632597824843405876e-01,4.794232612431156837e-03,9.157538739530932670e-01,-1.304902201430280413e-02,-8.397517098256723767e-01,1.182908246286285686e-02,2.197728851790794025e+00,-2.173681131487321255e-02,4.762726423103302159e-02,9.634034966140722078e-01,-1.319874220937342947e-02,1.957499999999999574e+00,-2.222902843411685495e-02,-2.348999999999999755e+00,2.450587630939858944e-02,0.000000000000000000e+00,1.231653667943533037e-16,0.000000000000000000e+00,0.000000000000000000e+00,0.000000000000000000e+00,0.000000000000000000e+00,0.000000000000000000e+00,0.000000000000000000e+00,0.000000000000000000e+00,0.000000000000000000e+00,0.000000000000000000e+00,0.000000000000000000e+00,0.000000000000000000e+00,0.000000000000000000e+00
6.642577832764343659e-01,4.794232612431156837e-03,9.167153514058199448e-01,-1.304902201430280413e-02,-8.377981232751489094e-01,1.182908246286285686e-02,2.195384547930165464e+00,-2.173681131487321255e-02,4.762726423103302159e-02,9.634034966140722078e-01,-1.319874220937342947e-02,1.957499999999999574e+00,-2.222902843411685495e-02,-2.348999999999999755e+00,2.450587630939858944e-02,0.000000000000000000e+00,1.231653667943533037e-16,0.000000000000000000e+00,0.000000000000000000e+00,0.000000000000000000e+00,0.000000000000000000e+00,0.000000000000000000e+00,0.000000000000000000e+00,0.000000000000000000e+00,0.000000000000000000e+00,0.000000000000000000e+00,0.000000000000000000e+00,0.000000000000000000e+00,0.000000000000000000e+00
6.652557840685281443e-01,4.794232612431156837e-03,9.176768288585467337e-01,-1.304902201430280413e-02,-8.358445367246254420e-01,1.182908246286285686e-02,2.193040244069537348e+00,-2.173681131487321255e-02,4.762726423103302159e-02,9.634034966140722078e-01,-1.319874220937342947e-02,1.957499999999999574e+00,-2.222902843411685495e-02,-2.348999999999999755e+00,2.450587630939858944e-02,0.000000000000000000e+00,1.231653667943533037e-16,0.000000000000000000e+00,0.000000000000000000e+00,0.000000000000000000e+00,0.000000000000000000e+00,0.000000000000000000e+00,0.000000000000000000e+00,0.000000000000000000e+00,0.000000000000000000e+00,0.000000000000000000e+00,0.000000000000000000e+00,0.000000000000000000e+00,0.000000000000000000e+00
6.662537848606218116e-01,4.794232612431156837e-03,9.186383063112735226e-01,-1.304902201430280413e-02,-8.338909501741018637e-01,1.182908246286285686e-02,2.190695940208909231e+00,-2.173681131487321255e-02,4.762726423103302159e-02,9.634034966140722078e-01,-1.319874220937342947e-02,1.957499999999999574e+00,-2.222902843411685495e-02,-2.348999999999999755e+00,2.450587630939858944e-02,0.000000000000000000e+00,1.231653667943533037e-16,0.000000000000000000e+00,0.000000000000000000e+00,0.000000000000000000e+00,0.000000000000000000e+00,0.000000000000000000e+00,0.000000000000000000e+00,0.000000000000000000e+00,0.000000000000000000e+00,0.000000000000000000e+00,0.000000000000000000e+00,0.000000000000000000e+00,0.000000000000000000e+00
6.672517856527155899e-01,4.794232612431156837e-03,9.195997837640002004e-01,-1.304902201430280413e-02,-8.319373636235783964e-01,1.182908246286285686e-02,2.188351636348281115e+00,-2.173681131487321255e-02,4.762726423103302159e-02,9.634034966140722078e-01,-1.319874220937342947e-02,1.957499999999999574e+00,-2.222902843411685495e-02,-2.348999999999999755e+00,2.450587630939858944e-02,0.000000000000000000e+00,1.231653667943533037e-16,0.000000000000000000e+00,0.000000000000000000e+00,0.000000000000000000e+00,0.000000000000000000e+00,0.000000000000000000e+00,0.000000000000000000e+00,0.000000000000000000e+00,0.000000000000000000e+00,0.000000000000000000e+00,0.000000000000000000e+00,0.000000000000000000e+00,0.000000000000000000e+00
6.682497864448093683e-01,4.794232612431156837e-03,9.205612612167269893e-01,-1.304902201430280413e-02,-8.299837770730549291e-01,1.182908246286285686e-02,2.186007332487652999e+00,-2.173681131487321255e-02,4.762726423103302159e-02,9.634034966140722078e-01,-1.319874220937342947e-02,1.957499999999999574e+00,-2.222902843411685495e-02,-2.348999999999999755e+00,2.450587630939858944e-02,0.000000000000000000e+00,1.231653667943533037e-16,0.000000000000000000e+00,0.000000000000000000e+00,0.000000000000000000e+00,0.000000000000000000e+00,0.000000000000000000e+00,0.000000000000000000e+00,0.000000000000000000e+00,0.000000000000000000e+00,0.000000000000000000e+00,0.000000000000000000e+00,0.000000000000000000e+00,0.000000000000000000e+00
6.692477872369031466e-01,4.794232612431156837e-03,9.215227386694537781e-01,-1.304902201430280413e-02,-8.280301905225313508e-01,1.182908246286285686e-02,2.183663028627024438e+00,-2.173681131487321255e-02,4.762726423103302159e-02,9.634034966140722078e-01,-1.319874220937342947e-02,1.957499999999999574e+00,-2.222902843411685495e-02,-2.348999999999999755e+00,2.450587630939858944e-02,0.000000000000000000e+00,1.231653667943533037e-16,0.000000000000000000e+00,0.000000000000000000e+00,0.000000000000000000e+00,0.000000000000000000e+00,0.000000000000000000e+00,0.000000000000000000e+00,0.000000000000000000e+00,0.000000000000000000e+00,0.000000000000000000e+00,0.000000000000000000e+00,0.000000000000000000e+00,0.000000000000000000e+00
6.702457880289969250e-01,4.794232612431156837e-03,9.224842161221804560e-01,-1.304902201430280413e-02,-8.260766039720077725e-01,1.182908246286285686e-02,2.181318724766396322e+00,-2.173681131487321255e-02,4.762726423103302159e-02,9.634034966140722078e-01,-1.319874220937342947e-02,1.957499999999999574e+00,-2.222902843411685495e-02,-2.348999999999999755e+00,2.450587630939858944e-02,0.000000000000000000e+00,1.231653667943533037e-16,0.000000000000000000e+00,0.000000000000000000e+00,0.000000000000000000e+00,0.000000000000000000e+00,0.000000000000000000e+00,0.000000000000000000e+00,0.000000000000000000e+00,0.000000000000000000e+00,0.000000000000000000e+00,0.000000000000000000e+00,0.000000000000000000e+00,0.000000000000000000e+00
6.712437888210907033e-01,4.794232612431156837e-03,9.234456935749072448e-01,-1.304902201430280413e-02,-8.241230174214841941e-01,1.182908246286285686e-02,2.178974420905768206e+00,-2.173681131487321255e-02,4.762726423103302159e-02,9.634034966140722078e-01,-1.319874220937342947e-02,1.957499999999999574e+00,-2.222902843411685495e-02,-2.348999999999999755e+00,2.450587630939858944e-02,0.000000000000000000e+00,1.231653667943533037e-16,0.000000000000000000e+00,0.000000000000000000e+00,0.000000000000000000e+00,0.000000000000000000e+00,0.000000000000000000e+00,0.000000000000000000e+00,0.000000000000000000e+00,0.000000000000000000e+00,0.000000000000000000e+00,0.000000000000000000e+00,0.000000000000000000e+00,0.000000000000000000e+00
6.722417896131843706e-01,4.794232612431156837e-03,9.244071710276339227e-01,-1.304902201430280413e-02,-8.221694308709607268e-01,1.182908246286285686e-02,2.176630117045140089e+00,-2.173681131487321255e-02,4.762726423103302159e-02,9.634034966140722078e-01,-1.319874220937342947e-02,1.957499999999999574e+00,-2.222902843411685495e-02,-2.348999999999999755e+00,2.450587630939858944e-02,0.000000000000000000e+00,1.231653667943533037e-16,0.000000000000000000e+00,0.000000000000000000e+00,0.000000000000000000e+00,0.000000000000000000e+00,0.000000000000000000e+00,0.000000000000000000e+00,0.000000000000000000e+00,0.000000000000000000e+00,0.000000000000000000e+00,0.000000000000000000e+00,0.000000000000000000e+00,0.000000000000000000e+00
6.732397904052781490e-01,4.794232612431156837e-03,9.253686484803607115e-01,-1.304902201430280413e-02,-8.202158443204372595e-01,1.182908246286285686e-02,2.174285813184511973e+00,-2.173681131487321255e-02,4.762726423103302159e-02,9.634034966140722078e-01,-1.319874220937342947e-02,1.957499999999999574e+00,-2.222902843411685495e-02,-2.348999999999999755e+00,2.450587630939858944e-02,0.000000000000000000e+00,1.231653667943533037e-16,0.000000000000000000e+00,0.000000000000000000e+00,0.000000000000000000e+00,0.000000000000000000e+00,0.000000000000000000e+00,0.000000000000000000e+00,0.000000000000000000e+00,0.000000000000000000e+00,0.000000000000000000e+00,0.000000000000000000e+00,0.000000000000000000e+00,0.000000000000000000e+00
6.742377911973719273e-01,4.794232612431156837e-03,9.263301259330875004e-01,-1.304902201430280413e-02,-8.182622577699136812e-01,1.182908246286285686e-02,2.171941509323883412e+00,-2.173681131487321255e-02,4.762726423103302159e-02,9.634034966140722078e-01,-1.319874220937342947e-02,1.957499999999999574e+00,-2.222902843411685495e-02,-2.348999999999999755e+00,2.450587630939858944e-02,0.000000000000000000e+00,1.231653667943533037e-16,0.000000000000000000e+00,0.000000000000000000e+00,0.000000000000000000e+00,0.000000000000000000e+00,0.000000000000000000e+00,0.000000000000000000e+00,0.000000000000000000e+00,0.000000000000000000e+00,0.000000000000000000e+00,0.000000000000000000e+00,0.000000000000000000e+00,0.000000000000000000e+00
6.752357919894655947e-01,4.794232612431156837e-03,9.272916033858141782e-01,-1.304902201430280413e-02,-8.163086712193902139e-01,1.182908246286285686e-02,2.169597205463255296e+00,-2.173681131487321255e-02,4.762726423103302159e-02,9.634034966140722078e-01,-1.319874220937342947e-02,1.957499999999999574e+00,-2.222902843411685495e-02,-2.348999999999999755e+00,2.450587630939858944e-02,0.000000000000000000e+00,1.231653667943533037e-16,0.000000000000000000e+00,0.000000000000000000e+00,0.000000000000000000e+00,0.000000000000000000e+00,0.000000000000000000e+00,0.000000000000000000e+00,0.000000000000000000e+00,0.000000000000000000e+00,0.000000000000000000e+00,0.000000000000000000e+00,0.000000000000000000e+00,0.000000000000000000e+00
6.762337927815593730e-01,4.794232612431156837e-03,9.282530808385410781e-01,-1.304902201430280413e-02,-8.143550846688667466e-01,1.182908246286285686e-02,2.167252901602627180e+00,-2.173681131487321255e-02,4.762726423103302159e-02,9.634034966140722078e-01,-1.319874220937342947e-02,1.957499999999999574e+00,-2.222902843411685495e-02,-2.348999999999999755e+00,2.450587630939858944e-02,0.000000000000000000e+00,1.231653667943533037e-16,0.000000000000000000e+00,0.000000000000000000e+00,0.000000000000000000e+00,0.000000000000000000e+00,0.000000000000000000e+00,0.000000000000000000e+00,0.000000000000000000e+00,0.000000000000000000e+00,0.000000000000000000e+00,0.000000000000000000e+00,0.000000000000000000e+00,0.000000000000000000e+00
6.772317935736531513e-01,4.794232612431156837e-03,9.292145582912677559e-01,-1.304902201430280413e-02,-8.124014981183431683e-01,1.182908246286285686e-02,2.164908597741998619e+00,-2.173681131487321255e-02,4.762726423103302159e-02,9.634034966140722078e-01,-1.319874220937342947e-02,1.957499999999999574e+00,-2.222902843411685495e-02,-2.348999999999999755e+00,2.450587630939858944e-02,0.000000000000000000e+00,1.231653667943533037e-16,0.000000000000000000e+00,0.000000000000000000e+00,0.000000000000000000e+00,0.000000000000000000e+00,0.000000000000000000e+00,0.000000000000000000e+00,0.000000000000000000e+00,0.000000000000000000e+00,0.000000000000000000e+00,0.000000000000000000e+00,0.000000000000000000e+00,0.000000000000000000e+00
6.782297943657469297e-01,4.794232612431156837e-03,9.301760357439945448e-01,-1.304902201430280413e-02,-8.104479115678195900e-01,1.182908246286285686e-02,2.162564293881370947e+00,-2.173681131487321255e-02,4.762726423103302159e-02,9.634034966140722078e-01,-1.319874220937342947e-02,1.957499999999999574e+00,-2.222902843411685495e-02,-2.348999999999999755e+00,2.450587630939858944e-02,0.000000000000000000e+00,1.231653667943533037e-16,0.000000000000000000e+00,0.000000000000000000e+00,0.000000000000000000e+00,0.000000000000000000e+00,0.000000000000000000e+00,0.000000000000000000e+00,0.000000000000000000e+00,0.000000000000000000e+00,0.000000000000000000e+00,0.000000000000000000e+00,0.000000000000000000e+00,0.000000000000000000e+00
6.792277951578407080e-01,4.794232612431156837e-03,9.311375131967212226e-01,-1.304902201430280413e-02,-8.084943250172961227e-01,1.182908246286285686e-02,2.160219990020742387e+00,-2.173681131487321255e-02,4.762726423103302159e-02,9.634034966140722078e-01,-1.319874220937342947e-02,1.957499999999999574e+00,-2.222902843411685495e-02,-2.348999999999999755e+00,2.450587630939858944e-02,0.000000000000000000e+00,1.231653667943533037e-16,0.000000000000000000e+00,0.000000000000000000e+00,0.000000000000000000e+00,0.000000000000000000e+00,0.000000000000000000e+00,0.000000000000000000e+00,0.000000000000000000e+00,0.000000000000000000e+00,0.000000000000000000e+00,0.000000000000000000e+00,0.000000000000000000e+00,0.000000000000000000e+00
6.802257959499343754e-01,4.794232612431156837e-03,9.320989906494479005e-01,-1.304902201430280413e-02,-8.065407384667726554e-01,1.182908246286285686e-02,2.157875686160114270e+00,-2.173681131487321255e-02,4.762726423103302159e-02,9.634034966140722078e-01,-1.319874220937342947e-02,1.957499999999999574e+00,-2.222902843411685495e-02,-2.348999999999999755e+00,2.450587630939858944e-02,0.000000000000000000e+00,1.231653667943533037e-16,0.000000000000000000e+00,0.000000000000000000e+00,0.000000000000000000e+00,0.000000000000000000e+00,0.000000000000000000e+00,0.000000000000000000e+00,0.000000000000000000e+00,0.000000000000000000e+00,0.000000000000000000e+00,0.000000000000000000e+00,0.000000000000000000e+00,0.000000000000000000e+00
6.812237967420281537e-01,4.794232612431156837e-03,9.330604681021746893e-01,-1.304902201430280413e-02,-8.045871519162490770e-01,1.182908246286285686e-02,2.155531382299486154e+00,-2.173681131487321255e-02,4.762726423103302159e-02,9.634034966140722078e-01,-1.319874220937342947e-02,1.957499999999999574e+00,-2.222902843411685495e-02,-2.348999999999999755e+00,2.450587630939858944e-02,0.000000000000000000e+00,1.231653667943533037e-16,0.000000000000000000e+00,0.000000000000000000e+00,0.000000000000000000e+00,0.000000000000000000e+00,0.000000000000000000e+00,0.000000000000000000e+00,0.000000000000000000e+00,0.000000000000000000e+00,0.000000000000000000e+00,0.000000000000000000e+00,0.000000000000000000e+00,0.000000000000000000e+00
6.822217975341219320e-01,4.794232612431156837e-03,9.340219455549014782e-01,-1.304902201430280413e-02,-8.026335653657254987e-01,1.182908246286285686e-02,2.153187078438858038e+00,-2.173681131487321255e-02,4.762726423103302159e-02,9.634034966140722078e-01,-1.319874220937342947e-02,1.957499999999999574e+00,-2.222902843411685495e-02,-2.348999999999999755e+00,2.450587630939858944e-02,0.000000000000000000e+00,1.231653667943533037e-16,0.000000000000000000e+00,0.000000000000000000e+00,0.000000000000000000e+00,0.000000000000000000e+00,0.000000000000000000e+00,0.000000000000000000e+00,0.000000000000000000e+00,0.000000000000000000e+00,0.000000000000000000e+00,0.000000000000000000e+00,0.000000000000000000e+00,0.000000000000000000e+00
6.832197983262155994e-01,4.794232612431156837e-03,9.349834230076281560e-01,-1.304902201430280413e-02,-8.006799788152020314e-01,1.182908246286285686e-02,2.150842774578229921e+00,-2.173681131487321255e-02,4.762726423103302159e-02,9.634034966140722078e-01,-1.319874220937342947e-02,1.957499999999999574e+00,-2.222902843411685495e-02,-2.348999999999999755e+00,2.450587630939858944e-02,0.000000000000000000e+00,1.231653667943533037e-16,0.000000000000000000e+00,0.000000000000000000e+00,0.000000000000000000e+00,0.000000000000000000e+00,0.000000000000000000e+00,0.000000000000000000e+00,0.000000000000000000e+00,0.000000000000000000e+00,0.000000000000000000e+00,0.000000000000000000e+00,0.000000000000000000e+00,0.000000000000000000e+00
6.842177991183093777e-01,4.794232612431156837e-03,9.359449004603549449e-01,-1.304902201430280413e-02,-7.987263922646785641e-01,1.182908246286285686e-02,2.148498470717601361e+00,-2.173681131487321255e-02,4.762726423103302159e-02,9.634034966140722078e-01,-1.319874220937342947e-02,1.957499999999999574e+00,-2.222902843411685495e-02,-2.348999999999999755e+00,2.450587630939858944e-02,0.000000000000000000e+00,1.231653667943533037e-16,0.000000000000000000e+00,0.000000000000000000e+00,0.000000000000000000e+00,0.000000000000000000e+00,0.000000000000000000e+00,0.000000000000000000e+00,0.000000000000000000e+00,0.000000000000000000e+00,0.000000000000000000e+00,0.000000000000000000e+00,0.000000000000000000e+00,0.000000000000000000e+00
6.852157999104031560e-01,4.794232612431156837e-03,9.369063779130817338e-01,-1.304902201430280413e-02,-7.967728057141549858e-01,1.182908246286285686e-02,2.146154166856973244e+00,-2.173681131487321255e-02,4.762726423103302159e-02,9.634034966140722078e-01,-1.319874220937342947e-02,1.957499999999999574e+00,-2.222902843411685495e-02,-2.348999999999999755e+00,2.450587630939858944e-02,0.000000000000000000e+00,1.231653667943533037e-16,0.000000000000000000e+00,0.000000000000000000e+00,0.000000000000000000e+00,0.000000000000000000e+00,0.000000000000000000e+00,0.000000000000000000e+00,0.000000000000000000e+00,0.000000000000000000e+00,0.000000000000000000e+00,0.000000000000000000e+00,0.000000000000000000e+00,0.000000000000000000e+00
6.862138007024969344e-01,4.794232612431156837e-03,9.378678553658084116e-01,-1.304902201430280413e-02,-7.948192191636315185e-01,1.182908246286285686e-02,2.143809862996345128e+00,-2.173681131487321255e-02,4.762726423103302159e-02,9.634034966140722078e-01,-1.319874220937342947e-02,1.957499999999999574e+00,-2.222902843411685495e-02,-2.348999999999999755e+00,2.450587630939858944e-02,0.000000000000000000e+00,1.231653667943533037e-16,0.000000000000000000e+00,0.000000000000000000e+00,0.000000000000000000e+00,0.000000000000000000e+00,0.000000000000000000e+00,0.000000000000000000e+00,0.000000000000000000e+00,0.000000000000000000e+00,0.000000000000000000e+00,0.000000000000000000e+00,0.000000000000000000e+00,0.000000000000000000e+00
6.872118014945907127e-01,4.794232612431156837e-03,9.388293328185352005e-01,-1.304902201430280413e-02,-7.928656326131079402e-01,1.182908246286285686e-02,2.141465559135717012e+00,-2.173681131487321255e-02,4.762726423103302159e-02,9.634034966140722078e-01,-1.319874220937342947e-02,1.957499999999999574e+00,-2.222902843411685495e-02,-2.348999999999999755e+00,2.450587630939858944e-02,0.000000000000000000e+00,1.231653667943533037e-16,0.000000000000000000e+00,0.000000000000000000e+00,0.000000000000000000e+00,0.000000000000000000e+00,0.000000000000000000e+00,0.000000000000000000e+00,0.000000000000000000e+00,0.000000000000000000e+00,0.000000000000000000e+00,0.000000000000000000e+00,0.000000000000000000e+00,0.000000000000000000e+00
6.882098022866843801e-01,4.794232612431156837e-03,9.397908102712618783e-01,-1.304902201430280413e-02,-7.909120460625844728e-01,1.182908246286285686e-02,2.139121255275088895e+00,-2.173681131487321255e-02,4.762726423103302159e-02,9.634034966140722078e-01,-1.319874220937342947e-02,1.957499999999999574e+00,-2.222902843411685495e-02,-2.348999999999999755e+00,2.450587630939858944e-02,0.000000000000000000e+00,1.231653667943533037e-16,0.000000000000000000e+00,0.000000000000000000e+00,0.000000000000000000e+00,0.000000000000000000e+00,0.000000000000000000e+00,0.000000000000000000e+00,0.000000000000000000e+00,0.000000000000000000e+00,0.000000000000000000e+00,0.000000000000000000e+00,0.000000000000000000e+00,0.000000000000000000e+00
6.892078030787781584e-01,4.794232612431156837e-03,9.407522877239886672e-01,-1.304902201430280413e-02,-7.889584595120610055e-01,1.182908246286285686e-02,2.136776951414460335e+00,-2.173681131487321255e-02,4.762726423103302159e-02,9.634034966140722078e-01,-1.319874220937342947e-02,1.957499999999999574e+00,-2.222902843411685495e-02,-2.348999999999999755e+00,2.450587630939858944e-02,0.000000000000000000e+00,1.231653667943533037e-16,0.000000000000000000e+00,0.000000000000000000e+00,0.000000000000000000e+00,0.000000000000000000e+00,0.000000000000000000e+00,0.000000000000000000e+00,0.000000000000000000e+00,0.000000000000000000e+00,0.000000000000000000e+00,0.000000000000000000e+00,0.000000000000000000e+00,0.000000000000000000e+00
6.902058038708719367e-01,4.794232612431156837e-03,9.417137651767154560e-01,-1.304902201430280413e-02,-7.870048729615374272e-01,1.182908246286285686e-02,2.134432647553832219e+00,-2.173681131487321255e-02,4.762726423103302159e-02,9.634034966140722078e-01,-1.319874220937342947e-02,1.957499999999999574e+00,-2.222902843411685495e-02,-2.348999999999999755e+00,2.450587630939858944e-02,0.000000000000000000e+00,1.231653667943533037e-16,0.000000000000000000e+00,0.000000000000000000e+00,0.000000000000000000e+00,0.000000000000000000e+00,0.000000000000000000e+00,0.000000000000000000e+00,0.000000000000000000e+00,0.000000000000000000e+00,0.000000000000000000e+00,0.000000000000000000e+00,0.000000000000000000e+00,0.000000000000000000e+00
6.912038046629656041e-01,4.794232612431156837e-03,9.426752426294421339e-01,-1.304902201430280413e-02,-7.850512864110139599e-01,1.182908246286285686e-02,2.132088343693204102e+00,-2.173681131487321255e-02,4.762726423103302159e-02,9.634034966140722078e-01,-1.319874220937342947e-02,1.957499999999999574e+00,-2.222902843411685495e-02,-2.348999999999999755e+00,2.450587630939858944e-02,0.000000000000000000e+00,1.231653667943533037e-16,0.000000000000000000e+00,0.000000000000000000e+00,0.000000000000000000e+00,0.000000000000000000e+00,0.000000000000000000e+00,0.000000000000000000e+00,0.000000000000000000e+00,0.000000000000000000e+00,0.000000000000000000e+00,0.000000000000000000e+00,0.000000000000000000e+00,0.000000000000000000e+00
6.922018054550593824e-01,4.794232612431156837e-03,9.436367200821689227e-01,-1.304902201430280413e-02,-7.830976998604904926e-01,1.182908246286285686e-02,2.129744039832575986e+00,-2.173681131487321255e-02,4.762726423103302159e-02,9.634034966140722078e-01,-1.319874220937342947e-02,1.957499999999999574e+00,-2.222902843411685495e-02,-2.348999999999999755e+00,2.450587630939858944e-02,0.000000000000000000e+00,1.231653667943533037e-16,0.000000000000000000e+00,0.000000000000000000e+00,0.000000000000000000e+00,0.000000000000000000e+00,0.000000000000000000e+00,0.000000000000000000e+00,0.000000000000000000e+00,0.000000000000000000e+00,0.000000000000000000e+00,0.000000000000000000e+00,0.000000000000000000e+00,0.000000000000000000e+00
6.931998062471531608e-01,4.794232612431156837e-03,9.445981975348957116e-01,-1.304902201430280413e-02,-7.811441133099669143e-01,1.182908246286285686e-02,2.127399735971947425e+00,-2.173681131487321255e-02,4.762726423103302159e-02,9.634034966140722078e-01,-1.319874220937342947e-02,1.957499999999999574e+00,-2.222902843411685495e-02,-2.348999999999999755e+00,2.450587630939858944e-02,0.000000000000000000e+00,1.231653667943533037e-16,0.000000000000000000e+00,0.000000000000000000e+00,0.000000000000000000e+00,0.000000000000000000e+00,0.000000000000000000e+00,0.000000000000000000e+00,0.000000000000000000e+00,0.000000000000000000e+00,0.000000000000000000e+00,0.000000000000000000e+00,0.000000000000000000e+00,0.000000000000000000e+00
6.941978070392469391e-01,4.794232612431156837e-03,9.455596749876223894e-01,-1.304902201430280413e-02,-7.791905267594433360e-01,1.182908246286285686e-02,2.125055432111319309e+00,-2.173681131487321255e-02,4.762726423103302159e-02,9.634034966140722078e-01,-1.319874220937342947e-02,1.957499999999999574e+00,-2.222902843411685495e-02,-2.348999999999999755e+00,2.450587630939858944e-02,0.000000000000000000e+00,1.231653667943533037e-16,0.000000000000000000e+00,0.000000000000000000e+00,0.000000000000000000e+00,0.000000000000000000e+00,0.000000000000000000e+00,0.000000000000000000e+00,0.000000000000000000e+00,0.000000000000000000e+00,0.000000000000000000e+00,0.000000000000000000e+00,0.000000000000000000e+00,0.000000000000000000e+00
6.951958078313407174e-01,4.794232612431156837e-03,9.465211524403491783e-01,-1.304902201430280413e-02,-7.772369402089198687e-01,1.182908246286285686e-02,2.122711128250691193e+00,-2.173681131487321255e-02,4.762726423103302159e-02,9.634034966140722078e-01,-1.319874220937342947e-02,1.957499999999999574e+00,-2.222902843411685495e-02,-2.348999999999999755e+00,2.450587630939858944e-02,0.000000000000000000e+00,1.231653667943533037e-16,0.000000000000000000e+00,0.000000000000000000e+00,0.000000000000000000e+00,0.000000000000000000e+00,0.000000000000000000e+00,0.000000000000000000e+00,0.000000000000000000e+00,0.000000000000000000e+00,0.000000000000000000e+00,0.000000000000000000e+00,0.000000000000000000e+00,0.000000000000000000e+00
6.961938086234343848e-01,4.794232612431156837e-03,9.474826298930758561e-01,-1.304902201430280413e-02,-7.752833536583964014e-01,1.182908246286285686e-02,2.120366824390062632e+00,-2.173681131487321255e-02,4.762726423103302159e-02,9.634034966140722078e-01,-1.319874220937342947e-02,1.957499999999999574e+00,-2.222902843411685495e-02,-2.348999999999999755e+00,2.450587630939858944e-02,0.000000000000000000e+00,1.231653667943533037e-16,0.000000000000000000e+00,0.000000000000000000e+00,0.000000000000000000e+00,0.000000000000000000e+00,0.000000000000000000e+00,0.000000000000000000e+00,0.000000000000000000e+00,0.000000000000000000e+00,0.000000000000000000e+00,0.000000000000000000e+00,0.000000000000000000e+00,0.000000000000000000e+00
6.971918094155281631e-01,4.794232612431156837e-03,9.484441073458026450e-01,-1.304902201430280413e-02,-7.733297671078728230e-01,1.182908246286285686e-02,2.118022520529434516e+00,-2.173681131487321255e-02,4.762726423103302159e-02,9.634034966140722078e-01,-1.319874220937342947e-02,1.957499999999999574e+00,-2.222902843411685495e-02,-2.348999999999999755e+00,2.450587630939858944e-02,0.000000000000000000e+00,1.231653667943533037e-16,0.000000000000000000e+00,0.000000000000000000e+00,0.000000000000000000e+00,0.000000000000000000e+00,0.000000000000000000e+00,0.000000000000000000e+00,0.000000000000000000e+00,0.000000000000000000e+00,0.000000000000000000e+00,0.000000000000000000e+00,0.000000000000000000e+00,0.000000000000000000e+00
6.981898102076219415e-01,4.794232612431156837e-03,9.494055847985294339e-01,-1.304902201430280413e-02,-7.713761805573492447e-01,1.182908246286285686e-02,2.115678216668806400e+00,-2.173681131487321255e-02,4.762726423103302159e-02,9.634034966140722078e-01,-1.319874220937342947e-02,1.957499999999999574e+00,-2.222902843411685495e-02,-2.348999999999999755e+00,2.450587630939858944e-02,0.000000000000000000e+00,1.231653667943533037e-16,0.000000000000000000e+00,0.000000000000000000e+00,0.000000000000000000e+00,0.000000000000000000e+00,0.000000000000000000e+00,0.000000000000000000e+00,0.000000000000000000e+00,0.000000000000000000e+00,0.000000000000000000e+00,0.000000000000000000e+00,0.000000000000000000e+00,0.000000000000000000e+00
6.991878109997156088e-01,4.794232612431156837e-03,9.503670622512561117e-01,-1.304902201430280413e-02,-7.694225940068257774e-01,1.182908246286285686e-02,2.113333912808178283e+00,-2.173681131487321255e-02,4.762726423103302159e-02,9.634034966140722078e-01,-1.319874220937342947e-02,1.957499999999999574e+00,-2.222902843411685495e-02,-2.348999999999999755e+00,2.450587630939858944e-02,0.000000000000000000e+00,1.231653667943533037e-16,0.000000000000000000e+00,0.000000000000000000e+00,0.000000000000000000e+00,0.000000000000000000e+00,0.000000000000000000e+00,0.000000000000000000e+00,0.000000000000000000e+00,0.000000000000000000e+00,0.000000000000000000e+00,0.000000000000000000e+00,0.000000000000000000e+00,0.000000000000000000e+00
7.001858117918093871e-01,4.794232612431156837e-03,9.513285397039829006e-01,-1.304902201430280413e-02,-7.674690074563023101e-01,1.182908246286285686e-02,2.110989608947550167e+00,-2.173681131487321255e-02,4.762726423103302159e-02,9.634034966140722078e-01,-1.319874220937342947e-02,1.957499999999999574e+00,-2.222902843411685495e-02,-2.348999999999999755e+00,2.450587630939858944e-02,0.000000000000000000e+00,1.231653667943533037e-16,0.000000000000000000e+00,0.000000000000000000e+00,0.000000000000000000e+00,0.000000000000000000e+00,0.000000000000000000e+00,0.000000000000000000e+00,0.000000000000000000e+00,0.000000000000000000e+00,0.000000000000000000e+00,0.000000000000000000e+00,0.000000000000000000e+00,0.000000000000000000e+00
7.011838125839031655e-01,4.794232612431156837e-03,9.522900171567096894e-01,-1.304902201430280413e-02,-7.655154209057787318e-01,1.182908246286285686e-02,2.108645305086922050e+00,-2.173681131487321255e-02,4.762726423103302159e-02,9.634034966140722078e-01,-1.319874220937342947e-02,1.957499999999999574e+00,-2.222902843411685495e-02,-2.348999999999999755e+00,2.450587630939858944e-02,0.000000000000000000e+00,1.231653667943533037e-16,0.000000000000000000e+00,0.000000000000000000e+00,0.000000000000000000e+00,0.000000000000000000e+00,0.000000000000000000e+00,0.000000000000000000e+00,0.000000000000000000e+00,0.000000000000000000e+00,0.000000000000000000e+00,0.000000000000000000e+00,0.000000000000000000e+00,0.000000000000000000e+00
7.021818133759969438e-01,4.794232612431156837e-03,9.532514946094363673e-01,-1.304902201430280413e-02,-7.635618343552552645e-01,1.182908246286285686e-02,2.106301001226293934e+00,-2.173681131487321255e-02,4.762726423103302159e-02,9.634034966140722078e-01,-1.319874220937342947e-02,1.957499999999999574e+00,-2.222902843411685495e-02,-2.348999999999999755e+00,2.450587630939858944e-02,0.000000000000000000e+00,1.231653667943533037e-16,0.000000000000000000e+00,0.000000000000000000e+00,0.000000000000000000e+00,0.000000000000000000e+00,0.000000000000000000e+00,0.000000000000000000e+00,0.000000000000000000e+00,0.000000000000000000e+00,0.000000000000000000e+00,0.000000000000000000e+00,0.000000000000000000e+00,0.000000000000000000e+00
7.031798141680907221e-01,4.794232612431156837e-03,9.542129720621630451e-01,-1.304902201430280413e-02,-7.616082478047316862e-01,1.182908246286285686e-02,2.103956697365665374e+00,-2.173681131487321255e-02,4.762726423103302159e-02,9.634034966140722078e-01,-1.319874220937342947e-02,1.957499999999999574e+00,-2.222902843411685495e-02,-2.348999999999999755e+00,2.450587630939858944e-02,0.000000000000000000e+00,1.231653667943533037e-16,0.000000000000000000e+00,0.000000000000000000e+00,0.000000000000000000e+00,0.000000000000000000e+00,0.000000000000000000e+00,0.000000000000000000e+00,0.000000000000000000e+00,0.000000000000000000e+00,0.000000000000000000e+00,0.000000000000000000e+00,0.000000000000000000e+00,0.000000000000000000e+00
7.041778149601843895e-01,4.794232612431156837e-03,9.551744495148898340e-01,-1.304902201430280413e-02,-7.596546612542082189e-01,1.182908246286285686e-02,2.101612393505037257e+00,-2.173681131487321255e-02,4.762726423103302159e-02,9.634034966140722078e-01,-1.319874220937342947e-02,1.957499999999999574e+00,-2.222902843411685495e-02,-2.348999999999999755e+00,2.450587630939858944e-02,0.000000000000000000e+00,1.231653667943533037e-16,0.000000000000000000e+00,0.000000000000000000e+00,0.000000000000000000e+00,0.000000000000000000e+00,0.000000000000000000e+00,0.000000000000000000e+00,0.000000000000000000e+00,0.000000000000000000e+00,0.000000000000000000e+00,0.000000000000000000e+00,0.000000000000000000e+00,0.000000000000000000e+00
7.051758157522781678e-01,4.794232612431156837e-03,9.561359269676166228e-01,-1.304902201430280413e-02,-7.577010747036847516e-01,1.182908246286285686e-02,2.099268089644409141e+00,-2.173681131487321255e-02,4.762726423103302159e-02,9.634034966140722078e-01,-1.319874220937342947e-02,1.957499999999999574e+00,-2.222902843411685495e-02,-2.348999999999999755e+00,2.450587630939858944e-02,0.000000000000000000e+00,1.231653667943533037e-16,0.000000000000000000e+00,0.000000000000000000e+00,0.000000000000000000e+00,0.000000000000000000e+00,0.000000000000000000e+00,0.000000000000000000e+00,0.000000000000000000e+00,0.000000000000000000e+00,0.000000000000000000e+00,0.000000000000000000e+00,0.000000000000000000e+00,0.000000000000000000e+00
7.061738165443719462e-01,4.794232612431156837e-03,9.570974044203433007e-01,-1.304902201430280413e-02,-7.557474881531611732e-01,1.182908246286285686e-02,2.096923785783781025e+00,-2.173681131487321255e-02,4.762726423103302159e-02,9.634034966140722078e-01,-1.319874220937342947e-02,1.957499999999999574e+00,-2.222902843411685495e-02,-2.348999999999999755e+00,2.450587630939858944e-02,0.000000000000000000e+00,1.231653667943533037e-16,0.000000000000000000e+00,0.000000000000000000e+00,0.000000000000000000e+00,0.000000000000000000e+00,0.000000000000000000e+00,0.000000000000000000e+00,0.000000000000000000e+00,0.000000000000000000e+00,0.000000000000000000e+00,0.000000000000000000e+00,0.000000000000000000e+00,0.000000000000000000e+00
7.071718173364656135e-01,4.794232612431156837e-03,9.580588818730700895e-01,-1.304902201430280413e-02,-7.537939016026375949e-01,1.182908246286285686e-02,2.094579481923152908e+00,-2.173681131487321255e-02,4.762726423103302159e-02,9.634034966140722078e-01,-1.319874220937342947e-02,1.957499999999999574e+00,-2.222902843411685495e-02,-2.348999999999999755e+00,2.450587630939858944e-02,0.000000000000000000e+00,1.231653667943533037e-16,0.000000000000000000e+00,0.000000000000000000e+00,0.000000000000000000e+00,0.000000000000000000e+00,0.000000000000000000e+00,0.000000000000000000e+00,0.000000000000000000e+00,0.000000000000000000e+00,0.000000000000000000e+00,0.000000000000000000e+00,0.000000000000000000e+00,0.000000000000000000e+00
7.081698181285593918e-01,4.794232612431156837e-03,9.590203593257968784e-01,-1.304902201430280413e-02,-7.518403150521142386e-01,1.182908246286285686e-02,2.092235178062524348e+00,-2.173681131487321255e-02,4.762726423103302159e-02,9.634034966140722078e-01,-1.319874220937342947e-02,1.957499999999999574e+00,-2.222902843411685495e-02,-2.348999999999999755e+00,2.450587630939858944e-02,0.000000000000000000e+00,1.231653667943533037e-16,0.000000000000000000e+00,0.000000000000000000e+00,0.000000000000000000e+00,0.000000000000000000e+00,0.000000000000000000e+00,0.000000000000000000e+00,0.000000000000000000e+00,0.000000000000000000e+00,0.000000000000000000e+00,0.000000000000000000e+00,0.000000000000000000e+00,0.000000000000000000e+00
7.091678189206531702e-01,4.794232612431156837e-03,9.599818367785235562e-01,-1.304902201430280413e-02,-7.498867285015906603e-01,1.182908246286285686e-02,2.089890874201896231e+00,-2.173681131487321255e-02,4.762726423103302159e-02,9.634034966140722078e-01,-1.319874220937342947e-02,1.957499999999999574e+00,-2.222902843411685495e-02,-2.348999999999999755e+00,2.450587630939858944e-02,0.000000000000000000e+00,1.231653667943533037e-16,0.000000000000000000e+00,0.000000000000000000e+00,0.000000000000000000e+00,0.000000000000000000e+00,0.000000000000000000e+00,0.000000000000000000e+00,0.000000000000000000e+00,0.000000000000000000e+00,0.000000000000000000e+00,0.000000000000000000e+00,0.000000000000000000e+00,0.000000000000000000e+00
7.101658197127469485e-01,4.794232612431156837e-03,9.609433142312503451e-01,-1.304902201430280413e-02,-7.479331419510670820e-01,1.182908246286285686e-02,2.087546570341268115e+00,-2.173681131487321255e-02,4.762726423103302159e-02,9.634034966140722078e-01,-1.319874220937342947e-02,1.957499999999999574e+00,-2.222902843411685495e-02,-2.348999999999999755e+00,2.450587630939858944e-02,0.000000000000000000e+00,1.231653667943533037e-16,0.000000000000000000e+00,0.000000000000000000e+00,0.000000000000000000e+00,0.000000000000000000e+00,0.000000000000000000e+00,0.000000000000000000e+00,0.000000000000000000e+00,0.000000000000000000e+00,0.000000000000000000e+00,0.000000000000000000e+00,0.000000000000000000e+00,0.000000000000000000e+00
7.111638205048407269e-01,4.794232612431156837e-03,9.619047916839770229e-01,-1.304902201430280413e-02,-7.459795554005436147e-01,1.182908246286285686e-02,2.085202266480639999e+00,-2.173681131487321255e-02,4.762726423103302159e-02,9.634034966140722078e-01,-1.319874220937342947e-02,1.957499999999999574e+00,-2.222902843411685495e-02,-2.348999999999999755e+00,2.450587630939858944e-02,0.000000000000000000e+00,1.231653667943533037e-16,0.000000000000000000e+00,0.000000000000000000e+00,0.000000000000000000e+00,0.000000000000000000e+00,0.000000000000000000e+00,0.000000000000000000e+00,0.000000000000000000e+00,0.000000000000000000e+00,0.000000000000000000e+00,0.000000000000000000e+00,0.000000000000000000e+00,0.000000000000000000e+00
7.121618212969343942e-01,4.794232612431156837e-03,9.628662691367038118e-01,-1.304902201430280413e-02,-7.440259688500201474e-01,1.182908246286285686e-02,2.082857962620011438e+00,-2.173681131487321255e-02,4.762726423103302159e-02,9.634034966140722078e-01,-1.319874220937342947e-02,1.957499999999999574e+00,-2.222902843411685495e-02,-2.348999999999999755e+00,2.450587630939858944e-02,0.000000000000000000e+00,1.231653667943533037e-16,0.000000000000000000e+00,0.000000000000000000e+00,0.000000000000000000e+00,0.000000000000000000e+00,0.000000000000000000e+00,0.000000000000000000e+00,0.000000000000000000e+00,0.000000000000000000e+00,0.000000000000000000e+00,0.000000000000000000e+00,0.000000000000000000e+00,0.000000000000000000e+00
7.131598220890281725e-01,4.794232612431156837e-03,9.638277465894304896e-01,-1.304902201430280413e-02,-7.420723822994965690e-01,1.182908246286285686e-02,2.080513658759383322e+00,-2.173681131487321255e-02,4.762726423103302159e-02,9.634034966140722078e-01,-1.319874220937342947e-02,1.957499999999999574e+00,-2.222902843411685495e-02,-2.348999999999999755e+00,2.450587630939858944e-02,0.000000000000000000e+00,1.231653667943533037e-16,0.000000000000000000e+00,0.000000000000000000e+00,0.000000000000000000e+00,0.000000000000000000e+00,0.000000000000000000e+00,0.000000000000000000e+00,0.000000000000000000e+00,0.000000000000000000e+00,0.000000000000000000e+00,0.000000000000000000e+00,0.000000000000000000e+00,0.000000000000000000e+00
7.141578228811219509e-01,4.794232612431156837e-03,9.647892240421572785e-01,-1.304902201430280413e-02,-7.401187957489729907e-01,1.182908246286285686e-02,2.078169354898755206e+00,-2.173681131487321255e-02,4.762726423103302159e-02,9.634034966140722078e-01,-1.319874220937342947e-02,1.957499999999999574e+00,-2.222902843411685495e-02,-2.348999999999999755e+00,2.450587630939858944e-02,0.000000000000000000e+00,1.231653667943533037e-16,0.000000000000000000e+00,0.000000000000000000e+00,0.000000000000000000e+00,0.000000000000000000e+00,0.000000000000000000e+00,0.000000000000000000e+00,0.000000000000000000e+00,0.000000000000000000e+00,0.000000000000000000e+00,0.000000000000000000e+00,0.000000000000000000e+00,0.000000000000000000e+00
7.151558236732157292e-01,4.794232612431156837e-03,9.657507014948840673e-01,-1.304902201430280413e-02,-7.381652091984494124e-01,1.182908246286285686e-02,2.075825051038127089e+00,-2.173681131487321255e-02,4.762726423103302159e-02,9.634034966140722078e-01,-1.319874220937342947e-02,1.957499999999999574e+00,-2.222902843411685495e-02,-2.348999999999999755e+00,2.450587630939858944e-02,0.000000000000000000e+00,1.231653667943533037e-16,0.000000000000000000e+00,0.000000000000000000e+00,0.000000000000000000e+00,0.000000000000000000e+00,0.000000000000000000e+00,0.000000000000000000e+00,0.000000000000000000e+00,0.000000000000000000e+00,0.000000000000000000e+00,0.000000000000000000e+00,0.000000000000000000e+00,0.000000000000000000e+00
7.161538244653093965e-01,4.794232612431156837e-03,9.667121789476108562e-01,-1.304902201430280413e-02,-7.362116226479260561e-01,1.182908246286285686e-02,2.073480747177498973e+00,-2.173681131487321255e-02,4.762726423103302159e-02,9.634034966140722078e-01,-1.319874220937342947e-02,1.957499999999999574e+00,-2.222902843411685495e-02,-2.348999999999999755e+00,2.450587630939858944e-02,0.000000000000000000e+00,1.231653667943533037e-16,0.000000000000000000e+00,0.000000000000000000e+00,0.000000000000000000e+00,0.000000000000000000e+00,0.000000000000000000e+00,0.000000000000000000e+00,0.000000000000000000e+00,0.000000000000000000e+00,0.000000000000000000e+00,0.000000000000000000e+00,0.000000000000000000e+00,0.000000000000000000e+00
7.171518252574031749e-01,4.794232612431156837e-03,9.676736564003376451e-01,-1.304902201430280413e-02,-7.342580360974024778e-01,1.182908246286285686e-02,2.071136443316870412e+00,-2.173681131487321255e-02,4.762726423103302159e-02,9.634034966140722078e-01,-1.319874220937342947e-02,1.957499999999999574e+00,-2.222902843411685495e-02,-2.348999999999999755e+00,2.450587630939858944e-02,0.000000000000000000e+00,1.231653667943533037e-16,0.000000000000000000e+00,0.000000000000000000e+00,0.000000000000000000e+00,0.000000000000000000e+00,0.000000000000000000e+00,0.000000000000000000e+00,0.000000000000000000e+00,0.000000000000000000e+00,0.000000000000000000e+00,0.000000000000000000e+00,0.000000000000000000e+00,0.000000000000000000e+00
7.181498260494969532e-01,4.794232612431156837e-03,9.686351338530643229e-01,-1.304902201430280413e-02,-7.323044495468788995e-01,1.182908246286285686e-02,2.068792139456242296e+00,-2.173681131487321255e-02,4.762726423103302159e-02,9.634034966140722078e-01,-1.319874220937342947e-02,1.957499999999999574e+00,-2.222902843411685495e-02,-2.348999999999999755e+00,2.450587630939858944e-02,0.000000000000000000e+00,1.231653667943533037e-16,0.000000000000000000e+00,0.000000000000000000e+00,0.000000000000000000e+00,0.000000000000000000e+00,0.000000000000000000e+00,0.000000000000000000e+00,0.000000000000000000e+00,0.000000000000000000e+00,0.000000000000000000e+00,0.000000000000000000e+00,0.000000000000000000e+00,0.000000000000000000e+00
7.191478268415907316e-01,4.794232612431156837e-03,9.695966113057910007e-01,-1.304902201430280413e-02,-7.303508629963554322e-01,1.182908246286285686e-02,2.066447835595614180e+00,-2.173681131487321255e-02,4.762726423103302159e-02,9.634034966140722078e-01,-1.319874220937342947e-02,1.957499999999999574e+00,-2.222902843411685495e-02,-2.348999999999999755e+00,2.450587630939858944e-02,0.000000000000000000e+00,1.231653667943533037e-16,0.000000000000000000e+00,0.000000000000000000e+00,0.000000000000000000e+00,0.000000000000000000e+00,0.000000000000000000e+00,0.000000000000000000e+00,0.000000000000000000e+00,0.000000000000000000e+00,0.000000000000000000e+00,0.000000000000000000e+00,0.000000000000000000e+00,0.000000000000000000e+00
7.201458276336845099e-01,4.794232612431156837e-03,9.705580887585177896e-01,-1.304902201430280413e-02,-7.283972764458319649e-01,1.182908246286285686e-02,2.064103531734986063e+00,-2.173681131487321255e-02,4.762726423103302159e-02,9.634034966140722078e-01,-1.319874220937342947e-02,1.957499999999999574e+00,-2.222902843411685495e-02,-2.348999999999999755e+00,2.450587630939858944e-02,0.000000000000000000e+00,1.231653667943533037e-16,0.000000000000000000e+00,0.000000000000000000e+00,0.000000000000000000e+00,0.000000000000000000e+00,0.000000000000000000e+00,0.000000000000000000e+00,0.000000000000000000e+00,0.000000000000000000e+00,0.000000000000000000e+00,0.000000000000000000e+00,0.000000000000000000e+00,0.000000000000000000e+00
7.211438284257781772e-01,4.794232612431156837e-03,9.715195662112445785e-01,-1.304902201430280413e-02,-7.264436898953083865e-01,1.182908246286285686e-02,2.061759227874357947e+00,-2.173681131487321255e-02,4.762726423103302159e-02,9.634034966140722078e-01,-1.319874220937342947e-02,1.957499999999999574e+00,-2.222902843411685495e-02,-2.348999999999999755e+00,2.450587630939858944e-02,0.000000000000000000e+00,1.231653667943533037e-16,0.000000000000000000e+00,0.000000000000000000e+00,0.000000000000000000e+00,0.000000000000000000e+00,0.000000000000000000e+00,0.000000000000000000e+00,0.000000000000000000e+00,0.000000000000000000e+00,0.000000000000000000e+00,0.000000000000000000e+00,0.000000000000000000e+00,0.000000000000000000e+00
7.221418292178719556e-01,4.794232612431156837e-03,9.724810436639712563e-01,-1.304902201430280413e-02,-7.244901033447848082e-01,1.182908246286285686e-02,2.059414924013729387e+00,-2.173681131487321255e-02,4.762726423103302159e-02,9.634034966140722078e-01,-1.319874220937342947e-02,1.957499999999999574e+00,-2.222902843411685495e-02,-2.348999999999999755e+00,2.450587630939858944e-02,0.000000000000000000e+00,1.231653667943533037e-16,0.000000000000000000e+00,0.000000000000000000e+00,0.000000000000000000e+00,0.000000000000000000e+00,0.000000000000000000e+00,0.000000000000000000e+00,0.000000000000000000e+00,0.000000000000000000e+00,0.000000000000000000e+00,0.000000000000000000e+00,0.000000000000000000e+00,0.000000000000000000e+00
7.231398300099657339e-01,4.794232612431156837e-03,9.734425211166980452e-01,-1.304902201430280413e-02,-7.225365167942613409e-01,1.182908246286285686e-02,2.057070620153101270e+00,-2.173681131487321255e-02,4.762726423103302159e-02,9.634034966140722078e-01,-1.319874220937342947e-02,1.957499999999999574e+00,-2.222902843411685495e-02,-2.348999999999999755e+00,2.450587630939858944e-02,0.000000000000000000e+00,1.231653667943533037e-16,0.000000000000000000e+00,0.000000000000000000e+00,0.000000000000000000e+00,0.000000000000000000e+00,0.000000000000000000e+00,0.000000000000000000e+00,0.000000000000000000e+00,0.000000000000000000e+00,0.000000000000000000e+00,0.000000000000000000e+00,0.000000000000000000e+00,0.000000000000000000e+00
7.241378308020594012e-01,4.794232612431156837e-03,9.744039985694248340e-01,-1.304902201430280413e-02,-7.205829302437378736e-01,1.182908246286285686e-02,2.054726316292473154e+00,-2.173681131487321255e-02,4.762726423103302159e-02,9.634034966140722078e-01,-1.319874220937342947e-02,1.957499999999999574e+00,-2.222902843411685495e-02,-2.348999999999999755e+00,2.450587630939858944e-02,0.000000000000000000e+00,1.231653667943533037e-16,0.000000000000000000e+00,0.000000000000000000e+00,0.000000000000000000e+00,0.000000000000000000e+00,0.000000000000000000e+00,0.000000000000000000e+00,0.000000000000000000e+00,0.000000000000000000e+00,0.000000000000000000e+00,0.000000000000000000e+00,0.000000000000000000e+00,0.000000000000000000e+00
7.251358315941531796e-01,4.794232612431156837e-03,9.753654760221515119e-01,-1.304902201430280413e-02,-7.186293436932144063e-01,1.182908246286285686e-02,2.052382012431844593e+00,-2.173681131487321255e-02,4.762726423103302159e-02,9.634034966140722078e-01,-1.319874220937342947e-02,1.957499999999999574e+00,-2.222902843411685495e-02,-2.348999999999999755e+00,2.450587630939858944e-02,0.000000000000000000e+00,1.231653667943533037e-16,0.000000000000000000e+00,0.000000000000000000e+00,0.000000000000000000e+00,0.000000000000000000e+00,0.000000000000000000e+00,0.000000000000000000e+00,0.000000000000000000e+00,0.000000000000000000e+00,0.000000000000000000e+00,0.000000000000000000e+00,0.000000000000000000e+00,0.000000000000000000e+00
7.261338323862469579e-01,4.794232612431156837e-03,9.763269534748783007e-01,-1.304902201430280413e-02,-7.166757571426908280e-01,1.182908246286285686e-02,2.050037708571216477e+00,-2.173681131487321255e-02,4.762726423103302159e-02,9.634034966140722078e-01,-1.319874220937342947e-02,1.957499999999999574e+00,-2.222902843411685495e-02,-2.348999999999999755e+00,2.450587630939858944e-02,0.000000000000000000e+00,1.231653667943533037e-16,0.000000000000000000e+00,0.000000000000000000e+00,0.000000000000000000e+00,0.000000000000000000e+00,0.000000000000000000e+00,0.000000000000000000e+00,-5.421056721676409396e+00,0.000000000000000000e+00,0.000000000000000000e+00,0.000000000000000000e+00,0.000000000000000000e+00,0.000000000000000000e+00
7.271318331783407363e-01,4.794232612431156837e-03,9.772884291241987764e-01,-1.304902201430280413e-02,-7.147221705921672497e-01,1.182908246286285686e-02,2.047693404710588361e+00,-2.173681131487321255e-02,4.762726423103302159e-02,9.633980863951699947e-01,-1.319874220937342947e-02,1.957499999999999574e+00,-2.222902843411685495e-02,-2.348999999999999755e+00,2.450587630939858944e-02,0.000000000000000000e+00,-1.082043780443659418e-02,0.000000000000000000e+00,0.000000000000000000e+00,0.000000000000000000e+00,0.000000000000000000e+00,0.000000000000000000e+00,0.000000000000000000e+00,-1.929210567216710217e+02,0.000000000000000000e+00,0.000000000000000000e+00,0.000000000000000000e+00,0.000000000000000000e+00,0.000000000000000000e+00
7.281298339704345146e-01,4.794232612431156837e-03,9.782498341311410828e-01,-1.304902201430280413e-02,-7.127685840416437824e-01,1.182908246286285686e-02,2.045349100849960244e+00,-2.173681131487321255e-02,4.762726423103302159e-02,9.632008905118127906e-01,-1.319874220937342947e-02,1.957499999999999574e+00,-2.222902843411685495e-02,-2.348999999999999755e+00,2.450587630939858944e-02,0.000000000000000000e+00,-3.850707348395927543e-01,0.000000000000000000e+00,0.000000000000000000e+00,0.000000000000000000e+00,0.000000000000000000e+00,0.000000000000000000e+00,0.000000000000000000e+00,-3.750000000000101181e+02,0.000000000000000000e+00,0.000000000000000000e+00,0.000000000000000000e+00,0.000000000000000000e+00,0.000000000000000000e+00
7.291278347625281819e-01,4.794232612431156837e-03,9.792108563164574342e-01,-1.304902201430280413e-02,-7.108149974911203151e-01,1.182908246286285686e-02,2.043004796989332128e+00,-2.173681131487321255e-02,4.762726423103302159e-02,9.626301940343853225e-01,-1.319874220937342947e-02,1.957499999999999574e+00,-2.222902843411685495e-02,-2.348999999999999755e+00,2.450587630939858944e-02,0.000000000000000000e+00,-7.593210318747488641e-01,0.000000000000000000e+00,0.000000000000000000e+00,0.000000000000000000e+00,0.000000000000000000e+00,0.000000000000000000e+00,0.000000000000000000e+00,-3.750000000000101750e+02,0.000000000000000000e+00,0.000000000000000000e+00,0.000000000000000000e+00,0.000000000000000000e+00,0.000000000000000000e+00
7.301258355546219603e-01,4.794232612431156837e-03,9.801711229292568994e-01,-1.304902201430280413e-02,-7.088614109405967367e-01,1.182908246286285686e-02,2.040660493128704012e+00,-2.173681131487321255e-02,4.762726423103302159e-02,9.616859969628874794e-01,-1.319874220937342947e-02,1.957499999999999574e+00,-2.222902843411685495e-02,-2.348999999999999755e+00,2.450587630939858944e-02,0.000000000000000000e+00,-1.133571328909905196e+00,0.000000000000000000e+00,0.000000000000000000e+00,0.000000000000000000e+00,0.000000000000000000e+00,0.000000000000000000e+00,0.000000000000000000e+00,-3.749999999999892566e+02,0.000000000000000000e+00,0.000000000000000000e+00,0.000000000000000000e+00,0.000000000000000000e+00,0.000000000000000000e+00
7.311238363467157386e-01,4.794232612431156837e-03,9.811302612186481031e-01,-1.304902201430280413e-02,-7.069078243900731584e-01,1.182908246286285686e-02,2.038316189268075895e+00,-2.173681131487321255e-02,4.762726423103302159e-02,9.603682992973193722e-01,-1.319874220937342947e-02,1.957499999999999574e+00,-2.222902843411685495e-02,-2.348999999999999755e+00,2.450587630939858944e-02,0.000000000000000000e+00,-1.507821625945061195e+00,0.000000000000000000e+00,0.000000000000000000e+00,0.000000000000000000e+00,0.000000000000000000e+00,0.000000000000000000e+00,0.000000000000000000e+00,-3.750000000000101181e+02,0.000000000000000000e+00,0.000000000000000000e+00,0.000000000000000000e+00,0.000000000000000000e+00,0.000000000000000000e+00
7.321218371388094059e-01,4.794232612431156837e-03,9.820878984337401141e-01,-1.304902201430280413e-02,-7.049542378395498021e-01,1.182908246286285686e-02,2.035971885407447335e+00,-2.173681131487321255e-02,4.762726423103302159e-02,9.586771010376810009e-01,-1.319874220937342947e-02,1.957499999999999574e+00,-2.222902843411685495e-02,-2.348999999999999755e+00,2.450587630939858944e-02,0.000000000000000000e+00,-1.882071922980217415e+00,0.000000000000000000e+00,0.000000000000000000e+00,0.000000000000000000e+00,0.000000000000000000e+00,0.000000000000000000e+00,0.000000000000000000e+00,-3.750000000000100044e+02,0.000000000000000000e+00,0.000000000000000000e+00,0.000000000000000000e+00,0.000000000000000000e+00,0.000000000000000000e+00
7.331198379309031843e-01,4.794232612431156837e-03,9.830436618236416679e-01,-1.304902201430280413e-02,-7.030006512890262238e-01,1.182908246286285686e-02,2.033627581546819219e+00,-2.173681131487321255e-02,4.762726423103302159e-02,9.566124021839722547e-01,-1.319874220937342947e-02,1.957499999999999574e+00,-2.222902843411685495e-02,-2.348999999999999755e+00,2.450587630939858944e-02,0.000000000000000000e+00,-2.256322220015373414e+00,0.000000000000000000e+00,0.000000000000000000e+00,0.000000000000000000e+00,0.000000000000000000e+00,0.000000000000000000e+00,0.000000000000000000e+00,-3.749999999999891998e+02,0.000000000000000000e+00,0.000000000000000000e+00,0.000000000000000000e+00,0.000000000000000000e+00,0.000000000000000000e+00
7.341178387229969626e-01,4.794232612431156837e-03,9.839971786374618334e-01,-1.304902201430280413e-02,-7.010470647385026455e-01,1.182908246286285686e-02,2.031283277686191102e+00,-2.173681131487321255e-02,4.762726423103302159e-02,9.541742027361932443e-01,-1.319874220937342947e-02,1.957499999999999574e+00,-2.222902843411685495e-02,-2.348999999999999755e+00,2.450587630939858944e-02,0.000000000000000000e+00,-2.630572517050529857e+00,0.000000000000000000e+00,0.000000000000000000e+00,0.000000000000000000e+00,0.000000000000000000e+00,0.000000000000000000e+00,0.000000000000000000e+00,-3.749999999999893134e+02,0.000000000000000000e+00,0.000000000000000000e+00,0.000000000000000000e+00,0.000000000000000000e+00,0.000000000000000000e+00
7.351158395150907410e-01,4.794232612431156837e-03,9.849480761243094573e-01,-1.304902201430280413e-02,-6.990934781879791782e-01,1.182908246286285686e-02,2.028938973825562986e+00,-2.173681131487321255e-02,4.762726423103302159e-02,9.513625026943438590e-01,-1.319874220937342947e-02,1.957499999999999574e+00,-2.222902843411685495e-02,-2.348999999999999755e+00,2.450587630939858944e-02,0.000000000000000000e+00,-3.004822814085685856e+00,0.000000000000000000e+00,0.000000000000000000e+00,0.000000000000000000e+00,0.000000000000000000e+00,0.000000000000000000e+00,0.000000000000000000e+00,-3.749999999999890861e+02,0.000000000000000000e+00,0.000000000000000000e+00,0.000000000000000000e+00,0.000000000000000000e+00,0.000000000000000000e+00
7.361138403071845193e-01,4.794232612431156837e-03,9.858959815332933863e-01,-1.304902201430280413e-02,-6.971398916374557109e-01,1.182908246286285686e-02,2.026594669964934425e+00,-2.173681131487321255e-02,4.762726423103302159e-02,9.481773020584242095e-01,-1.319874220937342947e-02,1.957499999999999574e+00,-2.222902843411685495e-02,-2.348999999999999755e+00,2.450587630939858944e-02,0.000000000000000000e+00,-3.379073111120841855e+00,0.000000000000000000e+00,0.000000000000000000e+00,0.000000000000000000e+00,0.000000000000000000e+00,0.000000000000000000e+00,0.000000000000000000e+00,-3.750000000000102318e+02,0.000000000000000000e+00,0.000000000000000000e+00,0.000000000000000000e+00,0.000000000000000000e+00,0.000000000000000000e+00
7.371118410992781866e-01,4.794232612431156837e-03,9.868405221135223560e-01,-1.304902201430280413e-02,-6.951863050869321325e-01,1.182908246286285686e-02,2.024250366104305865e+00,-2.173681131487321255e-02,4.762726423103302159e-02,9.446186008284341851e-01,-1.319874220937342947e-02,1.957499999999999574e+00,-2.222902843411685495e-02,-2.348999999999999755e+00,2.450587630939858944e-02,0.000000000000000000e+00,-3.753323408155998298e+00,0.000000000000000000e+00,0.000000000000000000e+00,0.000000000000000000e+00,0.000000000000000000e+00,0.000000000000000000e+00,0.000000000000000000e+00,-3.750000000000102318e+02,0.000000000000000000e+00,0.000000000000000000e+00,0.000000000000000000e+00,0.000000000000000000e+00,0.000000000000000000e+00
7.381098418913719650e-01,4.794232612431156837e-03,9.877813251141055462e-01,-1.304902201430280413e-02,-6.932327185364085542e-01,1.182908246286285686e-02,2.021906062243677749e+00,-2.173681131487321255e-02,4.762726423103302159e-02,9.406863990043738966e-01,-1.319874220937342947e-02,1.957499999999999574e+00,-2.222902843411685495e-02,-2.348999999999999755e+00,2.450587630939858944e-02,0.000000000000000000e+00,-4.127573705191154296e+00,0.000000000000000000e+00,0.000000000000000000e+00,0.000000000000000000e+00,0.000000000000000000e+00,0.000000000000000000e+00,0.000000000000000000e+00,-3.749999999999893134e+02,0.000000000000000000e+00,0.000000000000000000e+00,0.000000000000000000e+00,0.000000000000000000e+00,0.000000000000000000e+00
7.391078426834657433e-01,4.794232612431156837e-03,9.887180177841515816e-01,-1.304902201430280413e-02,-6.912791319858850869e-01,1.182908246286285686e-02,2.019561758383049632e+00,-2.173681131487321255e-02,4.762726423103302159e-02,9.363806965862432330e-01,-1.319874220937342947e-02,1.957499999999999574e+00,-2.222902843411685495e-02,-2.348999999999999755e+00,2.450587630939858944e-02,0.000000000000000000e+00,-4.501824002226310739e+00,0.000000000000000000e+00,0.000000000000000000e+00,0.000000000000000000e+00,0.000000000000000000e+00,0.000000000000000000e+00,0.000000000000000000e+00,-3.750000000000100044e+02,0.000000000000000000e+00,0.000000000000000000e+00,0.000000000000000000e+00,0.000000000000000000e+00,0.000000000000000000e+00
7.401058434755594106e-01,4.794232612431156837e-03,9.896502273727697530e-01,-1.304902201430280413e-02,-6.893255454353616196e-01,1.182908246286285686e-02,2.017217454522421516e+00,-2.173681131487321255e-02,4.762726423103302159e-02,9.317014935740423054e-01,-1.319874220937342947e-02,1.957499999999999574e+00,-2.222902843411685495e-02,-2.348999999999999755e+00,2.450587630939858944e-02,0.000000000000000000e+00,-4.876074299261466294e+00,0.000000000000000000e+00,0.000000000000000000e+00,0.000000000000000000e+00,0.000000000000000000e+00,0.000000000000000000e+00,0.000000000000000000e+00,-3.750000000000100044e+02,0.000000000000000000e+00,0.000000000000000000e+00,0.000000000000000000e+00,0.000000000000000000e+00,0.000000000000000000e+00
7.411038442676531890e-01,4.794232612431156837e-03,9.905775811290685740e-01,-1.304902201430280413e-02,-6.873719588848381523e-01,1.182908246286285686e-02,2.014873150661793400e+00,-2.173681131487321255e-02,4.762726423103302159e-02,9.266487899677711138e-01,-1.319874220937342947e-02,1.957499999999999574e+00,-2.222902843411685495e-02,-2.348999999999999755e+00,2.450587630939858944e-02,0.000000000000000000e+00,-5.250324596296622737e+00,0.000000000000000000e+00,0.000000000000000000e+00,0.000000000000000000e+00,0.000000000000000000e+00,0.000000000000000000e+00,0.000000000000000000e+00,-3.749999999999895408e+02,0.000000000000000000e+00,0.000000000000000000e+00,0.000000000000000000e+00,0.000000000000000000e+00,0.000000000000000000e+00
7.421018450597469673e-01,4.794232612431156837e-03,9.914996999255571986e-01,-1.304902201430280413e-02,-6.854183723343145740e-01,1.182908246286285686e-02,2.012528846801165283e+00,-2.173681131487321255e-02,4.762726423103302159e-02,9.212221606607613467e-01,-1.319874220937342947e-02,1.957499999999999574e+00,-2.222902843411685495e-02,-2.348999999999999755e+00,2.450587630939858944e-02,0.000000000000000000e+00,-5.624574893331779180e+00,0.000000000000000000e+00,0.000000000000000000e+00,0.000000000000000000e+00,0.000000000000000000e+00,0.000000000000000000e+00,0.000000000000000000e+00,-3.749999999999890861e+02,0.000000000000000000e+00,0.000000000000000000e+00,0.000000000000000000e+00,0.000000000000000000e+00,0.000000000000000000e+00
7.430998458518407457e-01,4.794232612431156837e-03,9.924162113441902244e-01,-1.304902201430280413e-02,-6.834647857837909957e-01,1.182908246286285686e-02,2.010184542940536723e+00,-2.173681131487321255e-02,4.762726423103302159e-02,9.154217061633846964e-01,-1.319874220937342947e-02,1.957499999999999574e+00,-2.222902843411685495e-02,-2.348999999999999755e+00,2.450587630939858944e-02,0.000000000000000000e+00,-5.998825190366934734e+00,0.000000000000000000e+00,0.000000000000000000e+00,0.000000000000000000e+00,0.000000000000000000e+00,0.000000000000000000e+00,0.000000000000000000e+00,-3.749999999999890861e+02,0.000000000000000000e+00,0.000000000000000000e+00,0.000000000000000000e+00,0.000000000000000000e+00,0.000000000000000000e+00
7.440978466439345240e-01,4.794232612431156837e-03,9.933267471784247293e-01,-1.304902201430280413e-02,-6.815111992332675284e-01,1.182908246286285686e-02,2.007840239079908162e+00,-2.173681131487321255e-02,4.762726423103302159e-02,9.092477510719376710e-01,-1.319874220937342947e-02,1.957499999999999574e+00,-2.222902843411685495e-02,-2.348999999999999755e+00,2.450587630939858944e-02,0.000000000000000000e+00,-6.373075487402091177e+00,0.000000000000000000e+00,0.000000000000000000e+00,0.000000000000000000e+00,0.000000000000000000e+00,0.000000000000000000e+00,0.000000000000000000e+00,-3.750000000000100044e+02,0.000000000000000000e+00,0.000000000000000000e+00,0.000000000000000000e+00,0.000000000000000000e+00,0.000000000000000000e+00
7.450958474360281913e-01,4.794232612431156837e-03,9.942309346773697820e-01,-1.304902201430280413e-02,-6.795576126827440611e-01,1.182908246286285686e-02,2.005495935219280046e+00,-2.173681131487321255e-02,4.762726423103302159e-02,9.027002953864202706e-01,-1.319874220937342947e-02,1.957499999999999574e+00,-2.222902843411685495e-02,-2.348999999999999755e+00,2.450587630939858944e-02,0.000000000000000000e+00,-6.747325784437246732e+00,0.000000000000000000e+00,0.000000000000000000e+00,0.000000000000000000e+00,0.000000000000000000e+00,0.000000000000000000e+00,0.000000000000000000e+00,-1.888397862927504320e+02,0.000000000000000000e+00,0.000000000000000000e+00,0.000000000000000000e+00,0.000000000000000000e+00,0.000000000000000000e+00
7.460938482281219697e-01,4.794232612431156837e-03,9.951284630194808800e-01,-1.304902201430280413e-02,-6.776040261322204827e-01,1.182908246286285686e-02,2.003151631358651930e+00,-2.173681131487321255e-02,4.762726423103302159e-02,8.959651271475688183e-01,-1.319874220937342947e-02,1.957499999999999574e+00,-2.222902843411685495e-02,-2.348999999999999755e+00,2.450587630939858944e-02,0.000000000000000000e+00,-6.749999999999999112e+00,0.000000000000000000e+00,0.000000000000000000e+00,0.000000000000000000e+00,0.000000000000000000e+00,0.000000000000000000e+00,0.000000000000000000e+00,-1.339786292725420935e+00,0.000000000000000000e+00,0.000000000000000000e+00,0.000000000000000000e+00,0.000000000000000000e+00,0.000000000000000000e+00
7.470918490202157480e-01,4.794232612431156837e-03,9.960192687966016312e-01,-1.304902201430280413e-02,-6.756504395816969044e-01,1.182908246286285686e-02,2.000807327498023813e+00,-2.173681131487321255e-02,4.762726423103302159e-02,8.892286218009359811e-01,-1.319874220937342947e-02,1.957499999999999574e+00,-2.222902843411685495e-02,-2.348999999999999755e+00,2.450587630939858944e-02,0.000000000000000000e+00,-6.749999999999999112e+00,0.000000000000000000e+00,0.000000000000000000e+00,0.000000000000000000e+00,0.000000000000000000e+00,0.000000000000000000e+00,0.000000000000000000e+00,0.000000000000000000e+00,0.000000000000000000e+00,0.000000000000000000e+00,0.000000000000000000e+00,0.000000000000000000e+00,0.000000000000000000e+00
7.480898498123094154e-01,4.794232612431156837e-03,9.969033515630287834e-01,-1.304902201430280413e-02,-6.736968530311734371e-01,1.182908246286285686e-02,1.998463023637395253e+00,-2.173681131487321255e-02,4.762726423103302159e-02,8.824921164543031438e-01,-1.319874220937342947e-02,1.957499999999999574e+00,-2.222902843411685495e-02,-2.348999999999999755e+00,2.450587630939858944e-02,0.000000000000000000e+00,-6.749999999999999112e+00,0.000000000000000000e+00,0.000000000000000000e+00,0.000000000000000000e+00,0.000000000000000000e+00,0.000000000000000000e+00,0.000000000000000000e+00,0.000000000000000000e+00,0.000000000000000000e+00,0.000000000000000000e+00,0.000000000000000000e+00,0.000000000000000000e+00,0.000000000000000000e+00
7.490878506044031937e-01,4.794232612431156837e-03,9.977807113187628918e-01,-1.304902201430280413e-02,-6.717432664806499698e-01,1.182908246286285686e-02,1.996118719776767136e+00,-2.173681131487321255e-02,4.762726423103302159e-02,8.757556111076703065e-01,-1.319874220937342947e-02,1.957499999999999574e+00,-2.222902843411685495e-02,-2.348999999999999755e+00,2.450587630939858944e-02,0.000000000000000000e+00,-6.749999999999999112e+00,0.000000000000000000e+00,0.000000000000000000e+00,0.000000000000000000e+00,0.000000000000000000e+00,0.000000000000000000e+00,0.000000000000000000e+00,0.000000000000000000e+00,0.000000000000000000e+00,0.000000000000000000e+00,0.000000000000000000e+00,0.000000000000000000e+00,0.000000000000000000e+00
7.500858513964969720e-01,4.794232612431156837e-03,9.986513480638036233e-01,-1.304902201430280413e-02,-6.697896799301263915e-01,1.182908246286285686e-02,1.993774415916138798e+00,-2.173681131487321255e-02,4.762726423103302159e-02,8.690191057610374692e-01,-1.319874220937342947e-02,1.957499999999999574e+00,-2.222902843411685495e-02,-2.348999999999999755e+00,2.450587630939858944e-02,0.000000000000000000e+00,-6.749999999999999112e+00,0.000000000000000000e+00,0.000000000000000000e+00,0.000000000000000000e+00,0.000000000000000000e+00,0.000000000000000000e+00,0.000000000000000000e+00,0.000000000000000000e+00,0.000000000000000000e+00,0.000000000000000000e+00,0.000000000000000000e+00,0.000000000000000000e+00,0.000000000000000000e+00
7.510838521885907504e-01,4.794232612431156837e-03,9.995152617981512000e-01,-1.304902201430280413e-02,-6.678360933796029242e-01,1.182908246286285686e-02,1.991430112055510682e+00,-2.173681131487321255e-02,4.762726423103302159e-02,8.622826004144046319e-01,-1.319874220937342947e-02,1.957499999999999574e+00,-2.222902843411685495e-02,-2.348999999999999755e+00,2.450587630939858944e-02,0.000000000000000000e+00,-6.749999999999999112e+00,0.000000000000000000e+00,0.000000000000000000e+00,0.000000000000000000e+00,0.000000000000000000e+00,0.000000000000000000e+00,0.000000000000000000e+00,0.000000000000000000e+00,0.000000000000000000e+00,0.000000000000000000e+00,0.000000000000000000e+00,0.000000000000000000e+00,0.000000000000000000e+00
7.520818529806845287e-01,4.794232612431156837e-03,1.000372452521805400e+00,-1.304902201430280413e-02,-6.658825068290794569e-01,1.182908246286285686e-02,1.989085808194882343e+00,-2.173681131487321255e-02,4.762726423103302159e-02,8.555460950677717946e-01,-1.319874220937342947e-02,1.957499999999999574e+00,-2.222902843411685495e-02,-2.348999999999999755e+00,2.450587630939858944e-02,0.000000000000000000e+00,-6.749999999999999112e+00,0.000000000000000000e+00,0.000000000000000000e+00,0.000000000000000000e+00,0.000000000000000000e+00,0.000000000000000000e+00,0.000000000000000000e+00,0.000000000000000000e+00,0.000000000000000000e+00,0.000000000000000000e+00,0.000000000000000000e+00,0.000000000000000000e+00,0.000000000000000000e+00
7.530798537727781961e-01,4.794232612431156837e-03,1.001222920234766445e+00,-1.304902201430280413e-02,-6.639289202785558786e-01,1.182908246286285686e-02,1.986741504334254005e+00,-2.173681131487321255e-02,4.762726423103302159e-02,8.488095897211389573e-01,-1.319874220937342947e-02,1.957499999999999574e+00,-2.222902843411685495e-02,-2.348999999999999755e+00,2.450587630939858944e-02,0.000000000000000000e+00,-6.749999999999999112e+00,0.000000000000000000e+00,0.000000000000000000e+00,0.000000000000000000e+00,0.000000000000000000e+00,0.000000000000000000e+00,0.000000000000000000e+00,0.000000000000000000e+00,0.000000000000000000e+00,0.000000000000000000e+00,0.000000000000000000e+00,0.000000000000000000e+00,0.000000000000000000e+00
7.540778545648719744e-01,4.794232612431156837e-03,1.002066664937034002e+00,-1.304902201430280413e-02,-6.619753337280323002e-01,1.182908246286285686e-02,1.984397200473625889e+00,-2.173681131487321255e-02,4.762726423103302159e-02,8.420730843745061200e-01,-1.319874220937342947e-02,1.957499999999999574e+00,-2.222902843411685495e-02,-2.348999999999999755e+00,2.450587630939858944e-02,0.000000000000000000e+00,-6.749999999999999112e+00,0.000000000000000000e+00,0.000000000000000000e+00,0.000000000000000000e+00,0.000000000000000000e+00,0.000000000000000000e+00,0.000000000000000000e+00,0.000000000000000000e+00,0.000000000000000000e+00,0.000000000000000000e+00,0.000000000000000000e+00,0.000000000000000000e+00,0.000000000000000000e+00
7.550758553569657527e-01,4.794232612431156837e-03,1.002903686628608515e+00,-1.304902201430280413e-02,-6.600217471775088329e-01,1.182908246286285686e-02,1.982052896612997550e+00,-2.173681131487321255e-02,4.762726423103302159e-02,8.353365790278732828e-01,-1.319874220937342947e-02,1.957499999999999574e+00,-2.222902843411685495e-02,-2.348999999999999755e+00,2.450587630939858944e-02,0.000000000000000000e+00,-6.749999999999999112e+00,0.000000000000000000e+00,0.000000000000000000e+00,0.000000000000000000e+00,0.000000000000000000e+00,0.000000000000000000e+00,0.000000000000000000e+00,0.000000000000000000e+00,0.000000000000000000e+00,0.000000000000000000e+00,0.000000000000000000e+00,0.000000000000000000e+00,0.000000000000000000e+00
7.560738561490595311e-01,4.794232612431156837e-03,1.003733985309489762e+00,-1.304902201430280413e-02,-6.580681606269852546e-01,1.182908246286285686e-02,1.979708592752369212e+00,-2.173681131487321255e-02,4.762726423103302159e-02,8.286000736812402234e-01,-1.319874220937342947e-02,1.957499999999999574e+00,-2.222902843411685495e-02,-2.348999999999999755e+00,2.450587630939858944e-02,0.000000000000000000e+00,-6.749999999999999112e+00,0.000000000000000000e+00,0.000000000000000000e+00,0.000000000000000000e+00,0.000000000000000000e+00,0.000000000000000000e+00,0.000000000000000000e+00,0.000000000000000000e+00,0.000000000000000000e+00,0.000000000000000000e+00,0.000000000000000000e+00,0.000000000000000000e+00,0.000000000000000000e+00
7.570718569411531984e-01,4.794232612431156837e-03,1.004557560979677744e+00,-1.304902201430280413e-02,-6.561145740764617873e-01,1.182908246286285686e-02,1.977364288891740873e+00,-2.173681131487321255e-02,4.762726423103302159e-02,8.218635683346073861e-01,-1.319874220937342947e-02,1.957499999999999574e+00,-2.222902843411685495e-02,-2.348999999999999755e+00,2.450587630939858944e-02,0.000000000000000000e+00,-6.749999999999999112e+00,0.000000000000000000e+00,0.000000000000000000e+00,0.000000000000000000e+00,0.000000000000000000e+00,0.000000000000000000e+00,0.000000000000000000e+00,0.000000000000000000e+00,0.000000000000000000e+00,0.000000000000000000e+00,0.000000000000000000e+00,0.000000000000000000e+00,0.000000000000000000e+00
7.580698577332469767e-01,4.794232612431156837e-03,1.005374413639172237e+00,-1.304902201430280413e-02,-6.541609875259382090e-01,1.182908246286285686e-02,1.975019985031112757e+00,-2.173681131487321255e-02,4.762726423103302159e-02,8.151270629879745488e-01,-1.319874220937342947e-02,1.957499999999999574e+00,-2.222902843411685495e-02,-2.348999999999999755e+00,2.450587630939858944e-02,0.000000000000000000e+00,-6.749999999999999112e+00,0.000000000000000000e+00,0.000000000000000000e+00,0.000000000000000000e+00,0.000000000000000000e+00,0.000000000000000000e+00,0.000000000000000000e+00,0.000000000000000000e+00,0.000000000000000000e+00,0.000000000000000000e+00,0.000000000000000000e+00,0.000000000000000000e+00,0.000000000000000000e+00
7.590678585253407551e-01,4.794232612431156837e-03,1.006184543287973687e+00,-1.304902201430280413e-02,-6.522074009754147417e-01,1.182908246286285686e-02,1.972675681170484419e+00,-2.173681131487321255e-02,4.762726423103302159e-02,8.083905576413417116e-01,-1.319874220937342947e-02,1.957499999999999574e+00,-2.222902843411685495e-02,-2.348999999999999755e+00,2.450587630939858944e-02,0.000000000000000000e+00,-6.749999999999999112e+00,0.000000000000000000e+00,0.000000000000000000e+00,0.000000000000000000e+00,0.000000000000000000e+00,0.000000000000000000e+00,0.000000000000000000e+00,0.000000000000000000e+00,0.000000000000000000e+00,0.000000000000000000e+00,0.000000000000000000e+00,0.000000000000000000e+00,0.000000000000000000e+00
7.600658593174345334e-01,4.794232612431156837e-03,1.006987949926081871e+00,-1.304902201430280413e-02,-6.502538144248912744e-01,1.182908246286285686e-02,1.970331377309856080e+00,-2.173681131487321255e-02,4.762726423103302159e-02,8.016540522947088743e-01,-1.319874220937342947e-02,1.957499999999999574e+00,-2.222902843411685495e-02,-2.348999999999999755e+00,2.450587630939858944e-02,0.000000000000000000e+00,-6.749999999999999112e+00,0.000000000000000000e+00,0.000000000000000000e+00,0.000000000000000000e+00,0.000000000000000000e+00,0.000000000000000000e+00,0.000000000000000000e+00,0.000000000000000000e+00,0.000000000000000000e+00,0.000000000000000000e+00,0.000000000000000000e+00,0.000000000000000000e+00,0.000000000000000000e+00
7.610638601095283118e-01,4.794232612431156837e-03,1.007784633553496789e+00,-1.304902201430280413e-02,-6.483002278743676960e-01,1.182908246286285686e-02,1.967987073449227742e+00,-2.173681131487321255e-02,4.762726423103302159e-02,7.949175469480760370e-01,-1.319874220937342947e-02,1.957499999999999574e+00,-2.222902843411685495e-02,-2.348999999999999755e+00,2.450587630939858944e-02,0.000000000000000000e+00,-6.749999999999999112e+00,0.000000000000000000e+00,0.000000000000000000e+00,0.000000000000000000e+00,0.000000000000000000e+00,0.000000000000000000e+00,0.000000000000000000e+00,0.000000000000000000e+00,0.000000000000000000e+00,0.000000000000000000e+00,0.000000000000000000e+00,0.000000000000000000e+00,0.000000000000000000e+00
7.620618609016219791e-01,4.794232612431156837e-03,1.008574594170218219e+00,-1.304902201430280413e-02,-6.463466413238441177e-01,1.182908246286285686e-02,1.965642769588599625e+00,-2.173681131487321255e-02,4.762726423103302159e-02,7.881810416014430887e-01,-1.319874220937342947e-02,1.957499999999999574e+00,-2.222902843411685495e-02,-2.348999999999999755e+00,2.450587630939858944e-02,0.000000000000000000e+00,-6.749999999999999112e+00,0.000000000000000000e+00,0.000000000000000000e+00,0.000000000000000000e+00,0.000000000000000000e+00,0.000000000000000000e+00,0.000000000000000000e+00,0.000000000000000000e+00,0.000000000000000000e+00,0.000000000000000000e+00,0.000000000000000000e+00,0.000000000000000000e+00,0.000000000000000000e+00
7.630598616937157574e-01,4.794232612431156837e-03,1.009357831776246606e+00,-1.304902201430280413e-02,-6.443930547733206504e-01,1.182908246286285686e-02,1.963298465727971287e+00,-2.173681131487321255e-02,4.762726423103302159e-02,7.814445362548102514e-01,-1.319874220937342947e-02,1.957499999999999574e+00,-2.222902843411685495e-02,-2.348999999999999755e+00,2.450587630939858944e-02,0.000000000000000000e+00,-6.749999999999999112e+00,0.000000000000000000e+00,0.000000000000000000e+00,0.000000000000000000e+00,0.000000000000000000e+00,0.000000000000000000e+00,0.000000000000000000e+00,0.000000000000000000e+00,0.000000000000000000e+00,0.000000000000000000e+00,0.000000000000000000e+00,0.000000000000000000e+00,0.000000000000000000e+00
7.640578624858095358e-01,4.794232612431156837e-03,1.010134346371581726e+00,-1.304902201430280413e-02,-6.424394682227971831e-01,1.182908246286285686e-02,1.960954161867342949e+00,-2.173681131487321255e-02,4.762726423103302159e-02,7.747080309081774141e-01,-1.319874220937342947e-02,1.957499999999999574e+00,-2.222902843411685495e-02,-2.348999999999999755e+00,2.450587630939858944e-02,0.000000000000000000e+00,-6.749999999999999112e+00,0.000000000000000000e+00,0.000000000000000000e+00,0.000000000000000000e+00,0.000000000000000000e+00,0.000000000000000000e+00,0.000000000000000000e+00,0.000000000000000000e+00,0.000000000000000000e+00,0.000000000000000000e+00,0.000000000000000000e+00,0.000000000000000000e+00,0.000000000000000000e+00
7.650558632779032031e-01,4.794232612431156837e-03,1.010904137956223581e+00,-1.304902201430280413e-02,-6.404858816722737158e-01,1.182908246286285686e-02,1.958609858006714832e+00,-2.173681131487321255e-02,4.762726423103302159e-02,7.679715255615445768e-01,-1.319874220937342947e-02,1.957499999999999574e+00,-2.222902843411685495e-02,-2.348999999999999755e+00,2.450587630939858944e-02,0.000000000000000000e+00,-6.749999999999999112e+00,0.000000000000000000e+00,0.000000000000000000e+00,0.000000000000000000e+00,0.000000000000000000e+00,0.000000000000000000e+00,0.000000000000000000e+00,0.000000000000000000e+00,0.000000000000000000e+00,0.000000000000000000e+00,0.000000000000000000e+00,0.000000000000000000e+00,0.000000000000000000e+00
7.660538640699969815e-01,4.794232612431156837e-03,1.011667206530171947e+00,-1.304902201430280413e-02,-6.385322951217501375e-01,1.182908246286285686e-02,1.956265554146086494e+00,-2.173681131487321255e-02,4.762726423103302159e-02,7.612350202149117395e-01,-1.319874220937342947e-02,1.957499999999999574e+00,-2.222902843411685495e-02,-2.348999999999999755e+00,2.450587630939858944e-02,0.000000000000000000e+00,-6.749999999999999112e+00,0.000000000000000000e+00,0.000000000000000000e+00,0.000000000000000000e+00,0.000000000000000000e+00,0.000000000000000000e+00,0.000000000000000000e+00,0.000000000000000000e+00,0.000000000000000000e+00,0.000000000000000000e+00,0.000000000000000000e+00,0.000000000000000000e+00,0.000000000000000000e+00
7.670518648620907598e-01,4.794232612431156837e-03,1.012423552093427270e+00,-1.304902201430280413e-02,-6.365787085712265592e-01,1.182908246286285686e-02,1.953921250285458378e+00,-2.173681131487321255e-02,4.762726423103302159e-02,7.544985148682789022e-01,-1.319874220937342947e-02,1.957499999999999574e+00,-2.222902843411685495e-02,-2.348999999999999755e+00,2.450587630939858944e-02,0.000000000000000000e+00,-6.749999999999999112e+00,0.000000000000000000e+00,0.000000000000000000e+00,0.000000000000000000e+00,0.000000000000000000e+00,0.000000000000000000e+00,0.000000000000000000e+00,0.000000000000000000e+00,0.000000000000000000e+00,0.000000000000000000e+00,0.000000000000000000e+00,0.000000000000000000e+00,0.000000000000000000e+00
7.680498656541845381e-01,4.794232612431156837e-03,1.013173174645989327e+00,-1.304902201430280413e-02,-6.346251220207030919e-01,1.182908246286285686e-02,1.951576946424830039e+00,-2.173681131487321255e-02,4.762726423103302159e-02,7.477620095216460649e-01,-1.319874220937342947e-02,1.957499999999999574e+00,-2.222902843411685495e-02,-2.348999999999999755e+00,2.450587630939858944e-02,0.000000000000000000e+00,-6.749999999999999112e+00,0.000000000000000000e+00,0.000000000000000000e+00,0.000000000000000000e+00,0.000000000000000000e+00,0.000000000000000000e+00,0.000000000000000000e+00,0.000000000000000000e+00,0.000000000000000000e+00,0.000000000000000000e+00,0.000000000000000000e+00,0.000000000000000000e+00,0.000000000000000000e+00
7.690478664462783165e-01,4.794232612431156837e-03,1.013916074187858118e+00,-1.304902201430280413e-02,-6.326715354701796246e-01,1.182908246286285686e-02,1.949232642564201701e+00,-2.173681131487321255e-02,4.762726423103302159e-02,7.410255041750132277e-01,-1.319874220937342947e-02,1.957499999999999574e+00,-2.222902843411685495e-02,-2.348999999999999755e+00,2.450587630939858944e-02,0.000000000000000000e+00,-6.749999999999999112e+00,0.000000000000000000e+00,0.000000000000000000e+00,0.000000000000000000e+00,0.000000000000000000e+00,0.000000000000000000e+00,0.000000000000000000e+00,0.000000000000000000e+00,0.000000000000000000e+00,0.000000000000000000e+00,0.000000000000000000e+00,0.000000000000000000e+00,0.000000000000000000e+00
7.700458672383719838e-01,4.794232612431156837e-03,1.014652250719033422e+00,-1.304902201430280413e-02,-6.307179489196560462e-01,1.182908246286285686e-02,1.946888338703573584e+00,-2.173681131487321255e-02,4.762726423103302159e-02,7.342889988283803904e-01,-1.319874220937342947e-02,1.957499999999999574e+00,-2.222902843411685495e-02,-2.348999999999999755e+00,2.450587630939858944e-02,0.000000000000000000e+00,-6.749999999999999112e+00,0.000000000000000000e+00,0.000000000000000000e+00,0.000000000000000000e+00,0.000000000000000000e+00,0.000000000000000000e+00,0.000000000000000000e+00,0.000000000000000000e+00,0.000000000000000000e+00,0.000000000000000000e+00,0.000000000000000000e+00,0.000000000000000000e+00,0.000000000000000000e+00
7.710438680304657622e-01,4.794232612431156837e-03,1.015381704239515681e+00,-1.304902201430280413e-02,-6.287643623691324679e-01,1.182908246286285686e-02,1.944544034842945246e+00,-2.173681131487321255e-02,4.762726423103302159e-02,7.275524934817475531e-01,-1.319874220937342947e-02,1.957499999999999574e+00,-2.222902843411685495e-02,-2.348999999999999755e+00,2.450587630939858944e-02,0.000000000000000000e+00,-6.749999999999999112e+00,0.000000000000000000e+00,0.000000000000000000e+00,0.000000000000000000e+00,0.000000000000000000e+00,0.000000000000000000e+00,0.000000000000000000e+00,0.000000000000000000e+00,0.000000000000000000e+00,0.000000000000000000e+00,0.000000000000000000e+00,0.000000000000000000e+00,0.000000000000000000e+00
7.720418688225594295e-01,4.794232612431156837e-03,1.016104434749304675e+00,-1.304902201430280413e-02,-6.268107758186091116e-01,1.182908246286285686e-02,1.942199730982316908e+00,-2.173681131487321255e-02,4.762726423103302159e-02,7.208159881351149378e-01,-1.319874220937342947e-02,1.957499999999999574e+00,-2.222902843411685495e-02,-2.348999999999999755e+00,2.450587630939858944e-02,0.000000000000000000e+00,-6.749999999999999112e+00,0.000000000000000000e+00,0.000000000000000000e+00,0.000000000000000000e+00,0.000000000000000000e+00,0.000000000000000000e+00,0.000000000000000000e+00,0.000000000000000000e+00,0.000000000000000000e+00,0.000000000000000000e+00,0.000000000000000000e+00,0.000000000000000000e+00,0.000000000000000000e+00
7.730398696146532078e-01,4.794232612431156837e-03,1.016820442248400402e+00,-1.304902201430280413e-02,-6.248571892680855333e-01,1.182908246286285686e-02,1.939855427121688569e+00,-2.173681131487321255e-02,4.762726423103302159e-02,7.140794827884818785e-01,-1.319874220937342947e-02,1.957499999999999574e+00,-2.222902843411685495e-02,-2.348999999999999755e+00,2.450587630939858944e-02,0.000000000000000000e+00,-6.749999999999999112e+00,0.000000000000000000e+00,0.000000000000000000e+00,0.000000000000000000e+00,0.000000000000000000e+00,0.000000000000000000e+00,0.000000000000000000e+00,0.000000000000000000e+00,0.000000000000000000e+00,0.000000000000000000e+00,0.000000000000000000e+00,0.000000000000000000e+00,0.000000000000000000e+00
7.740378704067469862e-01,4.794232612431156837e-03,1.017529726736802642e+00,-1.304902201430280413e-02,-6.229036027175620660e-01,1.182908246286285686e-02,1.937511123261060453e+00,-2.173681131487321255e-02,4.762726423103302159e-02,7.073429774418491522e-01,-1.319874220937342947e-02,1.957499999999999574e+00,-2.222902843411685495e-02,-2.348999999999999755e+00,2.450587630939858944e-02,0.000000000000000000e+00,-6.749999999999999112e+00,0.000000000000000000e+00,0.000000000000000000e+00,0.000000000000000000e+00,0.000000000000000000e+00,0.000000000000000000e+00,0.000000000000000000e+00,0.000000000000000000e+00,0.000000000000000000e+00,0.000000000000000000e+00,0.000000000000000000e+00,0.000000000000000000e+00,0.000000000000000000e+00
7.750358711988407645e-01,4.794232612431156837e-03,1.018232288214511838e+00,-1.304902201430280413e-02,-6.209500161670384877e-01,1.182908246286285686e-02,1.935166819400432336e+00,-2.173681131487321255e-02,4.762726423103302159e-02,7.006064720952162039e-01,-1.319874220937342947e-02,1.957499999999999574e+00,-2.222902843411685495e-02,-2.348999999999999755e+00,2.450587630939858944e-02,0.000000000000000000e+00,-6.749999999999999112e+00,0.000000000000000000e+00,0.000000000000000000e+00,0.000000000000000000e+00,0.000000000000000000e+00,0.000000000000000000e+00,0.000000000000000000e+00,0.000000000000000000e+00,0.000000000000000000e+00,0.000000000000000000e+00,0.000000000000000000e+00,0.000000000000000000e+00,0.000000000000000000e+00
7.760338719909345429e-01,4.794232612431156837e-03,1.018928126681527768e+00,-1.304902201430280413e-02,-6.189964296165150204e-01,1.182908246286285686e-02,1.932822515539803998e+00,-2.173681131487321255e-02,4.762726423103302159e-02,6.938699667485834777e-01,-1.319874220937342947e-02,1.957499999999999574e+00,-2.222902843411685495e-02,-2.348999999999999755e+00,2.450587630939858944e-02,0.000000000000000000e+00,-6.749999999999999112e+00,0.000000000000000000e+00,0.000000000000000000e+00,0.000000000000000000e+00,0.000000000000000000e+00,0.000000000000000000e+00,0.000000000000000000e+00,0.000000000000000000e+00,0.000000000000000000e+00,0.000000000000000000e+00,0.000000000000000000e+00,0.000000000000000000e+00,0.000000000000000000e+00
7.770318727830283212e-01,4.794232612431156837e-03,1.019617242137850210e+00,-1.304902201430280413e-02,-6.170428430659914421e-01,1.182908246286285686e-02,1.930478211679175660e+00,-2.173681131487321255e-02,4.762726423103302159e-02,6.871334614019505294e-01,-1.319874220937342947e-02,1.957499999999999574e+00,-2.222902843411685495e-02,-2.348999999999999755e+00,2.450587630939858944e-02,0.000000000000000000e+00,-6.749999999999999112e+00,0.000000000000000000e+00,0.000000000000000000e+00,0.000000000000000000e+00,0.000000000000000000e+00,0.000000000000000000e+00,0.000000000000000000e+00,0.000000000000000000e+00,0.000000000000000000e+00,0.000000000000000000e+00,0.000000000000000000e+00,0.000000000000000000e+00,0.000000000000000000e+00
7.780298735751220995e-01,4.794232612431156837e-03,1.020299634583479609e+00,-1.304902201430280413e-02,-6.150892565154678637e-01,1.182908246286285686e-02,1.928133907818547321e+00,-2.173681131487321255e-02,4.762726423103302159e-02,6.803969560553174700e-01,-1.319874220937342947e-02,1.957499999999999574e+00,-2.222902843411685495e-02,-2.348999999999999755e+00,2.450587630939858944e-02,0.000000000000000000e+00,-6.749999999999999112e+00,0.000000000000000000e+00,0.000000000000000000e+00,0.000000000000000000e+00,0.000000000000000000e+00,0.000000000000000000e+00,0.000000000000000000e+00,0.000000000000000000e+00,0.000000000000000000e+00,0.000000000000000000e+00,0.000000000000000000e+00,0.000000000000000000e+00,0.000000000000000000e+00
7.790278743672157669e-01,4.794232612431156837e-03,1.020975304018415741e+00,-1.304902201430280413e-02,-6.131356699649445074e-01,1.182908246286285686e-02,1.925789603957919205e+00,-2.173681131487321255e-02,4.762726423103302159e-02,6.736604507086847438e-01,-1.319874220937342947e-02,1.957499999999999574e+00,-2.222902843411685495e-02,-2.348999999999999755e+00,2.450587630939858944e-02,0.000000000000000000e+00,-6.749999999999999112e+00,0.000000000000000000e+00,0.000000000000000000e+00,0.000000000000000000e+00,0.000000000000000000e+00,0.000000000000000000e+00,0.000000000000000000e+00,0.000000000000000000e+00,0.000000000000000000e+00,0.000000000000000000e+00,0.000000000000000000e+00,0.000000000000000000e+00,0.000000000000000000e+00
7.800258751593095452e-01,4.794232612431156837e-03,1.021644250442658608e+00,-1.304902201430280413e-02,-6.111820834144209291e-01,1.182908246286285686e-02,1.923445300097290644e+00,-2.173681131487321255e-02,4.762726423103302159e-02,6.669239453620517954e-01,-1.319874220937342947e-02,1.957499999999999574e+00,-2.222902843411685495e-02,-2.348999999999999755e+00,2.450587630939858944e-02,0.000000000000000000e+00,-6.749999999999999112e+00,0.000000000000000000e+00,0.000000000000000000e+00,0.000000000000000000e+00,0.000000000000000000e+00,0.000000000000000000e+00,0.000000000000000000e+00,0.000000000000000000e+00,0.000000000000000000e+00,0.000000000000000000e+00,0.000000000000000000e+00,0.000000000000000000e+00,0.000000000000000000e+00
7.810238759514032125e-01,4.794232612431156837e-03,1.022306473856207987e+00,-1.304902201430280413e-02,-6.092284968638975728e-01,1.182908246286285686e-02,1.921100996236662528e+00,-2.173681131487321255e-02,4.762726423103302159e-02,6.601874400154190692e-01,-1.319874220937342947e-02,1.957499999999999574e+00,-2.222902843411685495e-02,-2.348999999999999755e+00,2.450587630939858944e-02,0.000000000000000000e+00,-6.749999999999999112e+00,0.000000000000000000e+00,0.000000000000000000e+00,0.000000000000000000e+00,0.000000000000000000e+00,0.000000000000000000e+00,0.000000000000000000e+00,0.000000000000000000e+00,0.000000000000000000e+00,0.000000000000000000e+00,0.000000000000000000e+00,0.000000000000000000e+00,0.000000000000000000e+00
7.820218767434969909e-01,4.794232612431156837e-03,1.022961974259064322e+00,-1.304902201430280413e-02,-6.072749103133741055e-01,1.182908246286285686e-02,1.918756692376034412e+00,-2.173681131487321255e-02,4.762726423103302159e-02,6.534509346687861209e-01,-1.319874220937342947e-02,1.957499999999999574e+00,-2.222902843411685495e-02,-2.348999999999999755e+00,2.450587630939858944e-02,0.000000000000000000e+00,-6.749999999999999112e+00,0.000000000000000000e+00,0.000000000000000000e+00,0.000000000000000000e+00,0.000000000000000000e+00,0.000000000000000000e+00,0.000000000000000000e+00,0.000000000000000000e+00,0.000000000000000000e+00,0.000000000000000000e+00,0.000000000000000000e+00,0.000000000000000000e+00,0.000000000000000000e+00
7.830198775355907692e-01,4.794232612431156837e-03,1.023610751651227391e+00,-1.304902201430280413e-02,-6.053213237628506382e-01,1.182908246286285686e-02,1.916412388515406073e+00,-2.173681131487321255e-02,4.762726423103302159e-02,6.467144293221533946e-01,-1.319874220937342947e-02,1.957499999999999574e+00,-2.222902843411685495e-02,-2.348999999999999755e+00,2.450587630939858944e-02,0.000000000000000000e+00,-6.749999999999999112e+00,0.000000000000000000e+00,0.000000000000000000e+00,0.000000000000000000e+00,0.000000000000000000e+00,0.000000000000000000e+00,0.000000000000000000e+00,0.000000000000000000e+00,0.000000000000000000e+00,0.000000000000000000e+00,0.000000000000000000e+00,0.000000000000000000e+00,0.000000000000000000e+00
7.840178783276845476e-01,4.794232612431156837e-03,1.024252806032697194e+00,-1.304902201430280413e-02,-6.033677372123271709e-01,1.182908246286285686e-02,1.914068084654777735e+00,-2.173681131487321255e-02,4.762726423103302159e-02,6.399779239755203353e-01,-1.319874220937342947e-02,1.957499999999999574e+00,-2.222902843411685495e-02,-2.348999999999999755e+00,2.450587630939858944e-02,0.000000000000000000e+00,-6.749999999999999112e+00,0.000000000000000000e+00,0.000000000000000000e+00,0.000000000000000000e+00,0.000000000000000000e+00,0.000000000000000000e+00,0.000000000000000000e+00,0.000000000000000000e+00,0.000000000000000000e+00,0.000000000000000000e+00,0.000000000000000000e+00,0.000000000000000000e+00,0.000000000000000000e+00
7.850158791197783259e-01,4.794232612431156837e-03,1.024888137403473731e+00,-1.304902201430280413e-02,-6.014141506618037036e-01,1.182908246286285686e-02,1.911723780794149397e+00,-2.173681131487321255e-02,4.762726423103302159e-02,6.332414186288877200e-01,-1.319874220937342947e-02,1.957499999999999574e+00,-2.222902843411685495e-02,-2.348999999999999755e+00,2.450587630939858944e-02,0.000000000000000000e+00,-6.749999999999999112e+00,0.000000000000000000e+00,0.000000000000000000e+00,0.000000000000000000e+00,0.000000000000000000e+00,0.000000000000000000e+00,0.000000000000000000e+00,0.000000000000000000e+00,0.000000000000000000e+00,0.000000000000000000e+00,0.000000000000000000e+00,0.000000000000000000e+00,0.000000000000000000e+00
7.860138799118721042e-01,4.794232612431156837e-03,1.025516745763556781e+00,-1.304902201430280413e-02,-5.994605641112802363e-01,1.182908246286285686e-02,1.909379476933521280e+00,-2.173681131487321255e-02,4.762726423103302159e-02,6.265049132822546607e-01,-1.319874220937342947e-02,1.957499999999999574e+00,-2.222902843411685495e-02,-2.348999999999999755e+00,2.450587630939858944e-02,0.000000000000000000e+00,-6.749999999999999112e+00,0.000000000000000000e+00,0.000000000000000000e+00,0.000000000000000000e+00,0.000000000000000000e+00,0.000000000000000000e+00,0.000000000000000000e+00,0.000000000000000000e+00,0.000000000000000000e+00,0.000000000000000000e+00,0.000000000000000000e+00,0.000000000000000000e+00,0.000000000000000000e+00
7.870118807039657716e-01,4.794232612431156837e-03,1.026138631112946786e+00,-1.304902201430280413e-02,-5.975069775607567690e-01,1.182908246286285686e-02,1.907035173072893164e+00,-2.173681131487321255e-02,4.762726423103302159e-02,6.197684079356220455e-01,-1.319874220937342947e-02,1.957499999999999574e+00,-2.222902843411685495e-02,-2.348999999999999755e+00,2.450587630939858944e-02,0.000000000000000000e+00,-6.749999999999999112e+00,0.000000000000000000e+00,0.000000000000000000e+00,0.000000000000000000e+00,0.000000000000000000e+00,0.000000000000000000e+00,0.000000000000000000e+00,0.000000000000000000e+00,0.000000000000000000e+00,0.000000000000000000e+00,0.000000000000000000e+00,0.000000000000000000e+00,0.000000000000000000e+00
7.880098814960595499e-01,4.794232612431156837e-03,1.026753793451643526e+00,-1.304902201430280413e-02,-5.955533910102333017e-01,1.182908246286285686e-02,1.904690869212264603e+00,-2.173681131487321255e-02,4.762726423103302159e-02,6.130319025889889861e-01,-1.319874220937342947e-02,1.957499999999999574e+00,-2.222902843411685495e-02,-2.348999999999999755e+00,2.450587630939858944e-02,0.000000000000000000e+00,-6.749999999999999112e+00,0.000000000000000000e+00,0.000000000000000000e+00,0.000000000000000000e+00,0.000000000000000000e+00,0.000000000000000000e+00,0.000000000000000000e+00,0.000000000000000000e+00,0.000000000000000000e+00,0.000000000000000000e+00,0.000000000000000000e+00,0.000000000000000000e+00,0.000000000000000000e+00
7.890078822881532172e-01,4.794232612431156837e-03,1.027362232779647000e+00,-1.304902201430280413e-02,-5.935998044597099454e-01,1.182908246286285686e-02,1.902346565351636487e+00,-2.173681131487321255e-02,4.762726423103302159e-02,6.062953972423563709e-01,-1.319874220937342947e-02,1.957499999999999574e+00,-2.222902843411685495e-02,-2.348999999999999755e+00,2.450587630939858944e-02,0.000000000000000000e+00,-6.749999999999999112e+00,0.000000000000000000e+00,0.000000000000000000e+00,0.000000000000000000e+00,0.000000000000000000e+00,0.000000000000000000e+00,0.000000000000000000e+00,0.000000000000000000e+00,0.000000000000000000e+00,0.000000000000000000e+00,0.000000000000000000e+00,0.000000000000000000e+00,0.000000000000000000e+00
7.900058830802469956e-01,4.794232612431156837e-03,1.027963949096956986e+00,-1.304902201430280413e-02,-5.916462179091863671e-01,1.182908246286285686e-02,1.900002261491008149e+00,-2.173681131487321255e-02,4.762726423103302159e-02,5.995588918957233115e-01,-1.319874220937342947e-02,1.957499999999999574e+00,-2.222902843411685495e-02,-2.348999999999999755e+00,2.450587630939858944e-02,0.000000000000000000e+00,-6.749999999999999112e+00,0.000000000000000000e+00,0.000000000000000000e+00,0.000000000000000000e+00,0.000000000000000000e+00,0.000000000000000000e+00,0.000000000000000000e+00,0.000000000000000000e+00,0.000000000000000000e+00,0.000000000000000000e+00,0.000000000000000000e+00,0.000000000000000000e+00,0.000000000000000000e+00
7.910038838723407739e-01,4.794232612431156837e-03,1.028558942403573928e+00,-1.304902201430280413e-02,-5.896926313586630108e-01,1.182908246286285686e-02,1.897657957630380032e+00,-2.173681131487321255e-02,4.762726423103302159e-02,5.928223865490906963e-01,-1.319874220937342947e-02,1.957499999999999574e+00,-2.222902843411685495e-02,-2.348999999999999755e+00,2.450587630939858944e-02,0.000000000000000000e+00,-6.749999999999999112e+00,0.000000000000000000e+00,0.000000000000000000e+00,0.000000000000000000e+00,0.000000000000000000e+00,0.000000000000000000e+00,0.000000000000000000e+00,0.000000000000000000e+00,0.000000000000000000e+00,0.000000000000000000e+00,0.000000000000000000e+00,0.000000000000000000e+00,0.000000000000000000e+00
7.920018846644345523e-01,4.794232612431156837e-03,1.029147212699497604e+00,-1.304902201430280413e-02,-5.877390448081394325e-01,1.182908246286285686e-02,1.895313653769751472e+00,-2.173681131487321255e-02,4.762726423103302159e-02,5.860858812024576370e-01,-1.319874220937342947e-02,1.957499999999999574e+00,-2.222902843411685495e-02,-2.348999999999999755e+00,2.450587630939858944e-02,0.000000000000000000e+00,-6.749999999999999112e+00,0.000000000000000000e+00,0.000000000000000000e+00,0.000000000000000000e+00,0.000000000000000000e+00,0.000000000000000000e+00,0.000000000000000000e+00,0.000000000000000000e+00,0.000000000000000000e+00,0.000000000000000000e+00,0.000000000000000000e+00,0.000000000000000000e+00,0.000000000000000000e+00
7.929998854565283306e-01,4.794232612431156837e-03,1.029728759984728015e+00,-1.304902201430280413e-02,-5.857854582576160762e-01,1.182908246286285686e-02,1.892969349909123356e+00,-2.173681131487321255e-02,4.762726423103302159e-02,5.793493758558250217e-01,-1.319874220937342947e-02,1.957499999999999574e+00,-2.222902843411685495e-02,-2.348999999999999755e+00,2.450587630939858944e-02,0.000000000000000000e+00,-6.749999999999999112e+00,0.000000000000000000e+00,0.000000000000000000e+00,0.000000000000000000e+00,0.000000000000000000e+00,0.000000000000000000e+00,0.000000000000000000e+00,0.000000000000000000e+00,0.000000000000000000e+00,0.000000000000000000e+00,0.000000000000000000e+00,0.000000000000000000e+00,0.000000000000000000e+00
7.939978862486221090e-01,4.794232612431156837e-03,1.030303584259264937e+00,-1.304902201430280413e-02,-5.838318717070924979e-01,1.182908246286285686e-02,1.890625046048495239e+00,-2.173681131487321255e-02,4.762726423103302159e-02,5.726128705091919624e-01,-1.319874220937342947e-02,1.957499999999999574e+00,-2.222902843411685495e-02,-2.348999999999999755e+00,2.450587630939858944e-02,0.000000000000000000e+00,-6.749999999999999112e+00,0.000000000000000000e+00,0.000000000000000000e+00,0.000000000000000000e+00,0.000000000000000000e+00,0.000000000000000000e+00,0.000000000000000000e+00,0.000000000000000000e+00,0.000000000000000000e+00,0.000000000000000000e+00,0.000000000000000000e+00,0.000000000000000000e+00,0.000000000000000000e+00
7.949958870407157763e-01,4.794232612431156837e-03,1.030871685523108594e+00,-1.304902201430280413e-02,-5.818782851565691416e-01,1.182908246286285686e-02,1.888280742187866901e+00,-2.173681131487321255e-02,4.762726423103302159e-02,5.658763651625592361e-01,-1.319874220937342947e-02,1.957499999999999574e+00,-2.222902843411685495e-02,-2.348999999999999755e+00,2.450587630939858944e-02,0.000000000000000000e+00,-6.749999999999999112e+00,0.000000000000000000e+00,0.000000000000000000e+00,0.000000000000000000e+00,0.000000000000000000e+00,0.000000000000000000e+00,0.000000000000000000e+00,0.000000000000000000e+00,0.000000000000000000e+00,0.000000000000000000e+00,0.000000000000000000e+00,0.000000000000000000e+00,0.000000000000000000e+00
7.959938878328095546e-01,4.794232612431156837e-03,1.031433063776259207e+00,-1.304902201430280413e-02,-5.799246986060455633e-01,1.182908246286285686e-02,1.885936438327238562e+00,-2.173681131487321255e-02,4.762726423103302159e-02,5.591398598159262878e-01,-1.319874220937342947e-02,1.957499999999999574e+00,-2.222902843411685495e-02,-2.348999999999999755e+00,2.450587630939858944e-02,0.000000000000000000e+00,-6.749999999999999112e+00,0.000000000000000000e+00,0.000000000000000000e+00,0.000000000000000000e+00,0.000000000000000000e+00,0.000000000000000000e+00,0.000000000000000000e+00,0.000000000000000000e+00,0.000000000000000000e+00,0.000000000000000000e+00,0.000000000000000000e+00,0.000000000000000000e+00,0.000000000000000000e+00
7.969918886249032219e-01,4.794232612431156837e-03,1.031987719018716554e+00,-1.304902201430280413e-02,-5.779711120555222070e-01,1.182908246286285686e-02,1.883592134466610224e+00,-2.173681131487321255e-02,4.762726423103302159e-02,5.524033544692935616e-01,-1.319874220937342947e-02,1.957499999999999574e+00,-2.222902843411685495e-02,-2.348999999999999755e+00,2.450587630939858944e-02,0.000000000000000000e+00,-6.749999999999999112e+00,0.000000000000000000e+00,0.000000000000000000e+00,0.000000000000000000e+00,0.000000000000000000e+00,0.000000000000000000e+00,0.000000000000000000e+00,0.000000000000000000e+00,0.000000000000000000e+00,0.000000000000000000e+00,0.000000000000000000e+00,0.000000000000000000e+00,0.000000000000000000e+00
7.979898894169970003e-01,4.794232612431156837e-03,1.032535651250480635e+00,-1.304902201430280413e-02,-5.760175255049987397e-01,1.182908246286285686e-02,1.881247830605982108e+00,-2.173681131487321255e-02,4.762726423103302159e-02,5.456668491226606132e-01,-1.319874220937342947e-02,1.957499999999999574e+00,-2.222902843411685495e-02,-2.348999999999999755e+00,2.450587630939858944e-02,0.000000000000000000e+00,-6.749999999999999112e+00,0.000000000000000000e+00,0.000000000000000000e+00,0.000000000000000000e+00,0.000000000000000000e+00,0.000000000000000000e+00,0.000000000000000000e+00,0.000000000000000000e+00,0.000000000000000000e+00,0.000000000000000000e+00,0.000000000000000000e+00,0.000000000000000000e+00,0.000000000000000000e+00
7.989878902090907786e-01,4.794232612431156837e-03,1.033076860471551228e+00,-1.304902201430280413e-02,-5.740639389544752724e-01,1.182908246286285686e-02,1.878903526745353991e+00,-2.173681131487321255e-02,4.762726423103302159e-02,5.389303437760278870e-01,-1.319874220937342947e-02,1.957499999999999574e+00,-2.222902843411685495e-02,-2.348999999999999755e+00,2.450587630939858944e-02,0.000000000000000000e+00,-6.749999999999999112e+00,0.000000000000000000e+00,0.000000000000000000e+00,0.000000000000000000e+00,0.000000000000000000e+00,0.000000000000000000e+00,0.000000000000000000e+00,0.000000000000000000e+00,0.000000000000000000e+00,0.000000000000000000e+00,0.000000000000000000e+00,0.000000000000000000e+00,0.000000000000000000e+00
7.999858910011845570e-01,4.794232612431156837e-03,1.033611346681928778e+00,-1.304902201430280413e-02,-5.721103524039518051e-01,1.182908246286285686e-02,1.876559222884725431e+00,-2.173681131487321255e-02,4.762726423103302159e-02,5.321938384293948276e-01,-1.319874220937342947e-02,1.957499999999999574e+00,-2.222902843411685495e-02,-2.348999999999999755e+00,2.450587630939858944e-02,0.000000000000000000e+00,-6.749999999999999112e+00,0.000000000000000000e+00,0.000000000000000000e+00,0.000000000000000000e+00,0.000000000000000000e+00,0.000000000000000000e+00,0.000000000000000000e+00,0.000000000000000000e+00,0.000000000000000000e+00,0.000000000000000000e+00,0.000000000000000000e+00,0.000000000000000000e+00,0.000000000000000000e+00
8.009838917932783353e-01,4.794232612431156837e-03,1.034139109881613061e+00,-1.304902201430280413e-02,-5.701567658534283378e-01,1.182908246286285686e-02,1.874214919024097314e+00,-2.173681131487321255e-02,4.762726423103302159e-02,5.254573330827622124e-01,-1.319874220937342947e-02,1.957499999999999574e+00,-2.222902843411685495e-02,-2.348999999999999755e+00,2.450587630939858944e-02,0.000000000000000000e+00,-6.749999999999999112e+00,0.000000000000000000e+00,0.000000000000000000e+00,0.000000000000000000e+00,0.000000000000000000e+00,0.000000000000000000e+00,0.000000000000000000e+00,0.000000000000000000e+00,0.000000000000000000e+00,0.000000000000000000e+00,0.000000000000000000e+00,0.000000000000000000e+00,0.000000000000000000e+00
8.019818925853721137e-01,4.794232612431156837e-03,1.034660150070604079e+00,-1.304902201430280413e-02,-5.682031793029048705e-01,1.182908246286285686e-02,1.871870615163468976e+00,-2.173681131487321255e-02,4.762726423103302159e-02,5.187208277361291531e-01,-1.319874220937342947e-02,1.957499999999999574e+00,-2.222902843411685495e-02,-2.348999999999999755e+00,2.450587630939858944e-02,0.000000000000000000e+00,-6.749999999999999112e+00,0.000000000000000000e+00,0.000000000000000000e+00,0.000000000000000000e+00,0.000000000000000000e+00,0.000000000000000000e+00,0.000000000000000000e+00,0.000000000000000000e+00,0.000000000000000000e+00,0.000000000000000000e+00,0.000000000000000000e+00,0.000000000000000000e+00,0.000000000000000000e+00
8.029798933774657810e-01,4.794232612431156837e-03,1.035174467248901831e+00,-1.304902201430280413e-02,-5.662495927523814032e-01,1.182908246286285686e-02,1.869526311302840860e+00,-2.173681131487321255e-02,4.762726423103302159e-02,5.119843223894965378e-01,-1.319874220937342947e-02,1.957499999999999574e+00,-2.222902843411685495e-02,-2.348999999999999755e+00,2.450587630939858944e-02,0.000000000000000000e+00,-6.749999999999999112e+00,0.000000000000000000e+00,0.000000000000000000e+00,0.000000000000000000e+00,0.000000000000000000e+00,0.000000000000000000e+00,0.000000000000000000e+00,0.000000000000000000e+00,0.000000000000000000e+00,0.000000000000000000e+00,0.000000000000000000e+00,0.000000000000000000e+00,0.000000000000000000e+00
8.039778941695595593e-01,4.794232612431156837e-03,1.035682061416506095e+00,-1.304902201430280413e-02,-5.642960062018579359e-01,1.182908246286285686e-02,1.867182007442212521e+00,-2.173681131487321255e-02,4.762726423103302159e-02,5.052478170428634785e-01,-1.319874220937342947e-02,1.957499999999999574e+00,-2.222902843411685495e-02,-2.348999999999999755e+00,2.450587630939858944e-02,0.000000000000000000e+00,-6.749999999999999112e+00,0.000000000000000000e+00,0.000000000000000000e+00,0.000000000000000000e+00,0.000000000000000000e+00,0.000000000000000000e+00,0.000000000000000000e+00,0.000000000000000000e+00,0.000000000000000000e+00,0.000000000000000000e+00,0.000000000000000000e+00,0.000000000000000000e+00,0.000000000000000000e+00
8.049758949616532266e-01,4.794232612431156837e-03,1.036182932573417093e+00,-1.304902201430280413e-02,-5.623424196513344686e-01,1.182908246286285686e-02,1.864837703581584183e+00,-2.173681131487321255e-02,4.762726423103302159e-02,4.985113116962308633e-01,-1.319874220937342947e-02,1.957499999999999574e+00,-2.222902843411685495e-02,-2.348999999999999755e+00,2.450587630939858944e-02,0.000000000000000000e+00,-6.749999999999999112e+00,0.000000000000000000e+00,0.000000000000000000e+00,0.000000000000000000e+00,0.000000000000000000e+00,0.000000000000000000e+00,0.000000000000000000e+00,0.000000000000000000e+00,0.000000000000000000e+00,0.000000000000000000e+00,0.000000000000000000e+00,0.000000000000000000e+00,0.000000000000000000e+00
8.059738957537470050e-01,4.794232612431156837e-03,1.036677080719635047e+00,-1.304902201430280413e-02,-5.603888331008110013e-01,1.182908246286285686e-02,1.862493399720956067e+00,-2.173681131487321255e-02,4.762726423103302159e-02,4.917748063495979149e-01,-1.319874220937342947e-02,1.957499999999999574e+00,-2.222902843411685495e-02,-2.348999999999999755e+00,2.450587630939858944e-02,0.000000000000000000e+00,-6.749999999999999112e+00,0.000000000000000000e+00,0.000000000000000000e+00,0.000000000000000000e+00,0.000000000000000000e+00,0.000000000000000000e+00,0.000000000000000000e+00,0.000000000000000000e+00,0.000000000000000000e+00,0.000000000000000000e+00,0.000000000000000000e+00,0.000000000000000000e+00,0.000000000000000000e+00
8.069718965458407833e-01,4.794232612431156837e-03,1.037164505855159735e+00,-1.304902201430280413e-02,-5.584352465502876450e-01,1.182908246286285686e-02,1.860149095860327728e+00,-2.173681131487321255e-02,4.762726423103302159e-02,4.850383010029652997e-01,-1.319874220937342947e-02,1.957499999999999574e+00,-2.222902843411685495e-02,-2.348999999999999755e+00,2.450587630939858944e-02,0.000000000000000000e+00,-6.749999999999999112e+00,0.000000000000000000e+00,0.000000000000000000e+00,0.000000000000000000e+00,0.000000000000000000e+00,0.000000000000000000e+00,0.000000000000000000e+00,0.000000000000000000e+00,0.000000000000000000e+00,0.000000000000000000e+00,0.000000000000000000e+00,0.000000000000000000e+00,0.000000000000000000e+00
8.079698973379345617e-01,4.794232612431156837e-03,1.037645207979991158e+00,-1.304902201430280413e-02,-5.564816599997640667e-01,1.182908246286285686e-02,1.857804791999699390e+00,-2.173681131487321255e-02,4.762726423103302159e-02,4.783017956563323514e-01,-1.319874220937342947e-02,1.957499999999999574e+00,-2.222902843411685495e-02,-2.348999999999999755e+00,2.450587630939858944e-02,0.000000000000000000e+00,-6.749999999999999112e+00,0.000000000000000000e+00,0.000000000000000000e+00,0.000000000000000000e+00,0.000000000000000000e+00,0.000000000000000000e+00,0.000000000000000000e+00,0.000000000000000000e+00,0.000000000000000000e+00,0.000000000000000000e+00,0.000000000000000000e+00,0.000000000000000000e+00,0.000000000000000000e+00
8.089678981300283400e-01,4.794232612431156837e-03,1.038119187094129092e+00,-1.304902201430280413e-02,-5.545280734492407104e-01,1.182908246286285686e-02,1.855460488139071051e+00,-2.173681131487321255e-02,4.762726423103302159e-02,4.715652903096997361e-01,-1.319874220937342947e-02,1.957499999999999574e+00,-2.222902843411685495e-02,-2.348999999999999755e+00,2.450587630939858944e-02,0.000000000000000000e+00,-6.749999999999999112e+00,0.000000000000000000e+00,0.000000000000000000e+00,0.000000000000000000e+00,0.000000000000000000e+00,0.000000000000000000e+00,0.000000000000000000e+00,0.000000000000000000e+00,0.000000000000000000e+00,0.000000000000000000e+00,0.000000000000000000e+00,0.000000000000000000e+00,0.000000000000000000e+00
8.099658989221221184e-01,4.794232612431156837e-03,1.038586443197573983e+00,-1.304902201430280413e-02,-5.525744868987171321e-01,1.182908246286285686e-02,1.853116184278442935e+00,-2.173681131487321255e-02,4.762726423103302159e-02,4.648287849630667323e-01,-1.319874220937342947e-02,1.957499999999999574e+00,-2.222902843411685495e-02,-2.348999999999999755e+00,2.450587630939858944e-02,0.000000000000000000e+00,-6.749999999999999112e+00,0.000000000000000000e+00,0.000000000000000000e+00,0.000000000000000000e+00,0.000000000000000000e+00,0.000000000000000000e+00,0.000000000000000000e+00,0.000000000000000000e+00,0.000000000000000000e+00,0.000000000000000000e+00,0.000000000000000000e+00,0.000000000000000000e+00,0.000000000000000000e+00
8.109638997142157857e-01,4.794232612431156837e-03,1.039046976290325386e+00,-1.304902201430280413e-02,-5.506209003481937758e-01,1.182908246286285686e-02,1.850771880417814819e+00,-2.173681131487321255e-02,4.762726423103302159e-02,4.580922796164341726e-01,-1.319874220937342947e-02,1.957499999999999574e+00,-2.222902843411685495e-02,-2.348999999999999755e+00,2.450587630939858944e-02,0.000000000000000000e+00,-6.749999999999999112e+00,0.000000000000000000e+00,0.000000000000000000e+00,0.000000000000000000e+00,0.000000000000000000e+00,0.000000000000000000e+00,0.000000000000000000e+00,0.000000000000000000e+00,0.000000000000000000e+00,0.000000000000000000e+00,0.000000000000000000e+00,0.000000000000000000e+00,0.000000000000000000e+00
8.119619005063095640e-01,4.794232612431156837e-03,1.039500786372383745e+00,-1.304902201430280413e-02,-5.486673137976701975e-01,1.182908246286285686e-02,1.848427576557186258e+00,-2.173681131487321255e-02,4.762726423103302159e-02,4.513557742698011688e-01,-1.319874220937342947e-02,1.957499999999999574e+00,-2.222902843411685495e-02,-2.348999999999999755e+00,2.450587630939858944e-02,0.000000000000000000e+00,-6.749999999999999112e+00,0.000000000000000000e+00,0.000000000000000000e+00,0.000000000000000000e+00,0.000000000000000000e+00,0.000000000000000000e+00,0.000000000000000000e+00,0.000000000000000000e+00,0.000000000000000000e+00,0.000000000000000000e+00,0.000000000000000000e+00,0.000000000000000000e+00,0.000000000000000000e+00
8.129599012984032314e-01,4.794232612431156837e-03,1.039947873443748838e+00,-1.304902201430280413e-02,-5.467137272471468412e-01,1.182908246286285686e-02,1.846083272696558142e+00,-2.173681131487321255e-02,4.762726423103302159e-02,4.446192689231685535e-01,-1.319874220937342947e-02,1.957499999999999574e+00,-2.222902843411685495e-02,-2.348999999999999755e+00,2.450587630939858944e-02,0.000000000000000000e+00,-6.749999999999999112e+00,0.000000000000000000e+00,0.000000000000000000e+00,0.000000000000000000e+00,0.000000000000000000e+00,0.000000000000000000e+00,0.000000000000000000e+00,0.000000000000000000e+00,0.000000000000000000e+00,0.000000000000000000e+00,0.000000000000000000e+00,0.000000000000000000e+00,0.000000000000000000e+00
8.139579020904970097e-01,4.794232612431156837e-03,1.040388237504420665e+00,-1.304902201430280413e-02,-5.447601406966233739e-01,1.182908246286285686e-02,1.843738968835929803e+00,-2.173681131487321255e-02,4.762726423103302159e-02,4.378827635765356052e-01,-1.319874220937342947e-02,1.957499999999999574e+00,-2.222902843411685495e-02,-2.348999999999999755e+00,2.450587630939858944e-02,0.000000000000000000e+00,-6.749999999999999112e+00,0.000000000000000000e+00,0.000000000000000000e+00,0.000000000000000000e+00,0.000000000000000000e+00,0.000000000000000000e+00,0.000000000000000000e+00,0.000000000000000000e+00,0.000000000000000000e+00,0.000000000000000000e+00,0.000000000000000000e+00,0.000000000000000000e+00,0.000000000000000000e+00
8.149559028825907880e-01,4.794232612431156837e-03,1.040821878554399005e+00,-1.304902201430280413e-02,-5.428065541460999066e-01,1.182908246286285686e-02,1.841394664975301687e+00,-2.173681131487321255e-02,4.762726423103302159e-02,4.311462582299029900e-01,-1.319874220937342947e-02,1.957499999999999574e+00,-2.222902843411685495e-02,-2.348999999999999755e+00,2.450587630939858944e-02,0.000000000000000000e+00,-6.749999999999999112e+00,0.000000000000000000e+00,0.000000000000000000e+00,0.000000000000000000e+00,0.000000000000000000e+00,0.000000000000000000e+00,0.000000000000000000e+00,0.000000000000000000e+00,0.000000000000000000e+00,0.000000000000000000e+00,0.000000000000000000e+00,0.000000000000000000e+00,0.000000000000000000e+00
8.159539036746845664e-01,4.794232612431156837e-03,1.041248796593684300e+00,-1.304902201430280413e-02,-5.408529675955764393e-01,1.182908246286285686e-02,1.839050361114673349e+00,-2.173681131487321255e-02,4.762726423103302159e-02,4.244097528832700417e-01,-1.319874220937342947e-02,1.957499999999999574e+00,-2.222902843411685495e-02,-2.348999999999999755e+00,2.450587630939858944e-02,0.000000000000000000e+00,-6.749999999999999112e+00,0.000000000000000000e+00,0.000000000000000000e+00,0.000000000000000000e+00,0.000000000000000000e+00,0.000000000000000000e+00,0.000000000000000000e+00,0.000000000000000000e+00,0.000000000000000000e+00,0.000000000000000000e+00,0.000000000000000000e+00,0.000000000000000000e+00,0.000000000000000000e+00
8.169519044667783447e-01,4.794232612431156837e-03,1.041668991622276330e+00,-1.304902201430280413e-02,-5.388993810450529720e-01,1.182908246286285686e-02,1.836706057254045010e+00,-2.173681131487321255e-02,4.762726423103302159e-02,4.176732475366374264e-01,-1.319874220937342947e-02,1.957499999999999574e+00,-2.222902843411685495e-02,-2.348999999999999755e+00,2.450587630939858944e-02,0.000000000000000000e+00,-6.749999999999999112e+00,0.000000000000000000e+00,0.000000000000000000e+00,0.000000000000000000e+00,0.000000000000000000e+00,0.000000000000000000e+00,0.000000000000000000e+00,0.000000000000000000e+00,0.000000000000000000e+00,0.000000000000000000e+00,0.000000000000000000e+00,0.000000000000000000e+00,0.000000000000000000e+00
8.179499052588721231e-01,4.794232612431156837e-03,1.042082463640174872e+00,-1.304902201430280413e-02,-5.369457944945295047e-01,1.182908246286285686e-02,1.834361753393416894e+00,-2.173681131487321255e-02,4.762726423103302159e-02,4.109367421900044226e-01,-1.319874220937342947e-02,1.957499999999999574e+00,-2.222902843411685495e-02,-2.348999999999999755e+00,2.450587630939858944e-02,0.000000000000000000e+00,-6.749999999999999112e+00,0.000000000000000000e+00,0.000000000000000000e+00,0.000000000000000000e+00,0.000000000000000000e+00,0.000000000000000000e+00,0.000000000000000000e+00,0.000000000000000000e+00,0.000000000000000000e+00,0.000000000000000000e+00,0.000000000000000000e+00,0.000000000000000000e+00,0.000000000000000000e+00
8.189479060509657904e-01,4.794232612431156837e-03,1.042489212647380592e+00,-1.304902201430280413e-02,-5.349922079440060374e-01,1.182908246286285686e-02,1.832017449532788556e+00,-2.173681131487321255e-02,4.762726423103302159e-02,4.042002368433718629e-01,-1.319874220937342947e-02,1.957499999999999574e+00,-2.222902843411685495e-02,-2.348999999999999755e+00,2.450587630939858944e-02,0.000000000000000000e+00,-6.749999999999999112e+00,0.000000000000000000e+00,0.000000000000000000e+00,0.000000000000000000e+00,0.000000000000000000e+00,0.000000000000000000e+00,0.000000000000000000e+00,0.000000000000000000e+00,0.000000000000000000e+00,0.000000000000000000e+00,0.000000000000000000e+00,0.000000000000000000e+00,0.000000000000000000e+00
8.199459068430595687e-01,4.794232612431156837e-03,1.042889238643892602e+00,-1.304902201430280413e-02,-5.330386213934825701e-01,1.182908246286285686e-02,1.829673145672160217e+00,-2.173681131487321255e-02,4.762726423103302159e-02,3.974637314967388591e-01,-1.319874220937342947e-02,1.957499999999999574e+00,-2.222902843411685495e-02,-2.348999999999999755e+00,2.450587630939858944e-02,0.000000000000000000e+00,-6.749999999999999112e+00,0.000000000000000000e+00,0.000000000000000000e+00,0.000000000000000000e+00,0.000000000000000000e+00,0.000000000000000000e+00,0.000000000000000000e+00,0.000000000000000000e+00,0.000000000000000000e+00,0.000000000000000000e+00,0.000000000000000000e+00,0.000000000000000000e+00,0.000000000000000000e+00
8.209439076351533471e-01,4.794232612431156837e-03,1.043282541629711346e+00,-1.304902201430280413e-02,-5.310850348429589918e-01,1.182908246286285686e-02,1.827328841811531879e+00,-2.173681131487321255e-02,4.762726423103302159e-02,3.907272261501059107e-01,-1.319874220937342947e-02,1.957499999999999574e+00,-2.222902843411685495e-02,-2.348999999999999755e+00,2.450587630939858944e-02,0.000000000000000000e+00,-6.749999999999999112e+00,0.000000000000000000e+00,0.000000000000000000e+00,0.000000000000000000e+00,0.000000000000000000e+00,0.000000000000000000e+00,0.000000000000000000e+00,0.000000000000000000e+00,0.000000000000000000e+00,0.000000000000000000e+00,0.000000000000000000e+00,0.000000000000000000e+00,0.000000000000000000e+00
8.219419084272470144e-01,4.794232612431156837e-03,1.043669121604837047e+00,-1.304902201430280413e-02,-5.291314482924356355e-01,1.182908246286285686e-02,1.824984537950903762e+00,-2.173681131487321255e-02,4.762726423103302159e-02,3.839907208034732955e-01,-1.319874220937342947e-02,1.957499999999999574e+00,-2.222902843411685495e-02,-2.348999999999999755e+00,2.450587630939858944e-02,0.000000000000000000e+00,-6.749999999999999112e+00,0.000000000000000000e+00,0.000000000000000000e+00,0.000000000000000000e+00,0.000000000000000000e+00,0.000000000000000000e+00,0.000000000000000000e+00,0.000000000000000000e+00,0.000000000000000000e+00,0.000000000000000000e+00,0.000000000000000000e+00,0.000000000000000000e+00,0.000000000000000000e+00
8.229399092193407927e-01,4.794232612431156837e-03,1.044048978569269481e+00,-1.304902201430280413e-02,-5.271778617419121682e-01,1.182908246286285686e-02,1.822640234090275424e+00,-2.173681131487321255e-02,4.762726423103302159e-02,3.772542154568402917e-01,-1.319874220937342947e-02,1.957499999999999574e+00,-2.222902843411685495e-02,-2.348999999999999755e+00,2.450587630939858944e-02,0.000000000000000000e+00,-6.749999999999999112e+00,0.000000000000000000e+00,0.000000000000000000e+00,0.000000000000000000e+00,0.000000000000000000e+00,0.000000000000000000e+00,0.000000000000000000e+00,0.000000000000000000e+00,0.000000000000000000e+00,-5.146380776853039407e+01,0.000000000000000000e+00,0.000000000000000000e+00,0.000000000000000000e+00
8.239379100114345711e-01,4.794232612431156837e-03,1.044422112523008650e+00,-1.304902201430280413e-02,-5.252242923116956508e-01,1.182908246286285686e-02,1.820295930229647086e+00,-2.173681131487321255e-02,4.762726423103302159e-02,3.705177101102077319e-01,-1.319874220937342947e-02,1.957448639079082398e+00,-2.222902843411685495e-02,-2.348999999999999755e+00,2.450587630939858944e-02,0.000000000000000000e+00,-6.749999999999999112e+00,0.000000000000000000e+00,-1.027218418343105594e-01,0.000000000000000000e+00,0.000000000000000000e+00,0.000000000000000000e+00,0.000000000000000000e+00,0.000000000000000000e+00,0.000000000000000000e+00,-3.639638077685301027e+02,0.000000000000000000e+00,0.000000000000000000e+00,0.000000000000000000e+00
8.249359108035283494e-01,4.794232612431156837e-03,1.044788523466054553e+00,-1.304902201430280413e-02,-5.232709111919248146e-01,1.182908246286285686e-02,1.817951626369018747e+00,-2.173681131487321255e-02,4.762726423103302159e-02,3.637812047635747281e-01,-1.319874220937342947e-02,1.957035291494660267e+00,-2.222902843411685495e-02,-2.348999999999999755e+00,2.450587630939858944e-02,0.000000000000000000e+00,-6.749999999999999112e+00,0.000000000000000000e+00,-7.264723368929214553e-01,0.000000000000000000e+00,0.000000000000000000e+00,0.000000000000000000e+00,0.000000000000000000e+00,0.000000000000000000e+00,0.000000000000000000e+00,-6.249999999999820375e+02,0.000000000000000000e+00,0.000000000000000000e+00,0.000000000000000000e+00
8.259339115956221278e-01,4.794232612431156837e-03,1.045148211398406968e+00,-1.304902201430280413e-02,-5.213182527959761003e-01,1.182908246286285686e-02,1.815607322508390631e+00,-2.173681131487321255e-02,4.762726423103302159e-02,3.570446994169421129e-01,-1.319874220937342947e-02,1.955999442920120845e+00,-2.222902843411685495e-02,-2.348999999999999755e+00,2.450587630939858944e-02,0.000000000000000000e+00,-6.749999999999999112e+00,0.000000000000000000e+00,-1.350222831951497726e+00,0.000000000000000000e+00,0.000000000000000000e+00,0.000000000000000000e+00,0.000000000000000000e+00,0.000000000000000000e+00,0.000000000000000000e+00,-6.249999999999820375e+02,0.000000000000000000e+00,0.000000000000000000e+00,0.000000000000000000e+00
8.269319123877159061e-01,4.794232612431156837e-03,1.045501176320066117e+00,-1.304902201430280413e-02,-5.193669383753345414e-01,1.182908246286285686e-02,1.813263018647762514e+00,-2.173681131487321255e-02,4.762726423103302159e-02,3.503081940703091646e-01,-1.319874220937342947e-02,1.954341093355464354e+00,-2.222902843411685495e-02,-2.348999999999999755e+00,2.450587630939858944e-02,0.000000000000000000e+00,-6.749999999999999112e+00,0.000000000000000000e+00,-1.973973327010108525e+00,0.000000000000000000e+00,0.000000000000000000e+00,0.000000000000000000e+00,0.000000000000000000e+00,0.000000000000000000e+00,0.000000000000000000e+00,-6.250000000000169393e+02,0.000000000000000000e+00,0.000000000000000000e+00,0.000000000000000000e+00
8.279299131798095734e-01,4.794232612431156837e-03,1.045847418231032222e+00,-1.304902201430280413e-02,-5.174175891814853934e-01,1.182908246286285686e-02,1.810918714787134176e+00,-2.173681131487321255e-02,4.762726423103302159e-02,3.435716887236765493e-01,-1.319874220937342947e-02,1.952060242800690570e+00,-2.222902843411685495e-02,-2.348999999999999755e+00,2.450587630939858944e-02,0.000000000000000000e+00,-6.749999999999999112e+00,0.000000000000000000e+00,-2.597723822068684907e+00,0.000000000000000000e+00,0.000000000000000000e+00,0.000000000000000000e+00,0.000000000000000000e+00,0.000000000000000000e+00,0.000000000000000000e+00,-6.250000000000168257e+02,0.000000000000000000e+00,0.000000000000000000e+00,0.000000000000000000e+00
8.289279139719033518e-01,4.794232612431156837e-03,1.046186937131305061e+00,-1.304902201430280413e-02,-5.154708264659138006e-01,1.182908246286285686e-02,1.808574410926505838e+00,-2.173681131487321255e-02,4.762726423103302159e-02,3.368351833770436010e-01,-1.319874220937342947e-02,1.949156891255799717e+00,-2.222902843411685495e-02,-2.348999999999999755e+00,2.450587630939858944e-02,0.000000000000000000e+00,-6.749999999999999112e+00,0.000000000000000000e+00,-3.221474317127295706e+00,0.000000000000000000e+00,0.000000000000000000e+00,0.000000000000000000e+00,0.000000000000000000e+00,0.000000000000000000e+00,0.000000000000000000e+00,-6.250000000000168257e+02,0.000000000000000000e+00,0.000000000000000000e+00,0.000000000000000000e+00
8.299259147639970191e-01,4.794232612431156837e-03,1.046519733020884635e+00,-1.304902201430280413e-02,-5.135272714801052407e-01,1.182908246286285686e-02,1.806230107065877721e+00,-2.173681131487321255e-02,4.762726423103302159e-02,3.300986780304109858e-01,-1.319874220937342947e-02,1.945631038720791572e+00,-2.222902843411685495e-02,-2.348999999999999755e+00,2.450587630939858944e-02,0.000000000000000000e+00,-6.749999999999999112e+00,0.000000000000000000e+00,-3.845224812185871865e+00,0.000000000000000000e+00,0.000000000000000000e+00,0.000000000000000000e+00,0.000000000000000000e+00,0.000000000000000000e+00,0.000000000000000000e+00,-6.250000000000165983e+02,0.000000000000000000e+00,0.000000000000000000e+00,0.000000000000000000e+00
8.309239155560907975e-01,4.794232612431156837e-03,1.046845805899770943e+00,-1.304902201430280413e-02,-5.115875454755444141e-01,1.182908246286285686e-02,1.803885803205249383e+00,-2.173681131487321255e-02,4.762726423103302159e-02,3.233621726837779820e-01,-1.319874220937342947e-02,1.941482685195666358e+00,-2.222902843411685495e-02,-2.348999999999999755e+00,2.450587630939858944e-02,0.000000000000000000e+00,-6.749999999999999112e+00,0.000000000000000000e+00,-4.468975307244482664e+00,0.000000000000000000e+00,0.000000000000000000e+00,0.000000000000000000e+00,0.000000000000000000e+00,0.000000000000000000e+00,0.000000000000000000e+00,-6.249999999999820375e+02,0.000000000000000000e+00,0.000000000000000000e+00,0.000000000000000000e+00
8.319219163481845758e-01,4.794232612431156837e-03,1.047165155767963984e+00,-1.304902201430280413e-02,-5.096522697037167982e-01,1.182908246286285686e-02,1.801541499344621045e+00,-2.173681131487321255e-02,4.762726423103302159e-02,3.166256673371454222e-01,-1.319874220937342947e-02,1.936711830680424073e+00,-2.222902843411685495e-02,-2.348999999999999755e+00,2.450587630939858944e-02,0.000000000000000000e+00,-6.749999999999999112e+00,0.000000000000000000e+00,-5.092725802303059268e+00,0.000000000000000000e+00,0.000000000000000000e+00,0.000000000000000000e+00,0.000000000000000000e+00,0.000000000000000000e+00,0.000000000000000000e+00,-6.249999999999818101e+02,0.000000000000000000e+00,0.000000000000000000e+00,0.000000000000000000e+00
8.329199171402783541e-01,4.794232612431156837e-03,1.047477782625463538e+00,-1.304902201430280413e-02,-5.077220654161074265e-01,1.182908246286285686e-02,1.799197195483992706e+00,-2.173681131487321255e-02,4.762726423103302159e-02,3.098891619905124184e-01,-1.319874220937342947e-02,1.931318475175064275e+00,-2.222902843411685495e-02,-2.348999999999999755e+00,2.450587630939858944e-02,0.000000000000000000e+00,-6.749999999999999112e+00,0.000000000000000000e+00,-5.716476297361669623e+00,0.000000000000000000e+00,0.000000000000000000e+00,0.000000000000000000e+00,0.000000000000000000e+00,0.000000000000000000e+00,0.000000000000000000e+00,-6.249999999999822649e+02,0.000000000000000000e+00,0.000000000000000000e+00,0.000000000000000000e+00
8.339179179323721325e-01,4.794232612431156837e-03,1.047783686472270048e+00,-1.304902201430280413e-02,-5.057975538642015545e-01,1.182908246286285686e-02,1.796852891623364590e+00,-2.173681131487321255e-02,4.762726423103302159e-02,3.031526566438798032e-01,-1.319874220937342947e-02,1.925302618679587630e+00,-2.222902843411685495e-02,-2.348999999999999755e+00,2.450587630939858944e-02,0.000000000000000000e+00,-6.749999999999999112e+00,0.000000000000000000e+00,-6.340226792420246227e+00,0.000000000000000000e+00,0.000000000000000000e+00,0.000000000000000000e+00,0.000000000000000000e+00,0.000000000000000000e+00,0.000000000000000000e+00,-6.249999999999822649e+02,0.000000000000000000e+00,0.000000000000000000e+00,0.000000000000000000e+00
8.349159187244659108e-01,4.794232612431156837e-03,1.048082867308383292e+00,-1.304902201430280413e-02,-5.038793562994843267e-01,1.182908246286285686e-02,1.794508587762736251e+00,-2.173681131487321255e-02,4.762726423103302159e-02,2.964161512972468548e-01,-1.319874220937342947e-02,1.918664261193993470e+00,-2.222902843411685495e-02,-2.348999999999999755e+00,2.450587630939858944e-02,0.000000000000000000e+00,-6.749999999999999112e+00,0.000000000000000000e+00,-6.963977287478857470e+00,0.000000000000000000e+00,0.000000000000000000e+00,0.000000000000000000e+00,0.000000000000000000e+00,0.000000000000000000e+00,0.000000000000000000e+00,-6.250000000000168257e+02,0.000000000000000000e+00,0.000000000000000000e+00,0.000000000000000000e+00
8.359139195165595781e-01,4.794232612431156837e-03,1.048375325133803049e+00,-1.304902201430280413e-02,-5.019680939734408875e-01,1.182908246286285686e-02,1.792164283902107913e+00,-2.173681131487321255e-02,4.762726423103302159e-02,2.896796459506142396e-01,-1.319874220937342947e-02,1.911403402718282463e+00,-2.222902843411685495e-02,-2.348999999999999755e+00,2.450587630939858944e-02,0.000000000000000000e+00,-6.749999999999999112e+00,0.000000000000000000e+00,-7.587727782537433185e+00,0.000000000000000000e+00,0.000000000000000000e+00,0.000000000000000000e+00,0.000000000000000000e+00,0.000000000000000000e+00,0.000000000000000000e+00,-6.250000000000159162e+02,0.000000000000000000e+00,0.000000000000000000e+00,0.000000000000000000e+00
8.369119203086533565e-01,4.794232612431156837e-03,1.048661059948529761e+00,-1.304902201430280413e-02,-5.000643881375563815e-01,1.182908246286285686e-02,1.789819980041479575e+00,-2.173681131487321255e-02,4.762726423103302159e-02,2.829431406039812913e-01,-1.319874220937342947e-02,1.903520043252453720e+00,-2.222902843411685495e-02,-2.348999999999999755e+00,2.450587630939858944e-02,0.000000000000000000e+00,-6.749999999999999112e+00,0.000000000000000000e+00,-8.211478277596043540e+00,0.000000000000000000e+00,0.000000000000000000e+00,0.000000000000000000e+00,0.000000000000000000e+00,0.000000000000000000e+00,0.000000000000000000e+00,-6.250000000000168257e+02,0.000000000000000000e+00,0.000000000000000000e+00,0.000000000000000000e+00
8.379099211007470238e-01,4.794232612431156837e-03,1.048940071752562986e+00,-1.304902201430280413e-02,-4.981688600433162306e-01,1.182908246286285686e-02,1.787475676180851458e+00,-2.173681131487321255e-02,4.762726423103302159e-02,2.762066352573486760e-01,-1.319874220937342947e-02,1.895014182796508351e+00,-2.222902843411685495e-02,-2.348999999999999755e+00,2.450587630939858944e-02,0.000000000000000000e+00,-6.749999999999999112e+00,0.000000000000000000e+00,-8.835228772654620144e+00,0.000000000000000000e+00,0.000000000000000000e+00,0.000000000000000000e+00,0.000000000000000000e+00,0.000000000000000000e+00,0.000000000000000000e+00,-6.250000000000163709e+02,0.000000000000000000e+00,0.000000000000000000e+00,0.000000000000000000e+00
8.389079218928408022e-01,4.794232612431156837e-03,1.049212360545903389e+00,-1.304902201430280413e-02,-4.962821309422052463e-01,1.182908246286285686e-02,1.785131372320223342e+00,-2.173681131487321255e-02,4.762726423103302159e-02,2.694701299107156722e-01,-1.319874220937342947e-02,1.885885821350445468e+00,-2.222902843411685495e-02,-2.348999999999999755e+00,2.450587630939858944e-02,0.000000000000000000e+00,-6.749999999999999112e+00,0.000000000000000000e+00,-9.458979267713230499e+00,0.000000000000000000e+00,0.000000000000000000e+00,0.000000000000000000e+00,0.000000000000000000e+00,0.000000000000000000e+00,0.000000000000000000e+00,-6.249999999999818101e+02,0.000000000000000000e+00,0.000000000000000000e+00,0.000000000000000000e+00
8.399059226849345805e-01,4.794232612431156837e-03,1.049477926328550303e+00,-1.304902201430280413e-02,-4.944048220857089615e-01,1.182908246286285686e-02,1.782787068459595003e+00,-2.173681131487321255e-02,4.762726423103302159e-02,2.627336245640831125e-01,-1.319874220937342947e-02,1.876134958914265738e+00,-2.222902843411685495e-02,-2.348999999999999755e+00,2.450587630939858944e-02,0.000000000000000000e+00,-6.749999999999999112e+00,0.000000000000000000e+00,-1.008272976277180710e+01,0.000000000000000000e+00,0.000000000000000000e+00,0.000000000000000000e+00,0.000000000000000000e+00,0.000000000000000000e+00,0.000000000000000000e+00,-6.249999999999818101e+02,0.000000000000000000e+00,0.000000000000000000e+00,0.000000000000000000e+00
8.409039234770283588e-01,4.794232612431156837e-03,1.049736769100503730e+00,-1.304902201430280413e-02,-4.925375547253123543e-01,1.182908246286285686e-02,1.780442764598966665e+00,-2.173681131487321255e-02,4.762726423103302159e-02,2.559971192174501087e-01,-1.319874220937342947e-02,1.865761595487968272e+00,-2.222902843411685495e-02,-2.348999999999999755e+00,2.450587630939858944e-02,0.000000000000000000e+00,-6.749999999999999112e+00,0.000000000000000000e+00,-1.070648025783041746e+01,0.000000000000000000e+00,0.000000000000000000e+00,0.000000000000000000e+00,0.000000000000000000e+00,0.000000000000000000e+00,0.000000000000000000e+00,-5.848042639221202990e+02,0.000000000000000000e+00,0.000000000000000000e+00,0.000000000000000000e+00
8.419019242691221372e-01,4.794232612431156837e-03,1.049988888861764114e+00,-1.304902201430280413e-02,-4.906809367407085065e-01,1.182908246286285686e-02,1.778098460738338549e+00,-2.173681131487321255e-02,4.762726423103302159e-02,2.492606138708174934e-01,-1.319874220937342947e-02,1.854805846447998841e+00,-2.222902843411685495e-02,-2.348999999999999755e+00,2.450587630939858944e-02,0.000000000000000000e+00,-6.749999999999999112e+00,0.000000000000000000e+00,-1.124999999999999822e+01,0.000000000000000000e+00,0.000000000000000000e+00,0.000000000000000000e+00,0.000000000000000000e+00,0.000000000000000000e+00,0.000000000000000000e+00,-2.723042639221212085e+02,0.000000000000000000e+00,0.000000000000000000e+00,0.000000000000000000e+00
8.428999250612159155e-01,4.794232612431156837e-03,1.050234285612331009e+00,-1.304902201430280413e-02,-4.888354331873029923e-01,1.182908246286285686e-02,1.775754156877710210e+00,-2.173681131487321255e-02,4.762726423103302159e-02,2.425241085241844896e-01,-1.319874220937342947e-02,1.843578337536943890e+00,-2.222902843411685495e-02,-2.348999999999999755e+00,2.450587630939858944e-02,0.000000000000000000e+00,-6.749999999999999112e+00,0.000000000000000000e+00,-1.124999999999999822e+01,0.000000000000000000e+00,0.000000000000000000e+00,0.000000000000000000e+00,0.000000000000000000e+00,0.000000000000000000e+00,0.000000000000000000e+00,0.000000000000000000e+00,0.000000000000000000e+00,0.000000000000000000e+00,0.000000000000000000e+00
8.438979258533095829e-01,4.794232612431156837e-03,1.050472959352204860e+00,-1.304902201430280413e-02,-4.870011346517197359e-01,1.182908246286285686e-02,1.773409853017081872e+00,-2.173681131487321255e-02,4.762726423103302159e-02,2.357876031775518744e-01,-1.319874220937342947e-02,1.832350828625889605e+00,-2.222902843411685495e-02,-2.348999999999999755e+00,2.450587630939858944e-02,0.000000000000000000e+00,-6.749999999999999112e+00,0.000000000000000000e+00,-1.124999999999999822e+01,0.000000000000000000e+00,0.000000000000000000e+00,0.000000000000000000e+00,0.000000000000000000e+00,0.000000000000000000e+00,0.000000000000000000e+00,0.000000000000000000e+00,0.000000000000000000e+00,0.000000000000000000e+00,0.000000000000000000e+00
8.448959266454033612e-01,4.794232612431156837e-03,1.050704910081385446e+00,-1.304902201430280413e-02,-4.851780411339585153e-01,1.182908246286285686e-02,1.771065549156453534e+00,-2.173681131487321255e-02,4.762726423103302159e-02,2.290510978309188705e-01,-1.319874220937342947e-02,1.821123319714834654e+00,-2.222902843411685495e-02,-2.348999999999999755e+00,2.450587630939858944e-02,0.000000000000000000e+00,-6.749999999999999112e+00,0.000000000000000000e+00,-1.124999999999999822e+01,0.000000000000000000e+00,0.000000000000000000e+00,0.000000000000000000e+00,0.000000000000000000e+00,0.000000000000000000e+00,0.000000000000000000e+00,0.000000000000000000e+00,0.000000000000000000e+00,0.000000000000000000e+00,0.000000000000000000e+00
8.458939274374970285e-01,4.794232612431156837e-03,1.050930137799872766e+00,-1.304902201430280413e-02,-4.833661526340194969e-01,1.182908246286285686e-02,1.768721245295825417e+00,-2.173681131487321255e-02,4.762726423103302159e-02,2.223145924842862275e-01,-1.319874220937342947e-02,1.809895810803780369e+00,-2.222902843411685495e-02,-2.348999999999999755e+00,2.450587630939858944e-02,0.000000000000000000e+00,-6.749999999999999112e+00,0.000000000000000000e+00,-1.124999999999999822e+01,0.000000000000000000e+00,0.000000000000000000e+00,0.000000000000000000e+00,0.000000000000000000e+00,0.000000000000000000e+00,0.000000000000000000e+00,0.000000000000000000e+00,0.000000000000000000e+00,0.000000000000000000e+00,0.000000000000000000e+00
8.468919282295908069e-01,4.794232612431156837e-03,1.051148642507666819e+00,-1.304902201430280413e-02,-4.815654691519024588e-01,1.182908246286285686e-02,1.766376941435197079e+00,-2.173681131487321255e-02,4.762726423103302159e-02,2.155780871376532237e-01,-1.319874220937342947e-02,1.798668301892725196e+00,-2.222902843411685495e-02,-2.348999999999999755e+00,2.450587630939858944e-02,0.000000000000000000e+00,-6.749999999999999112e+00,0.000000000000000000e+00,-1.124999999999999822e+01,0.000000000000000000e+00,0.000000000000000000e+00,0.000000000000000000e+00,0.000000000000000000e+00,0.000000000000000000e+00,0.000000000000000000e+00,0.000000000000000000e+00,0.000000000000000000e+00,0.000000000000000000e+00,0.000000000000000000e+00
8.478899290216845852e-01,4.794232612431156837e-03,1.051360424204767607e+00,-1.304902201430280413e-02,-4.797759906876075675e-01,1.182908246286285686e-02,1.764032637574568740e+00,-2.173681131487321255e-02,4.762726423103302159e-02,2.088415817910205807e-01,-1.319874220937342947e-02,1.787440792981670912e+00,-2.222902843411685495e-02,-2.348999999999999755e+00,2.450587630939858944e-02,0.000000000000000000e+00,-6.749999999999999112e+00,0.000000000000000000e+00,-1.124999999999999822e+01,0.000000000000000000e+00,0.000000000000000000e+00,0.000000000000000000e+00,0.000000000000000000e+00,0.000000000000000000e+00,0.000000000000000000e+00,0.000000000000000000e+00,0.000000000000000000e+00,0.000000000000000000e+00,0.000000000000000000e+00
8.488879298137783636e-01,4.794232612431156837e-03,1.051565482891174907e+00,-1.304902201430280413e-02,-4.779977172411347675e-01,1.182908246286285686e-02,1.761688333713940402e+00,-2.173681131487321255e-02,4.762726423103302159e-02,2.021050764443875769e-01,-1.319874220937342947e-02,1.776213284070615961e+00,-2.222902843411685495e-02,-2.348999999999999755e+00,2.450587630939858944e-02,0.000000000000000000e+00,-6.749999999999999112e+00,0.000000000000000000e+00,-1.124999999999999822e+01,0.000000000000000000e+00,0.000000000000000000e+00,0.000000000000000000e+00,0.000000000000000000e+00,0.000000000000000000e+00,0.000000000000000000e+00,0.000000000000000000e+00,0.000000000000000000e+00,0.000000000000000000e+00,0.000000000000000000e+00
8.498859306058721419e-01,4.794232612431156837e-03,1.051763818566889164e+00,-1.304902201430280413e-02,-4.762306488124841697e-01,1.182908246286285686e-02,1.759344029853312286e+00,-2.173681131487321255e-02,4.762726423103302159e-02,1.953685710977549617e-01,-1.319874220937342947e-02,1.764985775159561676e+00,-2.222902843411685495e-02,-2.348999999999999755e+00,2.450587630939858944e-02,0.000000000000000000e+00,-6.749999999999999112e+00,0.000000000000000000e+00,-1.124999999999999822e+01,0.000000000000000000e+00,0.000000000000000000e+00,0.000000000000000000e+00,0.000000000000000000e+00,0.000000000000000000e+00,0.000000000000000000e+00,0.000000000000000000e+00,0.000000000000000000e+00,0.000000000000000000e+00,0.000000000000000000e+00
8.508839313979659202e-01,4.794232612431156837e-03,1.051955431231910154e+00,-1.304902201430280413e-02,-4.744747854016556077e-01,1.182908246286285686e-02,1.756999725992684169e+00,-2.173681131487321255e-02,4.762726423103302159e-02,1.886320657511219578e-01,-1.319874220937342947e-02,1.753758266248506725e+00,-2.222902843411685495e-02,-2.348999999999999755e+00,2.450587630939858944e-02,0.000000000000000000e+00,-6.749999999999999112e+00,0.000000000000000000e+00,-1.124999999999999822e+01,0.000000000000000000e+00,0.000000000000000000e+00,0.000000000000000000e+00,0.000000000000000000e+00,0.000000000000000000e+00,0.000000000000000000e+00,0.000000000000000000e+00,0.000000000000000000e+00,0.000000000000000000e+00,0.000000000000000000e+00
8.518819321900595876e-01,4.794232612431156837e-03,1.052140320886237657e+00,-1.304902201430280413e-02,-4.727301270086492480e-01,1.182908246286285686e-02,1.754655422132055831e+00,-2.173681131487321255e-02,4.762726423103302159e-02,1.818955604044893426e-01,-1.319874220937342947e-02,1.742530757337452219e+00,-2.222902843411685495e-02,-2.348999999999999755e+00,2.450587630939858944e-02,0.000000000000000000e+00,-6.749999999999999112e+00,0.000000000000000000e+00,-1.124999999999999822e+01,0.000000000000000000e+00,0.000000000000000000e+00,0.000000000000000000e+00,0.000000000000000000e+00,0.000000000000000000e+00,0.000000000000000000e+00,0.000000000000000000e+00,0.000000000000000000e+00,0.000000000000000000e+00,0.000000000000000000e+00
8.528799329821533659e-01,4.794232612431156837e-03,1.052318487529872115e+00,-1.304902201430280413e-02,-4.709966736334648130e-01,1.182908246286285686e-02,1.752311118271427492e+00,-2.173681131487321255e-02,4.762726423103302159e-02,1.751590550578563388e-01,-1.319874220937342947e-02,1.731303248426397268e+00,-2.222902843411685495e-02,-2.348999999999999755e+00,2.450587630939858944e-02,0.000000000000000000e+00,-6.749999999999999112e+00,0.000000000000000000e+00,-1.124999999999999822e+01,0.000000000000000000e+00,0.000000000000000000e+00,0.000000000000000000e+00,0.000000000000000000e+00,0.000000000000000000e+00,0.000000000000000000e+00,0.000000000000000000e+00,0.000000000000000000e+00,0.000000000000000000e+00,0.000000000000000000e+00
8.538779337742470332e-01,4.794232612431156837e-03,1.052489931162813308e+00,-1.304902201430280413e-02,-4.692744252761025803e-01,1.182908246286285686e-02,1.749966814410799376e+00,-2.173681131487321255e-02,4.762726423103302159e-02,1.684225497112236958e-01,-1.319874220937342947e-02,1.720075739515342983e+00,-2.222902843411685495e-02,-2.348999999999999755e+00,2.450587630939858944e-02,0.000000000000000000e+00,-6.749999999999999112e+00,0.000000000000000000e+00,-1.124999999999999822e+01,0.000000000000000000e+00,0.000000000000000000e+00,0.000000000000000000e+00,0.000000000000000000e+00,0.000000000000000000e+00,0.000000000000000000e+00,0.000000000000000000e+00,0.000000000000000000e+00,0.000000000000000000e+00,0.000000000000000000e+00
8.548759345663408116e-01,4.794232612431156837e-03,1.052654651785061235e+00,-1.304902201430280413e-02,-4.675633819365624388e-01,1.182908246286285686e-02,1.747622510550171038e+00,-2.173681131487321255e-02,4.762726423103302159e-02,1.616860443645906920e-01,-1.319874220937342947e-02,1.708848230604288032e+00,-2.222902843411685495e-02,-2.348999999999999755e+00,2.450587630939858944e-02,0.000000000000000000e+00,-6.749999999999999112e+00,0.000000000000000000e+00,-1.124999999999999822e+01,0.000000000000000000e+00,0.000000000000000000e+00,0.000000000000000000e+00,0.000000000000000000e+00,0.000000000000000000e+00,0.000000000000000000e+00,0.000000000000000000e+00,0.000000000000000000e+00,0.000000000000000000e+00,0.000000000000000000e+00
8.558739353584345899e-01,4.794232612431156837e-03,1.052812649396615896e+00,-1.304902201430280413e-02,-4.658635436148444997e-01,1.182908246286285686e-02,1.745278206689542699e+00,-2.173681131487321255e-02,4.762726423103302159e-02,1.549495390179580490e-01,-1.319874220937342947e-02,1.697620721693233525e+00,-2.222902843411685495e-02,-2.348999999999999755e+00,2.450587630939858944e-02,0.000000000000000000e+00,-6.749999999999999112e+00,0.000000000000000000e+00,-1.124999999999999822e+01,0.000000000000000000e+00,0.000000000000000000e+00,0.000000000000000000e+00,0.000000000000000000e+00,0.000000000000000000e+00,0.000000000000000000e+00,0.000000000000000000e+00,0.000000000000000000e+00,0.000000000000000000e+00,0.000000000000000000e+00
8.568719361505283683e-01,4.794232612431156837e-03,1.052963923997477291e+00,-1.304902201430280413e-02,-4.641749103109485408e-01,1.182908246286285686e-02,1.742933902828914361e+00,-2.173681131487321255e-02,4.762726423103302159e-02,1.482130336713250451e-01,-1.319874220937342947e-02,1.686393212782178574e+00,-2.222902843411685495e-02,-2.348999999999999755e+00,2.450587630939858944e-02,0.000000000000000000e+00,-6.749999999999999112e+00,0.000000000000000000e+00,-1.124999999999999822e+01,0.000000000000000000e+00,0.000000000000000000e+00,0.000000000000000000e+00,0.000000000000000000e+00,0.000000000000000000e+00,0.000000000000000000e+00,0.000000000000000000e+00,0.000000000000000000e+00,0.000000000000000000e+00,0.000000000000000000e+00
8.578699369426221466e-01,4.794232612431156837e-03,1.053108475587645199e+00,-1.304902201430280413e-02,-4.624974820248748397e-01,1.182908246286285686e-02,1.740589598968286245e+00,-2.173681131487321255e-02,4.762726423103302159e-02,1.414765283246924299e-01,-1.319874220937342947e-02,1.675165703871124290e+00,-2.222902843411685495e-02,-2.348999999999999755e+00,2.450587630939858944e-02,0.000000000000000000e+00,-6.749999999999999112e+00,0.000000000000000000e+00,-1.124999999999999822e+01,0.000000000000000000e+00,0.000000000000000000e+00,0.000000000000000000e+00,0.000000000000000000e+00,0.000000000000000000e+00,0.000000000000000000e+00,0.000000000000000000e+00,0.000000000000000000e+00,0.000000000000000000e+00,0.000000000000000000e+00
8.588679377347159249e-01,4.794232612431156837e-03,1.053246304167119840e+00,-1.304902201430280413e-02,-4.608312587566230634e-01,1.182908246286285686e-02,1.738245295107657906e+00,-2.173681131487321255e-02,4.762726423103302159e-02,1.347400229780594261e-01,-1.319874220937342947e-02,1.663938194960069339e+00,-2.222902843411685495e-02,-2.348999999999999755e+00,2.450587630939858944e-02,0.000000000000000000e+00,-6.749999999999999112e+00,0.000000000000000000e+00,-1.124999999999999822e+01,0.000000000000000000e+00,0.000000000000000000e+00,0.000000000000000000e+00,0.000000000000000000e+00,0.000000000000000000e+00,0.000000000000000000e+00,0.000000000000000000e+00,0.000000000000000000e+00,0.000000000000000000e+00,0.000000000000000000e+00
8.598659385268095923e-01,4.794232612431156837e-03,1.053377409735901438e+00,-1.304902201430280413e-02,-4.591762405061935448e-01,1.182908246286285686e-02,1.735900991247029568e+00,-2.173681131487321255e-02,4.762726423103302159e-02,1.280035176314268108e-01,-1.319874220937342947e-02,1.652710686049015054e+00,-2.222902843411685495e-02,-2.348999999999999755e+00,2.450587630939858944e-02,0.000000000000000000e+00,-6.749999999999999112e+00,0.000000000000000000e+00,-1.124999999999999822e+01,0.000000000000000000e+00,0.000000000000000000e+00,0.000000000000000000e+00,0.000000000000000000e+00,0.000000000000000000e+00,0.000000000000000000e+00,0.000000000000000000e+00,0.000000000000000000e+00,0.000000000000000000e+00,0.000000000000000000e+00
8.608639393189033706e-01,4.794232612431156837e-03,1.053501792293989769e+00,-1.304902201430280413e-02,-4.575324272735860065e-01,1.182908246286285686e-02,1.733556687386401229e+00,-2.173681131487321255e-02,4.762726423103302159e-02,1.212670122847937931e-01,-1.319874220937342947e-02,1.641483177137959881e+00,-2.222902843411685495e-02,-2.348999999999999755e+00,2.450587630939858944e-02,0.000000000000000000e+00,-6.749999999999999112e+00,0.000000000000000000e+00,-1.124999999999999822e+01,0.000000000000000000e+00,0.000000000000000000e+00,0.000000000000000000e+00,0.000000000000000000e+00,0.000000000000000000e+00,0.000000000000000000e+00,0.000000000000000000e+00,0.000000000000000000e+00,0.000000000000000000e+00,0.000000000000000000e+00
8.618619401109970379e-01,4.794232612431156837e-03,1.053619451841385057e+00,-1.304902201430280413e-02,-4.558998190588007260e-01,1.182908246286285686e-02,1.731212383525773113e+00,-2.173681131487321255e-02,4.762726423103302159e-02,1.145305069381611640e-01,-1.319874220937342947e-02,1.630255668226905597e+00,-2.222902843411685495e-02,-2.348999999999999755e+00,2.450587630939858944e-02,0.000000000000000000e+00,-6.749999999999999112e+00,0.000000000000000000e+00,-1.124999999999999822e+01,0.000000000000000000e+00,0.000000000000000000e+00,0.000000000000000000e+00,0.000000000000000000e+00,0.000000000000000000e+00,0.000000000000000000e+00,0.000000000000000000e+00,0.000000000000000000e+00,0.000000000000000000e+00,0.000000000000000000e+00
8.628599409030908163e-01,4.794232612431156837e-03,1.053730388378086635e+00,-1.304902201430280413e-02,-4.542784158618374812e-01,1.182908246286285686e-02,1.728868079665144997e+00,-2.173681131487321255e-02,4.762726423103302159e-02,1.077940015915281602e-01,-1.319874220937342947e-02,1.619028159315850646e+00,-2.222902843411685495e-02,-2.348999999999999755e+00,2.450587630939858944e-02,0.000000000000000000e+00,-6.749999999999999112e+00,0.000000000000000000e+00,-1.124999999999999822e+01,0.000000000000000000e+00,0.000000000000000000e+00,0.000000000000000000e+00,0.000000000000000000e+00,0.000000000000000000e+00,0.000000000000000000e+00,0.000000000000000000e+00,0.000000000000000000e+00,0.000000000000000000e+00,0.000000000000000000e+00
8.638579416951845946e-01,4.794232612431156837e-03,1.053834601904095170e+00,-1.304902201430280413e-02,-4.526682176826963278e-01,1.182908246286285686e-02,1.726523775804516436e+00,-2.173681131487321255e-02,4.762726423103302159e-02,1.010574962448951564e-01,-1.319874220937342947e-02,1.607800650404795695e+00,-2.222902843411685495e-02,-2.348999999999999755e+00,2.450587630939858944e-02,0.000000000000000000e+00,-6.749999999999999112e+00,0.000000000000000000e+00,-1.124999999999999822e+01,0.000000000000000000e+00,0.000000000000000000e+00,0.000000000000000000e+00,0.000000000000000000e+00,0.000000000000000000e+00,0.000000000000000000e+00,0.000000000000000000e+00,0.000000000000000000e+00,0.000000000000000000e+00,0.000000000000000000e+00
8.648559424872783730e-01,4.794232612431156837e-03,1.053932092419410438e+00,-1.304902201430280413e-02,-4.510692245213773210e-01,1.182908246286285686e-02,1.724179471943888320e+00,-2.173681131487321255e-02,4.762726423103302159e-02,9.432099089826252725e-02,-1.319874220937342947e-02,1.596573141493741410e+00,-2.222902843411685495e-02,-2.348999999999999755e+00,2.450587630939858944e-02,0.000000000000000000e+00,-6.749999999999999112e+00,0.000000000000000000e+00,-1.124999999999999822e+01,0.000000000000000000e+00,0.000000000000000000e+00,0.000000000000000000e+00,0.000000000000000000e+00,0.000000000000000000e+00,0.000000000000000000e+00,0.000000000000000000e+00,0.000000000000000000e+00,0.000000000000000000e+00,0.000000000000000000e+00
8.658539432793721513e-01,4.794232612431156837e-03,1.054022859924032218e+00,-1.304902201430280413e-02,-4.494814363778802946e-01,1.182908246286285686e-02,1.721835168083259981e+00,-2.173681131487321255e-02,4.762726423103302159e-02,8.758448555162952343e-02,-1.319874220937342947e-02,1.585345632582686237e+00,-2.222902843411685495e-02,-2.348999999999999755e+00,2.450587630939858944e-02,0.000000000000000000e+00,-6.749999999999999112e+00,0.000000000000000000e+00,-1.124999999999999822e+01,0.000000000000000000e+00,0.000000000000000000e+00,0.000000000000000000e+00,0.000000000000000000e+00,0.000000000000000000e+00,0.000000000000000000e+00,0.000000000000000000e+00,0.000000000000000000e+00,0.000000000000000000e+00,0.000000000000000000e+00
8.668519440714659297e-01,4.794232612431156837e-03,1.054106904417961177e+00,-1.304902201430280413e-02,-4.479048532522055259e-01,1.182908246286285686e-02,1.719490864222631865e+00,-2.173681131487321255e-02,4.762726423103302159e-02,8.084798020499689430e-02,-1.319874220937342947e-02,1.574118123671631952e+00,-2.222902843411685495e-02,-2.348999999999999755e+00,2.450587630939858944e-02,0.000000000000000000e+00,-6.749999999999999112e+00,0.000000000000000000e+00,-1.124999999999999822e+01,0.000000000000000000e+00,0.000000000000000000e+00,0.000000000000000000e+00,0.000000000000000000e+00,0.000000000000000000e+00,0.000000000000000000e+00,0.000000000000000000e+00,0.000000000000000000e+00,0.000000000000000000e+00,0.000000000000000000e+00
8.678499448635597080e-01,4.794232612431156837e-03,1.054184225901196426e+00,-1.304902201430280413e-02,-4.463394751443527930e-01,1.182908246286285686e-02,1.717146560362003527e+00,-2.173681131487321255e-02,4.762726423103302159e-02,7.411147485836389048e-02,-1.319874220937342947e-02,1.562890614760577002e+00,-2.222902843411685495e-02,-2.348999999999999755e+00,2.450587630939858944e-02,0.000000000000000000e+00,-6.749999999999999112e+00,0.000000000000000000e+00,-1.124999999999999822e+01,0.000000000000000000e+00,0.000000000000000000e+00,0.000000000000000000e+00,0.000000000000000000e+00,0.000000000000000000e+00,0.000000000000000000e+00,0.000000000000000000e+00,0.000000000000000000e+00,0.000000000000000000e+00,0.000000000000000000e+00
8.688479456556533753e-01,4.794232612431156837e-03,1.054254824373738408e+00,-1.304902201430280413e-02,-4.447853020543223179e-01,1.182908246286285686e-02,1.714802256501375188e+00,-2.173681131487321255e-02,4.762726423103302159e-02,6.737496951173126136e-02,-1.319874220937342947e-02,1.551663105849522717e+00,-2.222902843411685495e-02,-2.348999999999999755e+00,2.450587630939858944e-02,0.000000000000000000e+00,-6.749999999999999112e+00,0.000000000000000000e+00,-1.124999999999999822e+01,0.000000000000000000e+00,0.000000000000000000e+00,0.000000000000000000e+00,0.000000000000000000e+00,0.000000000000000000e+00,0.000000000000000000e+00,0.000000000000000000e+00,0.000000000000000000e+00,0.000000000000000000e+00,0.000000000000000000e+00
8.698459464477471537e-01,4.794232612431156837e-03,1.054318699835587347e+00,-1.304902201430280413e-02,-4.432423339821138231e-01,1.182908246286285686e-02,1.712457952640747072e+00,-2.173681131487321255e-02,4.762726423103302159e-02,6.063846416509826448e-02,-1.319874220937342947e-02,1.540435596938467766e+00,-2.222902843411685495e-02,-2.348999999999999755e+00,2.450587630939858944e-02,0.000000000000000000e+00,-6.749999999999999112e+00,0.000000000000000000e+00,-1.124999999999999822e+01,0.000000000000000000e+00,0.000000000000000000e+00,0.000000000000000000e+00,0.000000000000000000e+00,0.000000000000000000e+00,0.000000000000000000e+00,0.000000000000000000e+00,0.000000000000000000e+00,0.000000000000000000e+00,0.000000000000000000e+00
8.708439472398408210e-01,4.794232612431156837e-03,1.054375852286743021e+00,-1.304902201430280413e-02,-4.417105709277274195e-01,1.182908246286285686e-02,1.710113648780118734e+00,-2.173681131487321255e-02,4.762726423103302159e-02,5.390195881846564230e-02,-1.319874220937342947e-02,1.529208088027413259e+00,-2.222902843411685495e-02,-2.348999999999999755e+00,2.450587630939858944e-02,0.000000000000000000e+00,-6.749999999999999112e+00,0.000000000000000000e+00,-1.124999999999999822e+01,0.000000000000000000e+00,0.000000000000000000e+00,0.000000000000000000e+00,0.000000000000000000e+00,0.000000000000000000e+00,0.000000000000000000e+00,0.000000000000000000e+00,0.000000000000000000e+00,0.000000000000000000e+00,0.000000000000000000e+00
8.718419480319345993e-01,4.794232612431156837e-03,1.054426281727205428e+00,-1.304902201430280413e-02,-4.401900128911631072e-01,1.182908246286285686e-02,1.707769344919490395e+00,-2.173681131487321255e-02,4.762726423103302159e-02,4.716545347183264542e-02,-1.319874220937342947e-02,1.517980579116358308e+00,-2.222902843411685495e-02,-2.348999999999999755e+00,2.450587630939858944e-02,0.000000000000000000e+00,-6.749999999999999112e+00,0.000000000000000000e+00,-1.124999999999999822e+01,0.000000000000000000e+00,0.000000000000000000e+00,0.000000000000000000e+00,0.000000000000000000e+00,0.000000000000000000e+00,0.000000000000000000e+00,0.000000000000000000e+00,0.000000000000000000e+00,0.000000000000000000e+00,0.000000000000000000e+00
8.728399488240283777e-01,4.794232612431156837e-03,1.054469988156974569e+00,-1.304902201430280413e-02,-4.386806598724209971e-01,1.182908246286285686e-02,1.705425041058862057e+00,-2.173681131487321255e-02,4.762726423103302159e-02,4.042894812520002323e-02,-1.319874220937342947e-02,1.506753070205304024e+00,-2.222902843411685495e-02,-2.348999999999999755e+00,2.450587630939858944e-02,0.000000000000000000e+00,-6.749999999999999112e+00,0.000000000000000000e+00,-1.124999999999999822e+01,0.000000000000000000e+00,0.000000000000000000e+00,0.000000000000000000e+00,0.000000000000000000e+00,0.000000000000000000e+00,0.000000000000000000e+00,0.000000000000000000e+00,0.000000000000000000e+00,0.000000000000000000e+00,0.000000000000000000e+00
8.738379496161221560e-01,4.794232612431156837e-03,1.054506971576050445e+00,-1.304902201430280413e-02,-4.371825118715009229e-01,1.182908246286285686e-02,1.703080737198233940e+00,-2.173681131487321255e-02,4.762726423103302159e-02,3.369244277856702635e-02,-1.319874220937342947e-02,1.495525561294249073e+00,-2.222902843411685495e-02,-2.348999999999999755e+00,2.450587630939858944e-02,0.000000000000000000e+00,-6.749999999999999112e+00,0.000000000000000000e+00,-1.124999999999999822e+01,0.000000000000000000e+00,0.000000000000000000e+00,0.000000000000000000e+00,0.000000000000000000e+00,0.000000000000000000e+00,0.000000000000000000e+00,0.000000000000000000e+00,0.000000000000000000e+00,0.000000000000000000e+00,0.000000000000000000e+00
8.748359504082159344e-01,4.794232612431156837e-03,1.054537231984432832e+00,-1.304902201430280413e-02,-4.356955688884030509e-01,1.182908246286285686e-02,1.700736433337605824e+00,-2.173681131487321255e-02,4.762726423103302159e-02,2.695593743193440417e-02,-1.319874220937342947e-02,1.484298052383194566e+00,-2.222902843411685495e-02,-2.348999999999999755e+00,2.450587630939858944e-02,0.000000000000000000e+00,-6.749999999999999112e+00,0.000000000000000000e+00,-1.124999999999999822e+01,0.000000000000000000e+00,0.000000000000000000e+00,0.000000000000000000e+00,0.000000000000000000e+00,0.000000000000000000e+00,0.000000000000000000e+00,0.000000000000000000e+00,0.000000000000000000e+00,0.000000000000000000e+00,0.000000000000000000e+00
8.758339512003097127e-01,4.794232612431156837e-03,1.054560769382122176e+00,-1.304902201430280413e-02,-4.342198309231272146e-01,1.182908246286285686e-02,1.698392129476977264e+00,-2.173681131487321255e-02,4.762726423103302159e-02,2.021943208530140729e-02,-1.319874220937342947e-02,1.473070543472139615e+00,-2.222902843411685495e-02,-2.348999999999999755e+00,2.450587630939858944e-02,0.000000000000000000e+00,-6.749999999999999112e+00,0.000000000000000000e+00,-1.124999999999999822e+01,0.000000000000000000e+00,0.000000000000000000e+00,0.000000000000000000e+00,0.000000000000000000e+00,0.000000000000000000e+00,0.000000000000000000e+00,0.000000000000000000e+00,0.000000000000000000e+00,0.000000000000000000e+00,0.000000000000000000e+00
8.768319519924033800e-01,4.794232612431156837e-03,1.054577583769118254e+00,-1.304902201430280413e-02,-4.327552979756735252e-01,1.182908246286285686e-02,1.696047825616349147e+00,-2.173681131487321255e-02,4.762726423103302159e-02,1.348292673866878337e-02,-1.319874220937342947e-02,1.461843034561085330e+00,-2.222902843411685495e-02,-2.348999999999999755e+00,2.450587630939858944e-02,0.000000000000000000e+00,-6.749999999999999112e+00,0.000000000000000000e+00,-1.124999999999999822e+01,0.000000000000000000e+00,0.000000000000000000e+00,0.000000000000000000e+00,0.000000000000000000e+00,0.000000000000000000e+00,0.000000000000000000e+00,0.000000000000000000e+00,0.000000000000000000e+00,0.000000000000000000e+00,0.000000000000000000e+00
8.778299527844971584e-01,4.794232612431156837e-03,1.054587675145421066e+00,-1.304902201430280413e-02,-4.313019700460418160e-01,1.182908246286285686e-02,1.693703521755720809e+00,-2.173681131487321255e-02,4.762726423103302159e-02,6.746421392035786488e-03,-1.319874220937342947e-02,1.450615525650030380e+00,-2.222902843411685495e-02,-2.348999999999999755e+00,2.450587630939858944e-02,0.000000000000000000e+00,-6.749999999999999112e+00,0.000000000000000000e+00,-1.124999999999999822e+01,0.000000000000000000e+00,0.000000000000000000e+00,0.000000000000000000e+00,0.000000000000000000e+00,0.000000000000000000e+00,0.000000000000000000e+00,0.000000000000000000e+00,0.000000000000000000e+00,0.000000000000000000e+00,0.000000000000000000e+00
8.788279535765908257e-01,4.794232612431156837e-03,1.054591043511030612e+00,-1.304902201430280413e-02,-4.298598471342323646e-01,1.182908246286285686e-02,1.691359217895092693e+00,-2.173681131487321255e-02,4.762726423103302159e-02,9.916045403164305827e-06,-1.319874220937342947e-02,1.439388016738975873e+00,-2.222902843411685495e-02,-2.348999999999999755e+00,2.450587630939858944e-02,0.000000000000000000e+00,-6.749999999999999112e+00,0.000000000000000000e+00,-1.124999999999999822e+01,0.000000000000000000e+00,0.000000000000000000e+00,0.000000000000000000e+00,0.000000000000000000e+00,0.000000000000000000e+00,0.000000000000000000e+00,0.000000000000000000e+00,0.000000000000000000e+00,0.000000000000000000e+00,0.000000000000000000e+00
8.798259543686846040e-01,4.794232612431156837e-03,1.054587688865946893e+00,-1.304902201430280413e-02,-4.284289292402449489e-01,1.182908246286285686e-02,1.689014914034464354e+00,-2.173681131487321255e-02,4.762726423103302159e-02,-6.726589301229832576e-03,-1.319874220937342947e-02,1.428160507827920922e+00,-2.222902843411685495e-02,-2.348999999999999755e+00,2.450587630939858944e-02,0.000000000000000000e+00,-6.749999999999999112e+00,0.000000000000000000e+00,-1.124999999999999822e+01,0.000000000000000000e+00,0.000000000000000000e+00,0.000000000000000000e+00,0.000000000000000000e+00,0.000000000000000000e+00,0.000000000000000000e+00,0.000000000000000000e+00,0.000000000000000000e+00,0.000000000000000000e+00,0.000000000000000000e+00
8.808239551607783824e-01,4.794232612431156837e-03,1.054577611210169907e+00,-1.304902201430280413e-02,-4.270092163640797356e-01,1.182908246286285686e-02,1.686670610173836016e+00,-2.173681131487321255e-02,4.762726423103302159e-02,-1.346309464786245476e-02,-1.319874220937342947e-02,1.416932998916866637e+00,-2.222902843411685495e-02,-2.348999999999999755e+00,2.450587630939858944e-02,0.000000000000000000e+00,-6.749999999999999112e+00,0.000000000000000000e+00,-1.124999999999999822e+01,0.000000000000000000e+00,0.000000000000000000e+00,0.000000000000000000e+00,0.000000000000000000e+00,0.000000000000000000e+00,0.000000000000000000e+00,0.000000000000000000e+00,0.000000000000000000e+00,0.000000000000000000e+00,0.000000000000000000e+00
8.818219559528721607e-01,4.794232612431156837e-03,1.054560810543699434e+00,-1.304902201430280413e-02,-4.256007085057365580e-01,1.182908246286285686e-02,1.684326306313207899e+00,-2.173681131487321255e-02,4.762726423103302159e-02,-2.019959999449544991e-02,-1.319874220937342947e-02,1.405705490005811686e+00,-2.222902843411685495e-02,-2.348999999999999755e+00,2.450587630939858944e-02,0.000000000000000000e+00,-6.749999999999999112e+00,0.000000000000000000e+00,-1.124999999999999822e+01,0.000000000000000000e+00,0.000000000000000000e+00,0.000000000000000000e+00,0.000000000000000000e+00,0.000000000000000000e+00,0.000000000000000000e+00,0.000000000000000000e+00,0.000000000000000000e+00,0.000000000000000000e+00,0.000000000000000000e+00
8.828199567449659391e-01,4.794232612431156837e-03,1.054537286866535917e+00,-1.304902201430280413e-02,-4.242034056652155272e-01,1.182908246286285686e-02,1.681982002452579561e+00,-2.173681131487321255e-02,4.762726423103302159e-02,-2.693610534112807209e-02,-1.319874220937342947e-02,1.394477981094757402e+00,-2.222902843411685495e-02,-2.348999999999999755e+00,2.450587630939858944e-02,0.000000000000000000e+00,-6.749999999999999112e+00,0.000000000000000000e+00,-1.124999999999999822e+01,0.000000000000000000e+00,0.000000000000000000e+00,0.000000000000000000e+00,0.000000000000000000e+00,0.000000000000000000e+00,0.000000000000000000e+00,0.000000000000000000e+00,0.000000000000000000e+00,0.000000000000000000e+00,0.000000000000000000e+00
8.838179575370597174e-01,4.794232612431156837e-03,1.054507040178679134e+00,-1.304902201430280413e-02,-4.228173078425164766e-01,1.182908246286285686e-02,1.679637698591951223e+00,-2.173681131487321255e-02,4.762726423103302159e-02,-3.367261068776106897e-02,-1.319874220937342947e-02,1.383250472183702229e+00,-2.222902843411685495e-02,-2.348999999999999755e+00,2.450587630939858944e-02,0.000000000000000000e+00,-6.749999999999999112e+00,0.000000000000000000e+00,-1.124999999999999822e+01,0.000000000000000000e+00,0.000000000000000000e+00,0.000000000000000000e+00,0.000000000000000000e+00,0.000000000000000000e+00,0.000000000000000000e+00,0.000000000000000000e+00,0.000000000000000000e+00,0.000000000000000000e+00,0.000000000000000000e+00
8.848159583291533847e-01,4.794232612431156837e-03,1.054470070480129085e+00,-1.304902201430280413e-02,-4.214424150376396838e-01,1.182908246286285686e-02,1.677293394731322884e+00,-2.173681131487321255e-02,4.762726423103302159e-02,-4.040911603439369115e-02,-1.319874220937342947e-02,1.372022963272647944e+00,-2.222902843411685495e-02,-2.348999999999999755e+00,2.450587630939858944e-02,0.000000000000000000e+00,-6.749999999999999112e+00,0.000000000000000000e+00,-1.124999999999999822e+01,0.000000000000000000e+00,0.000000000000000000e+00,0.000000000000000000e+00,0.000000000000000000e+00,0.000000000000000000e+00,0.000000000000000000e+00,0.000000000000000000e+00,0.000000000000000000e+00,0.000000000000000000e+00,0.000000000000000000e+00
8.858139591212471631e-01,4.794232612431156837e-03,1.054426377770885548e+00,-1.304902201430280413e-02,-4.200787272505849268e-01,1.182908246286285686e-02,1.674949090870694768e+00,-2.173681131487321255e-02,4.762726423103302159e-02,-4.714562138102668803e-02,-1.319874220937342947e-02,1.360795454361592993e+00,-2.222902843411685495e-02,-2.348999999999999755e+00,2.450587630939858944e-02,0.000000000000000000e+00,-6.749999999999999112e+00,0.000000000000000000e+00,-1.124999999999999822e+01,0.000000000000000000e+00,0.000000000000000000e+00,0.000000000000000000e+00,0.000000000000000000e+00,0.000000000000000000e+00,0.000000000000000000e+00,0.000000000000000000e+00,0.000000000000000000e+00,0.000000000000000000e+00,0.000000000000000000e+00
8.868119599133408304e-01,4.794232612431156837e-03,1.054375962050948967e+00,-1.304902201430280413e-02,-4.187262444813523721e-01,1.182908246286285686e-02,1.672604787010066651e+00,-2.173681131487321255e-02,4.762726423103302159e-02,-5.388212672765931022e-02,-1.319874220937342947e-02,1.349567945450538708e+00,-2.222902843411685495e-02,-2.348999999999999755e+00,2.450587630939858944e-02,0.000000000000000000e+00,-6.749999999999999112e+00,0.000000000000000000e+00,-1.124999999999999822e+01,0.000000000000000000e+00,0.000000000000000000e+00,0.000000000000000000e+00,0.000000000000000000e+00,0.000000000000000000e+00,0.000000000000000000e+00,0.000000000000000000e+00,0.000000000000000000e+00,0.000000000000000000e+00,0.000000000000000000e+00
8.878099607054346087e-01,4.794232612431156837e-03,1.054318823320319121e+00,-1.304902201430280413e-02,-4.173849667299418531e-01,1.182908246286285686e-02,1.670260483149438091e+00,-2.173681131487321255e-02,4.762726423103302159e-02,-6.061863207429230016e-02,-1.319874220937342947e-02,1.338340436539483758e+00,-2.222902843411685495e-02,-2.348999999999999755e+00,2.450587630939858944e-02,0.000000000000000000e+00,-6.749999999999999112e+00,0.000000000000000000e+00,-1.124999999999999822e+01,0.000000000000000000e+00,0.000000000000000000e+00,0.000000000000000000e+00,0.000000000000000000e+00,0.000000000000000000e+00,0.000000000000000000e+00,0.000000000000000000e+00,0.000000000000000000e+00,0.000000000000000000e+00,0.000000000000000000e+00
8.888079614975283871e-01,4.794232612431156837e-03,1.054254961578996008e+00,-1.304902201430280413e-02,-4.160548939963534254e-01,1.182908246286285686e-02,1.667916179288809975e+00,-2.173681131487321255e-02,4.762726423103302159e-02,-6.735513742092492928e-02,-1.319874220937342947e-02,1.327112927628429251e+00,-2.222902843411685495e-02,-2.348999999999999755e+00,2.450587630939858944e-02,0.000000000000000000e+00,-6.749999999999999112e+00,0.000000000000000000e+00,-1.124999999999999822e+01,0.000000000000000000e+00,0.000000000000000000e+00,0.000000000000000000e+00,0.000000000000000000e+00,0.000000000000000000e+00,0.000000000000000000e+00,0.000000000000000000e+00,0.000000000000000000e+00,0.000000000000000000e+00,0.000000000000000000e+00
8.898059622896221654e-01,4.794232612431156837e-03,1.054184376826979630e+00,-1.304902201430280413e-02,-4.147360262805870890e-01,1.182908246286285686e-02,1.665571875428181636e+00,-2.173681131487321255e-02,4.762726423103302159e-02,-7.409164276755793310e-02,-1.319874220937342947e-02,1.315885418717374300e+00,-2.222902843411685495e-02,-2.348999999999999755e+00,2.450587630939858944e-02,0.000000000000000000e+00,-6.749999999999999112e+00,0.000000000000000000e+00,-1.124999999999999822e+01,0.000000000000000000e+00,0.000000000000000000e+00,0.000000000000000000e+00,0.000000000000000000e+00,0.000000000000000000e+00,0.000000000000000000e+00,0.000000000000000000e+00,0.000000000000000000e+00,0.000000000000000000e+00,0.000000000000000000e+00
8.908039630817159438e-01,4.794232612431156837e-03,1.054107069064269764e+00,-1.304902201430280413e-02,-4.134283635826428993e-01,1.182908246286285686e-02,1.663227571567553520e+00,-2.173681131487321255e-02,4.762726423103302159e-02,-8.082814811419056222e-02,-1.319874220937342947e-02,1.304657909806320015e+00,-2.222902843411685495e-02,-2.348999999999999755e+00,2.450587630939858944e-02,0.000000000000000000e+00,-6.749999999999999112e+00,0.000000000000000000e+00,-1.124999999999999822e+01,0.000000000000000000e+00,0.000000000000000000e+00,0.000000000000000000e+00,0.000000000000000000e+00,0.000000000000000000e+00,0.000000000000000000e+00,0.000000000000000000e+00,0.000000000000000000e+00,0.000000000000000000e+00,0.000000000000000000e+00
8.918019638738097221e-01,4.794232612431156837e-03,1.054023038290866854e+00,-1.304902201430280413e-02,-4.121319059025208009e-01,1.182908246286285686e-02,1.660883267706925182e+00,-2.173681131487321255e-02,4.762726423103302159e-02,-8.756465346082356604e-02,-1.319874220937342947e-02,1.293430400895265064e+00,-2.222902843411685495e-02,-2.348999999999999755e+00,2.450587630939858944e-02,0.000000000000000000e+00,-6.749999999999999112e+00,0.000000000000000000e+00,-1.124999999999999822e+01,0.000000000000000000e+00,0.000000000000000000e+00,0.000000000000000000e+00,0.000000000000000000e+00,0.000000000000000000e+00,0.000000000000000000e+00,0.000000000000000000e+00,0.000000000000000000e+00,0.000000000000000000e+00,0.000000000000000000e+00
8.927999646659033894e-01,4.794232612431156837e-03,1.053932284506770678e+00,-1.304902201430280413e-02,-4.108466532402209048e-01,1.182908246286285686e-02,1.658538963846296843e+00,-2.173681131487321255e-02,4.762726423103302159e-02,-9.430115880745619517e-02,-1.319874220937342947e-02,1.282202891984210558e+00,-2.222902843411685495e-02,-2.348999999999999755e+00,2.450587630939858944e-02,0.000000000000000000e+00,-6.749999999999999112e+00,0.000000000000000000e+00,-1.124999999999999822e+01,0.000000000000000000e+00,0.000000000000000000e+00,0.000000000000000000e+00,0.000000000000000000e+00,0.000000000000000000e+00,0.000000000000000000e+00,0.000000000000000000e+00,0.000000000000000000e+00,0.000000000000000000e+00,0.000000000000000000e+00
8.937979654579971678e-01,4.794232612431156837e-03,1.053834807711981458e+00,-1.304902201430280413e-02,-4.095726055957430445e-01,1.182908246286285686e-02,1.656194659985668727e+00,-2.173681131487321255e-02,4.762726423103302159e-02,-1.010376641540891990e-01,-1.319874220937342947e-02,1.270975383073155607e+00,-2.222902843411685495e-02,-2.348999999999999755e+00,2.450587630939858944e-02,0.000000000000000000e+00,-6.749999999999999112e+00,0.000000000000000000e+00,-1.124999999999999822e+01,0.000000000000000000e+00,0.000000000000000000e+00,0.000000000000000000e+00,0.000000000000000000e+00,0.000000000000000000e+00,0.000000000000000000e+00,0.000000000000000000e+00,0.000000000000000000e+00,0.000000000000000000e+00,0.000000000000000000e+00
8.947959662500908351e-01,4.794232612431156837e-03,1.053730607906498529e+00,-1.304902201430280413e-02,-4.083097629690872754e-01,1.182908246286285686e-02,1.653850356125040610e+00,-2.173681131487321255e-02,4.762726423103302159e-02,-1.077741695007218281e-01,-1.319874220937342947e-02,1.259747874162101322e+00,-2.222902843411685495e-02,-2.348999999999999755e+00,2.450587630939858944e-02,0.000000000000000000e+00,-6.749999999999999112e+00,0.000000000000000000e+00,-1.124999999999999822e+01,0.000000000000000000e+00,0.000000000000000000e+00,0.000000000000000000e+00,0.000000000000000000e+00,0.000000000000000000e+00,0.000000000000000000e+00,0.000000000000000000e+00,0.000000000000000000e+00,0.000000000000000000e+00,0.000000000000000000e+00
8.957939670421846134e-01,4.794232612431156837e-03,1.053619685090322555e+00,-1.304902201430280413e-02,-4.070581253602535421e-01,1.182908246286285686e-02,1.651506052264412050e+00,-2.173681131487321255e-02,4.762726423103302159e-02,-1.145106748473548319e-01,-1.319874220937342947e-02,1.248520365251046371e+00,-2.222902843411685495e-02,-2.348999999999999755e+00,2.450587630939858944e-02,0.000000000000000000e+00,-6.749999999999999112e+00,0.000000000000000000e+00,-1.124999999999999822e+01,0.000000000000000000e+00,0.000000000000000000e+00,0.000000000000000000e+00,0.000000000000000000e+00,0.000000000000000000e+00,0.000000000000000000e+00,0.000000000000000000e+00,0.000000000000000000e+00,0.000000000000000000e+00,0.000000000000000000e+00
8.967919678342783918e-01,4.794232612431156837e-03,1.053502039263453316e+00,-1.304902201430280413e-02,-4.058176927692420666e-01,1.182908246286285686e-02,1.649161748403783934e+00,-2.173681131487321255e-02,4.762726423103302159e-02,-1.212471801939874610e-01,-1.319874220937342947e-02,1.237292856339992086e+00,-2.222902843411685495e-02,-2.348999999999999755e+00,2.450587630939858944e-02,0.000000000000000000e+00,-6.749999999999999112e+00,0.000000000000000000e+00,-1.124999999999999822e+01,0.000000000000000000e+00,0.000000000000000000e+00,0.000000000000000000e+00,0.000000000000000000e+00,0.000000000000000000e+00,0.000000000000000000e+00,0.000000000000000000e+00,0.000000000000000000e+00,3.201256434806316520e+02,0.000000000000000000e+00
8.977899686263721701e-01,4.794232612431156837e-03,1.053377670425890811e+00,-1.304902201430280413e-02,-4.045884651960526268e-01,1.182908246286285686e-02,1.646817551038370908e+00,-2.173681131487321255e-02,4.762726423103302159e-02,-1.279836855406204510e-01,-1.319874220937342947e-02,1.226065347428936914e+00,-2.222902843411685495e-02,-2.348680514354236415e+00,2.450587630939858944e-02,0.000000000000000000e+00,-6.749999999999999112e+00,0.000000000000000000e+00,-1.124999999999999822e+01,0.000000000000000000e+00,6.389712915264017523e-01,0.000000000000000000e+00,0.000000000000000000e+00,0.000000000000000000e+00,0.000000000000000000e+00,0.000000000000000000e+00,0.000000000000000000e+00,8.201256434806034576e+02,0.000000000000000000e+00
8.987879694184659485e-01,4.794232612431156837e-03,1.053246578577635040e+00,-1.304902201430280413e-02,-4.033704426406853338e-01,1.182908246286285686e-02,1.644474050483291538e+00,-2.173681131487321255e-02,4.762726423103302159e-02,-1.347201908872530940e-01,-1.319874220937342947e-02,1.214837838517882629e+00,-2.222902843411685495e-02,-2.347544541874569290e+00,2.450587630939858944e-02,0.000000000000000000e+00,-6.749999999999999112e+00,0.000000000000000000e+00,-1.124999999999999822e+01,0.000000000000000000e+00,1.636972083620123808e+00,0.000000000000000000e+00,0.000000000000000000e+00,0.000000000000000000e+00,0.000000000000000000e+00,0.000000000000000000e+00,0.000000000000000000e+00,9.999999999999713509e+02,0.000000000000000000e+00
8.997859702105597268e-01,4.794232612431156837e-03,1.053108763718685781e+00,-1.304902201430280413e-02,-4.021636251031401321e-01,1.182908246286285686e-02,1.642132180902672323e+00,-2.173681131487321255e-02,4.762726423103302159e-02,-1.414566962338860978e-01,-1.319874220937342947e-02,1.203610329606827678e+00,-2.222902843411685495e-02,-2.345412567810714943e+00,2.450587630939858944e-02,0.000000000000000000e+00,-6.749999999999999112e+00,0.000000000000000000e+00,-1.124999999999999822e+01,0.000000000000000000e+00,2.634972875713901264e+00,0.000000000000000000e+00,0.000000000000000000e+00,0.000000000000000000e+00,0.000000000000000000e+00,0.000000000000000000e+00,0.000000000000000000e+00,1.000000000000026944e+03,0.000000000000000000e+00
9.007839710026533941e-01,4.794232612431156837e-03,1.052964225849043478e+00,-1.304902201430280413e-02,-4.009680125834171327e-01,1.182908246286285686e-02,1.639792936298889225e+00,-2.173681131487321255e-02,4.762726423103302159e-02,-1.481932015805187408e-01,-1.319874220937342947e-02,1.192382820695773393e+00,-2.222902843411685495e-02,-2.342284592162672929e+00,2.450587630939858944e-02,0.000000000000000000e+00,-6.749999999999999112e+00,0.000000000000000000e+00,-1.124999999999999822e+01,0.000000000000000000e+00,3.632973667807623208e+00,0.000000000000000000e+00,0.000000000000000000e+00,0.000000000000000000e+00,0.000000000000000000e+00,0.000000000000000000e+00,0.000000000000000000e+00,1.000000000000027057e+03,0.000000000000000000e+00
9.017819717947471725e-01,4.794232612431156837e-03,1.052812964968707909e+00,-1.304902201430280413e-02,-3.997836050815161135e-01,1.182908246286285686e-02,1.637457310674318434e+00,-2.173681131487321255e-02,4.762726423103302159e-02,-1.549297069271517446e-01,-1.319874220937342947e-02,1.181155311784718442e+00,-2.222902843411685495e-02,-2.338160614930442804e+00,2.450587630939858944e-02,0.000000000000000000e+00,-6.749999999999999112e+00,0.000000000000000000e+00,-1.124999999999999822e+01,0.000000000000000000e+00,4.630974459901400664e+00,0.000000000000000000e+00,0.000000000000000000e+00,0.000000000000000000e+00,0.000000000000000000e+00,0.000000000000000000e+00,0.000000000000000000e+00,1.000000000000027057e+03,0.000000000000000000e+00
9.027799725868408398e-01,4.794232612431156837e-03,1.052654981077679075e+00,-1.304902201430280413e-02,-3.986104025974372411e-01,1.182908246286285686e-02,1.635126298031336578e+00,-2.173681131487321255e-02,4.762726423103302159e-02,-1.616662122737843599e-01,-1.319874220937342947e-02,1.169927802873663936e+00,-2.222902843411685495e-02,-2.333040636114025901e+00,2.450587630939858944e-02,0.000000000000000000e+00,-6.749999999999999112e+00,0.000000000000000000e+00,-1.124999999999999822e+01,0.000000000000000000e+00,5.628975251995122164e+00,0.000000000000000000e+00,0.000000000000000000e+00,0.000000000000000000e+00,0.000000000000000000e+00,0.000000000000000000e+00,0.000000000000000000e+00,1.000000000000026830e+03,0.000000000000000000e+00
9.037779733789346182e-01,4.794232612431156837e-03,1.052490274175956975e+00,-1.304902201430280413e-02,-3.974484051311804600e-01,1.182908246286285686e-02,1.632800892372319845e+00,-2.173681131487321255e-02,4.762726423103302159e-02,-1.684027176204173637e-01,-1.319874220937342947e-02,1.158700293962608985e+00,-2.222902843411685495e-02,-2.326924655713421330e+00,2.450587630939858944e-02,0.000000000000000000e+00,-6.749999999999999112e+00,0.000000000000000000e+00,-1.124999999999999822e+01,0.000000000000000000e+00,6.626976044088899620e+00,0.000000000000000000e+00,0.000000000000000000e+00,0.000000000000000000e+00,0.000000000000000000e+00,0.000000000000000000e+00,0.000000000000000000e+00,9.999999999999713509e+02,0.000000000000000000e+00
9.047759741710283965e-01,4.794232612431156837e-03,1.052318844263541608e+00,-1.304902201430280413e-02,-3.962976126827458256e-01,1.182908246286285686e-02,1.630482087699644200e+00,-2.173681131487321255e-02,4.762726423103302159e-02,-1.751392229670499789e-01,-1.319874220937342947e-02,1.147472785051554700e+00,-2.222902843411685495e-02,-2.319812673728629093e+00,2.450587630939858944e-02,0.000000000000000000e+00,-6.749999999999999112e+00,0.000000000000000000e+00,-1.124999999999999822e+01,0.000000000000000000e+00,7.624976836182622009e+00,0.000000000000000000e+00,0.000000000000000000e+00,0.000000000000000000e+00,0.000000000000000000e+00,0.000000000000000000e+00,0.000000000000000000e+00,9.999999999999708962e+02,0.000000000000000000e+00
9.057739749631221748e-01,4.794232612431156837e-03,1.052140691340432976e+00,-1.304902201430280413e-02,-3.951580252521332826e-01,1.182908246286285686e-02,1.628170878015686274e+00,-2.173681131487321255e-02,4.762726423103302159e-02,-1.818757283136829828e-01,-1.319874220937342947e-02,1.136245276140499749e+00,-2.222902843411685495e-02,-2.311704690159649189e+00,2.450587630939858944e-02,0.000000000000000000e+00,-6.749999999999999112e+00,0.000000000000000000e+00,-1.124999999999999822e+01,0.000000000000000000e+00,8.622977628276398576e+00,0.000000000000000000e+00,0.000000000000000000e+00,0.000000000000000000e+00,0.000000000000000000e+00,0.000000000000000000e+00,0.000000000000000000e+00,9.999999999999990905e+02,0.000000000000000000e+00
9.067719757552159532e-01,4.794232612431156837e-03,1.051955815406630856e+00,-1.304902201430280413e-02,-3.940296606065723517e-01,1.182908246286285686e-02,1.625868257322821808e+00,-2.173681131487321255e-02,4.762726423103302159e-02,-1.886122336603159866e-01,-1.319874220937342947e-02,1.125017767229444576e+00,-2.222902843411685495e-02,-2.302600705006482062e+00,2.450587630939858944e-02,0.000000000000000000e+00,-6.749999999999999112e+00,0.000000000000000000e+00,-1.124999999999999822e+01,0.000000000000000000e+00,9.620978420370176920e+00,0.000000000000000000e+00,0.000000000000000000e+00,0.000000000000000000e+00,0.000000000000000000e+00,0.000000000000000000e+00,0.000000000000000000e+00,9.999999999999718057e+02,0.000000000000000000e+00
9.077699765473097315e-01,4.794232612431156837e-03,1.051764216462135693e+00,-1.304902201430280413e-02,-3.929125057026929269e-01,1.182908246286285686e-02,1.623575219623427879e+00,-2.173681131487321255e-02,4.762726423103302159e-02,-1.953487390069486296e-01,-1.319874220937342947e-02,1.113790258318390292e+00,-2.222902843411685495e-02,-2.292500718269127713e+00,2.450587630939858944e-02,0.000000000000000000e+00,-6.749999999999999112e+00,0.000000000000000000e+00,-1.124999999999999822e+01,0.000000000000000000e+00,1.061897921246389842e+01,0.000000000000000000e+00,0.000000000000000000e+00,0.000000000000000000e+00,0.000000000000000000e+00,0.000000000000000000e+00,0.000000000000000000e+00,9.999999999999718057e+02,0.000000000000000000e+00
9.087679773394035099e-01,4.794232612431156837e-03,1.051565894506947263e+00,-1.304902201430280413e-02,-3.918065558166356488e-01,1.182908246286285686e-02,1.621292758919880228e+00,-2.173681131487321255e-02,4.762726423103302159e-02,-2.020852443535816334e-01,-1.319874220937342947e-02,1.102562749407335341e+00,-2.222902843411685495e-02,-2.281404729947585253e+00,2.450587630939858944e-02,0.000000000000000000e+00,-6.749999999999999112e+00,0.000000000000000000e+00,-1.124999999999999822e+01,0.000000000000000000e+00,1.161698000455767676e+01,0.000000000000000000e+00,0.000000000000000000e+00,0.000000000000000000e+00,0.000000000000000000e+00,0.000000000000000000e+00,0.000000000000000000e+00,1.000000000000027285e+03,0.000000000000000000e+00
9.097659781314971772e-01,4.794232612431156837e-03,1.051360849541065567e+00,-1.304902201430280413e-02,-3.907118109484005175e-01,1.182908246286285686e-02,1.619021869214555487e+00,-2.173681131487321255e-02,4.762726423103302159e-02,-2.088217497002142764e-01,-1.319874220937342947e-02,1.091335240496281056e+00,-2.222902843411685495e-02,-2.269312740041855569e+00,2.450587630939858944e-02,0.000000000000000000e+00,-6.749999999999999112e+00,0.000000000000000000e+00,-1.124999999999999822e+01,0.000000000000000000e+00,1.261498079665139826e+01,0.000000000000000000e+00,0.000000000000000000e+00,0.000000000000000000e+00,0.000000000000000000e+00,0.000000000000000000e+00,0.000000000000000000e+00,1.000000000000025466e+03,0.000000000000000000e+00
9.107639789235909555e-01,4.794232612431156837e-03,1.051149081564490606e+00,-1.304902201430280413e-02,-3.896282710979874220e-01,1.182908246286285686e-02,1.616763544509829620e+00,-2.173681131487321255e-02,4.762726423103302159e-02,-2.155582550468472802e-01,-1.319874220937342947e-02,1.080107731585226105e+00,-2.222902843411685495e-02,-2.256224748551938220e+00,2.450587630939858944e-02,0.000000000000000000e+00,-6.749999999999999112e+00,0.000000000000000000e+00,-1.124999999999999822e+01,0.000000000000000000e+00,1.361298158874517483e+01,0.000000000000000000e+00,0.000000000000000000e+00,0.000000000000000000e+00,0.000000000000000000e+00,0.000000000000000000e+00,0.000000000000000000e+00,1.000000000000027285e+03,0.000000000000000000e+00
9.117619797156846229e-01,4.794232612431156837e-03,1.050930590577222379e+00,-1.304902201430280413e-02,-3.885559362653965843e-01,1.182908246286285686e-02,1.614518778808079036e+00,-2.173681131487321255e-02,4.762726423103302159e-02,-2.222947603934798955e-01,-1.319874220937342947e-02,1.068880222674171598e+00,-2.222902843411685495e-02,-2.242140755477834091e+00,2.450587630939858944e-02,0.000000000000000000e+00,-6.749999999999999112e+00,0.000000000000000000e+00,-1.124999999999999822e+01,0.000000000000000000e+00,1.461098238083889811e+01,0.000000000000000000e+00,0.000000000000000000e+00,0.000000000000000000e+00,0.000000000000000000e+00,0.000000000000000000e+00,0.000000000000000000e+00,1.000000000000027285e+03,0.000000000000000000e+00
9.127599805077784012e-01,4.794232612431156837e-03,1.050705376579260886e+00,-1.304902201430280413e-02,-3.874948064506277268e-01,1.182908246286285686e-02,1.612288566111680144e+00,-2.173681131487321255e-02,4.762726423103302159e-02,-2.290312657401128993e-01,-1.319874220937342947e-02,1.057652713763116648e+00,-2.222902843411685495e-02,-2.227060760819541407e+00,2.450587630939858944e-02,0.000000000000000000e+00,-6.749999999999999112e+00,0.000000000000000000e+00,-1.124999999999999822e+01,0.000000000000000000e+00,1.560898317293267468e+01,0.000000000000000000e+00,0.000000000000000000e+00,0.000000000000000000e+00,0.000000000000000000e+00,0.000000000000000000e+00,0.000000000000000000e+00,9.999999999999708962e+02,0.000000000000000000e+00
9.137579812998721795e-01,4.794232612431156837e-03,1.050473439570606127e+00,-1.304902201430280413e-02,-3.864448816536810161e-01,1.182908246286285686e-02,1.610073900423008908e+00,-2.173681131487321255e-02,4.762726423103302159e-02,-2.357677710867455145e-01,-1.319874220937342947e-02,1.046425204852062363e+00,-2.222902843411685495e-02,-2.210984764577062389e+00,2.450587630939858944e-02,0.000000000000000000e+00,-6.749999999999999112e+00,0.000000000000000000e+00,-1.124999999999999822e+01,0.000000000000000000e+00,1.660698396502639795e+01,0.000000000000000000e+00,0.000000000000000000e+00,0.000000000000000000e+00,0.000000000000000000e+00,0.000000000000000000e+00,0.000000000000000000e+00,9.999999999999699867e+02,0.000000000000000000e+00
9.147559820919659579e-01,4.794232612431156837e-03,1.050234779551258102e+00,-1.304902201430280413e-02,-3.854061618745563411e-01,1.182908246286285686e-02,1.607875775744441738e+00,-2.173681131487321255e-02,4.762726423103302159e-02,-2.425042764333785184e-01,-1.319874220937342947e-02,1.035197695941007412e+00,-2.222902843411685495e-02,-2.193912766750394372e+00,2.450587630939858944e-02,0.000000000000000000e+00,-6.749999999999999112e+00,0.000000000000000000e+00,-1.124999999999999822e+01,0.000000000000000000e+00,1.760498475712017097e+01,0.000000000000000000e+00,0.000000000000000000e+00,0.000000000000000000e+00,0.000000000000000000e+00,0.000000000000000000e+00,0.000000000000000000e+00,6.979032712244097638e+02,0.000000000000000000e+00
9.157539828840597362e-01,4.794232612431156837e-03,1.049989396521216589e+00,-1.304902201430280413e-02,-3.843786471132538685e-01,1.182908246286285686e-02,1.605695085580763681e+00,-2.173681131487321255e-02,4.762726423103302159e-02,-2.492407817800111614e-01,-1.319874220937342947e-02,1.023970187029952905e+00,-2.222902843411685495e-02,-2.176146260114147690e+00,2.450587630939858944e-02,0.000000000000000000e+00,-6.749999999999999112e+00,0.000000000000000000e+00,-1.124999999999999822e+01,0.000000000000000000e+00,1.799999999999999645e+01,0.000000000000000000e+00,0.000000000000000000e+00,0.000000000000000000e+00,0.000000000000000000e+00,0.000000000000000000e+00,0.000000000000000000e+00,1.979032712244115828e+02,0.000000000000000000e+00
9.167519836761535146e-01,4.794232612431156837e-03,1.049737290480482033e+00,-1.304902201430280413e-02,-3.833623373697734871e-01,1.182908246286285686e-02,1.603532257609727063e+00,-2.173681131487321255e-02,4.762726423103302159e-02,-2.559772871266441374e-01,-1.319874220937342947e-02,1.012742678118897954e+00,-2.222902843411685495e-02,-2.158182245856459680e+00,2.450587630939858944e-02,0.000000000000000000e+00,-6.749999999999999112e+00,0.000000000000000000e+00,-1.124999999999999822e+01,0.000000000000000000e+00,1.799999999999999645e+01,0.000000000000000000e+00,0.000000000000000000e+00,0.000000000000000000e+00,0.000000000000000000e+00,0.000000000000000000e+00,0.000000000000000000e+00,0.000000000000000000e+00,0.000000000000000000e+00
9.177499844682471819e-01,4.794232612431156837e-03,1.049478461429054210e+00,-1.304902201430280413e-02,-3.823572326441152525e-01,1.182908246286285686e-02,1.601387357667205968e+00,-2.173681131487321255e-02,4.762726423103302159e-02,-2.627137924732767527e-01,-1.319874220937342947e-02,1.001515169207843670e+00,-2.222902843411685495e-02,-2.140218231598773002e+00,2.450587630939858944e-02,0.000000000000000000e+00,-6.749999999999999112e+00,0.000000000000000000e+00,-1.124999999999999822e+01,0.000000000000000000e+00,1.799999999999999645e+01,0.000000000000000000e+00,0.000000000000000000e+00,0.000000000000000000e+00,0.000000000000000000e+00,0.000000000000000000e+00,0.000000000000000000e+00,0.000000000000000000e+00,0.000000000000000000e+00
9.187479852603409602e-01,4.794232612431156837e-03,1.049212909366933122e+00,-1.304902201430280413e-02,-3.813633329362791091e-01,1.182908246286285686e-02,1.599260385753199953e+00,-2.173681131487321255e-02,4.762726423103302159e-02,-2.694502978199097010e-01,-1.319874220937342947e-02,9.902876602967887187e-01,-2.222902843411685495e-02,-2.122254217341085436e+00,2.450587630939858944e-02,0.000000000000000000e+00,-6.749999999999999112e+00,0.000000000000000000e+00,-1.124999999999999822e+01,0.000000000000000000e+00,1.799999999999999645e+01,0.000000000000000000e+00,0.000000000000000000e+00,0.000000000000000000e+00,0.000000000000000000e+00,0.000000000000000000e+00,0.000000000000000000e+00,0.000000000000000000e+00,0.000000000000000000e+00
9.197459860524346276e-01,4.794232612431156837e-03,1.048940634294118768e+00,-1.304902201430280413e-02,-3.803806382462650015e-01,1.182908246286285686e-02,1.597151341867709462e+00,-2.173681131487321255e-02,4.762726423103302159e-02,-2.761868031665423162e-01,-1.319874220937342947e-02,9.790601513857343230e-01,-2.222902843411685495e-02,-2.104290203083398314e+00,2.450587630939858944e-02,0.000000000000000000e+00,-6.749999999999999112e+00,0.000000000000000000e+00,-1.124999999999999822e+01,0.000000000000000000e+00,1.799999999999999645e+01,0.000000000000000000e+00,0.000000000000000000e+00,0.000000000000000000e+00,0.000000000000000000e+00,0.000000000000000000e+00,0.000000000000000000e+00,0.000000000000000000e+00,0.000000000000000000e+00
9.207439868445284059e-01,4.794232612431156837e-03,1.048661636210611148e+00,-1.304902201430280413e-02,-3.794091485740729852e-01,1.182908246286285686e-02,1.595060226010734272e+00,-2.173681131487321255e-02,4.762726423103302159e-02,-2.829233085131753200e-01,-1.319874220937342947e-02,9.678326424746793721e-01,-2.222902843411685495e-02,-2.086326188825710748e+00,2.450587630939858944e-02,0.000000000000000000e+00,-6.749999999999999112e+00,0.000000000000000000e+00,-1.124999999999999822e+01,0.000000000000000000e+00,1.799999999999999645e+01,0.000000000000000000e+00,0.000000000000000000e+00,0.000000000000000000e+00,0.000000000000000000e+00,0.000000000000000000e+00,0.000000000000000000e+00,0.000000000000000000e+00,0.000000000000000000e+00
9.217419876366221843e-01,4.794232612431156837e-03,1.048375915116410262e+00,-1.304902201430280413e-02,-3.784488639197031712e-01,1.182908246286285686e-02,1.592987038182274606e+00,-2.173681131487321255e-02,4.762726423103302159e-02,-2.896598138598078798e-01,-1.319874220937342947e-02,9.566051335636249764e-01,-2.222902843411685495e-02,-2.068362174568024070e+00,2.450587630939858944e-02,0.000000000000000000e+00,-6.749999999999999112e+00,0.000000000000000000e+00,-1.124999999999999822e+01,0.000000000000000000e+00,1.799999999999999645e+01,0.000000000000000000e+00,0.000000000000000000e+00,0.000000000000000000e+00,0.000000000000000000e+00,0.000000000000000000e+00,0.000000000000000000e+00,0.000000000000000000e+00,0.000000000000000000e+00
9.227399884287159626e-01,4.794232612431156837e-03,1.048083471011515888e+00,-1.304902201430280413e-02,-3.774997842831553929e-01,1.182908246286285686e-02,1.590931778382330020e+00,-2.173681131487321255e-02,4.762726423103302159e-02,-2.963963192064408836e-01,-1.319874220937342947e-02,9.453776246525700255e-01,-2.222902843411685495e-02,-2.050398160310336060e+00,2.450587630939858944e-02,0.000000000000000000e+00,-6.749999999999999112e+00,0.000000000000000000e+00,-1.124999999999999822e+01,0.000000000000000000e+00,1.799999999999999645e+01,0.000000000000000000e+00,0.000000000000000000e+00,0.000000000000000000e+00,0.000000000000000000e+00,0.000000000000000000e+00,0.000000000000000000e+00,0.000000000000000000e+00,0.000000000000000000e+00
9.237379892208097409e-01,4.794232612431156837e-03,1.047784303895928470e+00,-1.304902201430280413e-02,-3.765619096644298169e-01,1.182908246286285686e-02,1.588894446610901179e+00,-2.173681131487321255e-02,4.762726423103302159e-02,-3.031328245530734988e-01,-1.319874220937342947e-02,9.341501157415156298e-01,-2.222902843411685495e-02,-2.032434146052649382e+00,2.450587630939858944e-02,0.000000000000000000e+00,-6.749999999999999112e+00,0.000000000000000000e+00,-1.124999999999999822e+01,0.000000000000000000e+00,1.799999999999999645e+01,0.000000000000000000e+00,0.000000000000000000e+00,0.000000000000000000e+00,0.000000000000000000e+00,3.013634094870312765e+02,0.000000000000000000e+00,0.000000000000000000e+00,0.000000000000000000e+00
9.247359900129035193e-01,4.794232612431156837e-03,1.047478413769647787e+00,-1.304902201430280413e-02,-3.756351398098859984e-01,1.182908246286285686e-02,1.586875042867987418e+00,-2.173681131487321255e-02,4.762726423103302159e-02,-3.098693298997064471e-01,-1.319874220937342947e-02,9.232233677518371096e-01,-2.222902843411685495e-02,-2.014470131794961372e+00,2.450587630939858944e-02,0.000000000000000000e+00,-6.749999999999999112e+00,0.000000000000000000e+00,-1.064847815724771962e+01,0.000000000000000000e+00,1.799999999999999645e+01,0.000000000000000000e+00,0.000000000000000000e+00,0.000000000000000000e+00,0.000000000000000000e+00,6.138634094870485569e+02,0.000000000000000000e+00,0.000000000000000000e+00,0.000000000000000000e+00
9.257339908049971866e-01,4.794232612431156837e-03,1.047165800632674060e+00,-1.304902201430280413e-02,-3.747189709960509485e-01,1.182908246286285686e-02,1.584873567153589402e+00,-2.173681131487321255e-02,4.762726423103302159e-02,-3.166058352463390624e-01,-1.319874220937342947e-02,9.129080064261229088e-01,-2.222902843411685495e-02,-1.996506117537274694e+00,2.450587630939858944e-02,0.000000000000000000e+00,-6.749999999999999112e+00,0.000000000000000000e+00,-1.002472766218914479e+01,0.000000000000000000e+00,1.799999999999999645e+01,0.000000000000000000e+00,0.000000000000000000e+00,0.000000000000000000e+00,0.000000000000000000e+00,6.250000000000163709e+02,0.000000000000000000e+00,0.000000000000000000e+00,0.000000000000000000e+00
9.267319915970909650e-01,4.794232612431156837e-03,1.046846464485006623e+00,-1.304902201430280413e-02,-3.738127856762150647e-01,1.182908246286285686e-02,1.582890019467706244e+00,-2.173681131487321255e-02,4.762726423103302159e-02,-3.233423405929720107e-01,-1.319874220937342947e-02,9.032151460905253337e-01,-2.222902843411685495e-02,-1.978542103279586684e+00,2.450587630939858944e-02,0.000000000000000000e+00,-6.749999999999999112e+00,0.000000000000000000e+00,-9.400977167130532663e+00,0.000000000000000000e+00,1.799999999999999645e+01,0.000000000000000000e+00,0.000000000000000000e+00,0.000000000000000000e+00,0.000000000000000000e+00,6.250000000000163709e+02,0.000000000000000000e+00,0.000000000000000000e+00,0.000000000000000000e+00
9.277299923891846323e-01,4.794232612431156837e-03,1.046520405326646141e+00,-1.304902201430280413e-02,-3.729159625988931470e-01,1.182908246286285686e-02,1.580924399810338832e+00,-2.173681131487321255e-02,4.762726423103302159e-02,-3.300788459396046259e-01,-1.319874220937342947e-02,8.941447867450454945e-01,-2.222902843411685495e-02,-1.960578089021899562e+00,2.450587630939858944e-02,0.000000000000000000e+00,-6.749999999999999112e+00,0.000000000000000000e+00,-8.777226672071957836e+00,0.000000000000000000e+00,1.799999999999999645e+01,0.000000000000000000e+00,0.000000000000000000e+00,0.000000000000000000e+00,0.000000000000000000e+00,6.250000000000163709e+02,0.000000000000000000e+00,0.000000000000000000e+00,0.000000000000000000e+00
9.287279931812784106e-01,4.794232612431156837e-03,1.046187623157592395e+00,-1.304902201430280413e-02,-3.720278805125998844e-01,1.182908246286285686e-02,1.578976708181486943e+00,-2.173681131487321255e-02,4.762726423103302159e-02,-3.368153512862376298e-01,-1.319874220937342947e-02,8.856969283896822809e-01,-2.222902843411685495e-02,-1.942614074764211551e+00,2.450587630939858944e-02,0.000000000000000000e+00,-6.749999999999999112e+00,0.000000000000000000e+00,-8.153476177013345705e+00,0.000000000000000000e+00,1.799999999999999645e+01,0.000000000000000000e+00,0.000000000000000000e+00,0.000000000000000000e+00,0.000000000000000000e+00,6.249999999999822649e+02,0.000000000000000000e+00,0.000000000000000000e+00,0.000000000000000000e+00
9.297259939733721890e-01,4.794232612431156837e-03,1.045848117977845382e+00,-1.304902201430280413e-02,-3.711479181658502435e-01,1.182908246286285686e-02,1.577046944581150134e+00,-2.173681131487321255e-02,4.762726423103302159e-02,-3.435518566328701895e-01,-1.319874220937342947e-02,8.778715710244366921e-01,-2.222902843411685495e-02,-1.924650060506524429e+00,2.450587630939858944e-02,0.000000000000000000e+00,-6.749999999999999112e+00,0.000000000000000000e+00,-7.529725681954769989e+00,0.000000000000000000e+00,1.799999999999999645e+01,0.000000000000000000e+00,0.000000000000000000e+00,0.000000000000000000e+00,0.000000000000000000e+00,6.249999999999818101e+02,0.000000000000000000e+00,0.000000000000000000e+00,0.000000000000000000e+00
9.307239947654659673e-01,4.794232612431156837e-03,1.045501889787405103e+00,-1.304902201430280413e-02,-3.702754543071590243e-01,1.182908246286285686e-02,1.575135109009328627e+00,-2.173681131487321255e-02,4.762726423103302159e-02,-3.502883619795031933e-01,-1.319874220937342947e-02,8.706687146493079510e-01,-2.222902843411685495e-02,-1.906686046248836419e+00,2.450587630939858944e-02,0.000000000000000000e+00,-6.749999999999999112e+00,0.000000000000000000e+00,-6.905975186896158746e+00,0.000000000000000000e+00,1.799999999999999645e+01,0.000000000000000000e+00,0.000000000000000000e+00,0.000000000000000000e+00,0.000000000000000000e+00,6.249999999999822649e+02,0.000000000000000000e+00,0.000000000000000000e+00,0.000000000000000000e+00
9.317219955575597456e-01,4.794232612431156837e-03,1.045148938586271559e+00,-1.304902201430280413e-02,-3.694098676850410823e-01,1.182908246286285686e-02,1.573241201466022865e+00,-2.173681131487321255e-02,4.762726423103302159e-02,-3.570248673261358086e-01,-1.319874220937342947e-02,8.640883592642968347e-01,-2.222902843411685495e-02,-1.888722031991149519e+00,2.450587630939858944e-02,0.000000000000000000e+00,-6.749999999999999112e+00,0.000000000000000000e+00,-6.282224691837583030e+00,0.000000000000000000e+00,1.799999999999999645e+01,0.000000000000000000e+00,0.000000000000000000e+00,0.000000000000000000e+00,0.000000000000000000e+00,6.249999999999818101e+02,0.000000000000000000e+00,0.000000000000000000e+00,0.000000000000000000e+00
9.327199963496535240e-01,4.794232612431156837e-03,1.044789264374444748e+00,-1.304902201430280413e-02,-3.685505370480111620e-01,1.182908246286285686e-02,1.571365221951232183e+00,-2.173681131487321255e-02,4.762726423103302159e-02,-3.637613726727687569e-01,-1.319874220937342947e-02,8.581305048694025661e-01,-2.222902843411685495e-02,-1.870758017733461509e+00,2.450587630939858944e-02,0.000000000000000000e+00,-6.749999999999999112e+00,0.000000000000000000e+00,-5.658474196778971788e+00,0.000000000000000000e+00,1.799999999999999645e+01,0.000000000000000000e+00,0.000000000000000000e+00,0.000000000000000000e+00,0.000000000000000000e+00,6.250000000000168257e+02,0.000000000000000000e+00,0.000000000000000000e+00,0.000000000000000000e+00
9.337179971417471913e-01,4.794232612431156837e-03,1.044422867151924450e+00,-1.304902201430280413e-02,-3.676968411445841745e-01,1.182908246286285686e-02,1.569507170464957024e+00,-2.173681131487321255e-02,4.762726423103302159e-02,-3.704978780194013721e-01,-1.319874220937342947e-02,8.527951514646257003e-01,-2.222902843411685495e-02,-1.852794003475774609e+00,2.450587630939858944e-02,0.000000000000000000e+00,-6.749999999999999112e+00,0.000000000000000000e+00,-5.034723701720395184e+00,0.000000000000000000e+00,1.799999999999999645e+01,0.000000000000000000e+00,0.000000000000000000e+00,0.000000000000000000e+00,0.000000000000000000e+00,6.250000000000168257e+02,0.000000000000000000e+00,0.000000000000000000e+00,0.000000000000000000e+00
9.347159979338409697e-01,4.794232612431156837e-03,1.044049746918711108e+00,-1.304902201430280413e-02,-3.668481587232748642e-01,1.182908246286285686e-02,1.567667047007197167e+00,-2.173681131487321255e-02,4.762726423103302159e-02,-3.772343833660343204e-01,-1.319874220937342947e-02,8.480822990499657932e-01,-2.222902843411685495e-02,-1.834829989218086599e+00,2.450587630939858944e-02,0.000000000000000000e+00,-6.749999999999999112e+00,0.000000000000000000e+00,-4.410973206661784829e+00,0.000000000000000000e+00,1.799999999999999645e+01,0.000000000000000000e+00,0.000000000000000000e+00,0.000000000000000000e+00,0.000000000000000000e+00,6.250000000000165983e+02,0.000000000000000000e+00,0.000000000000000000e+00,0.000000000000000000e+00
9.357139987259346370e-01,4.794232612431156837e-03,1.043669903674804722e+00,-1.304902201430280413e-02,-3.660038685325981977e-01,1.182908246286285686e-02,1.565844851577952612e+00,-2.173681131487321255e-02,4.762726423103302159e-02,-3.839708887126669357e-01,-1.319874220937342947e-02,8.439919476254232888e-01,-2.222902843411685495e-02,-1.816865974960399477e+00,2.450587630939858944e-02,0.000000000000000000e+00,-6.749999999999999112e+00,0.000000000000000000e+00,-3.787222711603208669e+00,0.000000000000000000e+00,1.799999999999999645e+01,0.000000000000000000e+00,0.000000000000000000e+00,0.000000000000000000e+00,0.000000000000000000e+00,6.250000000000168257e+02,0.000000000000000000e+00,0.000000000000000000e+00,0.000000000000000000e+00
9.367119995180284153e-01,4.794232612431156837e-03,1.043283337420204848e+00,-1.304902201430280413e-02,-3.651633493210688641e-01,1.182908246286285686e-02,1.564040584177223581e+00,-2.173681131487321255e-02,4.762726423103302159e-02,-3.907073940592999395e-01,-1.319874220937342947e-02,8.405240971909977432e-01,-2.222902843411685495e-02,-1.798901960702711467e+00,2.450587630939858944e-02,0.000000000000000000e+00,-6.749999999999999112e+00,0.000000000000000000e+00,-3.163472216544597870e+00,0.000000000000000000e+00,1.799999999999999645e+01,0.000000000000000000e+00,0.000000000000000000e+00,0.000000000000000000e+00,0.000000000000000000e+00,6.249999999999820375e+02,0.000000000000000000e+00,0.000000000000000000e+00,0.000000000000000000e+00
9.377100003101221937e-01,4.794232612431156837e-03,1.042890048154911709e+00,-1.304902201430280413e-02,-3.643259798372017189e-01,1.182908246286285686e-02,1.562254244805009851e+00,-2.173681131487321255e-02,4.762726423103302159e-02,-3.974438994059324992e-01,-1.319874220937342947e-02,8.376787477466896004e-01,-2.222902843411685495e-02,-1.780937946445024345e+00,2.450587630939858944e-02,0.000000000000000000e+00,-6.749999999999999112e+00,0.000000000000000000e+00,-2.539721721486021266e+00,0.000000000000000000e+00,1.799999999999999645e+01,0.000000000000000000e+00,0.000000000000000000e+00,0.000000000000000000e+00,0.000000000000000000e+00,6.249999999999822649e+02,0.000000000000000000e+00,0.000000000000000000e+00,0.000000000000000000e+00
9.387080011022159720e-01,4.794232612431156837e-03,1.042490035878925081e+00,-1.304902201430280413e-02,-3.634911388295114509e-01,1.182908246286285686e-02,1.560485833461311422e+00,-2.173681131487321255e-02,4.762726423103302159e-02,-4.041804047525655030e-01,-1.319874220937342947e-02,8.354558992924985272e-01,-2.222902843411685495e-02,-1.762973932187336334e+00,2.450587630939858944e-02,0.000000000000000000e+00,-6.749999999999999112e+00,0.000000000000000000e+00,-1.915971226427410468e+00,0.000000000000000000e+00,1.799999999999999645e+01,0.000000000000000000e+00,0.000000000000000000e+00,0.000000000000000000e+00,0.000000000000000000e+00,6.249999999999820375e+02,0.000000000000000000e+00,0.000000000000000000e+00,0.000000000000000000e+00
9.397060018943097504e-01,4.794232612431156837e-03,1.042083300592245410e+00,-1.304902201430280413e-02,-3.626582050465131379e-01,1.182908246286285686e-02,1.558735350146128518e+00,-2.173681131487321255e-02,4.762726423103302159e-02,-4.109169100991981183e-01,-1.319874220937342947e-02,8.338555518284247459e-01,-2.222902843411685495e-02,-1.745009917929649434e+00,2.450587630939858944e-02,0.000000000000000000e+00,-6.749999999999999112e+00,0.000000000000000000e+00,-1.292220731368834308e+00,0.000000000000000000e+00,1.799999999999999645e+01,0.000000000000000000e+00,0.000000000000000000e+00,0.000000000000000000e+00,0.000000000000000000e+00,6.249999999999820375e+02,0.000000000000000000e+00,0.000000000000000000e+00,0.000000000000000000e+00
9.407040026864035287e-01,4.794232612431156837e-03,1.041669842294872472e+00,-1.304902201430280413e-02,-3.618265572367214689e-01,1.182908246286285686e-02,1.557002794859460915e+00,-2.173681131487321255e-02,4.762726423103302159e-02,-4.176534154458310666e-01,-1.319874220937342947e-02,8.328777053544680342e-01,-2.222902843411685495e-02,-1.727045903671961424e+00,2.450587630939858944e-02,0.000000000000000000e+00,-6.749999999999999112e+00,0.000000000000000000e+00,-6.684702363102233980e-01,0.000000000000000000e+00,1.799999999999999645e+01,0.000000000000000000e+00,0.000000000000000000e+00,0.000000000000000000e+00,0.000000000000000000e+00,6.250000000000159162e+02,0.000000000000000000e+00,0.000000000000000000e+00,0.000000000000000000e+00
9.417020034784971960e-01,4.794232612431156837e-03,1.041249660986806269e+00,-1.304902201430280413e-02,-3.609955741486512992e-01,1.182908246286285686e-02,1.555288167601308613e+00,-2.173681131487321255e-02,4.762726423103302159e-02,-4.243899207924636818e-01,-1.319874220937342947e-02,8.325223598706286143e-01,-2.222902843411685495e-02,-1.709081889414274524e+00,2.450587630939858944e-02,0.000000000000000000e+00,-6.749999999999999112e+00,0.000000000000000000e+00,-4.471974125164879243e-02,0.000000000000000000e+00,1.799999999999999645e+01,0.000000000000000000e+00,0.000000000000000000e+00,0.000000000000000000e+00,0.000000000000000000e+00,3.349046622036705685e+02,0.000000000000000000e+00,0.000000000000000000e+00,0.000000000000000000e+00
9.427000042705909744e-01,4.794232612431156837e-03,1.040822756668046800e+00,-1.304902201430280413e-02,-3.609360000000139124e-01,1.182908246286285686e-02,1.553591468371671835e+00,-2.173681131487321255e-02,4.762726423103302159e-02,-4.311264261390966301e-01,-1.319874220937342947e-02,8.325000000000027933e-01,-2.222902843411685495e-02,-1.691117875156586514e+00,2.450587630939858944e-02,0.000000000000000000e+00,-6.749999999999999112e+00,0.000000000000000000e+00,0.000000000000000000e+00,0.000000000000000000e+00,1.799999999999999645e+01,0.000000000000000000e+00,0.000000000000000000e+00,0.000000000000000000e+00,0.000000000000000000e+00,2.240466220363688876e+01,0.000000000000000000e+00,0.000000000000000000e+00,0.000000000000000000e+00
9.436980050626846417e-01,4.794232612431156837e-03,1.040389129338594065e+00,-1.304902201430280413e-02,-3.609360000000139124e-01,1.182908246286285686e-02,1.551912697170550359e+00,-2.173681131487321255e-02,4.762726423103302159e-02,-4.378629314857292454e-01,-1.319874220937342947e-02,8.325000000000027933e-01,-2.222902843411685495e-02,-1.673153860898899392e+00,2.450587630939858944e-02,0.000000000000000000e+00,-6.749999999999999112e+00,0.000000000000000000e+00,0.000000000000000000e+00,0.000000000000000000e+00,1.799999999999999645e+01,0.000000000000000000e+00,0.000000000000000000e+00,6.760843014390957251e+00,0.000000000000000000e+00,0.000000000000000000e+00,0.000000000000000000e+00,-1.802891470504073368e+01,0.000000000000000000e+00
9.446960058547784200e-01,4.794232612431156837e-03,1.039949478708774855e+00,-1.304902201430280413e-02,-3.609360000000139124e-01,1.182908246286285686e-02,1.550249928449140224e+00,-2.173681131487321255e-02,4.762726423103302159e-02,-4.445926895056786510e-01,-1.319874220937342947e-02,8.325000000000027933e-01,-2.222902843411685495e-02,-1.655207839512367940e+00,2.450587630939858944e-02,0.000000000000000000e+00,-6.736505346632830182e+00,0.000000000000000000e+00,0.000000000000000000e+00,0.000000000000000000e+00,1.796401425768754834e+01,0.000000000000000000e+00,0.000000000000000000e+00,1.942608430143809528e+02,0.000000000000000000e+00,0.000000000000000000e+00,0.000000000000000000e+00,-5.180289147050152678e+02,0.000000000000000000e+00
9.456940066468721984e-01,4.794232612431156837e-03,1.039502487995016322e+00,-1.304902201430280413e-02,-3.609360000000139124e-01,1.182908246286285686e-02,1.548606794667487296e+00,-2.173681131487321255e-02,4.762726423103302159e-02,-4.511293247533913475e-01,-1.319874220937342947e-02,8.325000000000027933e-01,-2.222902843411685495e-02,-1.637776812185133934e+00,2.450587630939858944e-02,0.000000000000000000e+00,-6.362255049597684398e+00,0.000000000000000000e+00,0.000000000000000000e+00,0.000000000000000000e+00,1.696601346559382506e+01,0.000000000000000000e+00,0.000000000000000000e+00,3.749999999999890861e+02,0.000000000000000000e+00,0.000000000000000000e+00,0.000000000000000000e+00,-9.999999999999727152e+02,0.000000000000000000e+00
9.466920074389659767e-01,4.794232612431156837e-03,1.039049159766406216e+00,-1.304902201430280413e-02,-3.609360000000139124e-01,1.182908246286285686e-02,1.546980560925438786e+00,-2.173681131487321255e-02,4.762726423103302159e-02,-4.572924594070341686e-01,-1.319874220937342947e-02,8.325000000000027933e-01,-2.222902843411685495e-02,-1.621341786442086708e+00,2.450587630939858944e-02,0.000000000000000000e+00,-5.988004752562518185e+00,0.000000000000000000e+00,0.000000000000000000e+00,0.000000000000000000e+00,1.596801267350004672e+01,0.000000000000000000e+00,0.000000000000000000e+00,3.749999999999995453e+02,0.000000000000000000e+00,0.000000000000000000e+00,0.000000000000000000e+00,-9.999999999999990905e+02,0.000000000000000000e+00
9.476900082310597551e-01,4.794232612431156837e-03,1.038589866773835801e+00,-1.304902201430280413e-02,-3.609360000000139124e-01,1.182908246286285686e-02,1.545370233220618950e+00,-2.173681131487321255e-02,4.762726423103302159e-02,-4.630820934666065591e-01,-1.319874220937342947e-02,8.325000000000027933e-01,-2.222902843411685495e-02,-1.605902762283226703e+00,2.450587630939858944e-02,0.000000000000000000e+00,-5.613754455527351972e+00,0.000000000000000000e+00,0.000000000000000000e+00,0.000000000000000000e+00,1.497001188140627015e+01,0.000000000000000000e+00,0.000000000000000000e+00,3.749999999999895408e+02,0.000000000000000000e+00,0.000000000000000000e+00,0.000000000000000000e+00,-9.999999999999708962e+02,0.000000000000000000e+00
9.486880090231535334e-01,4.794232612431156837e-03,1.038124981768195454e+00,-1.304902201430280413e-02,-3.609360000000139124e-01,1.182908246286285686e-02,1.543774817550650935e+00,-2.173681131487321255e-02,4.762726423103302159e-02,-4.684982269321084081e-01,-1.319874220937342947e-02,8.325000000000027933e-01,-2.222902843411685495e-02,-1.591459739708555254e+00,2.450587630939858944e-02,0.000000000000000000e+00,-5.239504158492206187e+00,0.000000000000000000e+00,0.000000000000000000e+00,0.000000000000000000e+00,1.397201108931254865e+01,0.000000000000000000e+00,0.000000000000000000e+00,3.749999999999895408e+02,0.000000000000000000e+00,0.000000000000000000e+00,0.000000000000000000e+00,-9.999999999999718057e+02,0.000000000000000000e+00
9.496860098152473117e-01,4.794232612431156837e-03,1.037654877500376660e+00,-1.304902201430280413e-02,-3.609360000000139124e-01,1.182908246286285686e-02,1.542193319913159000e+00,-2.173681131487321255e-02,4.762726423103302159e-02,-4.735408598035401595e-01,-1.319874220937342947e-02,8.325000000000027933e-01,-2.222902843411685495e-02,-1.578012718718070584e+00,2.450587630939858944e-02,0.000000000000000000e+00,-4.865253861457039086e+00,0.000000000000000000e+00,0.000000000000000000e+00,0.000000000000000000e+00,1.297401029721877030e+01,0.000000000000000000e+00,0.000000000000000000e+00,3.750000000000109139e+02,0.000000000000000000e+00,0.000000000000000000e+00,0.000000000000000000e+00,-1.000000000000027285e+03,0.000000000000000000e+00
9.506840106073409791e-01,4.794232612431156837e-03,1.037179926721270684e+00,-1.304902201430280413e-02,-3.609360000000139124e-01,1.182908246286285686e-02,1.540624746305766957e+00,-2.173681131487321255e-02,4.762726423103302159e-02,-4.782099920809013693e-01,-1.319874220937342947e-02,8.325000000000027933e-01,-2.222902843411685495e-02,-1.565561699311774024e+00,2.450587630939858944e-02,0.000000000000000000e+00,-4.491003564421893302e+00,0.000000000000000000e+00,0.000000000000000000e+00,0.000000000000000000e+00,1.197600950512504880e+01,0.000000000000000000e+00,0.000000000000000000e+00,3.750000000000100044e+02,0.000000000000000000e+00,0.000000000000000000e+00,0.000000000000000000e+00,-1.000000000000027285e+03,0.000000000000000000e+00
9.516820113994347574e-01,4.794232612431156837e-03,1.036700502181768568e+00,-1.304902201430280413e-02,-3.609360000000139124e-01,1.182908246286285686e-02,1.539068102726097509e+00,-2.173681131487321255e-02,4.762726423103302159e-02,-4.825056237641925372e-01,-1.319874220937342947e-02,8.325000000000027933e-01,-2.222902843411685495e-02,-1.554106681489664243e+00,2.450587630939858944e-02,0.000000000000000000e+00,-4.116753267386727089e+00,0.000000000000000000e+00,0.000000000000000000e+00,0.000000000000000000e+00,1.097800871303127046e+01,0.000000000000000000e+00,0.000000000000000000e+00,3.750000000000097771e+02,0.000000000000000000e+00,0.000000000000000000e+00,0.000000000000000000e+00,-1.000000000000027285e+03,0.000000000000000000e+00
9.526800121915284247e-01,4.794232612431156837e-03,1.036216976632761133e+00,-1.304902201430280413e-02,-3.609360000000139124e-01,1.182908246286285686e-02,1.537522395171775358e+00,-2.173681131487321255e-02,4.762726423103302159e-02,-4.864277548534131079e-01,-1.319874220937342947e-02,8.325000000000027933e-01,-2.222902843411685495e-02,-1.543647665251742573e+00,2.450587630939858944e-02,0.000000000000000000e+00,-3.742502970351581304e+00,0.000000000000000000e+00,0.000000000000000000e+00,0.000000000000000000e+00,9.980007920937548960e+00,0.000000000000000000e+00,0.000000000000000000e+00,3.750000000000102318e+02,0.000000000000000000e+00,0.000000000000000000e+00,0.000000000000000000e+00,-1.000000000000026375e+03,0.000000000000000000e+00
9.536780129836222031e-01,4.794232612431156837e-03,1.035729722825139643e+00,-1.304902201430280413e-02,-3.609360000000139124e-01,1.182908246286285686e-02,1.535986629640424095e+00,-2.173681131487321255e-02,4.762726423103302159e-02,-4.899763853485635812e-01,-1.319874220937342947e-02,8.325000000000027933e-01,-2.222902843411685495e-02,-1.534184650598007904e+00,2.450587630939858944e-02,0.000000000000000000e+00,-3.368252673316414647e+00,0.000000000000000000e+00,0.000000000000000000e+00,0.000000000000000000e+00,8.982007128843772392e+00,0.000000000000000000e+00,0.000000000000000000e+00,3.749999999999893134e+02,0.000000000000000000e+00,0.000000000000000000e+00,0.000000000000000000e+00,-9.999999999999713509e+02,0.000000000000000000e+00
9.546760137757159814e-01,4.794232612431156837e-03,1.035239113509795361e+00,-1.304902201430280413e-02,-3.609360000000139124e-01,1.182908246286285686e-02,1.534459812129666867e+00,-2.173681131487321255e-02,4.762726423103302159e-02,-4.931515152496435683e-01,-1.319874220937342947e-02,8.325000000000027933e-01,-2.222902843411685495e-02,-1.525717637528461124e+00,2.450587630939858944e-02,0.000000000000000000e+00,-2.994002376281268862e+00,0.000000000000000000e+00,0.000000000000000000e+00,0.000000000000000000e+00,7.984006336750050004e+00,0.000000000000000000e+00,0.000000000000000000e+00,3.749999999999890861e+02,0.000000000000000000e+00,0.000000000000000000e+00,0.000000000000000000e+00,-9.999999999999718057e+02,0.000000000000000000e+00
9.556740145678097598e-01,4.794232612431156837e-03,1.034745521437619331e+00,-1.304902201430280413e-02,-3.609360000000139124e-01,1.182908246286285686e-02,1.532940948637128153e+00,-2.173681131487321255e-02,4.762726423103302159e-02,-4.959531445566534580e-01,-1.319874220937342947e-02,8.325000000000027933e-01,-2.222902843411685495e-02,-1.518246626043101566e+00,2.450587630939858944e-02,0.000000000000000000e+00,-2.619752079246102650e+00,0.000000000000000000e+00,0.000000000000000000e+00,0.000000000000000000e+00,6.986005544656272548e+00,0.000000000000000000e+00,0.000000000000000000e+00,3.749999999999890861e+02,0.000000000000000000e+00,0.000000000000000000e+00,0.000000000000000000e+00,-9.999999999999713509e+02,0.000000000000000000e+00
9.566720153599035381e-01,4.794232612431156837e-03,1.034249319359502373e+00,-1.304902201430280413e-02,-3.609360000000139124e-01,1.182908246286285686e-02,1.531429045160431102e+00,-2.173681131487321255e-02,4.762726423103302159e-02,-4.983812732695928061e-01,-1.319874220937342947e-02,8.325000000000027933e-01,-2.222902843411685495e-02,-1.511771616141929897e+00,2.450587630939858944e-02,0.000000000000000000e+00,-2.245501782210956865e+00,0.000000000000000000e+00,0.000000000000000000e+00,0.000000000000000000e+00,5.988004752562550159e+00,0.000000000000000000e+00,0.000000000000000000e+00,3.749999999999894271e+02,0.000000000000000000e+00,0.000000000000000000e+00,0.000000000000000000e+00,-9.999999999999713509e+02,0.000000000000000000e+00
9.576700161519973165e-01,4.794232612431156837e-03,1.033750880026335972e+00,-1.304902201430280413e-02,-3.609360000000139124e-01,1.182908246286285686e-02,1.529923107697199747e+00,-2.173681131487321255e-02,4.762726423103302159e-02,-5.004359013884619456e-01,-1.319874220937342947e-02,8.325000000000027933e-01,-2.222902843411685495e-02,-1.506292607824945229e+00,2.450587630939858944e-02,0.000000000000000000e+00,-1.871251485175790208e+00,0.000000000000000000e+00,0.000000000000000000e+00,0.000000000000000000e+00,4.990003960468772704e+00,0.000000000000000000e+00,0.000000000000000000e+00,3.750000000000101181e+02,0.000000000000000000e+00,0.000000000000000000e+00,0.000000000000000000e+00,-1.000000000000026830e+03,0.000000000000000000e+00
9.586680169440909838e-01,4.794232612431156837e-03,1.033250576189011172e+00,-1.304902201430280413e-02,-3.609360000000139124e-01,1.182908246286285686e-02,1.528422142245057680e+00,-2.173681131487321255e-02,4.762726423103302159e-02,-5.021170289132607101e-01,-1.319874220937342947e-02,8.325000000000027933e-01,-2.222902843411685495e-02,-1.501809601092148450e+00,2.450587630939858944e-02,0.000000000000000000e+00,-1.497001188140644423e+00,0.000000000000000000e+00,0.000000000000000000e+00,0.000000000000000000e+00,3.992003168375050759e+00,0.000000000000000000e+00,0.000000000000000000e+00,3.750000000000100044e+02,0.000000000000000000e+00,0.000000000000000000e+00,0.000000000000000000e+00,-1.000000000000026603e+03,0.000000000000000000e+00
9.596660177361847621e-01,4.794232612431156837e-03,1.032748780598418792e+00,-1.304902201430280413e-02,-3.609360000000139124e-01,1.182908246286285686e-02,1.526925154801628493e+00,-2.173681131487321255e-02,4.762726423103302159e-02,-5.034246558439892105e-01,-1.319874220937342947e-02,8.325000000000027933e-01,-2.222902843411685495e-02,-1.498322595943538893e+00,2.450587630939858944e-02,0.000000000000000000e+00,-1.122750891105477988e+00,0.000000000000000000e+00,0.000000000000000000e+00,0.000000000000000000e+00,2.994002376281273303e+00,0.000000000000000000e+00,0.000000000000000000e+00,3.750000000000100613e+02,0.000000000000000000e+00,0.000000000000000000e+00,0.000000000000000000e+00,-1.000000000000027057e+03,0.000000000000000000e+00
9.606640185282784294e-01,4.794232612431156837e-03,1.032245866005450319e+00,-1.304902201430280413e-02,-3.609360000000139124e-01,1.182908246286285686e-02,1.525431151364536220e+00,-2.173681131487321255e-02,4.762726423103302159e-02,-5.043587821806474469e-01,-1.319874220937342947e-02,8.325000000000027933e-01,-2.222902843411685495e-02,-1.495831592379117003e+00,2.450587630939858944e-02,0.000000000000000000e+00,-7.485005940703322036e-01,0.000000000000000000e+00,0.000000000000000000e+00,0.000000000000000000e+00,1.996001584187551359e+00,0.000000000000000000e+00,0.000000000000000000e+00,3.750000000000101181e+02,0.000000000000000000e+00,0.000000000000000000e+00,0.000000000000000000e+00,-1.000000000000026830e+03,0.000000000000000000e+00
9.616620193203722078e-01,4.794232612431156837e-03,1.031742205160996573e+00,-1.304902201430280413e-02,-3.609360000000139124e-01,1.182908246286285686e-02,1.523939137931404231e+00,-2.173681131487321255e-02,4.762726423103302159e-02,-5.049194079232354193e-01,-1.319874220937342947e-02,8.325000000000027933e-01,-2.222902843411685495e-02,-1.494336590398882558e+00,2.450587630939858944e-02,0.000000000000000000e+00,-3.742502970351656577e-01,0.000000000000000000e+00,0.000000000000000000e+00,0.000000000000000000e+00,9.980007920937739030e-01,0.000000000000000000e+00,0.000000000000000000e+00,3.749999999999992042e+02,0.000000000000000000e+00,0.000000000000000000e+00,0.000000000000000000e+00,-9.999999999999972715e+02,0.000000000000000000e+00
9.626600201124659861e-01,4.794232612431156837e-03,1.031238170815948596e+00,-1.304902201430280413e-02,-3.609360000000139124e-01,1.182908246286285686e-02,1.522448120499856783e+00,-2.173681131487321255e-02,4.762726423103302159e-02,-5.051065330717530166e-01,-1.319874220937342947e-02,8.325000000000027933e-01,-2.222902843411685495e-02,-1.493837590002835780e+00,2.450587630939858944e-02,0.000000000000000000e+00,0.000000000000000000e+00,0.000000000000000000e+00,0.000000000000000000e+00,0.000000000000000000e+00,0.000000000000000000e+00,0.000000000000000000e+00,-3.748110055963852574e+02,3.746420627726154748e+02,2.497827787193609197e+02,-3.124195404040220865e+02,3.749384332666219279e+02,-9.999999999999921556e+02,-4.999990957682713315e+02
9.636559393665077300e-01,4.841541224932351811e-03,1.030735187620235305e+00,-1.306208406156377129e-02,-3.601070008274825374e-01,1.180706848484185979e-02,1.520960212895019259e+00,-2.171257125369291385e-02,4.725437245667769154e-02,-5.049201546546053798e-01,-1.295023860737751394e-02,8.321891801047089920e-01,-2.185600971063229175e-02,-1.494335549629856486e+00,2.400843715173007001e-02,-7.457844380644590432e-01,3.727575106186557519e-01,4.970081093776566039e-01,-6.216403144561698513e-01,7.460379887127119858e-01,-9.959192540417327599e-01,-9.948788565505081172e-01,-7.494201324745104102e+02,3.746424360488502998e+02,4.995222917724707941e+02,-6.245937324654366876e+02,7.495474272563030809e+02,-9.999999999999887450e+02,-9.994776697573499860e+02
9.646518586205494739e-01,4.888106921054881371e-03,1.030232575770454462e+00,-1.307465098250249619e-02,-3.592786208796691083e-01,1.178579763449191450e-02,1.519471313451673744e+00,-2.168932216402265009e-02,4.613817885781627826e-02,-5.043621925635882741e-01,-1.220629105746855701e-02,8.312588654895887164e-01,-2.073956256112263058e-02,-1.495825347764960789e+00,2.251967941411696025e-02,-1.492723878595758613e+00,7.462272308843055368e-01,9.949677363985229839e-01,-1.244089848232252660e+00,1.492977429244011445e+00,-1.991838508083465520e+00,-1.990798110592240988e+00,-7.499999999999917009e+02,3.749999999999957936e+02,4.999999999999943157e+02,-6.249999999999930651e+02,7.499999999999915872e+02,-9.999999999999890861e+02,-9.999999999999887450e+02
9.656477778745912177e-01,4.933189074977222498e-03,1.029730705557065251e+00,-1.308622905682376054e-02,-3.584514773703052493e-01,1.176601057989280774e-02,1.517980434412057988e+00,-2.166805163022510194e-02,4.427810637789227066e-02,-5.034322910320397915e-01,-1.096642425351786708e-02,8.297086518069162198e-01,-1.887923653055036816e-02,-1.498306984408148468e+00,2.003908316842038448e-02,-2.239663319127058294e+00,1.119696951149955488e+00,1.492927363419389364e+00,-1.866539382008336023e+00,2.239916869775311348e+00,-2.987757762125198724e+00,-2.986717364633973748e+00,-7.499999999999915872e+02,3.749999999999957936e+02,4.999999999999944293e+02,-6.249999999999931788e+02,7.499999999999915872e+02,-9.999999999999887450e+02,-9.999999999999888587e+02
9.666436971286329616e-01,4.976046868377779001e-03,1.029229947389228350e+00,-1.309632440564650023e-02,-3.576261876479923107e-01,1.174844813936613136e-02,1.516486588018409742e+00,-2.164974741006239767e-02,4.167415501690566182e-02,-5.021304500599600429e-01,-9.230638195525445872e-03,8.275385390566916133e-01,-1.627503161891550448e-02,-1.501780459559419523e+00,1.656664841464034962e-02,-2.986602759658357975e+00,1.493166671415605107e+00,1.990886990440255744e+00,-2.488988915784418943e+00,2.986856310306610585e+00,-3.983677016166931040e+00,-3.982636618675706508e+00,-7.500000000000336513e+02,3.750000000000164846e+02,5.000000000000222826e+02,-6.250000000000275122e+02,7.500000000000334239e+02,-1.000000000000044338e+03,-9.716695749530233570e+02
9.676396163826745944e-01,5.015939482934959025e-03,1.028730671676104880e+00,-1.310444315008965459e-02,-3.568033690613315878e-01,1.173385113123348068e-02,1.514988786512967422e+00,-2.163541153282687313e-02,3.832632477485645173e-02,-5.004566696473490284e-01,-6.998932883491291654e-03,8.247485272389147859e-01,-1.292694782621804823e-02,-1.506245773218774175e+00,1.212737273692516236e-02,-3.733542200189657656e+00,1.866636391681254725e+00,2.488846617461121902e+00,-3.111438449560501418e+00,3.733795750837909821e+00,-4.979596270208663356e+00,-4.922126241158419013e+00,-7.500000000000334239e+02,3.750000000000168257e+02,8.040565588169499733e+01,-6.250000000000279670e+02,3.507436168950998763e+02,-1.000000000000045020e+03,2.833042504691002250e+01
9.686355356367163383e-01,5.052126100327167246e-03,1.028233248826855517e+00,-1.311006973786132609e-02,-3.559836389589243200e-01,1.172333090422387168e-02,1.513486042137968335e+00,-2.162560301691615616e-02,3.423461565174464039e-02,-4.984109497942066924e-01,-4.661297601049233831e-03,8.213386163535857376e-01,-9.148588578455487536e-03,-1.511702925386212426e+00,7.719326461089484614e-03,-4.480481640720957337e+00,2.240106111946905010e+00,2.151042072093023449e+00,-3.733887983336584782e+00,3.685480952902625340e+00,-5.975515524250397448e+00,-3.926206987116685365e+00,-7.499999999999915872e+02,3.749999999999960210e+02,-4.195943441183503637e+02,-6.249999999999934062e+02,-3.992563831049556029e+02,-9.999999999999890861e+02,9.999999999999895408e+02
9.696314548907580821e-01,5.083865902232810076e-03,1.027738049250641161e+00,-1.311372526165694753e-02,-3.551676146893720243e-01,1.171592398909395913e-02,1.511977367135650230e+00,-2.161969254806191468e-02,2.939902764757023820e-02,-4.959932905005330350e-01,-2.767678096363536920e-03,8.173088064007045794e-01,-5.850178913112349770e-03,-1.518151916061733830e+00,4.303118693337275487e-03,-5.227421081252257018e+00,2.613575832212554850e+00,1.653082445072157292e+00,-4.356337517112668145e+00,2.938541512371325659e+00,-6.971434778292129764e+00,-2.930287733074952605e+00,-7.499999999999918145e+02,3.749999999999959073e+02,-4.999999999999939746e+02,-6.249999999999927240e+02,-7.499999999999918145e+02,-9.999999999999881766e+02,9.999999999999882903e+02
9.706273741447998260e-01,5.110504369812224335e-03,1.027245443356622046e+00,-1.311574254814231247e-02,-3.543559136012758848e-01,1.171143147290129929e-02,1.510461773748251746e+00,-2.161669236850201695e-02,2.383083246849481904e-02,-4.932036917663281117e-01,-1.369977845719573886e-03,8.126590973802712004e-01,-3.295648128831809350e-03,-1.525592745245338833e+00,1.878749433668532812e-03,-5.974360521783556699e+00,2.987045552478204691e+00,1.155122818051291356e+00,-4.978787050888750620e+00,2.191602071840025978e+00,-7.967354032333862079e+00,-1.934368479033220956e+00,-2.307535325718617969e+00,3.749999999999959073e+02,-4.999999999999940314e+02,-6.249999999999931788e+02,-7.499999999999919282e+02,-9.999999999999881766e+02,9.999999999999879492e+02
9.716232933988415699e-01,5.131386465851037366e-03,1.026755801553959513e+00,-1.311661547619848156e-02,-3.535491530432373075e-01,1.170911253732429685e-02,1.508938274218009967e+00,-2.161561463182683565e-02,1.825199701289629411e-02,-4.900421535915919224e-01,-4.681968491173415852e-04,8.073894892922857114e-01,-1.484996225613867795e-03,-1.534025412937027433e+00,4.459234141804870326e-04,-5.232017318972785880e+00,3.360515272743854531e+00,6.571631910304251978e-01,-5.601236584664834872e+00,1.444662631308725853e+00,-8.963273286375594395e+00,-9.384492249914884177e-01,7.476924646742722871e+02,3.749999999999954525e+02,-4.999999999999938609e+02,-6.249999999999931788e+02,-7.499999999999911324e+02,-9.999999999999877218e+02,9.711472447103336663e+02
9.726192126528833137e-01,5.147083290006206763e-03,1.026269494251814463e+00,-1.311683792470651720e-02,-3.527479503638575320e-01,1.170822636404135995e-02,1.507405880787163310e+00,-2.161547337205058442e-02,1.341477808031221394e-02,-4.865086759763243562e-01,-6.233510655684256505e-05,8.014999821367480015e-01,-4.182232034585284101e-04,-1.543449919136799409e+00,-8.619407271259760250e-18,-4.485077878441487975e+00,3.733984993009503484e+00,1.592035640095597060e-01,-6.223686118440916459e+00,6.977231907774277264e-01,-9.959192540417324935e+00,0.000000000000000000e+00,7.499999999999906777e+02,3.749999999999954525e+02,-3.299279476541178724e+02,-6.249999999999922693e+02,-7.252910441513428168e+02,-9.999999999999881766e+02,4.711472447103394074e+02
9.736151319069250576e-01,5.158334633055712548e-03,1.025786891859347350e+00,-1.311686026974260080e-02,-3.519529229117380198e-01,1.170803770961044432e-02,1.505863605697949525e+00,-2.161547337205058442e-02,9.321438028790728081e-03,-4.826032589205255241e-01,2.984097073176900095e-18,7.949905759136581818e-01,8.212831456577696088e-18,-1.553866263844654760e+00,-8.619407271259760250e-18,-3.738138437910188738e+00,4.107454713275153324e+00,0.000000000000000000e+00,-6.846135652216998935e+00,0.000000000000000000e+00,-1.095511179445905903e+01,0.000000000000000000e+00,7.499999999999915872e+02,3.749999999999956799e+02,-7.992794765412111246e+01,-6.249999999999927240e+02,-3.502910441513477622e+02,-9.999999999999890861e+02,0.000000000000000000e+00
9.746110511609668015e-01,5.165881313321147444e-03,1.025308364785719073e+00,-1.311686026974260080e-02,-3.511646880354799549e-01,1.170803770961044432e-02,1.504310461192606363e+00,-2.161547337205058442e-02,5.971976858331838264e-03,-4.783259024241954260e-01,2.984097073176900095e-18,7.878612706230162521e-01,8.212831456577696088e-18,-1.565274447060593710e+00,-8.619407271259760250e-18,-2.991198997378889057e+00,4.480924433540803165e+00,0.000000000000000000e+00,-7.468585185993082298e+00,0.000000000000000000e+00,-1.195103104850079134e+01,0.000000000000000000e+00,7.499999999999909051e+02,3.749999999999954525e+02,0.000000000000000000e+00,-6.249999999999922693e+02,0.000000000000000000e+00,-9.999999999999881766e+02,0.000000000000000000e+00
9.756069704150085453e-01,5.170464149124106776e-03,1.024834283440090310e+00,-1.311686026974260080e-02,-3.503838630836847434e-01,1.170803770961044432e-02,1.502745459513371351e+00,-2.161547337205058442e-02,3.366394568935552299e-03,-4.736766064873340065e-01,2.984097073176900095e-18,7.801120662648221016e-01,8.212831456577696088e-18,-1.577674468784616035e+00,-8.619407271259760250e-18,-2.244259556847591153e+00,4.854394153806452117e+00,0.000000000000000000e+00,-8.091034719769163885e+00,0.000000000000000000e+00,-1.294695030254252188e+01,0.000000000000000000e+00,7.499999999999906777e+02,3.749999999999954525e+02,0.000000000000000000e+00,-6.249999999999918145e+02,0.000000000000000000e+00,-9.999999999999872671e+02,0.000000000000000000e+00
9.766028896690502892e-01,5.172823958786184131e-03,1.024365018231622182e+00,-1.311686026974260080e-02,-3.496110654049537358e-01,1.170803770961044432e-02,1.501167612902483128e+00,-2.161547337205058442e-02,1.504691160601859127e-03,-4.686553711099412656e-01,2.984097073176900095e-18,7.717429628390757301e-01,8.212831456577696088e-18,-1.591066329016721737e+00,-8.619407271259760250e-18,-1.497320116316291694e+00,5.227863874072101957e+00,0.000000000000000000e+00,-8.713484253545246361e+00,0.000000000000000000e+00,-1.394286955658425420e+01,0.000000000000000000e+00,7.499999999999906777e+02,3.749999999999954525e+02,0.000000000000000000e+00,-6.249999999999922693e+02,0.000000000000000000e+00,-9.999999999999872671e+02,0.000000000000000000e+00
9.775988089230920330e-01,5.173701560628971366e-03,1.023900939569475366e+00,-1.311686026974260080e-02,-3.488469123478882272e-01,1.170803770961044432e-02,1.499575933602179223e+00,-2.161547337205058442e-02,3.868666333307669864e-04,-4.632621962920172587e-01,2.984097073176900095e-18,7.627539603457772488e-01,8.212831456577696088e-18,-1.605450027756911036e+00,-8.619407271259760250e-18,-7.503806757849935671e-01,5.601333594337750910e+00,0.000000000000000000e+00,-9.335933787321328836e+00,0.000000000000000000e+00,-1.493878881062598474e+01,0.000000000000000000e+00,7.500000000000328555e+02,3.750000000000163709e+02,0.000000000000000000e+00,-6.250000000000272848e+02,0.000000000000000000e+00,-1.000000000000042746e+03,0.000000000000000000e+00
9.785947281771336659e-01,5.173841290785255453e-03,1.023442417862810538e+00,-1.311686026974260080e-02,-3.480920212610895126e-01,1.170803770961044432e-02,1.497969433854697385e+00,-2.161547337205058442e-02,1.667068887700891809e-06,-4.574970820335619304e-01,2.984097073176900095e-18,7.531450587849265466e-01,8.212831456577696088e-18,-1.620825565005183710e+00,-8.619407271259760250e-18,-3.441235253693997187e-03,5.974803314603400750e+00,0.000000000000000000e+00,-9.958383321097411311e+00,0.000000000000000000e+00,-1.593470806466771705e+01,0.000000000000000000e+00,3.767276678002984909e+02,3.750000000000168257e+02,0.000000000000000000e+00,-6.250000000000272848e+02,0.000000000000000000e+00,-1.000000000000044565e+03,0.000000000000000000e+00
9.795906474311754097e-01,5.173841829180816226e-03,1.022989823520788377e+00,-1.311686026974260080e-02,-3.473470094931589980e-01,1.170803770961044432e-02,1.496347125902275588e+00,-2.161547337205058442e-02,-2.233456475320139134e-17,-4.513600283345752806e-01,2.984097073176900095e-18,7.429162581565237344e-01,8.212831456577696088e-18,-1.637192940761539983e+00,-8.619407271259760250e-18,0.000000000000000000e+00,6.348273034869049702e+00,0.000000000000000000e+00,-1.058083285487349379e+01,0.000000000000000000e+00,-1.693062731870945115e+01,0.000000000000000000e+00,1.727667800240037188e+00,3.749999999999959073e+02,0.000000000000000000e+00,-6.249999999999936335e+02,0.000000000000000000e+00,-9.999999999999881766e+02,0.000000000000000000e+00
9.805865666852171536e-01,5.173841829180816226e-03,1.022543526952570003e+00,-1.311686026974260080e-02,-3.466124943926979229e-01,1.170803770961044432e-02,1.494708021987151358e+00,-2.161547337205058442e-02,-2.233456475320139134e-17,-4.448510351950573649e-01,2.984097073176900095e-18,7.320675584605687014e-01,8.212831456577696088e-18,-1.654552155025979632e+00,-8.619407271259760250e-18,0.000000000000000000e+00,6.721742755134700431e+00,0.000000000000000000e+00,-1.120328238864957804e+01,0.000000000000000000e+00,-1.792654657275118169e+01,0.000000000000000000e+00,0.000000000000000000e+00,2.016865139922833805e+02,0.000000000000000000e+00,-3.359545176031188021e+02,0.000000000000000000e+00,-5.368772001097004249e+02,0.000000000000000000e+00
9.815824859392588975e-01,5.173841829180816226e-03,1.022103841031903437e+00,-1.311686026974260080e-02,-3.458889973529872819e-01,1.170803770961044432e-02,1.493051288095867735e+00,-2.161547337205058442e-02,-2.233456475320139134e-17,-4.381427088527083957e-01,2.984097073176900095e-18,7.208868256582744438e-01,8.212831456577696088e-18,-1.672441974885106486e+00,-8.619407271259760250e-18,0.000000000000000000e+00,6.749999999999999112e+00,0.000000000000000000e+00,-1.124999999999999822e+01,0.000000000000000000e+00,-1.799999999999999645e+01,0.000000000000000000e+00,0.000000000000000000e+00,1.418651399228519949e+01,0.000000000000000000e+00,-2.345451760312153056e+01,0.000000000000000000e+00,-3.687720010970770090e+01,0.000000000000000000e+00
9.825784051933006413e-01,5.173841829180816226e-03,1.021670845311625664e+00,-1.311686026974260080e-02,-3.451766507102240200e-01,1.170803770961044432e-02,1.491376713353676609e+00,-2.161547337205058442e-02,-2.233456475320139134e-17,-4.314202538879267079e-01,2.984097073176900095e-18,7.096827340503050197e-01,8.212831456577696088e-18,-1.690368521457857653e+00,-8.619407271259760250e-18,0.000000000000000000e+00,6.749999999999999112e+00,0.000000000000000000e+00,-1.124999999999999822e+01,0.000000000000000000e+00,-1.799999999999999645e+01,0.000000000000000000e+00,0.000000000000000000e+00,0.000000000000000000e+00,0.000000000000000000e+00,0.000000000000000000e+00,0.000000000000000000e+00,0.000000000000000000e+00,0.000000000000000000e+00
9.835743244473423852e-01,5.173841829180816226e-03,1.021244544501277440e+00,-1.311686026974260080e-02,-3.444754622506766562e-01,1.170803770961044432e-02,1.489684285518339868e+00,-2.161547337205058442e-02,-2.233456475320139134e-17,-4.246977989231450201e-01,2.984097073176900095e-18,6.984786424423354845e-01,8.212831456577696088e-18,-1.708295068030608821e+00,-8.619407271259760250e-18,0.000000000000000000e+00,6.749999999999999112e+00,0.000000000000000000e+00,-1.124999999999999822e+01,0.000000000000000000e+00,-1.799999999999999645e+01,0.000000000000000000e+00,0.000000000000000000e+00,0.000000000000000000e+00,0.000000000000000000e+00,0.000000000000000000e+00,0.000000000000000000e+00,0.000000000000000000e+00,0.000000000000000000e+00
9.845702437013841291e-01,5.173841829180816226e-03,1.020824938600858767e+00,-1.311686026974260080e-02,-3.437854319743453013e-01,1.170803770961044432e-02,1.487974004589857513e+00,-2.161547337205058442e-02,-2.233456475320139134e-17,-4.179753439583633878e-01,2.984097073176900095e-18,6.872745508343660603e-01,8.212831456577696088e-18,-1.726221614603359988e+00,-8.619407271259760250e-18,0.000000000000000000e+00,6.749999999999999112e+00,0.000000000000000000e+00,-1.124999999999999822e+01,0.000000000000000000e+00,-1.799999999999999645e+01,0.000000000000000000e+00,0.000000000000000000e+00,0.000000000000000000e+00,0.000000000000000000e+00,0.000000000000000000e+00,0.000000000000000000e+00,0.000000000000000000e+00,0.000000000000000000e+00
9.855661629554258729e-01,5.173841829180816226e-03,1.020412027610369643e+00,-1.311686026974260080e-02,-3.431065598812298445e-01,1.170803770961044432e-02,1.486245870568229765e+00,-2.161547337205058442e-02,-2.233456475320139134e-17,-4.112528889935817000e-01,2.984097073176900095e-18,6.760704592263965251e-01,8.212831456577696088e-18,-1.744148161176111156e+00,-8.619407271259760250e-18,0.000000000000000000e+00,6.749999999999999112e+00,0.000000000000000000e+00,-1.124999999999999822e+01,0.000000000000000000e+00,-1.799999999999999645e+01,0.000000000000000000e+00,0.000000000000000000e+00,0.000000000000000000e+00,0.000000000000000000e+00,0.000000000000000000e+00,0.000000000000000000e+00,0.000000000000000000e+00,0.000000000000000000e+00
9.865620822094676168e-01,5.173841829180816226e-03,1.020005811529810069e+00,-1.311686026974260080e-02,-3.424388459713303412e-01,1.170803770961044432e-02,1.484499883453456404e+00,-2.161547337205058442e-02,-2.233456475320139134e-17,-4.045304340288000122e-01,2.984097073176900095e-18,6.648663676184271010e-01,8.212831456577696088e-18,-1.762074707748862323e+00,-8.619407271259760250e-18,0.000000000000000000e+00,6.749999999999999112e+00,0.000000000000000000e+00,-1.124999999999999822e+01,0.000000000000000000e+00,-1.799999999999999645e+01,0.000000000000000000e+00,0.000000000000000000e+00,4.547473508864641190e-13,0.000000000000000000e+00,0.000000000000000000e+00,0.000000000000000000e+00,1.818989403545856476e-12,0.000000000000000000e+00
9.875580014635092496e-01,5.173841829180816226e-03,1.019606290359180267e+00,-1.311686026974260080e-02,-3.417822902446467359e-01,1.170803770961044432e-02,1.482736043245537649e+00,-2.161547337205058442e-02,-2.233456475320139134e-17,-3.978079790640183799e-01,2.984097073176900095e-18,6.536622760104576768e-01,8.212831456577696088e-18,-1.780001254321613491e+00,-8.619407271259760250e-18,0.000000000000000000e+00,6.749999999999999112e+00,0.000000000000000000e+00,-1.124999999999999822e+01,0.000000000000000000e+00,-1.799999999999999645e+01,0.000000000000000000e+00,0.000000000000000000e+00,-4.547473508864641190e-13,0.000000000000000000e+00,0.000000000000000000e+00,0.000000000000000000e+00,-1.818989403545856476e-12,0.000000000000000000e+00
9.885539207175509935e-01,5.173841829180816226e-03,1.019213464098479793e+00,-1.311686026974260080e-02,-3.411368927011791397e-01,1.170803770961044432e-02,1.480954349944473281e+00,-2.161547337205058442e-02,-2.233456475320139134e-17,-3.910855240992366921e-01,2.984097073176900095e-18,6.424581844024881416e-01,8.212831456577696088e-18,-1.797927800894364658e+00,-8.619407271259760250e-18,0.000000000000000000e+00,6.749999999999999112e+00,0.000000000000000000e+00,-1.124999999999999822e+01,0.000000000000000000e+00,-1.799999999999999645e+01,0.000000000000000000e+00,0.000000000000000000e+00,0.000000000000000000e+00,0.000000000000000000e+00,0.000000000000000000e+00,0.000000000000000000e+00,0.000000000000000000e+00,0.000000000000000000e+00
9.895498399715927373e-01,5.173841829180816226e-03,1.018827332747708869e+00,-1.311686026974260080e-02,-3.405026533409273859e-01,1.170803770961044432e-02,1.479154803550263519e+00,-2.161547337205058442e-02,-2.233456475320139134e-17,-3.843630691344550043e-01,2.984097073176900095e-18,6.312540927945187175e-01,8.212831456577696088e-18,-1.815854347467116048e+00,-8.619407271259760250e-18,0.000000000000000000e+00,6.749999999999999112e+00,0.000000000000000000e+00,-1.124999999999999822e+01,0.000000000000000000e+00,-1.799999999999999645e+01,0.000000000000000000e+00,0.000000000000000000e+00,0.000000000000000000e+00,0.000000000000000000e+00,0.000000000000000000e+00,0.000000000000000000e+00,0.000000000000000000e+00,0.000000000000000000e+00
9.905457592256344812e-01,5.173841829180816226e-03,1.018447896306867495e+00,-1.311686026974260080e-02,-3.398795721638916412e-01,1.170803770961044432e-02,1.477337404062908366e+00,-2.161547337205058442e-02,-2.233456475320139134e-17,-3.776406141696733720e-01,2.984097073176900095e-18,6.200500011865491823e-01,8.212831456577696088e-18,-1.833780894039867215e+00,-8.619407271259760250e-18,0.000000000000000000e+00,6.749999999999999112e+00,0.000000000000000000e+00,-1.124999999999999822e+01,0.000000000000000000e+00,-1.799999999999999645e+01,0.000000000000000000e+00,0.000000000000000000e+00,0.000000000000000000e+00,0.000000000000000000e+00,0.000000000000000000e+00,0.000000000000000000e+00,0.000000000000000000e+00,0.000000000000000000e+00
9.915416784796762251e-01,5.173841829180816226e-03,1.018075154775955893e+00,-1.311686026974260080e-02,-3.392676491700718500e-01,1.170803770961044432e-02,1.475502151482407598e+00,-2.161547337205058442e-02,-2.233456475320139134e-17,-3.709181592048916842e-01,2.984097073176900095e-18,6.088459095785797581e-01,8.212831456577696088e-18,-1.851707440612618383e+00,-8.619407271259760250e-18,0.000000000000000000e+00,6.749999999999999112e+00,0.000000000000000000e+00,-1.124999999999999822e+01,0.000000000000000000e+00,-1.799999999999999645e+01,0.000000000000000000e+00,0.000000000000000000e+00,0.000000000000000000e+00,0.000000000000000000e+00,0.000000000000000000e+00,0.000000000000000000e+00,0.000000000000000000e+00,0.000000000000000000e+00
9.925375977337179689e-01,5.173841829180816226e-03,1.017709108154973840e+00,-1.311686026974260080e-02,-3.386668843594679568e-01,1.170803770961044432e-02,1.473649045808760993e+00,-2.161547337205058442e-02,-2.233456475320139134e-17,-3.641957042401100519e-01,2.984097073176900095e-18,5.976418179706103340e-01,8.212831456577696088e-18,-1.869633987185369550e+00,-8.619407271259760250e-18,0.000000000000000000e+00,6.749999999999999112e+00,0.000000000000000000e+00,-1.124999999999999822e+01,0.000000000000000000e+00,-1.799999999999999645e+01,0.000000000000000000e+00,0.000000000000000000e+00,0.000000000000000000e+00,0.000000000000000000e+00,0.000000000000000000e+00,0.000000000000000000e+00,0.000000000000000000e+00,0.000000000000000000e+00
9.935335169877597128e-01,5.173841829180816226e-03,1.017349756443921116e+00,-1.311686026974260080e-02,-3.380772777320800171e-01,1.170803770961044432e-02,1.471778087041969219e+00,-2.161547337205058442e-02,-2.233456475320139134e-17,-3.574732492753283641e-01,2.984097073176900095e-18,5.864377263626407988e-01,8.212831456577696088e-18,-1.887560533758120718e+00,-8.619407271259760250e-18,0.000000000000000000e+00,6.749999999999999112e+00,0.000000000000000000e+00,-1.124999999999999822e+01,0.000000000000000000e+00,-1.799999999999999645e+01,0.000000000000000000e+00,0.000000000000000000e+00,0.000000000000000000e+00,0.000000000000000000e+00,0.000000000000000000e+00,0.000000000000000000e+00,0.000000000000000000e+00,0.000000000000000000e+00
9.945294362418014567e-01,5.173841829180816226e-03,1.016997099642797941e+00,-1.311686026974260080e-02,-3.374988292879080309e-01,1.170803770961044432e-02,1.469889275182032051e+00,-2.161547337205058442e-02,-2.233456475320139134e-17,-3.507507943105466763e-01,2.984097073176900095e-18,5.752336347546713746e-01,8.212831456577696088e-18,-1.905487080330871885e+00,-8.619407271259760250e-18,0.000000000000000000e+00,6.749999999999999112e+00,0.000000000000000000e+00,-1.124999999999999822e+01,0.000000000000000000e+00,-1.799999999999999645e+01,0.000000000000000000e+00,0.000000000000000000e+00,0.000000000000000000e+00,0.000000000000000000e+00,0.000000000000000000e+00,0.000000000000000000e+00,0.000000000000000000e+00,0.000000000000000000e+00
9.955253554958432005e-01,5.173841829180816226e-03,1.016651137751604761e+00,-1.311686026974260080e-02,-3.369315390269519983e-01,1.170803770961044432e-02,1.467982610228949270e+00,-2.161547337205058442e-02,-2.233456475320139134e-17,-3.440283393457650440e-01,2.984097073176900095e-18,5.640295431467019505e-01,8.212831456577696088e-18,-1.923413626903623053e+00,-8.619407271259760250e-18,0.000000000000000000e+00,6.749999999999999112e+00,0.000000000000000000e+00,-1.124999999999999822e+01,0.000000000000000000e+00,-1.799999999999999645e+01,0.000000000000000000e+00,0.000000000000000000e+00,0.000000000000000000e+00,0.000000000000000000e+00,0.000000000000000000e+00,0.000000000000000000e+00,0.000000000000000000e+00,0.000000000000000000e+00
9.965212747498849444e-01,5.173841829180816226e-03,1.016311870770340686e+00,-1.311686026974260080e-02,-3.363754069492118082e-01,1.170803770961044432e-02,1.466058092182720873e+00,-2.161547337205058442e-02,-2.233456475320139134e-17,-3.373058843809833562e-01,2.984097073176900095e-18,5.528254515387324153e-01,8.212831456577696088e-18,-1.941340173476374442e+00,-8.619407271259760250e-18,0.000000000000000000e+00,6.749999999999999112e+00,0.000000000000000000e+00,-1.124999999999999822e+01,0.000000000000000000e+00,-1.799999999999999645e+01,0.000000000000000000e+00,0.000000000000000000e+00,0.000000000000000000e+00,0.000000000000000000e+00,0.000000000000000000e+00,0.000000000000000000e+00,0.000000000000000000e+00,0.000000000000000000e+00
9.975171940039266882e-01,5.173841829180816226e-03,1.015979298699006161e+00,-1.311686026974260080e-02,-3.358304330546876826e-01,1.170803770961044432e-02,1.464115721043347085e+00,-2.161547337205058442e-02,-2.233456475320139134e-17,-3.305834294162016684e-01,2.984097073176900095e-18,5.416213599307629911e-01,8.212831456577696088e-18,-1.959266720049125610e+00,-8.619407271259760250e-18,0.000000000000000000e+00,6.749999999999999112e+00,0.000000000000000000e+00,-1.124999999999999822e+01,0.000000000000000000e+00,-1.799999999999999645e+01,0.000000000000000000e+00,0.000000000000000000e+00,4.547473508864641190e-13,0.000000000000000000e+00,0.000000000000000000e+00,0.000000000000000000e+00,1.818989403545856476e-12,0.000000000000000000e+00
9.985131132579683211e-01,5.173841829180816226e-03,1.015653421537601631e+00,-1.311686026974260080e-02,-3.352966173433794550e-01,1.170803770961044432e-02,1.462155496810827682e+00,-2.161547337205058442e-02,-2.233456475320139134e-17,-3.238609744514199806e-01,2.984097073176900095e-18,5.304172683227934559e-01,8.212831456577696088e-18,-1.977193266621876777e+00,-8.619407271259760250e-18,0.000000000000000000e+00,6.749999999999999112e+00,0.000000000000000000e+00,-1.124999999999999822e+01,0.000000000000000000e+00,-1.799999999999999645e+01,0.000000000000000000e+00,0.000000000000000000e+00,-4.547473508864641190e-13,0.000000000000000000e+00,0.000000000000000000e+00,0.000000000000000000e+00,-1.818989403545856476e-12,0.000000000000000000e+00
9.995090325120100649e-01,5.173841829180816226e-03,1.015334239286126206e+00,-1.311686026974260080e-02,-3.347739598152871254e-01,1.170803770961044432e-02,1.460177419485162886e+00,-2.161547337205058442e-02,-2.233456475320139134e-17,-3.171385194866383483e-01,2.984097073176900095e-18,5.192131767148240318e-01,8.212831456577696088e-18,-1.995119813194627945e+00,-8.619407271259760250e-18,0.000000000000000000e+00,6.749999999999999112e+00,0.000000000000000000e+00,-1.124999999999999822e+01,0.000000000000000000e+00,-1.799999999999999645e+01,0.000000000000000000e+00,0.000000000000000000e+00,0.000000000000000000e+00,0.000000000000000000e+00,0.000000000000000000e+00,0.000000000000000000e+00,3.696346966582732421e+02,0.000000000000000000e+00
1.000504951766051809e+00,5.173841829180816226e-03,1.015021751944580775e+00,-1.311686026974260080e-02,-3.342624604704106939e-01,1.170803770961044432e-02,1.458181043312227976e+00,-2.161547337205058442e-02,-2.233456475320139134e-17,-3.104160645218566605e-01,2.984097073176900095e-18,5.080090851068546076e-01,8.212831456577696088e-18,-2.012678233456015153e+00,-8.619407271259760250e-18,0.000000000000000000e+00,6.749999999999999112e+00,0.000000000000000000e+00,-1.124999999999999822e+01,0.000000000000000000e+00,-1.726374737727228847e+01,0.000000000000000000e+00,0.000000000000000000e+00,0.000000000000000000e+00,0.000000000000000000e+00,-9.094947017729282379e-13,0.000000000000000000e+00,8.696346966582086679e+02,0.000000000000000000e+00
1.001500871020093664e+00,5.173841829180816226e-03,1.014715959512964449e+00,-1.311686026974260080e-02,-3.337621193087502713e-01,1.170803770961044432e-02,1.456168165941538417e+00,-2.161547337205058442e-02,-2.233456475320139134e-17,-3.036936095570749727e-01,2.984097073176900095e-18,4.968049934988850724e-01,8.212831456577696088e-18,-2.029374648524975733e+00,-8.619407271259760250e-18,0.000000000000000000e+00,6.749999999999999112e+00,0.000000000000000000e+00,-1.124999999999999822e+01,0.000000000000000000e+00,-1.626782812323055083e+01,0.000000000000000000e+00,0.000000000000000000e+00,9.094947017729282379e-13,0.000000000000000000e+00,-9.094947017729282379e-13,0.000000000000000000e+00,9.999999999999863576e+02,0.000000000000000000e+00
1.002496790274135297e+00,5.173841829180816226e-03,1.014416861991278118e+00,-1.311686026974260080e-02,-3.332729363303058023e-01,1.170803770961044432e-02,1.454139155407342399e+00,-2.161547337205058442e-02,-2.233456475320139134e-17,-2.969711545922933404e-01,2.984097073176900095e-18,4.856009018909156483e-01,8.212831456577696088e-18,-2.045079225085852936e+00,-8.619407271259760250e-18,0.000000000000000000e+00,6.749999999999999112e+00,0.000000000000000000e+00,-1.124999999999999822e+01,0.000000000000000000e+00,-1.527190886918882207e+01,0.000000000000000000e+00,0.000000000000000000e+00,0.000000000000000000e+00,0.000000000000000000e+00,0.000000000000000000e+00,0.000000000000000000e+00,1.000000000000100044e+03,0.000000000000000000e+00
1.003492709528176929e+00,5.173841829180816226e-03,1.014124459379521115e+00,-1.311686026974260080e-02,-3.327949115350772313e-01,1.170803770961044432e-02,1.452094999467401948e+00,-2.161547337205058442e-02,-2.233456475320139134e-17,-2.902486996275116526e-01,2.984097073176900095e-18,4.743968102829461131e-01,8.212831456577696088e-18,-2.059791963138646764e+00,-8.619407271259760250e-18,0.000000000000000000e+00,6.749999999999999112e+00,0.000000000000000000e+00,-1.124999999999999822e+01,0.000000000000000000e+00,-1.427598961514708620e+01,0.000000000000000000e+00,0.000000000000000000e+00,-9.094947017729282379e-13,0.000000000000000000e+00,9.094947017729282379e-13,0.000000000000000000e+00,9.999999999999899956e+02,0.000000000000000000e+00
1.004488628782218784e+00,5.173841829180816226e-03,1.013838751677693661e+00,-1.311686026974260080e-02,-3.323280449230646694e-01,1.170803770961044432e-02,1.450036685879479093e+00,-2.161547337205058442e-02,-2.233456475320139134e-17,-2.835262446627300204e-01,2.984097073176900095e-18,4.631927186749766889e-01,8.212831456577696088e-18,-2.073512862683357216e+00,-8.619407271259760250e-18,0.000000000000000000e+00,6.749999999999999112e+00,0.000000000000000000e+00,-1.124999999999999822e+01,0.000000000000000000e+00,-1.328007036110535743e+01,0.000000000000000000e+00,0.000000000000000000e+00,9.094947017729282379e-13,0.000000000000000000e+00,-9.094947017729282379e-13,0.000000000000000000e+00,9.999999999999836291e+02,0.000000000000000000e+00
1.005484548036260417e+00,5.173841829180816226e-03,1.013559738885795758e+00,-1.311686026974260080e-02,-3.318723364942680054e-01,1.170803770961044432e-02,1.447965202401336082e+00,-2.161547337205058442e-02,-2.233456475320139134e-17,-2.768037896979483325e-01,2.984097073176900095e-18,4.519886270670072648e-01,8.212831456577696088e-18,-2.086241923719983848e+00,-8.619407271259760250e-18,0.000000000000000000e+00,6.749999999999999112e+00,0.000000000000000000e+00,-1.124999999999999822e+01,0.000000000000000000e+00,-1.228415110706362867e+01,0.000000000000000000e+00,0.000000000000000000e+00,-9.094947017729282379e-13,0.000000000000000000e+00,9.094947017729282379e-13,0.000000000000000000e+00,9.999999999999890861e+02,0.000000000000000000e+00
1.006480467290302272e+00,5.173841829180816226e-03,1.013287421003827626e+00,-1.311686026974260080e-02,-3.314277862486872395e-01,1.170803770961044432e-02,1.445881536790734723e+00,-2.161547337205058442e-02,-2.233456475320139134e-17,-2.700813347331666447e-01,2.984097073176900095e-18,4.407845354590377296e-01,8.212831456577696088e-18,-2.097979146248527105e+00,-8.619407271259760250e-18,0.000000000000000000e+00,6.749999999999999112e+00,0.000000000000000000e+00,-1.124999999999999822e+01,0.000000000000000000e+00,-1.128823185302189280e+01,0.000000000000000000e+00,0.000000000000000000e+00,9.094947017729282379e-13,0.000000000000000000e+00,-9.094947017729282379e-13,0.000000000000000000e+00,9.999999999999881766e+02,0.000000000000000000e+00
1.007476386544343905e+00,5.173841829180816226e-03,1.013021798031788823e+00,-1.311686026974260080e-02,-3.309943941863224270e-01,1.170803770961044432e-02,1.443786676805437486e+00,-2.161547337205058442e-02,-2.233456475320139134e-17,-2.633588797683850125e-01,2.984097073176900095e-18,4.295804438510683054e-01,8.212831456577696088e-18,-2.108724530268986985e+00,-8.619407271259760250e-18,0.000000000000000000e+00,6.749999999999999112e+00,0.000000000000000000e+00,-1.124999999999999822e+01,0.000000000000000000e+00,-1.029231259898016404e+01,0.000000000000000000e+00,0.000000000000000000e+00,-9.094947017729282379e-13,0.000000000000000000e+00,9.094947017729282379e-13,0.000000000000000000e+00,9.999999999999909051e+02,0.000000000000000000e+00
1.008472305798385760e+00,5.173841829180816226e-03,1.012762869969679569e+00,-1.311686026974260080e-02,-3.305721603071736237e-01,1.170803770961044432e-02,1.441681610203206620e+00,-2.161547337205058442e-02,-2.233456475320139134e-17,-2.566364248036033247e-01,2.984097073176900095e-18,4.183763522430987702e-01,8.212831456577696088e-18,-2.118478075781363490e+00,-8.619407271259760250e-18,0.000000000000000000e+00,6.749999999999999112e+00,0.000000000000000000e+00,-1.124999999999999822e+01,0.000000000000000000e+00,-9.296393344938426395e+00,0.000000000000000000e+00,0.000000000000000000e+00,9.094947017729282379e-13,0.000000000000000000e+00,-9.094947017729282379e-13,0.000000000000000000e+00,9.999999999999881766e+02,0.000000000000000000e+00
1.009468225052427393e+00,5.173841829180816226e-03,1.012510636817500087e+00,-1.311686026974260080e-02,-3.301610846112406628e-01,1.170803770961044432e-02,1.439567324741803711e+00,-2.161547337205058442e-02,-2.233456475320139134e-17,-2.499139698388216368e-01,2.984097073176900095e-18,4.071722606351293461e-01,8.212831456577696088e-18,-2.127239782785656175e+00,-8.619407271259760250e-18,0.000000000000000000e+00,6.749999999999999112e+00,0.000000000000000000e+00,-1.124999999999999822e+01,0.000000000000000000e+00,-8.300474090896697632e+00,0.000000000000000000e+00,0.000000000000000000e+00,-9.094947017729282379e-13,0.000000000000000000e+00,9.094947017729282379e-13,0.000000000000000000e+00,9.999999999999895408e+02,0.000000000000000000e+00
1.010464144306469247e+00,5.173841829180816226e-03,1.012265098575250155e+00,-1.311686026974260080e-02,-3.297611670985237109e-01,1.170803770961044432e-02,1.437444808178991229e+00,-2.161547337205058442e-02,-2.233456475320139134e-17,-2.431915148740398935e-01,2.984097073176900095e-18,3.959681690271598109e-01,8.212831456577696088e-18,-2.135009651281865928e+00,-8.619407271259760250e-18,0.000000000000000000e+00,6.749999999999999112e+00,0.000000000000000000e+00,-1.124999999999999822e+01,0.000000000000000000e+00,-7.304554836854961763e+00,0.000000000000000000e+00,0.000000000000000000e+00,9.094947017729282379e-13,0.000000000000000000e+00,-9.094947017729282379e-13,0.000000000000000000e+00,9.999999999999881766e+02,0.000000000000000000e+00
1.011460063560510880e+00,5.173841829180816226e-03,1.012026255242929551e+00,-1.311686026974260080e-02,-3.293724077690226570e-01,1.170803770961044432e-02,1.435315048272531424e+00,-2.161547337205058442e-02,-2.233456475320139134e-17,-2.364690599092582335e-01,2.984097073176900095e-18,3.847640774191903867e-01,8.212831456577696088e-18,-2.141787681269991861e+00,-8.619407271259760250e-18,0.000000000000000000e+00,6.749999999999999112e+00,0.000000000000000000e+00,-1.124999999999999822e+01,0.000000000000000000e+00,-6.308635582813233000e+00,0.000000000000000000e+00,0.000000000000000000e+00,0.000000000000000000e+00,0.000000000000000000e+00,0.000000000000000000e+00,0.000000000000000000e+00,1.000000000000096406e+03,0.000000000000000000e+00
1.012455982814552513e+00,5.173841829180816226e-03,1.011794106820538719e+00,-1.311686026974260080e-02,-3.289948066227375567e-01,1.170803770961044432e-02,1.433179032780186324e+00,-2.161547337205058442e-02,-2.233456475320139134e-17,-2.297466049444765457e-01,2.984097073176900095e-18,3.735599858112209626e-01,8.212831456577696088e-18,-2.147573872750034418e+00,-8.619407271259760250e-18,0.000000000000000000e+00,6.749999999999999112e+00,0.000000000000000000e+00,-1.124999999999999822e+01,0.000000000000000000e+00,-5.312716328771504237e+00,0.000000000000000000e+00,0.000000000000000000e+00,-9.094947017729282379e-13,0.000000000000000000e+00,9.094947017729282379e-13,0.000000000000000000e+00,9.999999999999895408e+02,0.000000000000000000e+00
1.013451902068594368e+00,5.173841829180816226e-03,1.011568653308077437e+00,-1.311686026974260080e-02,-3.286283636596684099e-01,1.170803770961044432e-02,1.431037749459717734e+00,-2.161547337205058442e-02,-2.233456475320139134e-17,-2.230241499796948301e-01,2.984097073176900095e-18,3.623558942032514274e-01,8.212831456577696088e-18,-2.152368225721993600e+00,-8.619407271259760250e-18,0.000000000000000000e+00,6.749999999999999112e+00,0.000000000000000000e+00,-1.124999999999999822e+01,0.000000000000000000e+00,-4.316797074729767481e+00,0.000000000000000000e+00,0.000000000000000000e+00,9.094947017729282379e-13,0.000000000000000000e+00,-9.094947017729282379e-13,0.000000000000000000e+00,9.999999999999884039e+02,0.000000000000000000e+00
1.014447821322636001e+00,5.173841829180816226e-03,1.011349894705545704e+00,-1.311686026974260080e-02,-3.282730788798152166e-01,1.170803770961044432e-02,1.428892186068888126e+00,-2.161547337205058442e-02,-2.233456475320139134e-17,-2.163016950149131423e-01,2.984097073176900095e-18,3.511518025952820032e-01,8.212831456577696088e-18,-2.156170740185868961e+00,-8.619407271259760250e-18,0.000000000000000000e+00,6.749999999999999112e+00,0.000000000000000000e+00,-1.124999999999999822e+01,0.000000000000000000e+00,-3.320877820688038717e+00,0.000000000000000000e+00,0.000000000000000000e+00,-9.094947017729282379e-13,0.000000000000000000e+00,9.094947017729282379e-13,0.000000000000000000e+00,9.999999999999886313e+02,0.000000000000000000e+00
1.015443740576677856e+00,5.173841829180816226e-03,1.011137831012943522e+00,-1.311686026974260080e-02,-3.279289522831779213e-01,1.170803770961044432e-02,1.426743330365459750e+00,-2.161547337205058442e-02,-2.233456475320139134e-17,-2.095792400501314268e-01,2.984097073176900095e-18,3.399477109873125236e-01,8.212831456577696088e-18,-2.158981416141661391e+00,-8.619407271259760250e-18,0.000000000000000000e+00,6.749999999999999112e+00,0.000000000000000000e+00,-1.124999999999999822e+01,0.000000000000000000e+00,-2.324958566646302849e+00,0.000000000000000000e+00,0.000000000000000000e+00,9.094947017729282379e-13,0.000000000000000000e+00,-9.094947017729282379e-13,0.000000000000000000e+00,9.999999999999884039e+02,0.000000000000000000e+00
1.016439659830719489e+00,5.173841829180816226e-03,1.010932462230270890e+00,-1.311686026974260080e-02,-3.275959838697565796e-01,1.170803770961044432e-02,1.424592170107194411e+00,-2.161547337205058442e-02,-2.233456475320139134e-17,-2.028567850853497390e-01,2.984097073176900095e-18,3.287436193793430439e-01,8.212831456577696088e-18,-2.160800253589370001e+00,-8.619407271259760250e-18,0.000000000000000000e+00,6.749999999999999112e+00,0.000000000000000000e+00,-1.124999999999999822e+01,0.000000000000000000e+00,-1.329039312604573642e+00,0.000000000000000000e+00,0.000000000000000000e+00,-9.094947017729282379e-13,0.000000000000000000e+00,9.094947017729282379e-13,0.000000000000000000e+00,9.999999999999868123e+02,0.000000000000000000e+00
1.017435579084761343e+00,5.173841829180816226e-03,1.010733788357527807e+00,-1.311686026974260080e-02,-3.272741736395511358e-01,1.170803770961044432e-02,1.422439693051854137e+00,-2.161547337205058442e-02,-2.233456475320139134e-17,-1.961343301205680789e-01,2.984097073176900095e-18,3.175395277713736197e-01,8.212831456577696088e-18,-2.161627252528995236e+00,-8.619407271259760250e-18,0.000000000000000000e+00,6.749999999999999112e+00,0.000000000000000000e+00,-1.124999999999999822e+01,0.000000000000000000e+00,-3.331200585628414368e-01,0.000000000000000000e+00,0.000000000000000000e+00,9.094947017729282379e-13,0.000000000000000000e+00,-9.094947017729282379e-13,0.000000000000000000e+00,9.999999999999909051e+02,0.000000000000000000e+00
1.018431498338802976e+00,5.173841829180816226e-03,1.010541809394714274e+00,-1.311686026974260080e-02,-3.269635215925617011e-01,1.170803770961044432e-02,1.420286886957201400e+00,-2.161547337205058442e-02,-2.233456475320139134e-17,-1.894118751557863356e-01,2.984097073176900095e-18,3.063354361634041401e-01,8.212831456577696088e-18,-2.161462412960537094e+00,-8.619407271259760250e-18,0.000000000000000000e+00,6.749999999999999112e+00,0.000000000000000000e+00,-1.124999999999999822e+01,0.000000000000000000e+00,6.627991954788958751e-01,0.000000000000000000e+00,0.000000000000000000e+00,-9.094947017729282379e-13,0.000000000000000000e+00,9.094947017729282379e-13,0.000000000000000000e+00,9.999999999999893134e+02,0.000000000000000000e+00
1.019427417592844831e+00,5.173841829180816226e-03,1.010356525341830292e+00,-1.311686026974260080e-02,-3.266640277287881644e-01,1.170803770961044432e-02,1.418134739580998227e+00,-2.161547337205058442e-02,-2.233456475320139134e-17,-1.826894201910046756e-01,2.984097073176900095e-18,2.951313445554346604e-01,8.212831456577696088e-18,-2.160305734883995576e+00,-8.619407271259760250e-18,0.000000000000000000e+00,6.749999999999999112e+00,0.000000000000000000e+00,-1.124999999999999822e+01,0.000000000000000000e+00,1.658718449520625082e+00,0.000000000000000000e+00,0.000000000000000000e+00,9.094947017729282379e-13,0.000000000000000000e+00,-9.094947017729282379e-13,0.000000000000000000e+00,9.999999999999887450e+02,0.000000000000000000e+00
1.020423336846886464e+00,5.173841829180816226e-03,1.010177936198875859e+00,-1.311686026974260080e-02,-3.263756920482305812e-01,1.170803770961044432e-02,1.415984238681006424e+00,-2.161547337205058442e-02,-2.233456475320139134e-17,-1.759669652262229322e-01,2.984097073176900095e-18,2.839272529474651807e-01,8.212831456577696088e-18,-2.158157218299370239e+00,-8.619407271259760250e-18,0.000000000000000000e+00,6.749999999999999112e+00,0.000000000000000000e+00,-1.124999999999999822e+01,0.000000000000000000e+00,2.654637703562360951e+00,0.000000000000000000e+00,0.000000000000000000e+00,-9.094947017729282379e-13,0.000000000000000000e+00,9.094947017729282379e-13,0.000000000000000000e+00,9.999999999999884039e+02,0.000000000000000000e+00
1.021419256100928319e+00,5.173841829180816226e-03,1.010006041965850976e+00,-1.311686026974260080e-02,-3.260985145508889516e-01,1.170803770961044432e-02,1.413836372014988685e+00,-2.161547337205058442e-02,-2.233456475320139134e-17,-1.692445102614412722e-01,2.984097073176900095e-18,2.727231613394957566e-01,8.212831456577696088e-18,-2.155016863206661970e+00,-8.619407271259760250e-18,0.000000000000000000e+00,6.749999999999999112e+00,0.000000000000000000e+00,-1.124999999999999822e+01,0.000000000000000000e+00,3.650556957604090158e+00,0.000000000000000000e+00,0.000000000000000000e+00,9.094947017729282379e-13,0.000000000000000000e+00,-9.094947017729282379e-13,0.000000000000000000e+00,9.999999999999856755e+02,0.000000000000000000e+00
1.022415175354969952e+00,5.173841829180816226e-03,1.009840842642755865e+00,-1.311686026974260080e-02,-3.258324952367632754e-01,1.170803770961044432e-02,1.411692127340706815e+00,-2.161547337205058442e-02,-2.233456475320139134e-17,-1.625220552966595844e-01,2.984097073176900095e-18,2.615190697315262769e-01,8.212831456577696088e-18,-2.150884669605869881e+00,-8.619407271259760250e-18,0.000000000000000000e+00,6.749999999999999112e+00,0.000000000000000000e+00,-1.124999999999999822e+01,0.000000000000000000e+00,4.646476211645818921e+00,0.000000000000000000e+00,0.000000000000000000e+00,0.000000000000000000e+00,0.000000000000000000e+00,0.000000000000000000e+00,0.000000000000000000e+00,1.000000000000100272e+03,0.000000000000000000e+00
1.023411094609011585e+00,5.173841829180816226e-03,1.009682338229590082e+00,-1.311686026974260080e-02,-3.255776341058534418e-01,1.170803770961044432e-02,1.409552492415923064e+00,-2.161547337205058442e-02,-2.233456475320139134e-17,-1.557996003318778688e-01,2.984097073176900095e-18,2.503149781235567972e-01,8.212831456577696088e-18,-2.145760637496994416e+00,-8.619407271259760250e-18,0.000000000000000000e+00,6.749999999999999112e+00,0.000000000000000000e+00,-1.124999999999999822e+01,0.000000000000000000e+00,5.642395465687554790e+00,0.000000000000000000e+00,0.000000000000000000e+00,-9.094947017729282379e-13,0.000000000000000000e+00,9.094947017729282379e-13,0.000000000000000000e+00,9.999999999999886313e+02,0.000000000000000000e+00
1.024407013863053439e+00,5.173841829180816226e-03,1.009530528726354071e+00,-1.311686026974260080e-02,-3.253339311581596172e-01,1.170803770961044432e-02,1.407418454998399238e+00,-2.161547337205058442e-02,-2.233456475320139134e-17,-1.490771453670961810e-01,2.984097073176900095e-18,2.391108865155873175e-01,8.212831456577696088e-18,-2.139644766880035576e+00,-8.619407271259760250e-18,0.000000000000000000e+00,6.749999999999999112e+00,0.000000000000000000e+00,-1.124999999999999822e+01,0.000000000000000000e+00,6.638314719729284441e+00,0.000000000000000000e+00,0.000000000000000000e+00,9.094947017729282379e-13,0.000000000000000000e+00,-9.094947017729282379e-13,0.000000000000000000e+00,9.999999999999890861e+02,0.000000000000000000e+00
1.025402933117095072e+00,5.173841829180816226e-03,1.009385414133047387e+00,-1.311686026974260080e-02,-3.251013863936817461e-01,1.170803770961044432e-02,1.405291002845897808e+00,-2.161547337205058442e-02,-2.233456475320139134e-17,-1.423546904023144377e-01,2.984097073176900095e-18,2.279067949076177824e-01,8.212831456577696088e-18,-2.132537057754992915e+00,-8.619407271259760250e-18,0.000000000000000000e+00,6.749999999999999112e+00,0.000000000000000000e+00,-1.124999999999999822e+01,0.000000000000000000e+00,7.634233973771019421e+00,0.000000000000000000e+00,0.000000000000000000e+00,-9.094947017729282379e-13,0.000000000000000000e+00,9.094947017729282379e-13,0.000000000000000000e+00,9.999999999999872671e+02,0.000000000000000000e+00
1.026398852371136927e+00,5.173841829180816226e-03,1.009246994449670476e+00,-1.311686026974260080e-02,-3.248799998124197730e-01,1.170803770961044432e-02,1.403171123716180801e+00,-2.161547337205058442e-02,-2.233456475320139134e-17,-1.356322354375327499e-01,2.984097073176900095e-18,2.167027032996483027e-01,8.212831456577696088e-18,-2.124437510121867323e+00,-8.619407271259760250e-18,0.000000000000000000e+00,6.749999999999999112e+00,0.000000000000000000e+00,-1.124999999999999822e+01,0.000000000000000000e+00,8.630153227812748185e+00,0.000000000000000000e+00,0.000000000000000000e+00,9.094947017729282379e-13,0.000000000000000000e+00,-9.094947017729282379e-13,0.000000000000000000e+00,9.999999999999849933e+02,0.000000000000000000e+00
1.027394771625178560e+00,5.173841829180816226e-03,1.009115269676223114e+00,-1.311686026974260080e-02,-3.246697714143737534e-01,1.170803770961044432e-02,1.401059805367010247e+00,-2.161547337205058442e-02,-2.233456475320139134e-17,-1.289097804727510621e-01,2.984097073176900095e-18,2.054986116916788508e-01,8.212831456577696088e-18,-2.115346123980657911e+00,-8.619407271259760250e-18,0.000000000000000000e+00,6.749999999999999112e+00,0.000000000000000000e+00,-1.124999999999999822e+01,0.000000000000000000e+00,9.626072481854476948e+00,0.000000000000000000e+00,0.000000000000000000e+00,-9.094947017729282379e-13,0.000000000000000000e+00,9.094947017729282379e-13,0.000000000000000000e+00,9.999999999999845386e+02,0.000000000000000000e+00
1.028390690879220415e+00,5.173841829180816226e-03,1.008990239812705081e+00,-1.311686026974260080e-02,-3.244707011995437429e-01,1.170803770961044432e-02,1.398958035556148394e+00,-2.161547337205058442e-02,-2.233456475320139134e-17,-1.221873255079693882e-01,2.984097073176900095e-18,1.942945200837093711e-01,8.212831456577696088e-18,-2.105262899331365123e+00,-8.619407271259760250e-18,0.000000000000000000e+00,6.749999999999999112e+00,0.000000000000000000e+00,-1.124999999999999822e+01,0.000000000000000000e+00,1.062199173589620749e+01,0.000000000000000000e+00,0.000000000000000000e+00,9.094947017729282379e-13,0.000000000000000000e+00,-9.094947017729282379e-13,0.000000000000000000e+00,9.999999999999936335e+02,0.000000000000000000e+00
1.029386610133262048e+00,5.173841829180816226e-03,1.008871904859116819e+00,-1.311686026974260080e-02,-3.242827891679295749e-01,1.170803770961044432e-02,1.396866802041357047e+00,-2.161547337205058442e-02,-2.233456475320139134e-17,-1.154648705431876171e-01,2.984097073176900095e-18,1.830904284757397527e-01,8.212831456577696088e-18,-2.094187836173988959e+00,-8.619407271259760250e-18,0.000000000000000000e+00,6.749999999999999112e+00,0.000000000000000000e+00,-1.124999999999999822e+01,0.000000000000000000e+00,1.161791098993795046e+01,0.000000000000000000e+00,0.000000000000000000e+00,-9.094947017729282379e-13,0.000000000000000000e+00,9.094947017729282379e-13,0.000000000000000000e+00,9.999999999999909051e+02,0.000000000000000000e+00
1.030382529387303903e+00,5.173841829180816226e-03,1.008760264815458108e+00,-1.311686026974260080e-02,-3.241060353195313604e-01,1.170803770961044432e-02,1.394787092580398902e+00,-2.161547337205058442e-02,-2.233456475320139134e-17,-1.087424155784059432e-01,2.984097073176900095e-18,1.718863368677703007e-01,8.212831456577696088e-18,-2.082120934508528975e+00,-8.619407271259760250e-18,0.000000000000000000e+00,6.749999999999999112e+00,0.000000000000000000e+00,-1.124999999999999822e+01,0.000000000000000000e+00,1.261383024397967922e+01,0.000000000000000000e+00,0.000000000000000000e+00,9.094947017729282379e-13,0.000000000000000000e+00,-9.094947017729282379e-13,0.000000000000000000e+00,9.999999999999854481e+02,0.000000000000000000e+00
1.031378448641345535e+00,5.173841829180816226e-03,1.008655319681728946e+00,-1.311686026974260080e-02,-3.239404396543490994e-01,1.170803770961044432e-02,1.392719894931035762e+00,-2.161547337205058442e-02,-2.233456475320139134e-17,-1.020199606136242554e-01,2.984097073176900095e-18,1.606822452598008488e-01,8.212831456577696088e-18,-2.069062194334986060e+00,-8.619407271259760250e-18,0.000000000000000000e+00,6.749999999999999112e+00,0.000000000000000000e+00,-1.124999999999999822e+01,0.000000000000000000e+00,1.360974949802140799e+01,0.000000000000000000e+00,0.000000000000000000e+00,-9.094947017729282379e-13,0.000000000000000000e+00,9.094947017729282379e-13,0.000000000000000000e+00,9.999999999999836291e+02,0.000000000000000000e+00
1.032374367895387390e+00,5.173841829180816226e-03,1.008557069457929112e+00,-1.311686026974260080e-02,-3.237860021723827919e-01,1.170803770961044432e-02,1.390666196851029657e+00,-2.161547337205058442e-02,-2.233456475320139134e-17,-9.529750564884258146e-02,2.984097073176900095e-18,1.494781536518313692e-01,8.212831456577696088e-18,-2.055011615653359325e+00,-8.619407271259760250e-18,0.000000000000000000e+00,6.749999999999999112e+00,0.000000000000000000e+00,-1.124999999999999822e+01,0.000000000000000000e+00,1.460566875206313675e+01,0.000000000000000000e+00,0.000000000000000000e+00,9.094947017729282379e-13,0.000000000000000000e+00,-9.094947017729282379e-13,0.000000000000000000e+00,9.999999999999863576e+02,0.000000000000000000e+00
1.033370287149429023e+00,5.173841829180816226e-03,1.008465514144059050e+00,-1.311686026974260080e-02,-3.236427228736324380e-01,1.170803770961044432e-02,1.388626986098142835e+00,-2.161547337205058442e-02,-2.233456475320139134e-17,-8.857505068406090754e-02,2.984097073176900095e-18,1.382740620438619172e-01,8.212831456577696088e-18,-2.039969198463649214e+00,-8.619407271259760250e-18,0.000000000000000000e+00,6.749999999999999112e+00,0.000000000000000000e+00,-1.124999999999999822e+01,0.000000000000000000e+00,1.560158800610486551e+01,0.000000000000000000e+00,0.000000000000000000e+00,0.000000000000000000e+00,0.000000000000000000e+00,0.000000000000000000e+00,0.000000000000000000e+00,1.000000000000104592e+03,0.000000000000000000e+00
1.034366206403470656e+00,5.173841829180816226e-03,1.008380653740118760e+00,-1.311686026974260080e-02,-3.235106017580979820e-01,1.170803770961044432e-02,1.386603250430137546e+00,-2.161547337205058442e-02,-2.233456475320139134e-17,-8.185259571927913647e-02,2.984097073176900095e-18,1.270699704358922988e-01,8.212831456577696088e-18,-2.023934942765855283e+00,-8.619407271259760250e-18,0.000000000000000000e+00,6.749999999999999112e+00,0.000000000000000000e+00,-1.124999999999999822e+01,0.000000000000000000e+00,1.659750726014661026e+01,0.000000000000000000e+00,0.000000000000000000e+00,-9.094947017729282379e-13,0.000000000000000000e+00,9.094947017729282379e-13,0.000000000000000000e+00,9.999999999999899956e+02,0.000000000000000000e+00
1.035362125657512511e+00,5.173841829180816226e-03,1.008302488246107798e+00,-1.311686026974260080e-02,-3.233896388257794796e-01,1.170803770961044432e-02,1.384595977604775596e+00,-2.161547337205058442e-02,-2.233456475320139134e-17,-7.513014075449744866e-02,2.984097073176900095e-18,1.158658788279228607e-01,8.212831456577696088e-18,-2.006908848559978420e+00,-8.619407271259760250e-18,0.000000000000000000e+00,6.749999999999999112e+00,0.000000000000000000e+00,-1.124999999999999822e+01,0.000000000000000000e+00,1.759342651418833725e+01,0.000000000000000000e+00,0.000000000000000000e+00,9.094947017729282379e-13,0.000000000000000000e+00,-9.094947017729282379e-13,0.000000000000000000e+00,7.041197035610657622e+02,0.000000000000000000e+00
1.036358044911554144e+00,5.173841829180816226e-03,1.008231017662026385e+00,-1.311686026974260080e-02,-3.232798340766769307e-01,1.170803770961044432e-02,1.382606057155524759e+00,-2.161547337205058442e-02,-2.233456475320139134e-17,-6.840768578971577474e-02,2.984097073176900095e-18,1.046617872199534088e-01,8.212831456577696088e-18,-1.989185588730133292e+00,-8.619407271259760250e-18,0.000000000000000000e+00,6.749999999999999112e+00,0.000000000000000000e+00,-1.124999999999999822e+01,0.000000000000000000e+00,1.799999999999999645e+01,0.000000000000000000e+00,0.000000000000000000e+00,-9.094947017729282379e-13,0.000000000000000000e+00,2.173398082109879397e+02,0.000000000000000000e+00,2.041197035611803585e+02,0.000000000000000000e+00
1.037353964165595999e+00,5.173841829180816226e-03,1.008165846322804926e+00,-1.311686026974260080e-02,-3.231811153598742048e-01,1.170803770961044432e-02,1.380633922037171946e+00,-2.161547337205058442e-02,-2.233456475320139134e-17,-6.168523082493414245e-02,2.984097073176900095e-18,9.367414851165098422e-02,8.212831456577696088e-18,-1.971259042157382346e+00,-8.619407271259760250e-18,0.000000000000000000e+00,6.749999999999999112e+00,0.000000000000000000e+00,-1.081709420066577820e+01,0.000000000000000000e+00,1.799999999999999645e+01,0.000000000000000000e+00,0.000000000000000000e+00,-1.614149193868101975e+02,0.000000000000000000e+00,5.298398082110516043e+02,0.000000000000000000e+00,3.637978807091712952e-12,0.000000000000000000e+00
1.038349883419637631e+00,5.173841829180816226e-03,1.008107795854570998e+00,-1.311686026974260080e-02,-3.230930928802803748e-01,1.170803770961044432e-02,1.378679640011964302e+00,-2.161547337205058442e-02,-2.233456475320139134e-17,-5.512353208625936363e-02,2.984097073176900095e-18,8.321163700367988081e-02,8.212831456577696088e-18,-1.953332495584631179e+00,-8.619407271259760250e-18,0.000000000000000000e+00,6.428487547786228440e+00,0.000000000000000000e+00,-1.019464466688969750e+01,0.000000000000000000e+00,1.799999999999999645e+01,0.000000000000000000e+00,0.000000000000000000e+00,-3.489149193867697250e+02,0.000000000000000000e+00,6.249999999999963620e+02,0.000000000000000000e+00,-3.637978807091712952e-12,0.000000000000000000e+00
1.039345802673679486e+00,5.173841829180816226e-03,1.008056032439349270e+00,-1.311686026974260080e-02,-3.230151808799680002e-01,1.170803770961044432e-02,1.376743211079902274e+00,-2.161547337205058442e-02,-2.233456475320139134e-17,-4.890779415408984948e-02,2.984097073176900095e-18,7.336902456326079014e-02,8.212831456577696088e-18,-1.935405949011879789e+00,-8.619407271259760250e-18,0.000000000000000000e+00,6.055017827520575047e+00,0.000000000000000000e+00,-9.572195133113607923e+00,0.000000000000000000e+00,1.799999999999999645e+01,0.000000000000000000e+00,0.000000000000000000e+00,-3.749999999999968168e+02,0.000000000000000000e+00,6.249999999999945430e+02,0.000000000000000000e+00,3.637978807091712952e-12,0.000000000000000000e+00
1.040341721927721119e+00,5.173841829180816226e-03,1.008010273542723434e+00,-1.311686026974260080e-02,-3.229467620103358971e-01,1.170803770961044432e-02,1.374824635240985637e+00,-2.161547337205058442e-02,-2.233456475320139134e-17,-4.306399566245172617e-02,2.984097073176900095e-18,6.414631119039401752e-02,8.212831456577696088e-18,-1.917479402439128622e+00,-8.619407271259760250e-18,0.000000000000000000e+00,5.681548107254926094e+00,0.000000000000000000e+00,-8.949745599337527224e+00,0.000000000000000000e+00,1.799999999999999645e+01,0.000000000000000000e+00,0.000000000000000000e+00,-3.749999999999949978e+02,0.000000000000000000e+00,6.249999999999918145e+02,0.000000000000000000e+00,-3.637978807091712952e-12,0.000000000000000000e+00
1.041337641181762974e+00,5.173841829180816226e-03,1.007970148755533479e+00,-1.311686026974260080e-02,-3.228872189227826039e-01,1.170803770961044432e-02,1.372923912495214616e+00,-2.161547337205058442e-02,-2.233456475320139134e-17,-3.759213661134490347e-02,2.984097073176900095e-18,5.554349688507939642e-02,8.212831456577696088e-18,-1.899552855866377454e+00,-8.619407271259760250e-18,0.000000000000000000e+00,5.308078386989278030e+00,0.000000000000000000e+00,-8.327296065561446525e+00,0.000000000000000000e+00,1.799999999999999645e+01,0.000000000000000000e+00,0.000000000000000000e+00,-3.749999999999940883e+02,0.000000000000000000e+00,6.249999999999899956e+02,0.000000000000000000e+00,3.637978807091712952e-12,0.000000000000000000e+00
1.042333560435804607e+00,5.173841829180816226e-03,1.007935287668618063e+00,-1.311686026974260080e-02,-3.228359342687068256e-01,1.170803770961044432e-02,1.371041042842588986e+00,-2.161547337205058442e-02,-2.233456475320139134e-17,-3.249221700076936753e-02,2.984097073176900095e-18,4.756058164731694071e-02,8.212831456577696088e-18,-1.881626309293626287e+00,-8.619407271259760250e-18,0.000000000000000000e+00,4.934608666723629078e+00,0.000000000000000000e+00,-7.704846531785365826e+00,0.000000000000000000e+00,1.799999999999999645e+01,0.000000000000000000e+00,0.000000000000000000e+00,-3.750000000000363798e+02,0.000000000000000000e+00,6.250000000000604814e+02,0.000000000000000000e+00,0.000000000000000000e+00,0.000000000000000000e+00
1.043329479689846240e+00,5.173841829180816226e-03,1.007905319872816507e+00,-1.311686026974260080e-02,-3.227922906995072116e-01,1.170803770961044432e-02,1.369176026283108971e+00,-2.161547337205058442e-02,-2.233456475320139134e-17,-2.776423683072513915e-02,2.984097073176900095e-18,4.019756547710665040e-02,8.212831456577696088e-18,-1.863699762720875119e+00,-8.619407271259760250e-18,0.000000000000000000e+00,4.561138946457981014e+00,0.000000000000000000e+00,-7.082396998009285127e+00,0.000000000000000000e+00,1.799999999999999645e+01,0.000000000000000000e+00,0.000000000000000000e+00,-3.749999999999972715e+02,0.000000000000000000e+00,6.249999999999959073e+02,0.000000000000000000e+00,-3.637978807091712952e-12,0.000000000000000000e+00
1.044325398943888095e+00,5.173841829180816226e-03,1.007879874958968136e+00,-1.311686026974260080e-02,-3.227556708665824114e-01,1.170803770961044432e-02,1.367328862816774571e+00,-2.161547337205058442e-02,-2.233456475320139134e-17,-2.340819610121214200e-02,2.984097073176900095e-18,3.345444837444842140e-02,8.212831456577696088e-18,-1.845773216148123730e+00,-8.619407271259760250e-18,0.000000000000000000e+00,4.187669226192327621e+00,0.000000000000000000e+00,-6.459947464233195547e+00,0.000000000000000000e+00,1.799999999999999645e+01,0.000000000000000000e+00,0.000000000000000000e+00,-3.749999999999968168e+02,0.000000000000000000e+00,6.249999999999945430e+02,0.000000000000000000e+00,3.637978807091712952e-12,0.000000000000000000e+00
1.045321318197929727e+00,5.173841829180816226e-03,1.007858582517912049e+00,-1.311686026974260080e-02,-3.227254574213312410e-01,1.170803770961044432e-02,1.365499552443585563e+00,-2.161547337205058442e-02,-2.233456475320139134e-17,-1.942409481223050446e-02,2.984097073176900095e-18,2.733123033934246188e-02,8.212831456577696088e-18,-1.827846669575372562e+00,-8.619407271259760250e-18,0.000000000000000000e+00,3.814199505926679112e+00,0.000000000000000000e+00,-5.837497930457114848e+00,0.000000000000000000e+00,1.799999999999999645e+01,0.000000000000000000e+00,0.000000000000000000e+00,-3.749999999999947704e+02,0.000000000000000000e+00,6.249999999999913598e+02,0.000000000000000000e+00,-3.637978807091712952e-12,0.000000000000000000e+00
1.046317237451971582e+00,5.173841829180816226e-03,1.007841072140487348e+00,-1.311686026974260080e-02,-3.227010330151521833e-01,1.170803770961044432e-02,1.363688095163542169e+00,-2.161547337205058442e-02,-2.233456475320139134e-17,-1.581193296378016755e-02,2.984097073176900095e-18,2.182791137178866081e-02,8.212831456577696088e-18,-1.809920123002621395e+00,-8.619407271259760250e-18,0.000000000000000000e+00,3.440729785661030604e+00,0.000000000000000000e+00,-5.215048396681034149e+00,0.000000000000000000e+00,1.799999999999999645e+01,0.000000000000000000e+00,0.000000000000000000e+00,-3.749999999999943157e+02,0.000000000000000000e+00,6.249999999999904503e+02,0.000000000000000000e+00,3.637978807091712952e-12,0.000000000000000000e+00
1.047313156706013215e+00,5.173841829180816226e-03,1.007826973417533578e+00,-1.311686026974260080e-02,-3.226817802994440543e-01,1.170803770961044432e-02,1.361894490976644168e+00,-2.161547337205058442e-02,-2.233456475320139134e-17,-1.257171055586112432e-02,2.984097073176900095e-18,1.694449147178702167e-02,8.212831456577696088e-18,-1.791993576429870227e+00,-8.619407271259760250e-18,0.000000000000000000e+00,3.067260065395382096e+00,0.000000000000000000e+00,-4.592598862904953450e+00,0.000000000000000000e+00,1.799999999999999645e+01,0.000000000000000000e+00,0.000000000000000000e+00,-3.749999999999947704e+02,0.000000000000000000e+00,6.249999999999913598e+02,0.000000000000000000e+00,-3.637978807091712952e-12,0.000000000000000000e+00
1.048309075960055070e+00,5.173841829180816226e-03,1.007815915939889617e+00,-1.311686026974260080e-02,-3.226670819256054479e-01,1.170803770961044432e-02,1.360118739882891559e+00,-2.161547337205058442e-02,-2.233456475320139134e-17,-9.703427588473378246e-03,2.984097073176900095e-18,1.268097063933754445e-02,8.212831456577696088e-18,-1.774067029857119282e+00,-8.619407271259760250e-18,0.000000000000000000e+00,2.693790345129733588e+00,0.000000000000000000e+00,-3.970149329128872751e+00,0.000000000000000000e+00,1.799999999999999645e+01,0.000000000000000000e+00,0.000000000000000000e+00,-3.749999999999968168e+02,0.000000000000000000e+00,6.249999999999947704e+02,0.000000000000000000e+00,3.637978807091712952e-12,0.000000000000000000e+00
1.049304995214096703e+00,5.173841829180816226e-03,1.007807529298394567e+00,-1.311686026974260080e-02,-3.226563205450350691e-01,1.170803770961044432e-02,1.358360841882284564e+00,-2.161547337205058442e-02,-2.233456475320139134e-17,-7.207084061616896367e-03,2.984097073176900095e-18,9.037348874440180591e-03,8.212831456577696088e-18,-1.756140483284367892e+00,-8.619407271259760250e-18,0.000000000000000000e+00,2.320320624864080195e+00,0.000000000000000000e+00,-3.347699795352783170e+00,0.000000000000000000e+00,1.799999999999999645e+01,0.000000000000000000e+00,0.000000000000000000e+00,-3.749999999999970441e+02,0.000000000000000000e+00,6.249999999999956799e+02,0.000000000000000000e+00,-3.637978807091712952e-12,0.000000000000000000e+00
1.050300914468138558e+00,5.173841829180816226e-03,1.007801443083888193e+00,-1.311686026974260080e-02,-3.226488788091315674e-01,1.170803770961044432e-02,1.356620796974823184e+00,-2.161547337205058442e-02,-2.233456475320139134e-17,-5.082679975291750675e-03,2.984097073176900095e-18,6.013626177095035032e-03,8.212831456577696088e-18,-1.738213936711616725e+00,-8.619407271259760250e-18,0.000000000000000000e+00,1.946850904598431686e+00,0.000000000000000000e+00,-2.725250261576702471e+00,0.000000000000000000e+00,1.799999999999999645e+01,0.000000000000000000e+00,0.000000000000000000e+00,-3.749999999999944293e+02,0.000000000000000000e+00,6.249999999999904503e+02,0.000000000000000000e+00,3.637978807091712952e-12,0.000000000000000000e+00
1.051296833722180191e+00,5.173841829180816226e-03,1.007797286887209154e+00,-1.311686026974260080e-02,-3.226441393692937032e-01,1.170803770961044432e-02,1.354898605160507197e+00,-2.161547337205058442e-02,-2.233456475320139134e-17,-3.330215329497901704e-03,2.984097073176900095e-18,3.609802547302050097e-03,8.212831456577696088e-18,-1.720287390138865558e+00,-8.619407271259760250e-18,0.000000000000000000e+00,1.573381184332783178e+00,0.000000000000000000e+00,-2.102800727800621772e+00,0.000000000000000000e+00,1.799999999999999645e+01,0.000000000000000000e+00,0.000000000000000000e+00,-3.750000000000362661e+02,0.000000000000000000e+00,6.250000000000603677e+02,0.000000000000000000e+00,0.000000000000000000e+00,0.000000000000000000e+00
1.052292752976221824e+00,5.173841829180816226e-03,1.007794690299196771e+00,-1.311686026974260080e-02,-3.226414848769200150e-01,1.170803770961044432e-02,1.353194266439336602e+00,-2.161547337205058442e-02,-2.233456475320139134e-17,-1.949690124235348805e-03,2.984097073176900095e-18,1.825877985061226654e-03,8.212831456577696088e-18,-1.702360843566114390e+00,-8.619407271259760250e-18,0.000000000000000000e+00,1.199911464067134892e+00,0.000000000000000000e+00,-1.480351194024541073e+00,0.000000000000000000e+00,1.799999999999999645e+01,0.000000000000000000e+00,0.000000000000000000e+00,-3.749999999999944862e+02,0.000000000000000000e+00,6.249999999999906777e+02,0.000000000000000000e+00,-3.637978807091712952e-12,0.000000000000000000e+00
1.053288672230263678e+00,5.173841829180816226e-03,1.007793282910690591e+00,-1.311686026974260080e-02,-3.226402979834092077e-01,1.170803770961044432e-02,1.351507780811311621e+00,-2.161547337205058442e-02,-2.233456475320139134e-17,-9.411043595040929520e-04,2.984097073176900095e-18,6.618524903725643777e-04,8.212831456577696088e-18,-1.684434296993363223e+00,-8.619407271259760250e-18,0.000000000000000000e+00,8.264417438014864947e-01,0.000000000000000000e+00,-8.579016602484604848e-01,0.000000000000000000e+00,1.799999999999999645e+01,0.000000000000000000e+00,0.000000000000000000e+00,-3.749999999999969305e+02,0.000000000000000000e+00,6.249999999999944293e+02,0.000000000000000000e+00,3.637978807091712952e-12,0.000000000000000000e+00
1.054284591484305311e+00,5.173841829180816226e-03,1.007792694312529269e+00,-1.311686026974260080e-02,-3.226399613401599864e-01,1.170803770961044432e-02,1.349839148276432033e+00,-2.161547337205058442e-02,-2.233456475320139134e-17,-3.044580353041259602e-04,2.984097073176900095e-18,1.177260632360591476e-04,8.212831456577696088e-18,-1.666507750420611833e+00,-8.619407271259760250e-18,0.000000000000000000e+00,4.529720235358328795e-01,0.000000000000000000e+00,-2.354521264723722362e-01,0.000000000000000000e+00,1.799999999999999645e+01,0.000000000000000000e+00,0.000000000000000000e+00,-3.749999999999968168e+02,0.000000000000000000e+00,4.307084418575705627e+02,0.000000000000000000e+00,-3.637978807091712952e-12,0.000000000000000000e+00
1.055280510738347166e+00,5.173841829180816226e-03,1.007792554095552351e+00,-1.311686026974260080e-02,-3.226399220981389093e-01,1.170803770961044432e-02,1.348188368834698059e+00,-2.161547337205058442e-02,-2.233456475320139134e-17,-3.975115163546891726e-05,2.984097073176900095e-18,-1.266348137463069179e-16,8.212831456577696088e-18,-1.648581203847860666e+00,-8.619407271259760250e-18,0.000000000000000000e+00,7.950230327018509291e-02,0.000000000000000000e+00,0.000000000000000000e+00,0.000000000000000000e+00,1.799999999999999645e+01,0.000000000000000000e+00,0.000000000000000000e+00,-2.274140306543270356e+02,0.000000000000000000e+00,1.182084418575016258e+02,0.000000000000000000e+00,3.637978807091712952e-12,0.000000000000000000e+00
1.056276429992388799e+00,5.173841829180816226e-03,1.007792540845168450e+00,-1.311686026974260080e-02,-3.226399220981389093e-01,1.170803770961044432e-02,1.346555442486109477e+00,-2.161547337205058442e-02,-2.233456475320139134e-17,-3.764349942869671395e-16,2.984097073176900095e-18,-1.266348137463069179e-16,8.212831456577696088e-18,-1.630654657275109498e+00,-8.619407271259760250e-18,0.000000000000000000e+00,0.000000000000000000e+00,0.000000000000000000e+00,0.000000000000000000e+00,0.000000000000000000e+00,1.799999999999999645e+01,0.000000000000000000e+00,0.000000000000000000e+00,-3.991403065437195608e+01,0.000000000000000000e+00,0.000000000000000000e+00,0.000000000000000000e+00,-3.637978807091712952e-12,0.000000000000000000e+00
1.057272349246430654e+00,5.173841829180816226e-03,1.007792540845168450e+00,-1.311686026974260080e-02,-3.226399220981389093e-01,1.170803770961044432e-02,1.344940369230666732e+00,-2.161547337205058442e-02,-2.233456475320139134e-17,-3.764349942869671395e-16,2.984097073176900095e-18,-1.266348137463069179e-16,8.212831456577696088e-18,-1.612728110702358553e+00,-8.619407271259760250e-18,0.000000000000000000e+00,0.000000000000000000e+00,0.000000000000000000e+00,0.000000000000000000e+00,0.000000000000000000e+00,1.799999999999999645e+01,0.000000000000000000e+00,0.000000000000000000e+00,0.000000000000000000e+00,0.000000000000000000e+00,0.000000000000000000e+00,0.000000000000000000e+00,3.637978807091712952e-12,0.000000000000000000e+00
1.058268268500472287e+00,5.173841829180816226e-03,1.007792540845168450e+00,-1.311686026974260080e-02,-3.226399220981389093e-01,1.170803770961044432e-02,1.343343149068369158e+00,-2.161547337205058442e-02,-2.233456475320139134e-17,-3.764349942869671395e-16,2.984097073176900095e-18,-1.266348137463069179e-16,8.212831456577696088e-18,-1.594801564129606941e+00,-8.619407271259760250e-18,0.000000000000000000e+00,0.000000000000000000e+00,0.000000000000000000e+00,0.000000000000000000e+00,0.000000000000000000e+00,1.799999999999999645e+01,0.000000000000000000e+00,0.000000000000000000e+00,0.000000000000000000e+00,0.000000000000000000e+00,0.000000000000000000e+00,0.000000000000000000e+00,-3.637978807091712952e-12,0.000000000000000000e+00
1.059264187754514142e+00,5.173841829180816226e-03,1.007792540845168450e+00,-1.311686026974260080e-02,-3.226399220981389093e-01,1.170803770961044432e-02,1.341763781999217198e+00,-2.161547337205058442e-02,-2.233456475320139134e-17,-3.764349942869671395e-16,2.984097073176900095e-18,-1.266348137463069179e-16,8.212831456577696088e-18,-1.576875017556855996e+00,-8.619407271259760250e-18,0.000000000000000000e+00,0.000000000000000000e+00,0.000000000000000000e+00,0.000000000000000000e+00,0.000000000000000000e+00,1.799999999999999645e+01,0.000000000000000000e+00,0.000000000000000000e+00,0.000000000000000000e+00,0.000000000000000000e+00,0.000000000000000000e+00,0.000000000000000000e+00,3.637978807091712952e-12,0.000000000000000000e+00
1.060260107008555774e+00,5.173841829180816226e-03,1.007792540845168450e+00,-1.311686026974260080e-02,-3.226399220981389093e-01,1.170803770961044432e-02,1.340202268023210630e+00,-2.161547337205058442e-02,-2.233456475320139134e-17,-3.764349942869671395e-16,2.984097073176900095e-18,-1.266348137463069179e-16,8.212831456577696088e-18,-1.558948470984104828e+00,-8.619407271259760250e-18,0.000000000000000000e+00,0.000000000000000000e+00,0.000000000000000000e+00,0.000000000000000000e+00,0.000000000000000000e+00,1.799999999999999645e+01,0.000000000000000000e+00,0.000000000000000000e+00,0.000000000000000000e+00,0.000000000000000000e+00,0.000000000000000000e+00,0.000000000000000000e+00,-3.637978807091712952e-12,0.000000000000000000e+00
1.061256026262597629e+00,5.173841829180816226e-03,1.007792540845168450e+00,-1.311686026974260080e-02,-3.226399220981389093e-01,1.170803770961044432e-02,1.338658607140349677e+00,-2.161547337205058442e-02,-2.233456475320139134e-17,-3.764349942869671395e-16,2.984097073176900095e-18,-1.266348137463069179e-16,8.212831456577696088e-18,-1.541021924411353661e+00,-8.619407271259760250e-18,0.000000000000000000e+00,0.000000000000000000e+00,0.000000000000000000e+00,0.000000000000000000e+00,0.000000000000000000e+00,1.799999999999999645e+01,0.000000000000000000e+00,0.000000000000000000e+00,0.000000000000000000e+00,0.000000000000000000e+00,0.000000000000000000e+00,0.000000000000000000e+00,3.637978807091712952e-12,0.000000000000000000e+00
1.062251945516639262e+00,5.173841829180816226e-03,1.007792540845168450e+00,-1.311686026974260080e-02,-3.226399220981389093e-01,1.170803770961044432e-02,1.337132799350634338e+00,-2.161547337205058442e-02,-2.233456475320139134e-17,-3.764349942869671395e-16,2.984097073176900095e-18,-1.266348137463069179e-16,8.212831456577696088e-18,-1.523095377838602493e+00,-8.619407271259760250e-18,0.000000000000000000e+00,0.000000000000000000e+00,0.000000000000000000e+00,0.000000000000000000e+00,0.000000000000000000e+00,1.799999999999999645e+01,0.000000000000000000e+00,0.000000000000000000e+00,0.000000000000000000e+00,0.000000000000000000e+00,0.000000000000000000e+00,0.000000000000000000e+00,0.000000000000000000e+00,0.000000000000000000e+00
1.063247864770680895e+00,5.173841829180816226e-03,1.007792540845168450e+00,-1.311686026974260080e-02,-3.226399220981389093e-01,1.170803770961044432e-02,1.335624844654064169e+00,-2.161547337205058442e-02,-2.233456475320139134e-17,-3.764349942869671395e-16,2.984097073176900095e-18,-1.266348137463069179e-16,8.212831456577696088e-18,-1.505168831265851104e+00,-8.619407271259760250e-18,0.000000000000000000e+00,0.000000000000000000e+00,0.000000000000000000e+00,0.000000000000000000e+00,0.000000000000000000e+00,1.799999999999999645e+01,0.000000000000000000e+00,0.000000000000000000e+00,0.000000000000000000e+00,0.000000000000000000e+00,0.000000000000000000e+00,0.000000000000000000e+00,-3.637978807091712952e-12,0.000000000000000000e+00
1.064243784024722750e+00,5.173841829180816226e-03,1.007792540845168450e+00,-1.311686026974260080e-02,-3.226399220981389093e-01,1.170803770961044432e-02,1.334134743050639615e+00,-2.161547337205058442e-02,-2.233456475320139134e-17,-3.764349942869671395e-16,2.984097073176900095e-18,-1.266348137463069179e-16,8.212831456577696088e-18,-1.487242284693099936e+00,-8.619407271259760250e-18,0.000000000000000000e+00,0.000000000000000000e+00,0.000000000000000000e+00,0.000000000000000000e+00,0.000000000000000000e+00,1.799999999999999645e+01,0.000000000000000000e+00,0.000000000000000000e+00,0.000000000000000000e+00,0.000000000000000000e+00,0.000000000000000000e+00,0.000000000000000000e+00,3.637978807091712952e-12,0.000000000000000000e+00
1.065239703278764383e+00,5.173841829180816226e-03,1.007792540845168450e+00,-1.311686026974260080e-02,-3.226399220981389093e-01,1.170803770961044432e-02,1.332662494540360898e+00,-2.161547337205058442e-02,-2.233456475320139134e-17,-3.764349942869671395e-16,2.984097073176900095e-18,-1.266348137463069179e-16,8.212831456577696088e-18,-1.469315738120348769e+00,-8.619407271259760250e-18,0.000000000000000000e+00,0.000000000000000000e+00,0.000000000000000000e+00,0.000000000000000000e+00,0.000000000000000000e+00,1.799999999999999645e+01,0.000000000000000000e+00,0.000000000000000000e+00,0.000000000000000000e+00,0.000000000000000000e+00,0.000000000000000000e+00,0.000000000000000000e+00,-3.637978807091712952e-12,0.000000000000000000e+00
1.066235622532806238e+00,5.173841829180816226e-03,1.007792540845168450e+00,-1.311686026974260080e-02,-3.226399220981389093e-01,1.170803770961044432e-02,1.331208099123227351e+00,-2.161547337205058442e-02,-2.233456475320139134e-17,-3.764349942869671395e-16,2.984097073176900095e-18,-1.266348137463069179e-16,8.212831456577696088e-18,-1.451389191547597601e+00,-8.619407271259760250e-18,0.000000000000000000e+00,0.000000000000000000e+00,0.000000000000000000e+00,0.000000000000000000e+00,0.000000000000000000e+00,1.799999999999999645e+01,0.000000000000000000e+00,0.000000000000000000e+00,0.000000000000000000e+00,0.000000000000000000e+00,0.000000000000000000e+00,0.000000000000000000e+00,3.637978807091712952e-12,0.000000000000000000e+00
1.067231541786847870e+00,5.173841829180816226e-03,1.007792540845168450e+00,-1.311686026974260080e-02,-3.226399220981389093e-01,1.170803770961044432e-02,1.329771556799239418e+00,-2.161547337205058442e-02,-2.233456475320139134e-17,-3.764349942869671395e-16,2.984097073176900095e-18,-1.266348137463069179e-16,8.212831456577696088e-18,-1.433462644974846434e+00,-8.619407271259760250e-18,0.000000000000000000e+00,0.000000000000000000e+00,0.000000000000000000e+00,0.000000000000000000e+00,0.000000000000000000e+00,1.799999999999999645e+01,0.000000000000000000e+00,0.000000000000000000e+00,0.000000000000000000e+00,0.000000000000000000e+00,0.000000000000000000e+00,0.000000000000000000e+00,-3.637978807091712952e-12,0.000000000000000000e+00
1.068227461040889725e+00,5.173841829180816226e-03,1.007792540845168450e+00,-1.311686026974260080e-02,-3.226399220981389093e-01,1.170803770961044432e-02,1.328352867568396878e+00,-2.161547337205058442e-02,-2.233456475320139134e-17,-3.764349942869671395e-16,2.984097073176900095e-18,-1.266348137463069179e-16,8.212831456577696088e-18,-1.415536098402095266e+00,-8.619407271259760250e-18,0.000000000000000000e+00,0.000000000000000000e+00,0.000000000000000000e+00,0.000000000000000000e+00,0.000000000000000000e+00,1.799999999999999645e+01,0.000000000000000000e+00,0.000000000000000000e+00,0.000000000000000000e+00,0.000000000000000000e+00,0.000000000000000000e+00,0.000000000000000000e+00,3.637978807091712952e-12,0.000000000000000000e+00
1.069223380294931358e+00,5.173841829180816226e-03,1.007792540845168450e+00,-1.311686026974260080e-02,-3.226399220981389093e-01,1.170803770961044432e-02,1.326952031430699952e+00,-2.161547337205058442e-02,-2.233456475320139134e-17,-3.764349942869671395e-16,2.984097073176900095e-18,-1.266348137463069179e-16,8.212831456577696088e-18,-1.397609551829344099e+00,-8.619407271259760250e-18,0.000000000000000000e+00,0.000000000000000000e+00,0.000000000000000000e+00,0.000000000000000000e+00,0.000000000000000000e+00,1.799999999999999645e+01,0.000000000000000000e+00,0.000000000000000000e+00,0.000000000000000000e+00,0.000000000000000000e+00,0.000000000000000000e+00,0.000000000000000000e+00,-3.637978807091712952e-12,0.000000000000000000e+00
1.070219299548973213e+00,5.173841829180816226e-03,1.007792540845168450e+00,-1.311686026974260080e-02,-3.226399220981389093e-01,1.170803770961044432e-02,1.325569048386148641e+00,-2.161547337205058442e-02,-2.233456475320139134e-17,-3.764349942869671395e-16,2.984097073176900095e-18,-1.266348137463069179e-16,8.212831456577696088e-18,-1.379683005256592931e+00,-8.619407271259760250e-18,0.000000000000000000e+00,0.000000000000000000e+00,0.000000000000000000e+00,0.000000000000000000e+00,0.000000000000000000e+00,1.799999999999999645e+01,0.000000000000000000e+00,0.000000000000000000e+00,0.000000000000000000e+00,0.000000000000000000e+00,0.000000000000000000e+00,0.000000000000000000e+00,3.637978807091712952e-12,0.000000000000000000e+00
1.071215218803014846e+00,5.173841829180816226e-03,1.007792540845168450e+00,-1.311686026974260080e-02,-3.226399220981389093e-01,1.170803770961044432e-02,1.324203918434742500e+00,-2.161547337205058442e-02,-2.233456475320139134e-17,-3.764349942869671395e-16,2.984097073176900095e-18,-1.266348137463069179e-16,8.212831456577696088e-18,-1.361756458683841764e+00,-8.619407271259760250e-18,0.000000000000000000e+00,0.000000000000000000e+00,0.000000000000000000e+00,0.000000000000000000e+00,0.000000000000000000e+00,1.799999999999999645e+01,0.000000000000000000e+00,0.000000000000000000e+00,0.000000000000000000e+00,0.000000000000000000e+00,0.000000000000000000e+00,0.000000000000000000e+00,-3.637978807091712952e-12,0.000000000000000000e+00
1.072211138057056701e+00,5.173841829180816226e-03,1.007792540845168450e+00,-1.311686026974260080e-02,-3.226399220981389093e-01,1.170803770961044432e-02,1.322856641576482195e+00,-2.161547337205058442e-02,-2.233456475320139134e-17,-3.764349942869671395e-16,2.984097073176900095e-18,-1.266348137463069179e-16,8.212831456577696088e-18,-1.343829912111090596e+00,-8.619407271259760250e-18,0.000000000000000000e+00,0.000000000000000000e+00,0.000000000000000000e+00,0.000000000000000000e+00,0.000000000000000000e+00,1.799999999999999645e+01,0.000000000000000000e+00,0.000000000000000000e+00,0.000000000000000000e+00,0.000000000000000000e+00,0.000000000000000000e+00,0.000000000000000000e+00,3.637978807091712952e-12,0.000000000000000000e+00
1.073207057311098334e+00,5.173841829180816226e-03,1.007792540845168450e+00,-1.311686026974260080e-02,-3.226399220981389093e-01,1.170803770961044432e-02,1.321527217811367283e+00,-2.161547337205058442e-02,-2.233456475320139134e-17,-3.764349942869671395e-16,2.984097073176900095e-18,-1.266348137463069179e-16,8.212831456577696088e-18,-1.325903365538339207e+00,-8.619407271259760250e-18,0.000000000000000000e+00,0.000000000000000000e+00,0.000000000000000000e+00,0.000000000000000000e+00,0.000000000000000000e+00,1.799999999999999645e+01,0.000000000000000000e+00,0.000000000000000000e+00,0.000000000000000000e+00,0.000000000000000000e+00,0.000000000000000000e+00,0.000000000000000000e+00,0.000000000000000000e+00,0.000000000000000000e+00
1.074202976565139966e+00,5.173841829180816226e-03,1.007792540845168450e+00,-1.311686026974260080e-02,-3.226399220981389093e-01,1.170803770961044432e-02,1.320215647139397763e+00,-2.161547337205058442e-02,-2.233456475320139134e-17,-3.764349942869671395e-16,2.984097073176900095e-18,-1.266348137463069179e-16,8.212831456577696088e-18,-1.307976818965588039e+00,-8.619407271259760250e-18,0.000000000000000000e+00,0.000000000000000000e+00,0.000000000000000000e+00,0.000000000000000000e+00,0.000000000000000000e+00,1.799999999999999645e+01,0.000000000000000000e+00,0.000000000000000000e+00,0.000000000000000000e+00,0.000000000000000000e+00,0.000000000000000000e+00,0.000000000000000000e+00,-3.637978807091712952e-12,0.000000000000000000e+00
1.075198895819181821e+00,5.173841829180816226e-03,1.007792540845168450e+00,-1.311686026974260080e-02,-3.226399220981389093e-01,1.170803770961044432e-02,1.318921929560573858e+00,-2.161547337205058442e-02,-2.233456475320139134e-17,-3.764349942869671395e-16,2.984097073176900095e-18,-1.266348137463069179e-16,8.212831456577696088e-18,-1.290050272392836872e+00,-8.619407271259760250e-18,0.000000000000000000e+00,0.000000000000000000e+00,0.000000000000000000e+00,0.000000000000000000e+00,0.000000000000000000e+00,1.799999999999999645e+01,0.000000000000000000e+00,0.000000000000000000e+00,0.000000000000000000e+00,0.000000000000000000e+00,0.000000000000000000e+00,0.000000000000000000e+00,3.637978807091712952e-12,0.000000000000000000e+00
1.076194815073223454e+00,5.173841829180816226e-03,1.007792540845168450e+00,-1.311686026974260080e-02,-3.226399220981389093e-01,1.170803770961044432e-02,1.317646065074895567e+00,-2.161547337205058442e-02,-2.233456475320139134e-17,-3.764349942869671395e-16,2.984097073176900095e-18,-1.266348137463069179e-16,8.212831456577696088e-18,-1.272123725820085705e+00,-8.619407271259760250e-18,0.000000000000000000e+00,0.000000000000000000e+00,0.000000000000000000e+00,0.000000000000000000e+00,0.000000000000000000e+00,1.799999999999999645e+01,0.000000000000000000e+00,0.000000000000000000e+00,0.000000000000000000e+00,0.000000000000000000e+00,0.000000000000000000e+00,0.000000000000000000e+00,-3.637978807091712952e-12,0.000000000000000000e+00
1.077190734327265309e+00,5.173841829180816226e-03,1.007792540845168450e+00,-1.311686026974260080e-02,-3.226399220981389093e-01,1.170803770961044432e-02,1.316388053682362447e+00,-2.161547337205058442e-02,-2.233456475320139134e-17,-3.764349942869671395e-16,2.984097073176900095e-18,-1.266348137463069179e-16,8.212831456577696088e-18,-1.254197179247334759e+00,-8.619407271259760250e-18,0.000000000000000000e+00,0.000000000000000000e+00,0.000000000000000000e+00,0.000000000000000000e+00,0.000000000000000000e+00,1.799999999999999645e+01,0.000000000000000000e+00,0.000000000000000000e+00,0.000000000000000000e+00,0.000000000000000000e+00,0.000000000000000000e+00,0.000000000000000000e+00,3.637978807091712952e-12,0.000000000000000000e+00
1.078186653581306942e+00,5.173841829180816226e-03,1.007792540845168450e+00,-1.311686026974260080e-02,-3.226399220981389093e-01,1.170803770961044432e-02,1.315147895382974941e+00,-2.161547337205058442e-02,-2.233456475320139134e-17,-3.764349942869671395e-16,2.984097073176900095e-18,-1.266348137463069179e-16,8.212831456577696088e-18,-1.236270632674583148e+00,-8.619407271259760250e-18,0.000000000000000000e+00,0.000000000000000000e+00,0.000000000000000000e+00,0.000000000000000000e+00,0.000000000000000000e+00,1.799999999999999645e+01,0.000000000000000000e+00,0.000000000000000000e+00,0.000000000000000000e+00,0.000000000000000000e+00,0.000000000000000000e+00,0.000000000000000000e+00,-3.637978807091712952e-12,0.000000000000000000e+00
1.079182572835348797e+00,5.173841829180816226e-03,1.007792540845168450e+00,-1.311686026974260080e-02,-3.226399220981389093e-01,1.170803770961044432e-02,1.313925590176733049e+00,-2.161547337205058442e-02,-2.233456475320139134e-17,-3.764349942869671395e-16,2.984097073176900095e-18,-1.266348137463069179e-16,8.212831456577696088e-18,-1.218344086101832202e+00,-8.619407271259760250e-18,0.000000000000000000e+00,0.000000000000000000e+00,0.000000000000000000e+00,0.000000000000000000e+00,0.000000000000000000e+00,1.799999999999999645e+01,0.000000000000000000e+00,0.000000000000000000e+00,0.000000000000000000e+00,0.000000000000000000e+00,0.000000000000000000e+00,0.000000000000000000e+00,3.637978807091712952e-12,0.000000000000000000e+00
1.080178492089390430e+00,5.173841829180816226e-03,1.007792540845168450e+00,-1.311686026974260080e-02,-3.226399220981389093e-01,1.170803770961044432e-02,1.312721138063636550e+00,-2.161547337205058442e-02,-2.233456475320139134e-17,-3.764349942869671395e-16,2.984097073176900095e-18,-1.266348137463069179e-16,8.212831456577696088e-18,-1.200417539529081035e+00,-8.619407271259760250e-18,0.000000000000000000e+00,0.000000000000000000e+00,0.000000000000000000e+00,0.000000000000000000e+00,0.000000000000000000e+00,1.799999999999999645e+01,0.000000000000000000e+00,0.000000000000000000e+00,0.000000000000000000e+00,0.000000000000000000e+00,0.000000000000000000e+00,0.000000000000000000e+00,-3.637978807091712952e-12,0.000000000000000000e+00
1.081174411343432284e+00,5.173841829180816226e-03,1.007792540845168450e+00,-1.311686026974260080e-02,-3.226399220981389093e-01,1.170803770961044432e-02,1.311534539043685665e+00,-2.161547337205058442e-02,-2.233456475320139134e-17,-3.764349942869671395e-16,2.984097073176900095e-18,-1.266348137463069179e-16,8.212831456577696088e-18,-1.182490992956329867e+00,-8.619407271259760250e-18,0.000000000000000000e+00,0.000000000000000000e+00,0.000000000000000000e+00,0.000000000000000000e+00,0.000000000000000000e+00,1.799999999999999645e+01,0.000000000000000000e+00,0.000000000000000000e+00,0.000000000000000000e+00,0.000000000000000000e+00,0.000000000000000000e+00,0.000000000000000000e+00,3.637978807091712952e-12,0.000000000000000000e+00
1.082170330597473917e+00,5.173841829180816226e-03,1.007792540845168450e+00,-1.311686026974260080e-02,-3.226399220981389093e-01,1.170803770961044432e-02,1.310365793116880395e+00,-2.161547337205058442e-02,-2.233456475320139134e-17,-3.764349942869671395e-16,2.984097073176900095e-18,-1.266348137463069179e-16,8.212831456577696088e-18,-1.164564446383578700e+00,-8.619407271259760250e-18,0.000000000000000000e+00,0.000000000000000000e+00,0.000000000000000000e+00,0.000000000000000000e+00,0.000000000000000000e+00,1.799999999999999645e+01,0.000000000000000000e+00,0.000000000000000000e+00,0.000000000000000000e+00,0.000000000000000000e+00,0.000000000000000000e+00,0.000000000000000000e+00,-3.637978807091712952e-12,0.000000000000000000e+00
1.083166249851515772e+00,5.173841829180816226e-03,1.007792540845168450e+00,-1.311686026974260080e-02,-3.226399220981389093e-01,1.170803770961044432e-02,1.309214900283220295e+00,-2.161547337205058442e-02,-2.233456475320139134e-17,-3.764349942869671395e-16,2.984097073176900095e-18,-1.266348137463069179e-16,8.212831456577696088e-18,-1.146637899810827310e+00,-8.619407271259760250e-18,0.000000000000000000e+00,0.000000000000000000e+00,0.000000000000000000e+00,0.000000000000000000e+00,0.000000000000000000e+00,1.799999999999999645e+01,0.000000000000000000e+00,0.000000000000000000e+00,0.000000000000000000e+00,0.000000000000000000e+00,0.000000000000000000e+00,0.000000000000000000e+00,3.637978807091712952e-12,0.000000000000000000e+00
1.084162169105557405e+00,5.173841829180816226e-03,1.007792540845168450e+00,-1.311686026974260080e-02,-3.226399220981389093e-01,1.170803770961044432e-02,1.308081860542706032e+00,-2.161547337205058442e-02,-2.233456475320139134e-17,-3.764349942869671395e-16,2.984097073176900095e-18,-1.266348137463069179e-16,8.212831456577696088e-18,-1.128711353238076143e+00,-8.619407271259760250e-18,0.000000000000000000e+00,0.000000000000000000e+00,0.000000000000000000e+00,0.000000000000000000e+00,0.000000000000000000e+00,1.799999999999999645e+01,0.000000000000000000e+00,0.000000000000000000e+00,0.000000000000000000e+00,0.000000000000000000e+00,0.000000000000000000e+00,0.000000000000000000e+00,0.000000000000000000e+00,0.000000000000000000e+00
1.085158088359599038e+00,5.173841829180816226e-03,1.007792540845168450e+00,-1.311686026974260080e-02,-3.226399220981389093e-01,1.170803770961044432e-02,1.306966673895337161e+00,-2.161547337205058442e-02,-2.233456475320139134e-17,-3.764349942869671395e-16,2.984097073176900095e-18,-1.266348137463069179e-16,8.212831456577696088e-18,-1.110784806665324975e+00,-8.619407271259760250e-18,0.000000000000000000e+00,0.000000000000000000e+00,0.000000000000000000e+00,0.000000000000000000e+00,0.000000000000000000e+00,1.799999999999999645e+01,0.000000000000000000e+00,0.000000000000000000e+00,0.000000000000000000e+00,0.000000000000000000e+00,0.000000000000000000e+00,0.000000000000000000e+00,-3.637978807091712952e-12,0.000000000000000000e+00
1.086154007613640893e+00,5.173841829180816226e-03,1.007792540845168450e+00,-1.311686026974260080e-02,-3.226399220981389093e-01,1.170803770961044432e-02,1.305869340341113682e+00,-2.161547337205058442e-02,-2.233456475320139134e-17,-3.764349942869671395e-16,2.984097073176900095e-18,-1.266348137463069179e-16,8.212831456577696088e-18,-1.092858260092573808e+00,-8.619407271259760250e-18,0.000000000000000000e+00,0.000000000000000000e+00,0.000000000000000000e+00,0.000000000000000000e+00,0.000000000000000000e+00,1.799999999999999645e+01,0.000000000000000000e+00,0.000000000000000000e+00,0.000000000000000000e+00,0.000000000000000000e+00,0.000000000000000000e+00,0.000000000000000000e+00,3.637978807091712952e-12,0.000000000000000000e+00
1.087149926867682526e+00,5.173841829180816226e-03,1.007792540845168450e+00,-1.311686026974260080e-02,-3.226399220981389093e-01,1.170803770961044432e-02,1.304789859880035596e+00,-2.161547337205058442e-02,-2.233456475320139134e-17,-3.764349942869671395e-16,2.984097073176900095e-18,-1.266348137463069179e-16,8.212831456577696088e-18,-1.074931713519822640e+00,-8.619407271259760250e-18,0.000000000000000000e+00,0.000000000000000000e+00,0.000000000000000000e+00,0.000000000000000000e+00,0.000000000000000000e+00,1.799999999999999645e+01,0.000000000000000000e+00,0.000000000000000000e+00,0.000000000000000000e+00,0.000000000000000000e+00,0.000000000000000000e+00,0.000000000000000000e+00,-3.637978807091712952e-12,0.000000000000000000e+00
1.088145846121724380e+00,5.173841829180816226e-03,1.007792540845168450e+00,-1.311686026974260080e-02,-3.226399220981389093e-01,1.170803770961044432e-02,1.303728232512103347e+00,-2.161547337205058442e-02,-2.233456475320139134e-17,-3.764349942869671395e-16,2.984097073176900095e-18,-1.266348137463069179e-16,8.212831456577696088e-18,-1.057005166947071473e+00,-8.619407271259760250e-18,0.000000000000000000e+00,0.000000000000000000e+00,0.000000000000000000e+00,0.000000000000000000e+00,0.000000000000000000e+00,1.799999999999999645e+01,0.000000000000000000e+00,0.000000000000000000e+00,0.000000000000000000e+00,0.000000000000000000e+00,0.000000000000000000e+00,0.000000000000000000e+00,3.637978807091712952e-12,0.000000000000000000e+00
1.089141765375766013e+00,5.173841829180816226e-03,1.007792540845168450e+00,-1.311686026974260080e-02,-3.226399220981389093e-01,1.170803770961044432e-02,1.302684458237316489e+00,-2.161547337205058442e-02,-2.233456475320139134e-17,-3.764349942869671395e-16,2.984097073176900095e-18,-1.266348137463069179e-16,8.212831456577696088e-18,-1.039078620374320527e+00,-8.619407271259760250e-18,0.000000000000000000e+00,0.000000000000000000e+00,0.000000000000000000e+00,0.000000000000000000e+00,0.000000000000000000e+00,1.799999999999999645e+01,0.000000000000000000e+00,0.000000000000000000e+00,0.000000000000000000e+00,0.000000000000000000e+00,0.000000000000000000e+00,0.000000000000000000e+00,-3.637978807091712952e-12,0.000000000000000000e+00
1.090137684629807868e+00,5.173841829180816226e-03,1.007792540845168450e+00,-1.311686026974260080e-02,-3.226399220981389093e-01,1.170803770961044432e-02,1.301658537055675025e+00,-2.161547337205058442e-02,-2.233456475320139134e-17,-3.764349942869671395e-16,2.984097073176900095e-18,-1.266348137463069179e-16,8.212831456577696088e-18,-1.021152073801569138e+00,-8.619407271259760250e-18,0.000000000000000000e+00,0.000000000000000000e+00,0.000000000000000000e+00,0.000000000000000000e+00,0.000000000000000000e+00,1.799999999999999645e+01,0.000000000000000000e+00,0.000000000000000000e+00,0.000000000000000000e+00,0.000000000000000000e+00,0.000000000000000000e+00,0.000000000000000000e+00,3.637978807091712952e-12,0.000000000000000000e+00
1.091133603883849501e+00,5.173841829180816226e-03,1.007792540845168450e+00,-1.311686026974260080e-02,-3.226399220981389093e-01,1.170803770961044432e-02,1.300650468967179174e+00,-2.161547337205058442e-02,-2.233456475320139134e-17,-3.764349942869671395e-16,2.984097073176900095e-18,-1.266348137463069179e-16,8.212831456577696088e-18,-1.003225527228817748e+00,-8.619407271259760250e-18,0.000000000000000000e+00,0.000000000000000000e+00,0.000000000000000000e+00,0.000000000000000000e+00,0.000000000000000000e+00,1.799999999999999645e+01,0.000000000000000000e+00,0.000000000000000000e+00,0.000000000000000000e+00,0.000000000000000000e+00,0.000000000000000000e+00,0.000000000000000000e+00,0.000000000000000000e+00,0.000000000000000000e+00
1.092129523137891134e+00,5.173841829180816226e-03,1.007792540845168450e+00,-1.311686026974260080e-02,-3.226399220981389093e-01,1.170803770961044432e-02,1.299660253971828716e+00,-2.161547337205058442e-02,-2.233456475320139134e-17,-3.764349942869671395e-16,2.984097073176900095e-18,-1.266348137463069179e-16,8.212831456577696088e-18,-9.852989806560668029e-01,-8.619407271259760250e-18,0.000000000000000000e+00,0.000000000000000000e+00,0.000000000000000000e+00,0.000000000000000000e+00,0.000000000000000000e+00,1.799999999999999645e+01,0.000000000000000000e+00,0.000000000000000000e+00,0.000000000000000000e+00,0.000000000000000000e+00,0.000000000000000000e+00,0.000000000000000000e+00,-3.637978807091712952e-12,0.000000000000000000e+00
1.093125442391932989e+00,5.173841829180816226e-03,1.007792540845168450e+00,-1.311686026974260080e-02,-3.226399220981389093e-01,1.170803770961044432e-02,1.298687892069623651e+00,-2.161547337205058442e-02,-2.233456475320139134e-17,-3.764349942869671395e-16,2.984097073176900095e-18,-1.266348137463069179e-16,8.212831456577696088e-18,-9.673724340833154134e-01,-8.619407271259760250e-18,0.000000000000000000e+00,0.000000000000000000e+00,0.000000000000000000e+00,0.000000000000000000e+00,0.000000000000000000e+00,1.799999999999999645e+01,0.000000000000000000e+00,0.000000000000000000e+00,0.000000000000000000e+00,0.000000000000000000e+00,0.000000000000000000e+00,0.000000000000000000e+00,3.637978807091712952e-12,0.000000000000000000e+00
1.094121361645974622e+00,5.173841829180816226e-03,1.007792540845168450e+00,-1.311686026974260080e-02,-3.226399220981389093e-01,1.170803770961044432e-02,1.297733383260564421e+00,-2.161547337205058442e-02,-2.233456475320139134e-17,-3.764349942869671395e-16,2.984097073176900095e-18,-1.266348137463069179e-16,8.212831456577696088e-18,-9.494458875105644680e-01,-8.619407271259760250e-18,0.000000000000000000e+00,0.000000000000000000e+00,0.000000000000000000e+00,0.000000000000000000e+00,0.000000000000000000e+00,1.799999999999999645e+01,0.000000000000000000e+00,0.000000000000000000e+00,0.000000000000000000e+00,0.000000000000000000e+00,0.000000000000000000e+00,0.000000000000000000e+00,-3.637978807091712952e-12,0.000000000000000000e+00
1.095117280900016477e+00,5.173841829180816226e-03,1.007792540845168450e+00,-1.311686026974260080e-02,-3.226399220981389093e-01,1.170803770961044432e-02,1.296796727544650363e+00,-2.161547337205058442e-02,-2.233456475320139134e-17,-3.764349942869671395e-16,2.984097073176900095e-18,-1.266348137463069179e-16,8.212831456577696088e-18,-9.315193409378130784e-01,-8.619407271259760250e-18,0.000000000000000000e+00,0.000000000000000000e+00,0.000000000000000000e+00,0.000000000000000000e+00,0.000000000000000000e+00,1.799999999999999645e+01,0.000000000000000000e+00,0.000000000000000000e+00,0.000000000000000000e+00,0.000000000000000000e+00,0.000000000000000000e+00,0.000000000000000000e+00,3.637978807091712952e-12,0.000000000000000000e+00
1.096113200154058109e+00,5.173841829180816226e-03,1.007792540845168450e+00,-1.311686026974260080e-02,-3.226399220981389093e-01,1.170803770961044432e-02,1.295877924921882141e+00,-2.161547337205058442e-02,-2.233456475320139134e-17,-3.764349942869671395e-16,2.984097073176900095e-18,-1.266348137463069179e-16,8.212831456577696088e-18,-9.135927943650616889e-01,-8.619407271259760250e-18,0.000000000000000000e+00,0.000000000000000000e+00,0.000000000000000000e+00,0.000000000000000000e+00,0.000000000000000000e+00,1.799999999999999645e+01,0.000000000000000000e+00,0.000000000000000000e+00,0.000000000000000000e+00,0.000000000000000000e+00,0.000000000000000000e+00,0.000000000000000000e+00,-3.637978807091712952e-12,0.000000000000000000e+00
1.097109119408099964e+00,5.173841829180816226e-03,1.007792540845168450e+00,-1.311686026974260080e-02,-3.226399220981389093e-01,1.170803770961044432e-02,1.294976975392259089e+00,-2.161547337205058442e-02,-2.233456475320139134e-17,-3.764349942869671395e-16,2.984097073176900095e-18,-1.266348137463069179e-16,8.212831456577696088e-18,-8.956662477923108545e-01,-8.619407271259760250e-18,0.000000000000000000e+00,0.000000000000000000e+00,0.000000000000000000e+00,0.000000000000000000e+00,0.000000000000000000e+00,1.799999999999999645e+01,0.000000000000000000e+00,0.000000000000000000e+00,0.000000000000000000e+00,0.000000000000000000e+00,0.000000000000000000e+00,0.000000000000000000e+00,3.637978807091712952e-12,0.000000000000000000e+00
1.098105038662141597e+00,5.173841829180816226e-03,1.007792540845168450e+00,-1.311686026974260080e-02,-3.226399220981389093e-01,1.170803770961044432e-02,1.294093878955781873e+00,-2.161547337205058442e-02,-2.233456475320139134e-17,-3.764349942869671395e-16,2.984097073176900095e-18,-1.266348137463069179e-16,8.212831456577696088e-18,-8.777397012195594650e-01,-8.619407271259760250e-18,0.000000000000000000e+00,0.000000000000000000e+00,0.000000000000000000e+00,0.000000000000000000e+00,0.000000000000000000e+00,1.799999999999999645e+01,0.000000000000000000e+00,0.000000000000000000e+00,0.000000000000000000e+00,0.000000000000000000e+00,0.000000000000000000e+00,0.000000000000000000e+00,-3.637978807091712952e-12,0.000000000000000000e+00
1.099100957916183452e+00,5.173841829180816226e-03,1.007792540845168450e+00,-1.311686026974260080e-02,-3.226399220981389093e-01,1.170803770961044432e-02,1.293228635612450050e+00,-2.161547337205058442e-02,-2.233456475320139134e-17,-3.764349942869671395e-16,2.984097073176900095e-18,-1.266348137463069179e-16,8.212831456577696088e-18,-8.598131546468086306e-01,-8.619407271259760250e-18,0.000000000000000000e+00,0.000000000000000000e+00,0.000000000000000000e+00,0.000000000000000000e+00,0.000000000000000000e+00,1.799999999999999645e+01,0.000000000000000000e+00,0.000000000000000000e+00,0.000000000000000000e+00,0.000000000000000000e+00,0.000000000000000000e+00,0.000000000000000000e+00,3.637978807091712952e-12,0.000000000000000000e+00
1.100096877170225085e+00,5.173841829180816226e-03,1.007792540845168450e+00,-1.311686026974260080e-02,-3.226399220981389093e-01,1.170803770961044432e-02,1.292381245362263620e+00,-2.161547337205058442e-02,-2.233456475320139134e-17,-3.764349942869671395e-16,2.984097073176900095e-18,-1.266348137463069179e-16,8.212831456577696088e-18,-8.418866080740572411e-01,-8.619407271259760250e-18,0.000000000000000000e+00,0.000000000000000000e+00,0.000000000000000000e+00,0.000000000000000000e+00,0.000000000000000000e+00,1.799999999999999645e+01,0.000000000000000000e+00,0.000000000000000000e+00,0.000000000000000000e+00,0.000000000000000000e+00,0.000000000000000000e+00,0.000000000000000000e+00,-3.637978807091712952e-12,0.000000000000000000e+00
1.101092796424266940e+00,5.173841829180816226e-03,1.007792540845168450e+00,-1.311686026974260080e-02,-3.226399220981389093e-01,1.170803770961044432e-02,1.291551708205222804e+00,-2.161547337205058442e-02,-2.233456475320139134e-17,-3.764349942869671395e-16,2.984097073176900095e-18,-1.266348137463069179e-16,8.212831456577696088e-18,-8.239600615013058516e-01,-8.619407271259760250e-18,0.000000000000000000e+00,0.000000000000000000e+00,0.000000000000000000e+00,0.000000000000000000e+00,0.000000000000000000e+00,1.799999999999999645e+01,0.000000000000000000e+00,0.000000000000000000e+00,0.000000000000000000e+00,0.000000000000000000e+00,0.000000000000000000e+00,0.000000000000000000e+00,3.637978807091712952e-12,0.000000000000000000e+00
1.102088715678308573e+00,5.173841829180816226e-03,1.007792540845168450e+00,-1.311686026974260080e-02,-3.226399220981389093e-01,1.170803770961044432e-02,1.290740024141327380e+00,-2.161547337205058442e-02,-2.233456475320139134e-17,-3.764349942869671395e-16,2.984097073176900095e-18,-1.266348137463069179e-16,8.212831456577696088e-18,-8.060335149285549061e-01,-8.619407271259760250e-18,0.000000000000000000e+00,0.000000000000000000e+00,0.000000000000000000e+00,0.000000000000000000e+00,0.000000000000000000e+00,1.799999999999999645e+01,0.000000000000000000e+00,0.000000000000000000e+00,0.000000000000000000e+00,0.000000000000000000e+00,0.000000000000000000e+00,0.000000000000000000e+00,0.000000000000000000e+00,0.000000000000000000e+00
1.103084634932350205e+00,5.173841829180816226e-03,1.007792540845168450e+00,-1.311686026974260080e-02,-3.226399220981389093e-01,1.170803770961044432e-02,1.289946193170577349e+00,-2.161547337205058442e-02,-2.233456475320139134e-17,-3.764349942869671395e-16,2.984097073176900095e-18,-1.266348137463069179e-16,8.212831456577696088e-18,-7.881069683558035166e-01,-8.619407271259760250e-18,0.000000000000000000e+00,0.000000000000000000e+00,0.000000000000000000e+00,0.000000000000000000e+00,0.000000000000000000e+00,1.799999999999999645e+01,0.000000000000000000e+00,0.000000000000000000e+00,0.000000000000000000e+00,0.000000000000000000e+00,0.000000000000000000e+00,0.000000000000000000e+00,-3.637978807091712952e-12,0.000000000000000000e+00
1.104080554186392060e+00,5.173841829180816226e-03,1.007792540845168450e+00,-1.311686026974260080e-02,-3.226399220981389093e-01,1.170803770961044432e-02,1.289170215292973154e+00,-2.161547337205058442e-02,-2.233456475320139134e-17,-3.764349942869671395e-16,2.984097073176900095e-18,-1.266348137463069179e-16,8.212831456577696088e-18,-7.701804217830525712e-01,-8.619407271259760250e-18,0.000000000000000000e+00,0.000000000000000000e+00,0.000000000000000000e+00,0.000000000000000000e+00,0.000000000000000000e+00,1.799999999999999645e+01,0.000000000000000000e+00,0.000000000000000000e+00,0.000000000000000000e+00,0.000000000000000000e+00,0.000000000000000000e+00,0.000000000000000000e+00,3.637978807091712952e-12,0.000000000000000000e+00
1.105076473440433693e+00,5.173841829180816226e-03,1.007792540845168450e+00,-1.311686026974260080e-02,-3.226399220981389093e-01,1.170803770961044432e-02,1.288412090508514130e+00,-2.161547337205058442e-02,-2.233456475320139134e-17,-3.764349942869671395e-16,2.984097073176900095e-18,-1.266348137463069179e-16,8.212831456577696088e-18,-7.522538752103011817e-01,-8.619407271259760250e-18,0.000000000000000000e+00,0.000000000000000000e+00,0.000000000000000000e+00,0.000000000000000000e+00,0.000000000000000000e+00,1.799999999999999645e+01,0.000000000000000000e+00,0.000000000000000000e+00,0.000000000000000000e+00,0.000000000000000000e+00,0.000000000000000000e+00,0.000000000000000000e+00,-3.637978807091712952e-12,0.000000000000000000e+00
1.106072392694475548e+00,5.173841829180816226e-03,1.007792540845168450e+00,-1.311686026974260080e-02,-3.226399220981389093e-01,1.170803770961044432e-02,1.287671818817200942e+00,-2.161547337205058442e-02,-2.233456475320139134e-17,-3.764349942869671395e-16,2.984097073176900095e-18,-1.266348137463069179e-16,8.212831456577696088e-18,-7.343273286375497921e-01,-8.619407271259760250e-18,0.000000000000000000e+00,0.000000000000000000e+00,0.000000000000000000e+00,0.000000000000000000e+00,0.000000000000000000e+00,1.799999999999999645e+01,0.000000000000000000e+00,0.000000000000000000e+00,0.000000000000000000e+00,0.000000000000000000e+00,0.000000000000000000e+00,0.000000000000000000e+00,3.637978807091712952e-12,0.000000000000000000e+00
1.107068311948517181e+00,5.173841829180816226e-03,1.007792540845168450e+00,-1.311686026974260080e-02,-3.226399220981389093e-01,1.170803770961044432e-02,1.286949400219032924e+00,-2.161547337205058442e-02,-2.233456475320139134e-17,-3.764349942869671395e-16,2.984097073176900095e-18,-1.266348137463069179e-16,8.212831456577696088e-18,-7.164007820647989577e-01,-8.619407271259760250e-18,0.000000000000000000e+00,0.000000000000000000e+00,0.000000000000000000e+00,0.000000000000000000e+00,0.000000000000000000e+00,1.799999999999999645e+01,0.000000000000000000e+00,0.000000000000000000e+00,0.000000000000000000e+00,0.000000000000000000e+00,0.000000000000000000e+00,0.000000000000000000e+00,-3.637978807091712952e-12,0.000000000000000000e+00
1.108064231202559036e+00,5.173841829180816226e-03,1.007792540845168450e+00,-1.311686026974260080e-02,-3.226399220981389093e-01,1.170803770961044432e-02,1.286244834714010521e+00,-2.161547337205058442e-02,-2.233456475320139134e-17,-3.764349942869671395e-16,2.984097073176900095e-18,-1.266348137463069179e-16,8.212831456577696088e-18,-6.984742354920475682e-01,-8.619407271259760250e-18,0.000000000000000000e+00,0.000000000000000000e+00,0.000000000000000000e+00,0.000000000000000000e+00,0.000000000000000000e+00,1.799999999999999645e+01,0.000000000000000000e+00,0.000000000000000000e+00,0.000000000000000000e+00,0.000000000000000000e+00,0.000000000000000000e+00,0.000000000000000000e+00,3.637978807091712952e-12,0.000000000000000000e+00
1.109060150456600669e+00,5.173841829180816226e-03,1.007792540845168450e+00,-1.311686026974260080e-02,-3.226399220981389093e-01,1.170803770961044432e-02,1.285558122302133732e+00,-2.161547337205058442e-02,-2.233456475320139134e-17,-3.764349942869671395e-16,2.984097073176900095e-18,-1.266348137463069179e-16,8.212831456577696088e-18,-6.805476889192967338e-01,-8.619407271259760250e-18,0.000000000000000000e+00,0.000000000000000000e+00,0.000000000000000000e+00,0.000000000000000000e+00,0.000000000000000000e+00,1.799999999999999645e+01,0.000000000000000000e+00,0.000000000000000000e+00,0.000000000000000000e+00,0.000000000000000000e+00,0.000000000000000000e+00,0.000000000000000000e+00,-3.637978807091712952e-12,0.000000000000000000e+00
1.110056069710642523e+00,5.173841829180816226e-03,1.007792540845168450e+00,-1.311686026974260080e-02,-3.226399220981389093e-01,1.170803770961044432e-02,1.284889262983402336e+00,-2.161547337205058442e-02,-2.233456475320139134e-17,-3.764349942869671395e-16,2.984097073176900095e-18,-1.266348137463069179e-16,8.212831456577696088e-18,-6.626211423465453443e-01,-8.619407271259760250e-18,0.000000000000000000e+00,0.000000000000000000e+00,0.000000000000000000e+00,0.000000000000000000e+00,0.000000000000000000e+00,1.799999999999999645e+01,0.000000000000000000e+00,0.000000000000000000e+00,0.000000000000000000e+00,0.000000000000000000e+00,0.000000000000000000e+00,0.000000000000000000e+00,3.637978807091712952e-12,0.000000000000000000e+00
1.111051988964684156e+00,5.173841829180816226e-03,1.007792540845168450e+00,-1.311686026974260080e-02,-3.226399220981389093e-01,1.170803770961044432e-02,1.284238256757816554e+00,-2.161547337205058442e-02,-2.233456475320139134e-17,-3.764349942869671395e-16,2.984097073176900095e-18,-1.266348137463069179e-16,8.212831456577696088e-18,-6.446945957737939548e-01,-8.619407271259760250e-18,0.000000000000000000e+00,0.000000000000000000e+00,0.000000000000000000e+00,0.000000000000000000e+00,0.000000000000000000e+00,1.799999999999999645e+01,0.000000000000000000e+00,0.000000000000000000e+00,0.000000000000000000e+00,0.000000000000000000e+00,0.000000000000000000e+00,0.000000000000000000e+00,-3.637978807091712952e-12,0.000000000000000000e+00
1.112047908218726011e+00,5.173841829180816226e-03,1.007792540845168450e+00,-1.311686026974260080e-02,-3.226399220981389093e-01,1.170803770961044432e-02,1.283605103625376165e+00,-2.161547337205058442e-02,-2.233456475320139134e-17,-3.764349942869671395e-16,2.984097073176900095e-18,-1.266348137463069179e-16,8.212831456577696088e-18,-6.267680492010430093e-01,-8.619407271259760250e-18,0.000000000000000000e+00,0.000000000000000000e+00,0.000000000000000000e+00,0.000000000000000000e+00,0.000000000000000000e+00,1.799999999999999645e+01,0.000000000000000000e+00,0.000000000000000000e+00,0.000000000000000000e+00,0.000000000000000000e+00,0.000000000000000000e+00,0.000000000000000000e+00,3.637978807091712952e-12,0.000000000000000000e+00
1.113043827472767644e+00,5.173841829180816226e-03,1.007792540845168450e+00,-1.311686026974260080e-02,-3.226399220981389093e-01,1.170803770961044432e-02,1.282989803586081168e+00,-2.161547337205058442e-02,-2.233456475320139134e-17,-3.764349942869671395e-16,2.984097073176900095e-18,-1.266348137463069179e-16,8.212831456577696088e-18,-6.088415026282916198e-01,-8.619407271259760250e-18,0.000000000000000000e+00,0.000000000000000000e+00,0.000000000000000000e+00,0.000000000000000000e+00,0.000000000000000000e+00,1.799999999999999645e+01,0.000000000000000000e+00,0.000000000000000000e+00,0.000000000000000000e+00,0.000000000000000000e+00,0.000000000000000000e+00,0.000000000000000000e+00,0.000000000000000000e+00,0.000000000000000000e+00
1.114039746726809277e+00,5.173841829180816226e-03,1.007792540845168450e+00,-1.311686026974260080e-02,-3.226399220981389093e-01,1.170803770961044432e-02,1.282392356639932007e+00,-2.161547337205058442e-02,-2.233456475320139134e-17,-3.764349942869671395e-16,2.984097073176900095e-18,-1.266348137463069179e-16,8.212831456577696088e-18,-5.909149560555406744e-01,-8.619407271259760250e-18,0.000000000000000000e+00,0.000000000000000000e+00,0.000000000000000000e+00,0.000000000000000000e+00,0.000000000000000000e+00,1.799999999999999645e+01,0.000000000000000000e+00,0.000000000000000000e+00,0.000000000000000000e+00,0.000000000000000000e+00,0.000000000000000000e+00,0.000000000000000000e+00,-3.637978807091712952e-12,0.000000000000000000e+00
1.115035665980851132e+00,5.173841829180816226e-03,1.007792540845168450e+00,-1.311686026974260080e-02,-3.226399220981389093e-01,1.170803770961044432e-02,1.281812762786928017e+00,-2.161547337205058442e-02,-2.233456475320139134e-17,-3.764349942869671395e-16,2.984097073176900095e-18,-1.266348137463069179e-16,8.212831456577696088e-18,-5.729884094827892849e-01,-8.619407271259760250e-18,0.000000000000000000e+00,0.000000000000000000e+00,0.000000000000000000e+00,0.000000000000000000e+00,0.000000000000000000e+00,1.799999999999999645e+01,0.000000000000000000e+00,0.000000000000000000e+00,0.000000000000000000e+00,0.000000000000000000e+00,0.000000000000000000e+00,0.000000000000000000e+00,3.637978807091712952e-12,0.000000000000000000e+00
1.116031585234892765e+00,5.173841829180816226e-03,1.007792540845168450e+00,-1.311686026974260080e-02,-3.226399220981389093e-01,1.170803770961044432e-02,1.281251022027069864e+00,-2.161547337205058442e-02,-2.233456475320139134e-17,-3.764349942869671395e-16,2.984097073176900095e-18,-1.266348137463069179e-16,8.212831456577696088e-18,-5.550618629100378953e-01,-8.619407271259760250e-18,0.000000000000000000e+00,0.000000000000000000e+00,0.000000000000000000e+00,0.000000000000000000e+00,0.000000000000000000e+00,1.799999999999999645e+01,0.000000000000000000e+00,0.000000000000000000e+00,0.000000000000000000e+00,0.000000000000000000e+00,0.000000000000000000e+00,0.000000000000000000e+00,-3.637978807091712952e-12,0.000000000000000000e+00
1.117027504488934619e+00,5.173841829180816226e-03,1.007792540845168450e+00,-1.311686026974260080e-02,-3.226399220981389093e-01,1.170803770961044432e-02,1.280707134360356880e+00,-2.161547337205058442e-02,-2.233456475320139134e-17,-3.764349942869671395e-16,2.984097073176900095e-18,-1.266348137463069179e-16,8.212831456577696088e-18,-5.371353163372870609e-01,-8.619407271259760250e-18,0.000000000000000000e+00,0.000000000000000000e+00,0.000000000000000000e+00,0.000000000000000000e+00,0.000000000000000000e+00,1.799999999999999645e+01,0.000000000000000000e+00,0.000000000000000000e+00,0.000000000000000000e+00,0.000000000000000000e+00,0.000000000000000000e+00,0.000000000000000000e+00,3.637978807091712952e-12,0.000000000000000000e+00
1.118023423742976252e+00,5.173841829180816226e-03,1.007792540845168450e+00,-1.311686026974260080e-02,-3.226399220981389093e-01,1.170803770961044432e-02,1.280181099786789511e+00,-2.161547337205058442e-02,-2.233456475320139134e-17,-3.764349942869671395e-16,2.984097073176900095e-18,-1.266348137463069179e-16,8.212831456577696088e-18,-5.192087697645356714e-01,-8.619407271259760250e-18,0.000000000000000000e+00,0.000000000000000000e+00,0.000000000000000000e+00,0.000000000000000000e+00,0.000000000000000000e+00,1.799999999999999645e+01,0.000000000000000000e+00,0.000000000000000000e+00,0.000000000000000000e+00,0.000000000000000000e+00,0.000000000000000000e+00,0.000000000000000000e+00,-3.637978807091712952e-12,0.000000000000000000e+00
1.119019342997018107e+00,5.173841829180816226e-03,1.007792540845168450e+00,-1.311686026974260080e-02,-3.226399220981389093e-01,1.170803770961044432e-02,1.279672918306367757e+00,-2.161547337205058442e-02,-2.233456475320139134e-17,-3.764349942869671395e-16,2.984097073176900095e-18,-1.266348137463069179e-16,8.212831456577696088e-18,-5.012822231917848370e-01,-8.619407271259760250e-18,0.000000000000000000e+00,0.000000000000000000e+00,0.000000000000000000e+00,0.000000000000000000e+00,0.000000000000000000e+00,1.799999999999999645e+01,0.000000000000000000e+00,0.000000000000000000e+00,0.000000000000000000e+00,0.000000000000000000e+00,0.000000000000000000e+00,0.000000000000000000e+00,3.637978807091712952e-12,0.000000000000000000e+00
1.120015262251059740e+00,5.173841829180816226e-03,1.007792540845168450e+00,-1.311686026974260080e-02,-3.226399220981389093e-01,1.170803770961044432e-02,1.279182589919091395e+00,-2.161547337205058442e-02,-2.233456475320139134e-17,-3.764349942869671395e-16,2.984097073176900095e-18,-1.266348137463069179e-16,8.212831456577696088e-18,-4.833556766190333920e-01,-8.619407271259760250e-18,0.000000000000000000e+00,0.000000000000000000e+00,0.000000000000000000e+00,0.000000000000000000e+00,0.000000000000000000e+00,1.799999999999999645e+01,0.000000000000000000e+00,0.000000000000000000e+00,0.000000000000000000e+00,0.000000000000000000e+00,0.000000000000000000e+00,0.000000000000000000e+00,-3.637978807091712952e-12,0.000000000000000000e+00
1.121011181505101595e+00,5.173841829180816226e-03,1.007792540845168450e+00,-1.311686026974260080e-02,-3.226399220981389093e-01,1.170803770961044432e-02,1.278710114624960648e+00,-2.161547337205058442e-02,-2.233456475320139134e-17,-3.764349942869671395e-16,2.984097073176900095e-18,-1.266348137463069179e-16,8.212831456577696088e-18,-4.654291300462820025e-01,-8.619407271259760250e-18,0.000000000000000000e+00,0.000000000000000000e+00,0.000000000000000000e+00,0.000000000000000000e+00,0.000000000000000000e+00,1.799999999999999645e+01,0.000000000000000000e+00,0.000000000000000000e+00,0.000000000000000000e+00,0.000000000000000000e+00,0.000000000000000000e+00,0.000000000000000000e+00,3.637978807091712952e-12,0.000000000000000000e+00
1.122007100759143228e+00,5.173841829180816226e-03,1.007792540845168450e+00,-1.311686026974260080e-02,-3.226399220981389093e-01,1.170803770961044432e-02,1.278255492423975292e+00,-2.161547337205058442e-02,-2.233456475320139134e-17,-3.764349942869671395e-16,2.984097073176900095e-18,-1.266348137463069179e-16,8.212831456577696088e-18,-4.475025834735311125e-01,-8.619407271259760250e-18,0.000000000000000000e+00,0.000000000000000000e+00,0.000000000000000000e+00,0.000000000000000000e+00,0.000000000000000000e+00,1.799999999999999645e+01,0.000000000000000000e+00,0.000000000000000000e+00,0.000000000000000000e+00,0.000000000000000000e+00,0.000000000000000000e+00,0.000000000000000000e+00,-3.637978807091712952e-12,0.000000000000000000e+00
1.123003020013185083e+00,5.173841829180816226e-03,1.007792540845168450e+00,-1.311686026974260080e-02,-3.226399220981389093e-01,1.170803770961044432e-02,1.277818723316135552e+00,-2.161547337205058442e-02,-2.233456475320139134e-17,-3.764349942869671395e-16,2.984097073176900095e-18,-1.266348137463069179e-16,8.212831456577696088e-18,-4.295760369007797230e-01,-8.619407271259760250e-18,0.000000000000000000e+00,0.000000000000000000e+00,0.000000000000000000e+00,0.000000000000000000e+00,0.000000000000000000e+00,1.799999999999999645e+01,0.000000000000000000e+00,0.000000000000000000e+00,0.000000000000000000e+00,0.000000000000000000e+00,0.000000000000000000e+00,0.000000000000000000e+00,3.637978807091712952e-12,0.000000000000000000e+00
1.123998939267226715e+00,5.173841829180816226e-03,1.007792540845168450e+00,-1.311686026974260080e-02,-3.226399220981389093e-01,1.170803770961044432e-02,1.277399807301441204e+00,-2.161547337205058442e-02,-2.233456475320139134e-17,-3.764349942869671395e-16,2.984097073176900095e-18,-1.266348137463069179e-16,8.212831456577696088e-18,-4.116494903280288331e-01,-8.619407271259760250e-18,0.000000000000000000e+00,0.000000000000000000e+00,0.000000000000000000e+00,0.000000000000000000e+00,0.000000000000000000e+00,1.799999999999999645e+01,0.000000000000000000e+00,0.000000000000000000e+00,0.000000000000000000e+00,0.000000000000000000e+00,0.000000000000000000e+00,0.000000000000000000e+00,0.000000000000000000e+00,0.000000000000000000e+00
1.124994858521268348e+00,5.173841829180816226e-03,1.007792540845168450e+00,-1.311686026974260080e-02,-3.226399220981389093e-01,1.170803770961044432e-02,1.276998744379892248e+00,-2.161547337205058442e-02,-2.233456475320139134e-17,-3.764349942869671395e-16,2.984097073176900095e-18,-1.266348137463069179e-16,8.212831456577696088e-18,-3.937229437552774436e-01,-8.619407271259760250e-18,0.000000000000000000e+00,0.000000000000000000e+00,0.000000000000000000e+00,0.000000000000000000e+00,0.000000000000000000e+00,1.799999999999999645e+01,0.000000000000000000e+00,0.000000000000000000e+00,0.000000000000000000e+00,0.000000000000000000e+00,0.000000000000000000e+00,0.000000000000000000e+00,-3.637978807091712952e-12,0.000000000000000000e+00
1.125990777775310203e+00,5.173841829180816226e-03,1.007792540845168450e+00,-1.311686026974260080e-02,-3.226399220981389093e-01,1.170803770961044432e-02,1.276615534551488906e+00,-2.161547337205058442e-02,-2.233456475320139134e-17,-3.764349942869671395e-16,2.984097073176900095e-18,-1.266348137463069179e-16,8.212831456577696088e-18,-3.757963971825260541e-01,-8.619407271259760250e-18,0.000000000000000000e+00,0.000000000000000000e+00,0.000000000000000000e+00,0.000000000000000000e+00,0.000000000000000000e+00,1.799999999999999645e+01,0.000000000000000000e+00,0.000000000000000000e+00,0.000000000000000000e+00,0.000000000000000000e+00,0.000000000000000000e+00,0.000000000000000000e+00,3.637978807091712952e-12,0.000000000000000000e+00
1.126986697029351836e+00,5.173841829180816226e-03,1.007792540845168450e+00,-1.311686026974260080e-02,-3.226399220981389093e-01,1.170803770961044432e-02,1.276250177816231179e+00,-2.161547337205058442e-02,-2.233456475320139134e-17,-3.764349942869671395e-16,2.984097073176900095e-18,-1.266348137463069179e-16,8.212831456577696088e-18,-3.578698506097751642e-01,-8.619407271259760250e-18,0.000000000000000000e+00,0.000000000000000000e+00,0.000000000000000000e+00,0.000000000000000000e+00,0.000000000000000000e+00,1.799999999999999645e+01,0.000000000000000000e+00,0.000000000000000000e+00,0.000000000000000000e+00,0.000000000000000000e+00,0.000000000000000000e+00,0.000000000000000000e+00,-3.637978807091712952e-12,0.000000000000000000e+00
1.127982616283393691e+00,5.173841829180816226e-03,1.007792540845168450e+00,-1.311686026974260080e-02,-3.226399220981389093e-01,1.170803770961044432e-02,1.275902674174118845e+00,-2.161547337205058442e-02,-2.233456475320139134e-17,-3.764349942869671395e-16,2.984097073176900095e-18,-1.266348137463069179e-16,8.212831456577696088e-18,-3.399433040370237746e-01,-8.619407271259760250e-18,0.000000000000000000e+00,0.000000000000000000e+00,0.000000000000000000e+00,0.000000000000000000e+00,0.000000000000000000e+00,1.799999999999999645e+01,0.000000000000000000e+00,0.000000000000000000e+00,0.000000000000000000e+00,0.000000000000000000e+00,0.000000000000000000e+00,0.000000000000000000e+00,3.637978807091712952e-12,0.000000000000000000e+00
1.128978535537435324e+00,5.173841829180816226e-03,1.007792540845168450e+00,-1.311686026974260080e-02,-3.226399220981389093e-01,1.170803770961044432e-02,1.275573023625151903e+00,-2.161547337205058442e-02,-2.233456475320139134e-17,-3.764349942869671395e-16,2.984097073176900095e-18,-1.266348137463069179e-16,8.212831456577696088e-18,-3.220167574642728847e-01,-8.619407271259760250e-18,0.000000000000000000e+00,0.000000000000000000e+00,0.000000000000000000e+00,0.000000000000000000e+00,0.000000000000000000e+00,1.799999999999999645e+01,0.000000000000000000e+00,0.000000000000000000e+00,0.000000000000000000e+00,0.000000000000000000e+00,0.000000000000000000e+00,0.000000000000000000e+00,-3.637978807091712952e-12,0.000000000000000000e+00
1.129974454791477179e+00,5.173841829180816226e-03,1.007792540845168450e+00,-1.311686026974260080e-02,-3.226399220981389093e-01,1.170803770961044432e-02,1.275261226169330797e+00,-2.161547337205058442e-02,-2.233456475320139134e-17,-3.764349942869671395e-16,2.984097073176900095e-18,-1.266348137463069179e-16,8.212831456577696088e-18,-3.040902108915214952e-01,-8.619407271259760250e-18,0.000000000000000000e+00,0.000000000000000000e+00,0.000000000000000000e+00,0.000000000000000000e+00,0.000000000000000000e+00,1.799999999999999645e+01,0.000000000000000000e+00,0.000000000000000000e+00,0.000000000000000000e+00,0.000000000000000000e+00,0.000000000000000000e+00,0.000000000000000000e+00,3.637978807091712952e-12,0.000000000000000000e+00
1.130970374045518811e+00,5.173841829180816226e-03,1.007792540845168450e+00,-1.311686026974260080e-02,-3.226399220981389093e-01,1.170803770961044432e-02,1.274967281806654862e+00,-2.161547337205058442e-02,-2.233456475320139134e-17,-3.764349942869671395e-16,2.984097073176900095e-18,-1.266348137463069179e-16,8.212831456577696088e-18,-2.861636643187701057e-01,-8.619407271259760250e-18,0.000000000000000000e+00,0.000000000000000000e+00,0.000000000000000000e+00,0.000000000000000000e+00,0.000000000000000000e+00,1.799999999999999645e+01,0.000000000000000000e+00,0.000000000000000000e+00,0.000000000000000000e+00,0.000000000000000000e+00,0.000000000000000000e+00,0.000000000000000000e+00,0.000000000000000000e+00,0.000000000000000000e+00
1.131966293299560444e+00,5.173841829180816226e-03,1.007792540845168450e+00,-1.311686026974260080e-02,-3.226399220981389093e-01,1.170803770961044432e-02,1.274691190537124541e+00,-2.161547337205058442e-02,-2.233456475320139134e-17,-3.764349942869671395e-16,2.984097073176900095e-18,-1.266348137463069179e-16,8.212831456577696088e-18,-2.682371177460192158e-01,-8.619407271259760250e-18,0.000000000000000000e+00,0.000000000000000000e+00,0.000000000000000000e+00,0.000000000000000000e+00,0.000000000000000000e+00,1.799999999999999645e+01,0.000000000000000000e+00,0.000000000000000000e+00,0.000000000000000000e+00,0.000000000000000000e+00,0.000000000000000000e+00,0.000000000000000000e+00,-3.637978807091712952e-12,0.000000000000000000e+00
1.132962212553602299e+00,5.173841829180816226e-03,1.007792540845168450e+00,-1.311686026974260080e-02,-3.226399220981389093e-01,1.170803770961044432e-02,1.274432952360739835e+00,-2.161547337205058442e-02,-2.233456475320139134e-17,-3.764349942869671395e-16,2.984097073176900095e-18,-1.266348137463069179e-16,8.212831456577696088e-18,-2.503105711732678262e-01,-8.619407271259760250e-18,0.000000000000000000e+00,0.000000000000000000e+00,0.000000000000000000e+00,0.000000000000000000e+00,0.000000000000000000e+00,1.799999999999999645e+01,0.000000000000000000e+00,0.000000000000000000e+00,0.000000000000000000e+00,0.000000000000000000e+00,0.000000000000000000e+00,0.000000000000000000e+00,3.637978807091712952e-12,0.000000000000000000e+00
1.133958131807643932e+00,5.173841829180816226e-03,1.007792540845168450e+00,-1.311686026974260080e-02,-3.226399220981389093e-01,1.170803770961044432e-02,1.274192567277500521e+00,-2.161547337205058442e-02,-2.233456475320139134e-17,-3.764349942869671395e-16,2.984097073176900095e-18,-1.266348137463069179e-16,8.212831456577696088e-18,-2.323840246005169641e-01,-8.619407271259760250e-18,0.000000000000000000e+00,0.000000000000000000e+00,0.000000000000000000e+00,0.000000000000000000e+00,0.000000000000000000e+00,1.799999999999999645e+01,0.000000000000000000e+00,0.000000000000000000e+00,0.000000000000000000e+00,0.000000000000000000e+00,0.000000000000000000e+00,0.000000000000000000e+00,-3.637978807091712952e-12,0.000000000000000000e+00
1.134954051061685787e+00,5.173841829180816226e-03,1.007792540845168450e+00,-1.311686026974260080e-02,-3.226399220981389093e-01,1.170803770961044432e-02,1.273970035287406599e+00,-2.161547337205058442e-02,-2.233456475320139134e-17,-3.764349942869671395e-16,2.984097073176900095e-18,-1.266348137463069179e-16,8.212831456577696088e-18,-2.144574780277656023e-01,-8.619407271259760250e-18,0.000000000000000000e+00,0.000000000000000000e+00,0.000000000000000000e+00,0.000000000000000000e+00,0.000000000000000000e+00,1.799999999999999645e+01,0.000000000000000000e+00,0.000000000000000000e+00,0.000000000000000000e+00,0.000000000000000000e+00,0.000000000000000000e+00,0.000000000000000000e+00,3.637978807091712952e-12,0.000000000000000000e+00
1.135949970315727420e+00,5.173841829180816226e-03,1.007792540845168450e+00,-1.311686026974260080e-02,-3.226399220981389093e-01,1.170803770961044432e-02,1.273765356390458514e+00,-2.161547337205058442e-02,-2.233456475320139134e-17,-3.764349942869671395e-16,2.984097073176900095e-18,-1.266348137463069179e-16,8.212831456577696088e-18,-1.965309314550142405e-01,-8.619407271259760250e-18,0.000000000000000000e+00,0.000000000000000000e+00,0.000000000000000000e+00,0.000000000000000000e+00,0.000000000000000000e+00,1.799999999999999645e+01,0.000000000000000000e+00,0.000000000000000000e+00,0.000000000000000000e+00,0.000000000000000000e+00,0.000000000000000000e+00,0.000000000000000000e+00,-3.637978807091712952e-12,0.000000000000000000e+00
1.136945889569769275e+00,5.173841829180816226e-03,1.007792540845168450e+00,-1.311686026974260080e-02,-3.226399220981389093e-01,1.170803770961044432e-02,1.273578530586655599e+00,-2.161547337205058442e-02,-2.233456475320139134e-17,-3.764349942869671395e-16,2.984097073176900095e-18,-1.266348137463069179e-16,8.212831456577696088e-18,-1.786043848822633784e-01,-8.619407271259760250e-18,0.000000000000000000e+00,0.000000000000000000e+00,0.000000000000000000e+00,0.000000000000000000e+00,0.000000000000000000e+00,1.799999999999999645e+01,0.000000000000000000e+00,0.000000000000000000e+00,0.000000000000000000e+00,0.000000000000000000e+00,0.000000000000000000e+00,0.000000000000000000e+00,-3.687720010972770979e+01,0.000000000000000000e+00
1.137941808823810907e+00,5.173841829180816226e-03,1.007792540845168450e+00,-1.311686026974260080e-02,-3.226399220981389093e-01,1.170803770961044432e-02,1.273408869871480720e+00,-2.161547337205058442e-02,-2.233456475320139134e-17,-3.764349942869671395e-16,2.984097073176900095e-18,-1.266348137463069179e-16,8.212831456577696088e-18,-1.607145650231366907e-01,-8.619407271259760250e-18,0.000000000000000000e+00,0.000000000000000000e+00,0.000000000000000000e+00,0.000000000000000000e+00,0.000000000000000000e+00,1.792654657275114971e+01,0.000000000000000000e+00,0.000000000000000000e+00,0.000000000000000000e+00,0.000000000000000000e+00,0.000000000000000000e+00,0.000000000000000000e+00,-5.368772001096094755e+02,0.000000000000000000e+00
1.138937728077852762e+00,5.173841829180816226e-03,1.007792540845168450e+00,-1.311686026974260080e-02,-3.226399220981389093e-01,1.170803770961044432e-02,1.273257507574652170e+00,-2.161547337205058442e-02,-2.233456475320139134e-17,-3.764349942869671395e-16,2.984097073176900095e-18,-1.266348137463069179e-16,8.212831456577696088e-18,-1.433553507586972642e-01,-8.619407271259760250e-18,0.000000000000000000e+00,0.000000000000000000e+00,0.000000000000000000e+00,0.000000000000000000e+00,0.000000000000000000e+00,1.693062731870943338e+01,0.000000000000000000e+00,0.000000000000000000e+00,0.000000000000000000e+00,0.000000000000000000e+00,0.000000000000000000e+00,0.000000000000000000e+00,-9.999999999999836291e+02,0.000000000000000000e+00
1.139933647331894395e+00,5.173841829180816226e-03,1.007792540845168450e+00,-1.311686026974260080e-02,-3.226399220981389093e-01,1.170803770961044432e-02,1.273122941240525163e+00,-2.161547337205058442e-02,-2.233456475320139134e-17,-3.764349942869671395e-16,2.984097073176900095e-18,-1.266348137463069179e-16,8.212831456577696088e-18,-1.269879750023408249e-01,-8.619407271259760250e-18,0.000000000000000000e+00,0.000000000000000000e+00,0.000000000000000000e+00,0.000000000000000000e+00,0.000000000000000000e+00,1.593470806466769041e+01,0.000000000000000000e+00,0.000000000000000000e+00,0.000000000000000000e+00,0.000000000000000000e+00,0.000000000000000000e+00,0.000000000000000000e+00,-1.000000000000000909e+03,0.000000000000000000e+00
1.140929566585936250e+00,5.173841829180816226e-03,1.007792540845168450e+00,-1.311686026974260080e-02,-3.226399220981389093e-01,1.170803770961044432e-02,1.273004183111338561e+00,-2.161547337205058442e-02,-2.233456475320139134e-17,-3.764349942869671395e-16,2.984097073176900095e-18,-1.266348137463069179e-16,8.212831456577696088e-18,-1.116124377540678447e-01,-8.619407271259760250e-18,0.000000000000000000e+00,0.000000000000000000e+00,0.000000000000000000e+00,0.000000000000000000e+00,0.000000000000000000e+00,1.493878881062594743e+01,0.000000000000000000e+00,0.000000000000000000e+00,0.000000000000000000e+00,0.000000000000000000e+00,0.000000000000000000e+00,0.000000000000000000e+00,-9.999999999999845386e+02,0.000000000000000000e+00
1.141925485839977883e+00,5.173841829180816226e-03,1.007792540845168450e+00,-1.311686026974260080e-02,-3.226399220981389093e-01,1.170803770961044432e-02,1.272900245429329669e+00,-2.161547337205058442e-02,-2.233456475320139134e-17,-3.764349942869671395e-16,2.984097073176900095e-18,-1.266348137463069179e-16,8.212831456577696088e-18,-9.722873901387873996e-02,-8.619407271259760250e-18,0.000000000000000000e+00,0.000000000000000000e+00,0.000000000000000000e+00,0.000000000000000000e+00,0.000000000000000000e+00,1.394286955658423111e+01,0.000000000000000000e+00,0.000000000000000000e+00,0.000000000000000000e+00,0.000000000000000000e+00,0.000000000000000000e+00,0.000000000000000000e+00,-1.000000000000097316e+03,0.000000000000000000e+00
1.142921405094019516e+00,5.173841829180816226e-03,1.007792540845168450e+00,-1.311686026974260080e-02,-3.226399220981389093e-01,1.170803770961044432e-02,1.272810140436736681e+00,-2.161547337205058442e-02,-2.233456475320139134e-17,-3.764349942869671395e-16,2.984097073176900095e-18,-1.266348137463069179e-16,8.212831456577696088e-18,-8.383687878177271957e-02,-8.619407271259760250e-18,0.000000000000000000e+00,0.000000000000000000e+00,0.000000000000000000e+00,0.000000000000000000e+00,0.000000000000000000e+00,1.294695030254248813e+01,0.000000000000000000e+00,0.000000000000000000e+00,0.000000000000000000e+00,0.000000000000000000e+00,0.000000000000000000e+00,0.000000000000000000e+00,-9.999999999999863576e+02,0.000000000000000000e+00
1.143917324348061371e+00,5.173841829180816226e-03,1.007792540845168450e+00,-1.311686026974260080e-02,-3.226399220981389093e-01,1.170803770961044432e-02,1.272732880375796904e+00,-2.161547337205058442e-02,-2.233456475320139134e-17,-3.764349942869671395e-16,2.984097073176900095e-18,-1.266348137463069179e-16,8.212831456577696088e-18,-7.143685705775050521e-02,-8.619407271259760250e-18,0.000000000000000000e+00,0.000000000000000000e+00,0.000000000000000000e+00,0.000000000000000000e+00,0.000000000000000000e+00,1.195103104850077358e+01,0.000000000000000000e+00,0.000000000000000000e+00,0.000000000000000000e+00,0.000000000000000000e+00,0.000000000000000000e+00,0.000000000000000000e+00,-9.999999999999845386e+02,0.000000000000000000e+00
1.144913243602103003e+00,5.173841829180816226e-03,1.007792540845168450e+00,-1.311686026974260080e-02,-3.226399220981389093e-01,1.170803770961044432e-02,1.272667477488748977e+00,-2.161547337205058442e-02,-2.233456475320139134e-17,-3.764349942869671395e-16,2.984097073176900095e-18,-1.266348137463069179e-16,8.212831456577696088e-18,-6.002867384181143073e-02,-8.619407271259760250e-18,0.000000000000000000e+00,0.000000000000000000e+00,0.000000000000000000e+00,0.000000000000000000e+00,0.000000000000000000e+00,1.095511179445903061e+01,0.000000000000000000e+00,0.000000000000000000e+00,0.000000000000000000e+00,0.000000000000000000e+00,0.000000000000000000e+00,0.000000000000000000e+00,-9.999999999999990905e+02,0.000000000000000000e+00
1.145909162856144858e+00,5.173841829180816226e-03,1.007792540845168450e+00,-1.311686026974260080e-02,-3.226399220981389093e-01,1.170803770961044432e-02,1.272612944017830205e+00,-2.161547337205058442e-02,-2.233456475320139134e-17,-3.764349942869671395e-16,2.984097073176900095e-18,-1.266348137463069179e-16,8.212831456577696088e-18,-4.961232913395584310e-02,-8.619407271259760250e-18,0.000000000000000000e+00,0.000000000000000000e+00,0.000000000000000000e+00,0.000000000000000000e+00,0.000000000000000000e+00,9.959192540417287631e+00,0.000000000000000000e+00,0.000000000000000000e+00,0.000000000000000000e+00,0.000000000000000000e+00,0.000000000000000000e+00,0.000000000000000000e+00,-9.999999999999836291e+02,0.000000000000000000e+00
1.146905082110186491e+00,5.173841829180816226e-03,1.007792540845168450e+00,-1.311686026974260080e-02,-3.226399220981389093e-01,1.170803770961044432e-02,1.272568292205278340e+00,-2.161547337205058442e-02,-2.233456475320139134e-17,-3.764349942869671395e-16,2.984097073176900095e-18,-1.266348137463069179e-16,8.212831456577696088e-18,-4.018782293418397822e-02,-8.619407271259760250e-18,0.000000000000000000e+00,0.000000000000000000e+00,0.000000000000000000e+00,0.000000000000000000e+00,0.000000000000000000e+00,8.963273286375573079e+00,0.000000000000000000e+00,0.000000000000000000e+00,0.000000000000000000e+00,0.000000000000000000e+00,0.000000000000000000e+00,0.000000000000000000e+00,-9.999999999999863576e+02,0.000000000000000000e+00
1.147901001364228346e+00,5.173841829180816226e-03,1.007792540845168450e+00,-1.311686026974260080e-02,-3.226399220981389093e-01,1.170803770961044432e-02,1.272532534293332018e+00,-2.161547337205058442e-02,-2.233456475320139134e-17,-3.764349942869671395e-16,2.984097073176900095e-18,-1.266348137463069179e-16,8.212831456577696088e-18,-3.175515524249533650e-02,-8.619407271259760250e-18,0.000000000000000000e+00,0.000000000000000000e+00,0.000000000000000000e+00,0.000000000000000000e+00,0.000000000000000000e+00,7.967354032333829217e+00,0.000000000000000000e+00,0.000000000000000000e+00,0.000000000000000000e+00,0.000000000000000000e+00,0.000000000000000000e+00,0.000000000000000000e+00,-9.999999999999845386e+02,0.000000000000000000e+00
1.148896920618269979e+00,5.173841829180816226e-03,1.007792540845168450e+00,-1.311686026974260080e-02,-3.226399220981389093e-01,1.170803770961044432e-02,1.272504682524228548e+00,-2.161547337205058442e-02,-2.233456475320139134e-17,-3.764349942869671395e-16,2.984097073176900095e-18,-1.266348137463069179e-16,8.212831456577696088e-18,-2.431432605889035856e-02,-8.619407271259760250e-18,0.000000000000000000e+00,0.000000000000000000e+00,0.000000000000000000e+00,0.000000000000000000e+00,0.000000000000000000e+00,6.971434778292113776e+00,0.000000000000000000e+00,0.000000000000000000e+00,0.000000000000000000e+00,0.000000000000000000e+00,0.000000000000000000e+00,0.000000000000000000e+00,-9.999999999999859028e+02,0.000000000000000000e+00
1.149892839872311834e+00,5.173841829180816226e-03,1.007792540845168450e+00,-1.311686026974260080e-02,-3.226399220981389093e-01,1.170803770961044432e-02,1.272483749140205678e+00,-2.161547337205058442e-02,-2.233456475320139134e-17,-3.764349942869671395e-16,2.984097073176900095e-18,-1.266348137463069179e-16,8.212831456577696088e-18,-1.786533538336865928e-02,-8.619407271259760250e-18,0.000000000000000000e+00,0.000000000000000000e+00,0.000000000000000000e+00,0.000000000000000000e+00,0.000000000000000000e+00,5.975515524250370802e+00,0.000000000000000000e+00,0.000000000000000000e+00,0.000000000000000000e+00,0.000000000000000000e+00,0.000000000000000000e+00,0.000000000000000000e+00,-9.999999999999990905e+02,0.000000000000000000e+00
1.150888759126353467e+00,5.173841829180816226e-03,1.007792540845168450e+00,-1.311686026974260080e-02,-3.226399220981389093e-01,1.170803770961044432e-02,1.272468746383501825e+00,-2.161547337205058442e-02,-2.233456475320139134e-17,-3.764349942869671395e-16,2.984097073176900095e-18,-1.266348137463069179e-16,8.212831456577696088e-18,-1.240818321593044511e-02,-8.619407271259760250e-18,0.000000000000000000e+00,0.000000000000000000e+00,0.000000000000000000e+00,0.000000000000000000e+00,0.000000000000000000e+00,4.979596270208627828e+00,0.000000000000000000e+00,0.000000000000000000e+00,0.000000000000000000e+00,0.000000000000000000e+00,0.000000000000000000e+00,0.000000000000000000e+00,-9.999999999999859028e+02,0.000000000000000000e+00
1.151884678380395322e+00,5.173841829180816226e-03,1.007792540845168450e+00,-1.311686026974260080e-02,-3.226399220981389093e-01,1.170803770961044432e-02,1.272458686496354296e+00,-2.161547337205058442e-02,-2.233456475320139134e-17,-3.764349942869671395e-16,2.984097073176900095e-18,-1.266348137463069179e-16,8.212831456577696088e-18,-7.942869556575813186e-03,-8.619407271259760250e-18,0.000000000000000000e+00,0.000000000000000000e+00,0.000000000000000000e+00,0.000000000000000000e+00,0.000000000000000000e+00,3.983677016166912832e+00,0.000000000000000000e+00,0.000000000000000000e+00,0.000000000000000000e+00,0.000000000000000000e+00,0.000000000000000000e+00,0.000000000000000000e+00,-9.999999999999847660e+02,0.000000000000000000e+00
1.152880597634436954e+00,5.173841829180816226e-03,1.007792540845168450e+00,-1.311686026974260080e-02,-3.226399220981389093e-01,1.170803770961044432e-02,1.272452581721001286e+00,-2.161547337205058442e-02,-2.233456475320139134e-17,-3.764349942869671395e-16,2.984097073176900095e-18,-1.266348137463069179e-16,8.212831456577696088e-18,-4.469394405304543197e-03,-8.619407271259760250e-18,0.000000000000000000e+00,0.000000000000000000e+00,0.000000000000000000e+00,0.000000000000000000e+00,0.000000000000000000e+00,2.987757762125169858e+00,0.000000000000000000e+00,0.000000000000000000e+00,0.000000000000000000e+00,0.000000000000000000e+00,0.000000000000000000e+00,0.000000000000000000e+00,-1.000000000000110617e+03,0.000000000000000000e+00
1.153876516888478587e+00,5.173841829180816226e-03,1.007792540845168450e+00,-1.311686026974260080e-02,-3.226399220981389093e-01,1.170803770961044432e-02,1.272449444299680765e+00,-2.161547337205058442e-02,-2.233456475320139134e-17,-3.764349942869671395e-16,2.984097073176900095e-18,-1.266348137463069179e-16,8.212831456577696088e-18,-1.987757762116758743e-03,-8.619407271259760250e-18,0.000000000000000000e+00,0.000000000000000000e+00,0.000000000000000000e+00,0.000000000000000000e+00,0.000000000000000000e+00,1.991838508083426884e+00,0.000000000000000000e+00,0.000000000000000000e+00,0.000000000000000000e+00,0.000000000000000000e+00,0.000000000000000000e+00,0.000000000000000000e+00,-9.999999999999853344e+02,0.000000000000000000e+00
1.154872436142520442e+00,5.173841829180816226e-03,1.007792540845168450e+00,-1.311686026974260080e-02,-3.226399220981389093e-01,1.170803770961044432e-02,1.272448286474630263e+00,-2.161547337205058442e-02,-2.233456475320139134e-17,-3.764349942869671395e-16,2.984097073176900095e-18,-1.266348137463069179e-16,8.212831456577696088e-18,-4.979596270124741347e-04,-8.619407271259760250e-18,0.000000000000000000e+00,0.000000000000000000e+00,0.000000000000000000e+00,0.000000000000000000e+00,0.000000000000000000e+00,9.959192540417116657e-01,0.000000000000000000e+00,0.000000000000000000e+00,0.000000000000000000e+00,0.000000000000000000e+00,0.000000000000000000e+00,0.000000000000000000e+00,-9.999999999999694182e+02,0.000000000000000000e+00
1.155868355396562075e+00,5.173841829180816226e-03,1.007792540845168450e+00,-1.311686026974260080e-02,-3.226399220981389093e-01,1.170803770961044432e-02,1.272448120488087975e+00,-2.161547337205058442e-02,-2.233456475320139134e-17,-3.764349942869671395e-16,2.984097073176900095e-18,-1.266348137463069179e-16,8.212831456577696088e-18,8.380015431574960871e-15,-8.619407271259760250e-18,0.000000000000000000e+00,0.000000000000000000e+00,0.000000000000000000e+00,0.000000000000000000e+00,0.000000000000000000e+00,0.000000000000000000e+00,0.000000000000000000e+00,0.000000000000000000e+00,0.000000000000000000e+00,0.000000000000000000e+00,0.000000000000000000e+00,0.000000000000000000e+00,-1.000000000000079126e+03,0.000000000000000000e+00
